ISO-10303-21;
HEADER;
FILE_DESCRIPTION(('3DEXPERIENCE STEP','CAx-IF Rec.Pracs.--- Model Styling and Organization---1.5--- 2016-08-15','CAx-IF Rec.Pracs.---Supplemental Geometry---1.0---2011-11-01','CAx-IF Rec.Pracs.---User Defined Attributes---1.5---2016-08-15','CAx-IF Rec.Pracs.--- Composite Materials ---1.1---2010-07-15'),'2;1');

FILE_NAME('/SPA_UserData/ContentOptimizer/582219_2026-02-22-03h18m56-892628318/CATTemp/CO_SPACOConvertCgm0002-PID582261/ResultFile.step','2026-02-22T03:19:00+00:00',('none'),('none'),'3DEXPERIENCE Platform3D Asset Translator 6.1.2','3DEXPERIENCE Platform STEP AP214 v3','none');

FILE_SCHEMA(('AUTOMOTIVE_DESIGN { 1 0 10303 214 1 1 1 1 }'));

ENDSEC;
DATA;
#16=PRODUCT('ResultFile','ResultFile','',(#2)) ;
#2=PRODUCT_CONTEXT(' ',#1,'mechanical') ;
#1=APPLICATION_CONTEXT('automotive design') ;
#18=PRODUCT_DEFINITION('ResultFile',' ',#17,#3) ;
#3=PRODUCT_DEFINITION_CONTEXT('part definition',#1,' ') ;
#19=PRODUCT_DEFINITION_SHAPE(' ',' ',#18) ;
#24=SHAPE_ASPECT('','',#19,.F.) ;
#10554=MECHANICAL_DESIGN_GEOMETRIC_PRESENTATION_REPRESENTATION(' ',(#73,#105,#130,#198,#236,#254,#295,#317,#414,#458,#483,#524,#544,#588,#618,#665,#709,#734,#791,#843,#895,#958,#1033,#1071,#1127,#1174,#1221,#1249,#1290,#1312,#1433,#1465,#1490,#1510,#1535,#1560,#1573,#1605,#1630,#1650,#1675,#1700,#1713,#1745,#1770,#1790,#1815,#1840,#1853,#1898,#1929,#1983,#2011,#2052,#2087,#2122,#2236,#2266,#2291,#2314,#2346,#2377,#2405,#2430,#2455,#2480,#2505,#2523,#2636,#2683,#2778,#3195,#3270,#3687,#3712,#3725,#3746,#3766,#3779,#3795,#3872,#3930,#3944,#3989,#4017,#4061,#4091,#4135,#4160,#4204,#4229,#4273,#4298,#4342,#4367,#4414,#4442,#4486,#4511,#4552,#4574,#4618,#4643,#4687,#4712,#4756,#4781,#4825,#4850,#4897,#4925,#4966,#5002,#5038,#5074,#5110,#5146,#5182,#5218,#5260,#5283,#5327,#5352,#5376,#5408,#5452,#5465,#5481,#5526,#5538,#5585,#5704,#5797,#5838,#5860,#5898,#5936,#6055,#6099,#6124,#6168,#6193,#6237,#6262,#6306,#6331,#6375,#6400,#6444,#6469,#6513,#6538,#6582,#6607,#6656,#6705,#6724,#6743,#6787,#6831,#6863,#6899,#6939,#6957,#6984,#7025,#7047,#7091,#7116,#7165,#7195,#7270,#7303,#7329,#7361,#7398,#7416,#7455,#7475,#7507,#7539,#7557,#7584,#7616,#7684,#7731,#7778,#7819,#7861,#7911,#7942,#8037,#8095,#8129,#8156,#8183,#8217,#8246,#8273,#8295,#8329,#8354,#8404,#8467,#8534,#8588,#8623,#8644,#8691,#8723,#8786,#8804,#8835,#8884,#8902,#8929,#8948,#8975,#9020,#9059,#9086,#9111,#9131,#9163,#9190,#9215,#9235,#9267,#9294,#9319,#9339,#9733,#9765,#9790,#9815,#9833,#9877,#9902,#9946,#9971,#10015,#10040,#10084,#10109,#10141,#10166,#10191,#10209,#10246,#10325,#10366,#10391,#10401,#10481,#10517,#10542,#10552,#23),#12) ;
#13=SHAPE_REPRESENTATION(' ',(#15,#21),#12) ;
#15=AXIS2_PLACEMENT_3D('',#14,$,$) ;
#29=AXIS2_PLACEMENT_3D('Plane Axis2P3D',#26,#27,#28) ;
#56=AXIS2_PLACEMENT_3D('Circle Axis2P3D',#54,#55,$) ;
#77=AXIS2_PLACEMENT_3D('Plane Axis2P3D',#74,#75,#76) ;
#109=AXIS2_PLACEMENT_3D('Plane Axis2P3D',#106,#107,#108) ;
#134=AXIS2_PLACEMENT_3D('Cylinder Axis2P3D',#131,#132,#133) ;
#147=AXIS2_PLACEMENT_3D('Circle Axis2P3D',#145,#146,$) ;
#176=AXIS2_PLACEMENT_3D('Circle Axis2P3D',#174,#175,$) ;
#183=AXIS2_PLACEMENT_3D('Circle Axis2P3D',#181,#182,$) ;
#218=AXIS2_PLACEMENT_3D('Circle Axis2P3D',#216,#217,$) ;
#225=AXIS2_PLACEMENT_3D('Circle Axis2P3D',#223,#224,$) ;
#240=AXIS2_PLACEMENT_3D('Plane Axis2P3D',#237,#238,#239) ;
#258=AXIS2_PLACEMENT_3D('Cone Axis2P3D',#255,#256,#257) ;
#269=AXIS2_PLACEMENT_3D('Circle Axis2P3D',#267,#268,$) ;
#276=AXIS2_PLACEMENT_3D('Circle Axis2P3D',#274,#275,$) ;
#298=AXIS2_PLACEMENT_3D('Circle Axis2P3D',#296,#297,$) ;
#305=AXIS2_PLACEMENT_3D('Circle Axis2P3D',#303,#304,$) ;
#321=AXIS2_PLACEMENT_3D('Plane Axis2P3D',#318,#319,#320) ;
#418=AXIS2_PLACEMENT_3D('Cylinder Axis2P3D',#415,#416,#417) ;
#439=AXIS2_PLACEMENT_3D('Circle Axis2P3D',#437,#438,$) ;
#461=AXIS2_PLACEMENT_3D('Circle Axis2P3D',#459,#460,$) ;
#487=AXIS2_PLACEMENT_3D('Cone Axis2P3D',#484,#485,#486) ;
#491=AXIS2_PLACEMENT_3D('Circle Axis2P3D',#489,#490,$) ;
#500=AXIS2_PLACEMENT_3D('Circle Axis2P3D',#498,#499,$) ;
#527=AXIS2_PLACEMENT_3D('Circle Axis2P3D',#525,#526,$) ;
#534=AXIS2_PLACEMENT_3D('Circle Axis2P3D',#532,#533,$) ;
#548=AXIS2_PLACEMENT_3D('Cylinder Axis2P3D',#545,#546,#547) ;
#576=AXIS2_PLACEMENT_3D('Circle Axis2P3D',#574,#575,$) ;
#592=AXIS2_PLACEMENT_3D('Cylinder Axis2P3D',#589,#590,#591) ;
#596=AXIS2_PLACEMENT_3D('Circle Axis2P3D',#594,#595,$) ;
#622=AXIS2_PLACEMENT_3D('Plane Axis2P3D',#619,#620,#621) ;
#626=AXIS2_PLACEMENT_3D('Circle Axis2P3D',#624,#625,$) ;
#635=AXIS2_PLACEMENT_3D('Circle Axis2P3D',#633,#634,$) ;
#642=AXIS2_PLACEMENT_3D('Circle Axis2P3D',#640,#641,$) ;
#649=AXIS2_PLACEMENT_3D('Circle Axis2P3D',#647,#648,$) ;
#669=AXIS2_PLACEMENT_3D('Cylinder Axis2P3D',#666,#667,#668) ;
#673=AXIS2_PLACEMENT_3D('Circle Axis2P3D',#671,#672,$) ;
#722=AXIS2_PLACEMENT_3D('Circle Axis2P3D',#720,#721,$) ;
#738=AXIS2_PLACEMENT_3D('Plane Axis2P3D',#735,#736,#737) ;
#742=AXIS2_PLACEMENT_3D('Circle Axis2P3D',#740,#741,$) ;
#751=AXIS2_PLACEMENT_3D('Circle Axis2P3D',#749,#750,$) ;
#765=AXIS2_PLACEMENT_3D('Circle Axis2P3D',#763,#764,$) ;
#772=AXIS2_PLACEMENT_3D('Circle Axis2P3D',#770,#771,$) ;
#794=AXIS2_PLACEMENT_3D('Circle Axis2P3D',#792,#793,$) ;
#803=AXIS2_PLACEMENT_3D('Circle Axis2P3D',#801,#802,$) ;
#817=AXIS2_PLACEMENT_3D('Circle Axis2P3D',#815,#816,$) ;
#824=AXIS2_PLACEMENT_3D('Circle Axis2P3D',#822,#823,$) ;
#846=AXIS2_PLACEMENT_3D('Circle Axis2P3D',#844,#845,$) ;
#855=AXIS2_PLACEMENT_3D('Circle Axis2P3D',#853,#854,$) ;
#869=AXIS2_PLACEMENT_3D('Circle Axis2P3D',#867,#868,$) ;
#876=AXIS2_PLACEMENT_3D('Circle Axis2P3D',#874,#875,$) ;
#918=AXIS2_PLACEMENT_3D('Circle Axis2P3D',#916,#917,$) ;
#927=AXIS2_PLACEMENT_3D('Circle Axis2P3D',#925,#926,$) ;
#934=AXIS2_PLACEMENT_3D('Circle Axis2P3D',#932,#933,$) ;
#941=AXIS2_PLACEMENT_3D('Circle Axis2P3D',#939,#940,$) ;
#981=AXIS2_PLACEMENT_3D('Circle Axis2P3D',#979,#980,$) ;
#988=AXIS2_PLACEMENT_3D('Circle Axis2P3D',#986,#987,$) ;
#993=AXIS2_PLACEMENT_3D('Circle Axis2P3D',#991,#992,$) ;
#1056=AXIS2_PLACEMENT_3D('Circle Axis2P3D',#1054,#1055,$) ;
#1061=AXIS2_PLACEMENT_3D('Circle Axis2P3D',#1059,#1060,$) ;
#1131=AXIS2_PLACEMENT_3D('Plane Axis2P3D',#1128,#1129,#1130) ;
#1135=AXIS2_PLACEMENT_3D('Circle Axis2P3D',#1133,#1134,$) ;
#1144=AXIS2_PLACEMENT_3D('Circle Axis2P3D',#1142,#1143,$) ;
#1151=AXIS2_PLACEMENT_3D('Circle Axis2P3D',#1149,#1150,$) ;
#1158=AXIS2_PLACEMENT_3D('Circle Axis2P3D',#1156,#1157,$) ;
#1178=AXIS2_PLACEMENT_3D('Cylinder Axis2P3D',#1175,#1176,#1177) ;
#1202=AXIS2_PLACEMENT_3D('Circle Axis2P3D',#1200,#1201,$) ;
#1224=AXIS2_PLACEMENT_3D('Circle Axis2P3D',#1222,#1223,$) ;
#1253=AXIS2_PLACEMENT_3D('Cone Axis2P3D',#1250,#1251,#1252) ;
#1257=AXIS2_PLACEMENT_3D('Circle Axis2P3D',#1255,#1256,$) ;
#1266=AXIS2_PLACEMENT_3D('Circle Axis2P3D',#1264,#1265,$) ;
#1293=AXIS2_PLACEMENT_3D('Circle Axis2P3D',#1291,#1292,$) ;
#1300=AXIS2_PLACEMENT_3D('Circle Axis2P3D',#1298,#1299,$) ;
#1316=AXIS2_PLACEMENT_3D('Plane Axis2P3D',#1313,#1314,#1315) ;
#1437=AXIS2_PLACEMENT_3D('Plane Axis2P3D',#1434,#1435,#1436) ;
#1469=AXIS2_PLACEMENT_3D('Cylinder Axis2P3D',#1466,#1467,#1468) ;
#1473=AXIS2_PLACEMENT_3D('Circle Axis2P3D',#1471,#1472,$) ;
#1500=AXIS2_PLACEMENT_3D('Circle Axis2P3D',#1498,#1499,$) ;
#1514=AXIS2_PLACEMENT_3D('Plane Axis2P3D',#1511,#1512,#1513) ;
#1539=AXIS2_PLACEMENT_3D('Cylinder Axis2P3D',#1536,#1537,#1538) ;
#1543=AXIS2_PLACEMENT_3D('Circle Axis2P3D',#1541,#1542,$) ;
#1563=AXIS2_PLACEMENT_3D('Circle Axis2P3D',#1561,#1562,$) ;
#1577=AXIS2_PLACEMENT_3D('Plane Axis2P3D',#1574,#1575,#1576) ;
#1609=AXIS2_PLACEMENT_3D('Cylinder Axis2P3D',#1606,#1607,#1608) ;
#1613=AXIS2_PLACEMENT_3D('Circle Axis2P3D',#1611,#1612,$) ;
#1640=AXIS2_PLACEMENT_3D('Circle Axis2P3D',#1638,#1639,$) ;
#1654=AXIS2_PLACEMENT_3D('Plane Axis2P3D',#1651,#1652,#1653) ;
#1679=AXIS2_PLACEMENT_3D('Cylinder Axis2P3D',#1676,#1677,#1678) ;
#1683=AXIS2_PLACEMENT_3D('Circle Axis2P3D',#1681,#1682,$) ;
#1703=AXIS2_PLACEMENT_3D('Circle Axis2P3D',#1701,#1702,$) ;
#1717=AXIS2_PLACEMENT_3D('Plane Axis2P3D',#1714,#1715,#1716) ;
#1749=AXIS2_PLACEMENT_3D('Cylinder Axis2P3D',#1746,#1747,#1748) ;
#1753=AXIS2_PLACEMENT_3D('Circle Axis2P3D',#1751,#1752,$) ;
#1780=AXIS2_PLACEMENT_3D('Circle Axis2P3D',#1778,#1779,$) ;
#1794=AXIS2_PLACEMENT_3D('Plane Axis2P3D',#1791,#1792,#1793) ;
#1819=AXIS2_PLACEMENT_3D('Cylinder Axis2P3D',#1816,#1817,#1818) ;
#1823=AXIS2_PLACEMENT_3D('Circle Axis2P3D',#1821,#1822,$) ;
#1843=AXIS2_PLACEMENT_3D('Circle Axis2P3D',#1841,#1842,$) ;
#1866=AXIS2_PLACEMENT_3D('Circle Axis2P3D',#1864,#1865,$) ;
#1873=AXIS2_PLACEMENT_3D('Circle Axis2P3D',#1871,#1872,$) ;
#1880=AXIS2_PLACEMENT_3D('Circle Axis2P3D',#1878,#1879,$) ;
#1887=AXIS2_PLACEMENT_3D('Circle Axis2P3D',#1885,#1886,$) ;
#1911=AXIS2_PLACEMENT_3D('Circle Axis2P3D',#1909,#1910,$) ;
#1918=AXIS2_PLACEMENT_3D('Circle Axis2P3D',#1916,#1917,$) ;
#1933=AXIS2_PLACEMENT_3D('Cylinder Axis2P3D',#1930,#1931,#1932) ;
#1944=AXIS2_PLACEMENT_3D('Circle Axis2P3D',#1942,#1943,$) ;
#1999=AXIS2_PLACEMENT_3D('Circle Axis2P3D',#1997,#1998,$) ;
#2015=AXIS2_PLACEMENT_3D('Plane Axis2P3D',#2012,#2013,#2014) ;
#2056=AXIS2_PLACEMENT_3D('Plane Axis2P3D',#2053,#2054,#2055) ;
#2091=AXIS2_PLACEMENT_3D('Plane Axis2P3D',#2088,#2089,#2090) ;
#2126=AXIS2_PLACEMENT_3D('Plane Axis2P3D',#2123,#2124,#2125) ;
#2270=AXIS2_PLACEMENT_3D('Plane Axis2P3D',#2267,#2268,#2269) ;
#2318=AXIS2_PLACEMENT_3D('Cylinder Axis2P3D',#2315,#2316,#2317) ;
#2329=AXIS2_PLACEMENT_3D('Circle Axis2P3D',#2327,#2328,$) ;
#2350=AXIS2_PLACEMENT_3D('Plane Axis2P3D',#2347,#2348,#2349) ;
#2381=AXIS2_PLACEMENT_3D('Cylinder Axis2P3D',#2378,#2379,#2380) ;
#2409=AXIS2_PLACEMENT_3D('Plane Axis2P3D',#2406,#2407,#2408) ;
#2434=AXIS2_PLACEMENT_3D('Cylinder Axis2P3D',#2431,#2432,#2433) ;
#2445=AXIS2_PLACEMENT_3D('Circle Axis2P3D',#2443,#2444,$) ;
#2459=AXIS2_PLACEMENT_3D('Plane Axis2P3D',#2456,#2457,#2458) ;
#2484=AXIS2_PLACEMENT_3D('Cylinder Axis2P3D',#2481,#2482,#2483) ;
#2495=AXIS2_PLACEMENT_3D('Circle Axis2P3D',#2493,#2494,$) ;
#2509=AXIS2_PLACEMENT_3D('Plane Axis2P3D',#2506,#2507,#2508) ;
#2527=AXIS2_PLACEMENT_3D('Plane Axis2P3D',#2524,#2525,#2526) ;
#2640=AXIS2_PLACEMENT_3D('Plane Axis2P3D',#2637,#2638,#2639) ;
#2644=AXIS2_PLACEMENT_3D('Circle Axis2P3D',#2642,#2643,$) ;
#2653=AXIS2_PLACEMENT_3D('Circle Axis2P3D',#2651,#2652,$) ;
#2660=AXIS2_PLACEMENT_3D('Circle Axis2P3D',#2658,#2659,$) ;
#2667=AXIS2_PLACEMENT_3D('Circle Axis2P3D',#2665,#2666,$) ;
#2687=AXIS2_PLACEMENT_3D('Plane Axis2P3D',#2684,#2685,#2686) ;
#2782=AXIS2_PLACEMENT_3D('Plane Axis2P3D',#2779,#2780,#2781) ;
#3199=AXIS2_PLACEMENT_3D('Plane Axis2P3D',#3196,#3197,#3198) ;
#3203=AXIS2_PLACEMENT_3D('Circle Axis2P3D',#3201,#3202,$) ;
#3212=AXIS2_PLACEMENT_3D('Circle Axis2P3D',#3210,#3211,$) ;
#3219=AXIS2_PLACEMENT_3D('Circle Axis2P3D',#3217,#3218,$) ;
#3226=AXIS2_PLACEMENT_3D('Circle Axis2P3D',#3224,#3225,$) ;
#3237=AXIS2_PLACEMENT_3D('Circle Axis2P3D',#3235,#3236,$) ;
#3246=AXIS2_PLACEMENT_3D('Circle Axis2P3D',#3244,#3245,$) ;
#3253=AXIS2_PLACEMENT_3D('Circle Axis2P3D',#3251,#3252,$) ;
#3260=AXIS2_PLACEMENT_3D('Circle Axis2P3D',#3258,#3259,$) ;
#3274=AXIS2_PLACEMENT_3D('Plane Axis2P3D',#3271,#3272,#3273) ;
#3691=AXIS2_PLACEMENT_3D('Cone Axis2P3D',#3688,#3689,#3690) ;
#3702=AXIS2_PLACEMENT_3D('Circle Axis2P3D',#3700,#3701,$) ;
#3715=AXIS2_PLACEMENT_3D('Circle Axis2P3D',#3713,#3714,$) ;
#3729=AXIS2_PLACEMENT_3D('Plane Axis2P3D',#3726,#3727,#3728) ;
#3756=AXIS2_PLACEMENT_3D('Circle Axis2P3D',#3754,#3755,$) ;
#3769=AXIS2_PLACEMENT_3D('Circle Axis2P3D',#3767,#3768,$) ;
#3799=AXIS2_PLACEMENT_3D('Plane Axis2P3D',#3796,#3797,#3798) ;
#3876=AXIS2_PLACEMENT_3D('Cone Axis2P3D',#3873,#3874,#3875) ;
#3887=AXIS2_PLACEMENT_3D('Circle Axis2P3D',#3885,#3886,$) ;
#3910=AXIS2_PLACEMENT_3D('Circle Axis2P3D',#3908,#3909,$) ;
#3933=AXIS2_PLACEMENT_3D('Circle Axis2P3D',#3931,#3932,$) ;
#3948=AXIS2_PLACEMENT_3D('Cylinder Axis2P3D',#3945,#3946,#3947) ;
#4021=AXIS2_PLACEMENT_3D('Cylinder Axis2P3D',#4018,#4019,#4020) ;
#4039=AXIS2_PLACEMENT_3D('Circle Axis2P3D',#4037,#4038,$) ;
#4065=AXIS2_PLACEMENT_3D('Cylinder Axis2P3D',#4062,#4063,#4064) ;
#4079=AXIS2_PLACEMENT_3D('Circle Axis2P3D',#4077,#4078,$) ;
#4095=AXIS2_PLACEMENT_3D('Cylinder Axis2P3D',#4092,#4093,#4094) ;
#4111=AXIS2_PLACEMENT_3D('Circle Axis2P3D',#4109,#4110,$) ;
#4138=AXIS2_PLACEMENT_3D('Circle Axis2P3D',#4136,#4137,$) ;
#4164=AXIS2_PLACEMENT_3D('Cylinder Axis2P3D',#4161,#4162,#4163) ;
#4180=AXIS2_PLACEMENT_3D('Circle Axis2P3D',#4178,#4179,$) ;
#4207=AXIS2_PLACEMENT_3D('Circle Axis2P3D',#4205,#4206,$) ;
#4233=AXIS2_PLACEMENT_3D('Cylinder Axis2P3D',#4230,#4231,#4232) ;
#4249=AXIS2_PLACEMENT_3D('Circle Axis2P3D',#4247,#4248,$) ;
#4276=AXIS2_PLACEMENT_3D('Circle Axis2P3D',#4274,#4275,$) ;
#4302=AXIS2_PLACEMENT_3D('Cylinder Axis2P3D',#4299,#4300,#4301) ;
#4318=AXIS2_PLACEMENT_3D('Circle Axis2P3D',#4316,#4317,$) ;
#4345=AXIS2_PLACEMENT_3D('Circle Axis2P3D',#4343,#4344,$) ;
#4371=AXIS2_PLACEMENT_3D('Cylinder Axis2P3D',#4368,#4369,#4370) ;
#4389=AXIS2_PLACEMENT_3D('Circle Axis2P3D',#4387,#4388,$) ;
#4430=AXIS2_PLACEMENT_3D('Circle Axis2P3D',#4428,#4429,$) ;
#4446=AXIS2_PLACEMENT_3D('Cylinder Axis2P3D',#4443,#4444,#4445) ;
#4464=AXIS2_PLACEMENT_3D('Circle Axis2P3D',#4462,#4463,$) ;
#4499=AXIS2_PLACEMENT_3D('Circle Axis2P3D',#4497,#4498,$) ;
#4515=AXIS2_PLACEMENT_3D('Cylinder Axis2P3D',#4512,#4513,#4514) ;
#4526=AXIS2_PLACEMENT_3D('Circle Axis2P3D',#4524,#4525,$) ;
#4533=AXIS2_PLACEMENT_3D('Circle Axis2P3D',#4531,#4532,$) ;
#4555=AXIS2_PLACEMENT_3D('Circle Axis2P3D',#4553,#4554,$) ;
#4562=AXIS2_PLACEMENT_3D('Circle Axis2P3D',#4560,#4561,$) ;
#4578=AXIS2_PLACEMENT_3D('Cylinder Axis2P3D',#4575,#4576,#4577) ;
#4594=AXIS2_PLACEMENT_3D('Circle Axis2P3D',#4592,#4593,$) ;
#4621=AXIS2_PLACEMENT_3D('Circle Axis2P3D',#4619,#4620,$) ;
#4647=AXIS2_PLACEMENT_3D('Cylinder Axis2P3D',#4644,#4645,#4646) ;
#4663=AXIS2_PLACEMENT_3D('Circle Axis2P3D',#4661,#4662,$) ;
#4690=AXIS2_PLACEMENT_3D('Circle Axis2P3D',#4688,#4689,$) ;
#4716=AXIS2_PLACEMENT_3D('Cylinder Axis2P3D',#4713,#4714,#4715) ;
#4732=AXIS2_PLACEMENT_3D('Circle Axis2P3D',#4730,#4731,$) ;
#4759=AXIS2_PLACEMENT_3D('Circle Axis2P3D',#4757,#4758,$) ;
#4785=AXIS2_PLACEMENT_3D('Cylinder Axis2P3D',#4782,#4783,#4784) ;
#4801=AXIS2_PLACEMENT_3D('Circle Axis2P3D',#4799,#4800,$) ;
#4828=AXIS2_PLACEMENT_3D('Circle Axis2P3D',#4826,#4827,$) ;
#4854=AXIS2_PLACEMENT_3D('Cylinder Axis2P3D',#4851,#4852,#4853) ;
#4872=AXIS2_PLACEMENT_3D('Circle Axis2P3D',#4870,#4871,$) ;
#4913=AXIS2_PLACEMENT_3D('Circle Axis2P3D',#4911,#4912,$) ;
#4929=AXIS2_PLACEMENT_3D('Plane Axis2P3D',#4926,#4927,#4928) ;
#4933=AXIS2_PLACEMENT_3D('Circle Axis2P3D',#4931,#4932,$) ;
#4942=AXIS2_PLACEMENT_3D('Circle Axis2P3D',#4940,#4941,$) ;
#4949=AXIS2_PLACEMENT_3D('Circle Axis2P3D',#4947,#4948,$) ;
#4956=AXIS2_PLACEMENT_3D('Circle Axis2P3D',#4954,#4955,$) ;
#4969=AXIS2_PLACEMENT_3D('Circle Axis2P3D',#4967,#4968,$) ;
#4978=AXIS2_PLACEMENT_3D('Circle Axis2P3D',#4976,#4977,$) ;
#4985=AXIS2_PLACEMENT_3D('Circle Axis2P3D',#4983,#4984,$) ;
#4992=AXIS2_PLACEMENT_3D('Circle Axis2P3D',#4990,#4991,$) ;
#5005=AXIS2_PLACEMENT_3D('Circle Axis2P3D',#5003,#5004,$) ;
#5014=AXIS2_PLACEMENT_3D('Circle Axis2P3D',#5012,#5013,$) ;
#5021=AXIS2_PLACEMENT_3D('Circle Axis2P3D',#5019,#5020,$) ;
#5028=AXIS2_PLACEMENT_3D('Circle Axis2P3D',#5026,#5027,$) ;
#5041=AXIS2_PLACEMENT_3D('Circle Axis2P3D',#5039,#5040,$) ;
#5050=AXIS2_PLACEMENT_3D('Circle Axis2P3D',#5048,#5049,$) ;
#5057=AXIS2_PLACEMENT_3D('Circle Axis2P3D',#5055,#5056,$) ;
#5064=AXIS2_PLACEMENT_3D('Circle Axis2P3D',#5062,#5063,$) ;
#5077=AXIS2_PLACEMENT_3D('Circle Axis2P3D',#5075,#5076,$) ;
#5086=AXIS2_PLACEMENT_3D('Circle Axis2P3D',#5084,#5085,$) ;
#5093=AXIS2_PLACEMENT_3D('Circle Axis2P3D',#5091,#5092,$) ;
#5100=AXIS2_PLACEMENT_3D('Circle Axis2P3D',#5098,#5099,$) ;
#5113=AXIS2_PLACEMENT_3D('Circle Axis2P3D',#5111,#5112,$) ;
#5122=AXIS2_PLACEMENT_3D('Circle Axis2P3D',#5120,#5121,$) ;
#5129=AXIS2_PLACEMENT_3D('Circle Axis2P3D',#5127,#5128,$) ;
#5136=AXIS2_PLACEMENT_3D('Circle Axis2P3D',#5134,#5135,$) ;
#5149=AXIS2_PLACEMENT_3D('Circle Axis2P3D',#5147,#5148,$) ;
#5158=AXIS2_PLACEMENT_3D('Circle Axis2P3D',#5156,#5157,$) ;
#5165=AXIS2_PLACEMENT_3D('Circle Axis2P3D',#5163,#5164,$) ;
#5172=AXIS2_PLACEMENT_3D('Circle Axis2P3D',#5170,#5171,$) ;
#5185=AXIS2_PLACEMENT_3D('Circle Axis2P3D',#5183,#5184,$) ;
#5194=AXIS2_PLACEMENT_3D('Circle Axis2P3D',#5192,#5193,$) ;
#5201=AXIS2_PLACEMENT_3D('Circle Axis2P3D',#5199,#5200,$) ;
#5208=AXIS2_PLACEMENT_3D('Circle Axis2P3D',#5206,#5207,$) ;
#5222=AXIS2_PLACEMENT_3D('Cylinder Axis2P3D',#5219,#5220,#5221) ;
#5240=AXIS2_PLACEMENT_3D('Circle Axis2P3D',#5238,#5239,$) ;
#5247=AXIS2_PLACEMENT_3D('Circle Axis2P3D',#5245,#5246,$) ;
#5263=AXIS2_PLACEMENT_3D('Circle Axis2P3D',#5261,#5262,$) ;
#5270=AXIS2_PLACEMENT_3D('Circle Axis2P3D',#5268,#5269,$) ;
#5287=AXIS2_PLACEMENT_3D('Cylinder Axis2P3D',#5284,#5285,#5286) ;
#5356=AXIS2_PLACEMENT_3D('Plane Axis2P3D',#5353,#5354,#5355) ;
#5360=AXIS2_PLACEMENT_3D('Circle Axis2P3D',#5358,#5359,$) ;
#5367=AXIS2_PLACEMENT_3D('Circle Axis2P3D',#5365,#5366,$) ;
#5380=AXIS2_PLACEMENT_3D('Plane Axis2P3D',#5377,#5378,#5379) ;
#5412=AXIS2_PLACEMENT_3D('Cylinder Axis2P3D',#5409,#5410,#5411) ;
#5455=AXIS2_PLACEMENT_3D('Circle Axis2P3D',#5453,#5454,$) ;
#5485=AXIS2_PLACEMENT_3D('Cylinder Axis2P3D',#5482,#5483,#5484) ;
#5496=AXIS2_PLACEMENT_3D('Circle Axis2P3D',#5494,#5495,$) ;
#5510=AXIS2_PLACEMENT_3D('Circle Axis2P3D',#5508,#5509,$) ;
#5529=AXIS2_PLACEMENT_3D('Circle Axis2P3D',#5527,#5528,$) ;
#5542=AXIS2_PLACEMENT_3D('Plane Axis2P3D',#5539,#5540,#5541) ;
#5552=AXIS2_PLACEMENT_3D('Circle Axis2P3D',#5550,#5551,$) ;
#5561=AXIS2_PLACEMENT_3D('Circle Axis2P3D',#5559,#5560,$) ;
#5568=AXIS2_PLACEMENT_3D('Circle Axis2P3D',#5566,#5567,$) ;
#5575=AXIS2_PLACEMENT_3D('Circle Axis2P3D',#5573,#5574,$) ;
#5589=AXIS2_PLACEMENT_3D('Plane Axis2P3D',#5586,#5587,#5588) ;
#5708=AXIS2_PLACEMENT_3D('Plane Axis2P3D',#5705,#5706,#5707) ;
#5801=AXIS2_PLACEMENT_3D('Cone Axis2P3D',#5798,#5799,#5800) ;
#5812=AXIS2_PLACEMENT_3D('Circle Axis2P3D',#5810,#5811,$) ;
#5819=AXIS2_PLACEMENT_3D('Circle Axis2P3D',#5817,#5818,$) ;
#5841=AXIS2_PLACEMENT_3D('Circle Axis2P3D',#5839,#5840,$) ;
#5848=AXIS2_PLACEMENT_3D('Circle Axis2P3D',#5846,#5847,$) ;
#5864=AXIS2_PLACEMENT_3D('Plane Axis2P3D',#5861,#5862,#5863) ;
#5902=AXIS2_PLACEMENT_3D('Plane Axis2P3D',#5899,#5900,#5901) ;
#5940=AXIS2_PLACEMENT_3D('Plane Axis2P3D',#5937,#5938,#5939) ;
#6059=AXIS2_PLACEMENT_3D('Cylinder Axis2P3D',#6056,#6057,#6058) ;
#6075=AXIS2_PLACEMENT_3D('Circle Axis2P3D',#6073,#6074,$) ;
#6102=AXIS2_PLACEMENT_3D('Circle Axis2P3D',#6100,#6101,$) ;
#6128=AXIS2_PLACEMENT_3D('Cylinder Axis2P3D',#6125,#6126,#6127) ;
#6144=AXIS2_PLACEMENT_3D('Circle Axis2P3D',#6142,#6143,$) ;
#6171=AXIS2_PLACEMENT_3D('Circle Axis2P3D',#6169,#6170,$) ;
#6197=AXIS2_PLACEMENT_3D('Cylinder Axis2P3D',#6194,#6195,#6196) ;
#6213=AXIS2_PLACEMENT_3D('Circle Axis2P3D',#6211,#6212,$) ;
#6240=AXIS2_PLACEMENT_3D('Circle Axis2P3D',#6238,#6239,$) ;
#6266=AXIS2_PLACEMENT_3D('Cylinder Axis2P3D',#6263,#6264,#6265) ;
#6282=AXIS2_PLACEMENT_3D('Circle Axis2P3D',#6280,#6281,$) ;
#6309=AXIS2_PLACEMENT_3D('Circle Axis2P3D',#6307,#6308,$) ;
#6335=AXIS2_PLACEMENT_3D('Cylinder Axis2P3D',#6332,#6333,#6334) ;
#6351=AXIS2_PLACEMENT_3D('Circle Axis2P3D',#6349,#6350,$) ;
#6378=AXIS2_PLACEMENT_3D('Circle Axis2P3D',#6376,#6377,$) ;
#6404=AXIS2_PLACEMENT_3D('Cylinder Axis2P3D',#6401,#6402,#6403) ;
#6420=AXIS2_PLACEMENT_3D('Circle Axis2P3D',#6418,#6419,$) ;
#6447=AXIS2_PLACEMENT_3D('Circle Axis2P3D',#6445,#6446,$) ;
#6473=AXIS2_PLACEMENT_3D('Cylinder Axis2P3D',#6470,#6471,#6472) ;
#6489=AXIS2_PLACEMENT_3D('Circle Axis2P3D',#6487,#6488,$) ;
#6516=AXIS2_PLACEMENT_3D('Circle Axis2P3D',#6514,#6515,$) ;
#6542=AXIS2_PLACEMENT_3D('Cylinder Axis2P3D',#6539,#6540,#6541) ;
#6558=AXIS2_PLACEMENT_3D('Circle Axis2P3D',#6556,#6557,$) ;
#6585=AXIS2_PLACEMENT_3D('Circle Axis2P3D',#6583,#6584,$) ;
#6611=AXIS2_PLACEMENT_3D('Plane Axis2P3D',#6608,#6609,#6610) ;
#6638=AXIS2_PLACEMENT_3D('Circle Axis2P3D',#6636,#6637,$) ;
#6645=AXIS2_PLACEMENT_3D('Circle Axis2P3D',#6643,#6644,$) ;
#6660=AXIS2_PLACEMENT_3D('Plane Axis2P3D',#6657,#6658,#6659) ;
#6680=AXIS2_PLACEMENT_3D('Circle Axis2P3D',#6678,#6679,$) ;
#6687=AXIS2_PLACEMENT_3D('Circle Axis2P3D',#6685,#6686,$) ;
#6708=AXIS2_PLACEMENT_3D('Circle Axis2P3D',#6706,#6707,$) ;
#6715=AXIS2_PLACEMENT_3D('Circle Axis2P3D',#6713,#6714,$) ;
#6727=AXIS2_PLACEMENT_3D('Circle Axis2P3D',#6725,#6726,$) ;
#6734=AXIS2_PLACEMENT_3D('Circle Axis2P3D',#6732,#6733,$) ;
#6755=AXIS2_PLACEMENT_3D('Circle Axis2P3D',#6753,#6754,$) ;
#6762=AXIS2_PLACEMENT_3D('Circle Axis2P3D',#6760,#6761,$) ;
#6790=AXIS2_PLACEMENT_3D('Circle Axis2P3D',#6788,#6789,$) ;
#6820=AXIS2_PLACEMENT_3D('Circle Axis2P3D',#6818,#6819,$) ;
#6835=AXIS2_PLACEMENT_3D('Cylinder Axis2P3D',#6832,#6833,#6834) ;
#6851=AXIS2_PLACEMENT_3D('Circle Axis2P3D',#6849,#6850,$) ;
#6866=AXIS2_PLACEMENT_3D('Circle Axis2P3D',#6864,#6865,$) ;
#6903=AXIS2_PLACEMENT_3D('Plane Axis2P3D',#6900,#6901,#6902) ;
#6913=AXIS2_PLACEMENT_3D('Circle Axis2P3D',#6911,#6912,$) ;
#6920=AXIS2_PLACEMENT_3D('Circle Axis2P3D',#6918,#6919,$) ;
#6927=AXIS2_PLACEMENT_3D('Circle Axis2P3D',#6925,#6926,$) ;
#6943=AXIS2_PLACEMENT_3D('Cylinder Axis2P3D',#6940,#6941,#6942) ;
#6988=AXIS2_PLACEMENT_3D('Cylinder Axis2P3D',#6985,#6986,#6987) ;
#7006=AXIS2_PLACEMENT_3D('Circle Axis2P3D',#7004,#7005,$) ;
#7013=AXIS2_PLACEMENT_3D('Circle Axis2P3D',#7011,#7012,$) ;
#7028=AXIS2_PLACEMENT_3D('Circle Axis2P3D',#7026,#7027,$) ;
#7035=AXIS2_PLACEMENT_3D('Circle Axis2P3D',#7033,#7034,$) ;
#7051=AXIS2_PLACEMENT_3D('Cylinder Axis2P3D',#7048,#7049,#7050) ;
#7069=AXIS2_PLACEMENT_3D('Circle Axis2P3D',#7067,#7068,$) ;
#7104=AXIS2_PLACEMENT_3D('Circle Axis2P3D',#7102,#7103,$) ;
#7120=AXIS2_PLACEMENT_3D('Cone Axis2P3D',#7117,#7118,#7119) ;
#7131=AXIS2_PLACEMENT_3D('Circle Axis2P3D',#7129,#7130,$) ;
#7138=AXIS2_PLACEMENT_3D('Circle Axis2P3D',#7136,#7137,$) ;
#7150=AXIS2_PLACEMENT_3D('Circle Axis2P3D',#7148,#7149,$) ;
#7168=AXIS2_PLACEMENT_3D('Circle Axis2P3D',#7166,#7167,$) ;
#7175=AXIS2_PLACEMENT_3D('Circle Axis2P3D',#7173,#7174,$) ;
#7180=AXIS2_PLACEMENT_3D('Circle Axis2P3D',#7178,#7179,$) ;
#7199=AXIS2_PLACEMENT_3D('Plane Axis2P3D',#7196,#7197,#7198) ;
#7274=AXIS2_PLACEMENT_3D('Cylinder Axis2P3D',#7271,#7272,#7273) ;
#7285=AXIS2_PLACEMENT_3D('Circle Axis2P3D',#7283,#7284,$) ;
#7333=AXIS2_PLACEMENT_3D('Plane Axis2P3D',#7330,#7331,#7332) ;
#7365=AXIS2_PLACEMENT_3D('Plane Axis2P3D',#7362,#7363,#7364) ;
#7402=AXIS2_PLACEMENT_3D('Plane Axis2P3D',#7399,#7400,#7401) ;
#7479=AXIS2_PLACEMENT_3D('Plane Axis2P3D',#7476,#7477,#7478) ;
#7543=AXIS2_PLACEMENT_3D('Plane Axis2P3D',#7540,#7541,#7542) ;
#7620=AXIS2_PLACEMENT_3D('Cylinder Axis2P3D',#7617,#7618,#7619) ;
#7624=AXIS2_PLACEMENT_3D('Circle Axis2P3D',#7622,#7623,$) ;
#7638=AXIS2_PLACEMENT_3D('Circle Axis2P3D',#7636,#7637,$) ;
#7643=AXIS2_PLACEMENT_3D('Circle Axis2P3D',#7641,#7642,$) ;
#7657=AXIS2_PLACEMENT_3D('Circle Axis2P3D',#7655,#7656,$) ;
#7688=AXIS2_PLACEMENT_3D('Plane Axis2P3D',#7685,#7686,#7687) ;
#7692=AXIS2_PLACEMENT_3D('Circle Axis2P3D',#7690,#7691,$) ;
#7701=AXIS2_PLACEMENT_3D('Circle Axis2P3D',#7699,#7700,$) ;
#7708=AXIS2_PLACEMENT_3D('Circle Axis2P3D',#7706,#7707,$) ;
#7715=AXIS2_PLACEMENT_3D('Circle Axis2P3D',#7713,#7714,$) ;
#7735=AXIS2_PLACEMENT_3D('Plane Axis2P3D',#7732,#7733,#7734) ;
#7745=AXIS2_PLACEMENT_3D('Circle Axis2P3D',#7743,#7744,$) ;
#7754=AXIS2_PLACEMENT_3D('Circle Axis2P3D',#7752,#7753,$) ;
#7761=AXIS2_PLACEMENT_3D('Circle Axis2P3D',#7759,#7760,$) ;
#7768=AXIS2_PLACEMENT_3D('Circle Axis2P3D',#7766,#7767,$) ;
#7782=AXIS2_PLACEMENT_3D('Cone Axis2P3D',#7779,#7780,#7781) ;
#7800=AXIS2_PLACEMENT_3D('Circle Axis2P3D',#7798,#7799,$) ;
#7807=AXIS2_PLACEMENT_3D('Circle Axis2P3D',#7805,#7806,$) ;
#7822=AXIS2_PLACEMENT_3D('Circle Axis2P3D',#7820,#7821,$) ;
#7848=AXIS2_PLACEMENT_3D('Circle Axis2P3D',#7846,#7847,$) ;
#7865=AXIS2_PLACEMENT_3D('Cylinder Axis2P3D',#7862,#7863,#7864) ;
#7876=AXIS2_PLACEMENT_3D('Circle Axis2P3D',#7874,#7875,$) ;
#7883=AXIS2_PLACEMENT_3D('Circle Axis2P3D',#7881,#7882,$) ;
#7890=AXIS2_PLACEMENT_3D('Circle Axis2P3D',#7888,#7889,$) ;
#7914=AXIS2_PLACEMENT_3D('Circle Axis2P3D',#7912,#7913,$) ;
#7921=AXIS2_PLACEMENT_3D('Circle Axis2P3D',#7919,#7920,$) ;
#7928=AXIS2_PLACEMENT_3D('Circle Axis2P3D',#7926,#7927,$) ;
#7965=AXIS2_PLACEMENT_3D('Circle Axis2P3D',#7963,#7964,$) ;
#7972=AXIS2_PLACEMENT_3D('Circle Axis2P3D',#7970,#7971,$) ;
#8099=AXIS2_PLACEMENT_3D('Plane Axis2P3D',#8096,#8097,#8098) ;
#8133=AXIS2_PLACEMENT_3D('Plane Axis2P3D',#8130,#8131,#8132) ;
#8160=AXIS2_PLACEMENT_3D('Plane Axis2P3D',#8157,#8158,#8159) ;
#8187=AXIS2_PLACEMENT_3D('Plane Axis2P3D',#8184,#8185,#8186) ;
#8250=AXIS2_PLACEMENT_3D('Plane Axis2P3D',#8247,#8248,#8249) ;
#8299=AXIS2_PLACEMENT_3D('Plane Axis2P3D',#8296,#8297,#8298) ;
#8333=AXIS2_PLACEMENT_3D('Cylinder Axis2P3D',#8330,#8331,#8332) ;
#8408=AXIS2_PLACEMENT_3D('Plane Axis2P3D',#8405,#8406,#8407) ;
#8439=AXIS2_PLACEMENT_3D('Plane Axis2P3D',#8436,#8437,#8438) ;
#8471=AXIS2_PLACEMENT_3D('Plane Axis2P3D',#8468,#8469,#8470) ;
#8548=AXIS2_PLACEMENT_3D('Circle Axis2P3D',#8546,#8547,$) ;
#8575=AXIS2_PLACEMENT_3D('Circle Axis2P3D',#8573,#8574,$) ;
#8602=AXIS2_PLACEMENT_3D('Circle Axis2P3D',#8600,#8601,$) ;
#8635=AXIS2_PLACEMENT_3D('Circle Axis2P3D',#8633,#8634,$) ;
#8678=AXIS2_PLACEMENT_3D('Circle Axis2P3D',#8676,#8677,$) ;
#8727=AXIS2_PLACEMENT_3D('Plane Axis2P3D',#8724,#8725,#8726) ;
#8839=AXIS2_PLACEMENT_3D('Plane Axis2P3D',#8836,#8837,#8838) ;
#8856=AXIS2_PLACEMENT_3D('Plane Axis2P3D',#8853,#8854,#8855) ;
#8888=AXIS2_PLACEMENT_3D('Plane Axis2P3D',#8885,#8886,#8887) ;
#8933=AXIS2_PLACEMENT_3D('Plane Axis2P3D',#8930,#8931,#8932) ;
#8979=AXIS2_PLACEMENT_3D('Plane Axis2P3D',#8976,#8977,#8978) ;
#9024=AXIS2_PLACEMENT_3D('Plane Axis2P3D',#9021,#9022,#9023) ;
#9063=AXIS2_PLACEMENT_3D('Plane Axis2P3D',#9060,#9061,#9062) ;
#9090=AXIS2_PLACEMENT_3D('Plane Axis2P3D',#9087,#9088,#9089) ;
#9115=AXIS2_PLACEMENT_3D('Plane Axis2P3D',#9112,#9113,#9114) ;
#9135=AXIS2_PLACEMENT_3D('Plane Axis2P3D',#9132,#9133,#9134) ;
#9167=AXIS2_PLACEMENT_3D('Plane Axis2P3D',#9164,#9165,#9166) ;
#9194=AXIS2_PLACEMENT_3D('Plane Axis2P3D',#9191,#9192,#9193) ;
#9219=AXIS2_PLACEMENT_3D('Plane Axis2P3D',#9216,#9217,#9218) ;
#9239=AXIS2_PLACEMENT_3D('Plane Axis2P3D',#9236,#9237,#9238) ;
#9271=AXIS2_PLACEMENT_3D('Plane Axis2P3D',#9268,#9269,#9270) ;
#9298=AXIS2_PLACEMENT_3D('Plane Axis2P3D',#9295,#9296,#9297) ;
#9323=AXIS2_PLACEMENT_3D('Plane Axis2P3D',#9320,#9321,#9322) ;
#9343=AXIS2_PLACEMENT_3D('Plane Axis2P3D',#9340,#9341,#9342) ;
#9737=AXIS2_PLACEMENT_3D('Plane Axis2P3D',#9734,#9735,#9736) ;
#9769=AXIS2_PLACEMENT_3D('Plane Axis2P3D',#9766,#9767,#9768) ;
#9794=AXIS2_PLACEMENT_3D('Plane Axis2P3D',#9791,#9792,#9793) ;
#9819=AXIS2_PLACEMENT_3D('Plane Axis2P3D',#9816,#9817,#9818) ;
#9837=AXIS2_PLACEMENT_3D('Cylinder Axis2P3D',#9834,#9835,#9836) ;
#9848=AXIS2_PLACEMENT_3D('Circle Axis2P3D',#9846,#9847,$) ;
#9890=AXIS2_PLACEMENT_3D('Circle Axis2P3D',#9888,#9889,$) ;
#9906=AXIS2_PLACEMENT_3D('Cylinder Axis2P3D',#9903,#9904,#9905) ;
#9917=AXIS2_PLACEMENT_3D('Circle Axis2P3D',#9915,#9916,$) ;
#9959=AXIS2_PLACEMENT_3D('Circle Axis2P3D',#9957,#9958,$) ;
#9975=AXIS2_PLACEMENT_3D('Cylinder Axis2P3D',#9972,#9973,#9974) ;
#9986=AXIS2_PLACEMENT_3D('Circle Axis2P3D',#9984,#9985,$) ;
#10028=AXIS2_PLACEMENT_3D('Circle Axis2P3D',#10026,#10027,$) ;
#10044=AXIS2_PLACEMENT_3D('Cylinder Axis2P3D',#10041,#10042,#10043) ;
#10055=AXIS2_PLACEMENT_3D('Circle Axis2P3D',#10053,#10054,$) ;
#10097=AXIS2_PLACEMENT_3D('Circle Axis2P3D',#10095,#10096,$) ;
#10113=AXIS2_PLACEMENT_3D('Plane Axis2P3D',#10110,#10111,#10112) ;
#10145=AXIS2_PLACEMENT_3D('Plane Axis2P3D',#10142,#10143,#10144) ;
#10170=AXIS2_PLACEMENT_3D('Plane Axis2P3D',#10167,#10168,#10169) ;
#10195=AXIS2_PLACEMENT_3D('Plane Axis2P3D',#10192,#10193,#10194) ;
#10213=AXIS2_PLACEMENT_3D('Plane Axis2P3D',#10210,#10211,#10212) ;
#10329=AXIS2_PLACEMENT_3D('Plane Axis2P3D',#10326,#10327,#10328) ;
#10333=AXIS2_PLACEMENT_3D('Circle Axis2P3D',#10331,#10332,$) ;
#10342=AXIS2_PLACEMENT_3D('Circle Axis2P3D',#10340,#10341,$) ;
#10349=AXIS2_PLACEMENT_3D('Circle Axis2P3D',#10347,#10348,$) ;
#10356=AXIS2_PLACEMENT_3D('Circle Axis2P3D',#10354,#10355,$) ;
#10370=AXIS2_PLACEMENT_3D('Cylinder Axis2P3D',#10367,#10368,#10369) ;
#10484=AXIS2_PLACEMENT_3D('Circle Axis2P3D',#10482,#10483,$) ;
#10493=AXIS2_PLACEMENT_3D('Circle Axis2P3D',#10491,#10492,$) ;
#10500=AXIS2_PLACEMENT_3D('Circle Axis2P3D',#10498,#10499,$) ;
#10507=AXIS2_PLACEMENT_3D('Circle Axis2P3D',#10505,#10506,$) ;
#10521=AXIS2_PLACEMENT_3D('Cylinder Axis2P3D',#10518,#10519,#10520) ;
#14=CARTESIAN_POINT('',(0.,0.,0.)) ;
#26=CARTESIAN_POINT('Axis2P3D Location',(-322.110411917,156.21499043,64.7258763827)) ;
#31=CARTESIAN_POINT('Line Origine',(-322.110411917,171.732746395,67.9008763834)) ;
#35=CARTESIAN_POINT('Vertex',(-322.110411917,173.320246395,67.9008763834)) ;
#37=CARTESIAN_POINT('Vertex',(-322.110411917,170.145246395,67.9008763834)) ;
#40=CARTESIAN_POINT('Line Origine',(-322.110411917,173.320246395,64.7258763827)) ;
#44=CARTESIAN_POINT('Vertex',(-322.110411917,173.320246395,61.5508763819)) ;
#47=CARTESIAN_POINT('Line Origine',(-322.110411917,171.732746395,61.5508763819)) ;
#51=CARTESIAN_POINT('Vertex',(-322.110411917,170.145246395,61.5508763819)) ;
#54=CARTESIAN_POINT('Axis2P3D Location',(-322.110411917,156.214990432,64.7258763827)) ;
#74=CARTESIAN_POINT('Axis2P3D Location',(-277.660411917,173.320246395,61.5508763827)) ;
#79=CARTESIAN_POINT('Line Origine',(-306.235411916,173.320246395,67.9008763823)) ;
#83=CARTESIAN_POINT('Vertex',(-290.360411916,173.320246395,67.9008763823)) ;
#86=CARTESIAN_POINT('Line Origine',(-290.360411916,173.320246395,64.7258763825)) ;
#90=CARTESIAN_POINT('Vertex',(-290.360411916,173.320246395,61.5508763827)) ;
#93=CARTESIAN_POINT('Line Origine',(-306.235411916,173.320246395,61.5508763827)) ;
#106=CARTESIAN_POINT('Axis2P3D Location',(-277.660411917,166.970246395,61.5508763827)) ;
#111=CARTESIAN_POINT('Line Origine',(-290.360411916,171.732746395,61.5508763827)) ;
#115=CARTESIAN_POINT('Vertex',(-290.360411916,170.145246396,61.5508763827)) ;
#118=CARTESIAN_POINT('Line Origine',(-306.235411916,170.145246396,61.5508763827)) ;
#131=CARTESIAN_POINT('Axis2P3D Location',(-309.410411917,156.21499043,64.7258763827)) ;
#136=CARTESIAN_POINT('Line Origine',(-309.410411917,156.21499043,79.0133763827)) ;
#140=CARTESIAN_POINT('Vertex',(-341.160411917,156.21499043,79.0133763827)) ;
#142=CARTESIAN_POINT('Vertex',(-290.360411916,156.21499043,79.0133763827)) ;
#145=CARTESIAN_POINT('Axis2P3D Location',(-290.360411916,156.21499043,64.7258763827)) ;
#149=CARTESIAN_POINT('Vertex',(-290.360411916,170.145246395,67.9008763827)) ;
#152=CARTESIAN_POINT('Line Origine',(-309.410411917,170.145246395,67.9008763827)) ;
#158=CARTESIAN_POINT('Control Point',(-290.360411917,156.21499043,50.4383763827)) ;
#159=CARTESIAN_POINT('Control Point',(-290.360411916,160.063194923,50.4383763827)) ;
#160=CARTESIAN_POINT('Control Point',(-290.360411916,163.912867988,51.7317886626)) ;
#161=CARTESIAN_POINT('Control Point',(-290.360411916,167.173535083,54.3329011754)) ;
#162=CARTESIAN_POINT('Control Point',(-290.360411916,169.290089841,57.7988922296)) ;
#163=CARTESIAN_POINT('Control Point',(-290.360411916,170.145246395,61.5508763827)) ;
#164=CARTESIAN_POINT('Vertex',(-290.360411917,156.21499043,50.4383763831)) ;
#167=CARTESIAN_POINT('Line Origine',(-309.410411917,156.21499043,50.4383763827)) ;
#171=CARTESIAN_POINT('Vertex',(-341.160411917,156.21499043,50.4383763827)) ;
#174=CARTESIAN_POINT('Axis2P3D Location',(-341.160411917,156.21499043,64.7258763827)) ;
#178=CARTESIAN_POINT('Vertex',(-341.160411917,170.50249043,64.7258763827)) ;
#181=CARTESIAN_POINT('Axis2P3D Location',(-341.160411917,156.21499043,64.7258763827)) ;
#200=CARTESIAN_POINT('Control Point',(-290.360411916,156.21499043,79.0133763827)) ;
#201=CARTESIAN_POINT('Control Point',(-290.360411916,153.970715178,79.0133763827)) ;
#202=CARTESIAN_POINT('Control Point',(-290.360411916,151.726439926,78.5727139674)) ;
#203=CARTESIAN_POINT('Control Point',(-290.360411916,149.597682175,77.6909536358)) ;
#204=CARTESIAN_POINT('Control Point',(-290.360411916,145.800606912,75.1402599009)) ;
#205=CARTESIAN_POINT('Control Point',(-290.360411916,143.249913177,71.3431846379)) ;
#206=CARTESIAN_POINT('Control Point',(-290.360411916,142.368152845,69.2144268865)) ;
#207=CARTESIAN_POINT('Control Point',(-290.360411916,141.486828015,64.7258763827)) ;
#208=CARTESIAN_POINT('Control Point',(-290.360411916,142.368152845,60.2373258788)) ;
#209=CARTESIAN_POINT('Control Point',(-290.360411916,143.249913177,58.1085681274)) ;
#210=CARTESIAN_POINT('Control Point',(-290.360411916,145.800606912,54.3114928644)) ;
#211=CARTESIAN_POINT('Control Point',(-290.360411916,149.597682175,51.7607991296)) ;
#212=CARTESIAN_POINT('Control Point',(-290.360411917,151.726439926,50.8790387979)) ;
#213=CARTESIAN_POINT('Control Point',(-290.360411917,153.970715178,50.4383763827)) ;
#214=CARTESIAN_POINT('Control Point',(-290.360411917,156.21499043,50.4383763827)) ;
#216=CARTESIAN_POINT('Axis2P3D Location',(-341.160411917,156.21499043,64.7258763827)) ;
#220=CARTESIAN_POINT('Vertex',(-341.160411917,141.92749043,64.7258763827)) ;
#223=CARTESIAN_POINT('Axis2P3D Location',(-341.160411917,156.21499043,64.7258763827)) ;
#237=CARTESIAN_POINT('Axis2P3D Location',(-277.660411917,173.320246395,67.9008763827)) ;
#242=CARTESIAN_POINT('Line Origine',(-290.360411916,171.732746395,67.9008763827)) ;
#255=CARTESIAN_POINT('Axis2P3D Location',(-347.510411917,156.21499043,64.7258763827)) ;
#260=CARTESIAN_POINT('Line Origine',(-4559935.98629,156.21499043,2051896.68502)) ;
#264=CARTESIAN_POINT('Vertex',(-347.510411917,156.21499043,81.8708763827)) ;
#267=CARTESIAN_POINT('Axis2P3D Location',(-347.510411917,156.21499043,64.7258763827)) ;
#271=CARTESIAN_POINT('Vertex',(-347.510411917,139.06999043,64.7258763827)) ;
#274=CARTESIAN_POINT('Axis2P3D Location',(-347.510411917,156.21499043,64.7258763827)) ;
#278=CARTESIAN_POINT('Vertex',(-347.510411917,156.21499043,47.5808763827)) ;
#281=CARTESIAN_POINT('Line Origine',(-4559935.98629,156.21499043,-2051767.23327)) ;
#296=CARTESIAN_POINT('Axis2P3D Location',(-347.510411917,156.21499043,64.7258763827)) ;
#300=CARTESIAN_POINT('Vertex',(-347.510411917,173.35999043,64.7258763827)) ;
#303=CARTESIAN_POINT('Axis2P3D Location',(-347.510411917,156.21499043,64.7258763827)) ;
#318=CARTESIAN_POINT('Axis2P3D Location',(-290.360411917,156.21499043,64.7258763827)) ;
#324=CARTESIAN_POINT('Control Point',(-290.360411917,178.744320369,64.7258763827)) ;
#325=CARTESIAN_POINT('Control Point',(-290.360411917,178.744320369,62.6331207715)) ;
#326=CARTESIAN_POINT('Control Point',(-290.360411917,178.501324569,60.5403655417)) ;
#327=CARTESIAN_POINT('Control Point',(-290.360411917,178.015277405,58.4851484952)) ;
#328=CARTESIAN_POINT('Control Point',(-290.360411917,176.574944554,54.5253328846)) ;
#329=CARTESIAN_POINT('Control Point',(-290.360411917,174.265595591,51.0009048472)) ;
#330=CARTESIAN_POINT('Control Point',(-290.360411917,172.910431928,49.381123861)) ;
#331=CARTESIAN_POINT('Control Point',(-290.360411917,169.848936066,46.4859655821)) ;
#332=CARTESIAN_POINT('Control Point',(-290.360411917,166.205508488,44.3693359274)) ;
#333=CARTESIAN_POINT('Control Point',(-290.360411917,164.268345083,43.5281718951)) ;
#334=CARTESIAN_POINT('Control Point',(-290.360411917,161.480797158,42.6871392601)) ;
#335=CARTESIAN_POINT('Control Point',(-290.360411917,158.611333155,42.3029363741)) ;
#336=CARTESIAN_POINT('Control Point',(-290.360411917,157.813954094,42.2320127955)) ;
#337=CARTESIAN_POINT('Control Point',(-290.360411917,157.014473373,42.1965521714)) ;
#338=CARTESIAN_POINT('Control Point',(-290.360411917,156.21499043,42.1965538839)) ;
#339=CARTESIAN_POINT('Vertex',(-290.360411916,156.21499043,42.196546443)) ;
#341=CARTESIAN_POINT('Vertex',(-290.360411916,178.74432037,64.7258763827)) ;
#345=CARTESIAN_POINT('Control Point',(-290.360411917,156.21499043,42.1965538839)) ;
#346=CARTESIAN_POINT('Control Point',(-290.360411917,154.921687985,42.1965566542)) ;
#347=CARTESIAN_POINT('Control Point',(-290.360411917,153.628379725,42.2893596734)) ;
#348=CARTESIAN_POINT('Control Point',(-290.360411917,152.343953068,42.4749603261)) ;
#349=CARTESIAN_POINT('Control Point',(-290.360411917,149.027650846,43.2005220052)) ;
#350=CARTESIAN_POINT('Control Point',(-290.360411917,145.891438195,44.5361894214)) ;
#351=CARTESIAN_POINT('Control Point',(-290.360411917,144.057899609,45.5841852478)) ;
#352=CARTESIAN_POINT('Control Point',(-290.360411917,140.667837681,48.0866197594)) ;
#353=CARTESIAN_POINT('Control Point',(-290.360411917,137.941370528,51.2992607996)) ;
#354=CARTESIAN_POINT('Control Point',(-290.360411917,136.771501648,53.0575457083)) ;
#355=CARTESIAN_POINT('Control Point',(-290.360411917,135.086837016,56.3702988467)) ;
#356=CARTESIAN_POINT('Control Point',(-290.360411917,134.111223186,59.9457868941)) ;
#357=CARTESIAN_POINT('Control Point',(-290.360411917,133.827510923,61.5279792592)) ;
#358=CARTESIAN_POINT('Control Point',(-290.360411917,133.685660491,63.1269279322)) ;
#359=CARTESIAN_POINT('Control Point',(-290.360411917,133.685660491,64.7258763827)) ;
#360=CARTESIAN_POINT('Vertex',(-290.360411917,133.685660491,64.7258763827)) ;
#364=CARTESIAN_POINT('Control Point',(-290.360411917,133.685660491,64.7258763827)) ;
#365=CARTESIAN_POINT('Control Point',(-290.360411917,133.685660491,66.8186319937)) ;
#366=CARTESIAN_POINT('Control Point',(-290.360411917,133.928656292,68.9113872234)) ;
#367=CARTESIAN_POINT('Control Point',(-290.360411917,134.414703456,70.9666042703)) ;
#368=CARTESIAN_POINT('Control Point',(-290.360411917,135.855036306,74.9264198808)) ;
#369=CARTESIAN_POINT('Control Point',(-290.360411917,138.164385269,78.4508479181)) ;
#370=CARTESIAN_POINT('Control Point',(-290.360411917,139.519548933,80.0706289044)) ;
#371=CARTESIAN_POINT('Control Point',(-290.360411917,142.581044795,82.9657871832)) ;
#372=CARTESIAN_POINT('Control Point',(-290.360411917,146.224472372,85.0824168379)) ;
#373=CARTESIAN_POINT('Control Point',(-290.360411917,148.161635777,85.9235808702)) ;
#374=CARTESIAN_POINT('Control Point',(-290.360411917,150.949183702,86.7646135052)) ;
#375=CARTESIAN_POINT('Control Point',(-290.360411917,153.818647706,87.1488163912)) ;
#376=CARTESIAN_POINT('Control Point',(-290.360411917,154.616026767,87.2197399698)) ;
#377=CARTESIAN_POINT('Control Point',(-290.360411917,155.415507487,87.2552005939)) ;
#378=CARTESIAN_POINT('Control Point',(-290.360411917,156.21499043,87.2551988814)) ;
#379=CARTESIAN_POINT('Vertex',(-290.360411917,156.21499043,87.2551988814)) ;
#383=CARTESIAN_POINT('Control Point',(-290.360411917,156.21499043,87.2551988814)) ;
#384=CARTESIAN_POINT('Control Point',(-290.360411917,157.508292875,87.2551961111)) ;
#385=CARTESIAN_POINT('Control Point',(-290.360411917,158.801601136,87.1623930919)) ;
#386=CARTESIAN_POINT('Control Point',(-290.360411917,160.086027792,86.9767924392)) ;
#387=CARTESIAN_POINT('Control Point',(-290.360411917,163.402330015,86.2512307601)) ;
#388=CARTESIAN_POINT('Control Point',(-290.360411917,166.538542666,84.9155633439)) ;
#389=CARTESIAN_POINT('Control Point',(-290.360411917,168.372081251,83.8675675176)) ;
#390=CARTESIAN_POINT('Control Point',(-290.360411917,171.762143179,81.3651330059)) ;
#391=CARTESIAN_POINT('Control Point',(-290.360411917,174.488610333,78.1524919654)) ;
#392=CARTESIAN_POINT('Control Point',(-290.360411917,175.658479212,76.3942070574)) ;
#393=CARTESIAN_POINT('Control Point',(-290.360411917,177.343143845,73.0814539188)) ;
#394=CARTESIAN_POINT('Control Point',(-290.360411917,178.318757674,69.505965871)) ;
#395=CARTESIAN_POINT('Control Point',(-290.360411917,178.602469937,67.9237735064)) ;
#396=CARTESIAN_POINT('Control Point',(-290.360411917,178.744320369,66.3248248332)) ;
#397=CARTESIAN_POINT('Control Point',(-290.360411917,178.744320369,64.7258763827)) ;
#415=CARTESIAN_POINT('Axis2P3D Location',(-351.320411917,156.21499043,64.7258763827)) ;
#420=CARTESIAN_POINT('Line Origine',(-351.320411917,156.21499043,47.5808763827)) ;
#424=CARTESIAN_POINT('Vertex',(-355.130411917,156.21499043,47.5808763831)) ;
#428=CARTESIAN_POINT('Control Point',(-355.130411917,156.21499043,47.5808763827)) ;
#429=CARTESIAN_POINT('Control Point',(-355.130411917,161.601251035,47.5808763827)) ;
#430=CARTESIAN_POINT('Control Point',(-355.130411917,166.992537056,49.689968627)) ;
#431=CARTESIAN_POINT('Control Point',(-355.130411917,171.250898186,53.9483297572)) ;
#432=CARTESIAN_POINT('Control Point',(-355.130411917,173.35999043,59.3396157781)) ;
#433=CARTESIAN_POINT('Control Point',(-355.130411917,173.35999043,64.7258763827)) ;
#434=CARTESIAN_POINT('Vertex',(-355.130411917,173.35999043,64.7258763827)) ;
#437=CARTESIAN_POINT('Axis2P3D Location',(-355.130411917,156.21499043,64.7258763827)) ;
#441=CARTESIAN_POINT('Vertex',(-355.130411917,156.21499043,81.8708763827)) ;
#444=CARTESIAN_POINT('Line Origine',(-351.320411917,156.21499043,81.8708763827)) ;
#459=CARTESIAN_POINT('Axis2P3D Location',(-355.130411917,156.21499043,64.7258763827)) ;
#463=CARTESIAN_POINT('Vertex',(-355.130411917,139.06999043,64.7258763827)) ;
#467=CARTESIAN_POINT('Control Point',(-355.130411917,139.06999043,64.7258763827)) ;
#468=CARTESIAN_POINT('Control Point',(-355.130411917,139.06999043,59.3396157781)) ;
#469=CARTESIAN_POINT('Control Point',(-355.130411917,141.179082675,53.9483297572)) ;
#470=CARTESIAN_POINT('Control Point',(-355.130411917,145.437443805,49.689968627)) ;
#471=CARTESIAN_POINT('Control Point',(-355.130411917,150.828729826,47.5808763827)) ;
#472=CARTESIAN_POINT('Control Point',(-355.130411917,156.21499043,47.5808763827)) ;
#484=CARTESIAN_POINT('Axis2P3D Location',(-487.210411917,133.383941858,234.651876383)) ;
#489=CARTESIAN_POINT('Axis2P3D Location',(-487.210411917,133.383941858,234.651876383)) ;
#493=CARTESIAN_POINT('Vertex',(-487.210411917,133.383941858,246.920076383)) ;
#495=CARTESIAN_POINT('Vertex',(-499.478611917,133.383941858,234.651876383)) ;
#498=CARTESIAN_POINT('Axis2P3D Location',(-487.210411917,133.383941858,234.651876383)) ;
#502=CARTESIAN_POINT('Vertex',(-487.210411917,133.383941858,222.383676383)) ;
#505=CARTESIAN_POINT('Line Origine',(-487.210411917,-2499863.07453,-4329898.50115)) ;
#509=CARTESIAN_POINT('Vertex',(-487.210411917,140.46699043,234.651876383)) ;
#512=CARTESIAN_POINT('Line Origine',(-487.210411917,-2499863.07453,4330367.8049)) ;
#525=CARTESIAN_POINT('Axis2P3D Location',(-487.210411917,133.383941858,234.651876383)) ;
#529=CARTESIAN_POINT('Vertex',(-474.942211917,133.383941858,234.651876383)) ;
#532=CARTESIAN_POINT('Axis2P3D Location',(-487.210411917,133.383941858,234.651876383)) ;
#545=CARTESIAN_POINT('Axis2P3D Location',(-277.660411917,156.21499043,64.7258763827)) ;
#550=CARTESIAN_POINT('Line Origine',(-277.660411917,156.21499043,42.196546443)) ;
#554=CARTESIAN_POINT('Vertex',(-264.960411917,156.21499043,42.196546443)) ;
#557=CARTESIAN_POINT('Line Origine',(-277.660411917,156.21499043,87.2552063223)) ;
#561=CARTESIAN_POINT('Vertex',(-264.960411917,156.21499043,87.2552063223)) ;
#565=CARTESIAN_POINT('Control Point',(-264.960411917,156.21499043,87.2552063223)) ;
#566=CARTESIAN_POINT('Control Point',(-264.960411917,163.292788173,87.2552063223)) ;
#567=CARTESIAN_POINT('Control Point',(-264.960411917,170.377189547,84.4837607086)) ;
#568=CARTESIAN_POINT('Control Point',(-264.960411917,175.972874756,78.8880754999)) ;
#569=CARTESIAN_POINT('Control Point',(-264.960411917,178.74432037,71.8036741255)) ;
#570=CARTESIAN_POINT('Control Point',(-264.960411917,178.74432037,64.7258763827)) ;
#571=CARTESIAN_POINT('Vertex',(-264.960411917,178.74432037,64.7258763827)) ;
#574=CARTESIAN_POINT('Axis2P3D Location',(-264.960411917,156.21499043,64.7258763827)) ;
#589=CARTESIAN_POINT('Axis2P3D Location',(-277.660411917,156.21499043,64.7258763827)) ;
#594=CARTESIAN_POINT('Axis2P3D Location',(-264.960411917,156.21499043,64.7258763827)) ;
#598=CARTESIAN_POINT('Vertex',(-264.960411917,133.685660491,64.7258763827)) ;
#602=CARTESIAN_POINT('Control Point',(-264.960411917,133.685660491,64.7258763827)) ;
#603=CARTESIAN_POINT('Control Point',(-264.960411917,133.685660491,71.8036741255)) ;
#604=CARTESIAN_POINT('Control Point',(-264.960411917,136.457106104,78.8880754999)) ;
#605=CARTESIAN_POINT('Control Point',(-264.960411917,142.052791313,84.4837607086)) ;
#606=CARTESIAN_POINT('Control Point',(-264.960411917,149.137192687,87.2552063223)) ;
#607=CARTESIAN_POINT('Control Point',(-264.960411917,156.21499043,87.2552063223)) ;
#619=CARTESIAN_POINT('Axis2P3D Location',(-355.130411917,182.88499043,64.7258763827)) ;
#624=CARTESIAN_POINT('Axis2P3D Location',(-355.130411917,156.21499043,64.7258763827)) ;
#628=CARTESIAN_POINT('Vertex',(-355.130411917,156.21499043,100.920876383)) ;
#630=CARTESIAN_POINT('Vertex',(-355.130411917,192.409990431,64.7258763827)) ;
#633=CARTESIAN_POINT('Axis2P3D Location',(-355.130411917,156.21499043,64.7258763827)) ;
#637=CARTESIAN_POINT('Vertex',(-355.130411917,120.01999043,64.7258763827)) ;
#640=CARTESIAN_POINT('Axis2P3D Location',(-355.130411917,156.21499043,64.7258763827)) ;
#644=CARTESIAN_POINT('Vertex',(-355.130411917,156.21499043,28.5308763824)) ;
#647=CARTESIAN_POINT('Axis2P3D Location',(-355.130411917,156.21499043,64.7258763827)) ;
#666=CARTESIAN_POINT('Axis2P3D Location',(-487.210411917,118.091366144,234.651876383)) ;
#671=CARTESIAN_POINT('Axis2P3D Location',(-487.210411917,102.798790431,234.651876383)) ;
#675=CARTESIAN_POINT('Vertex',(-487.210411917,102.798790431,222.383676383)) ;
#677=CARTESIAN_POINT('Vertex',(-474.942211917,102.79879043,234.651876383)) ;
#681=CARTESIAN_POINT('Control Point',(-474.942211917,102.798790431,234.651876383)) ;
#682=CARTESIAN_POINT('Control Point',(-474.942211917,102.798790431,238.506045082)) ;
#683=CARTESIAN_POINT('Control Point',(-476.451384589,102.798790431,242.363809746)) ;
#684=CARTESIAN_POINT('Control Point',(-479.498478553,102.79879043,245.41090371)) ;
#685=CARTESIAN_POINT('Control Point',(-483.356243217,102.79879043,246.920076383)) ;
#686=CARTESIAN_POINT('Control Point',(-487.210411917,102.79879043,246.920076383)) ;
#687=CARTESIAN_POINT('Vertex',(-487.210411917,102.79879043,246.920076383)) ;
#690=CARTESIAN_POINT('Line Origine',(-487.210411917,118.091366144,246.920076383)) ;
#695=CARTESIAN_POINT('Line Origine',(-487.210411917,118.091366144,222.383676383)) ;
#711=CARTESIAN_POINT('Control Point',(-487.210411917,102.79879043,246.920076383)) ;
#712=CARTESIAN_POINT('Control Point',(-491.064580616,102.79879043,246.920076383)) ;
#713=CARTESIAN_POINT('Control Point',(-494.92234528,102.79879043,245.41090371)) ;
#714=CARTESIAN_POINT('Control Point',(-497.969439244,102.798790431,242.363809746)) ;
#715=CARTESIAN_POINT('Control Point',(-499.478611917,102.798790431,238.506045082)) ;
#716=CARTESIAN_POINT('Control Point',(-499.478611917,102.798790431,234.651876383)) ;
#717=CARTESIAN_POINT('Vertex',(-499.478611917,102.798790431,234.651876383)) ;
#720=CARTESIAN_POINT('Axis2P3D Location',(-487.210411917,102.798790431,234.651876383)) ;
#735=CARTESIAN_POINT('Axis2P3D Location',(-626.148411917,180.34499043,76.7908763827)) ;
#740=CARTESIAN_POINT('Axis2P3D Location',(-626.148411917,180.34499043,-7.66412361741)) ;
#744=CARTESIAN_POINT('Vertex',(-626.148411917,187.58399043,-7.66412361741)) ;
#746=CARTESIAN_POINT('Vertex',(-626.148411917,180.34499043,-14.9031236175)) ;
#749=CARTESIAN_POINT('Axis2P3D Location',(-626.148411917,180.34499043,-7.66412361741)) ;
#753=CARTESIAN_POINT('Vertex',(-626.148411917,173.10599043,-7.66412361741)) ;
#756=CARTESIAN_POINT('Line Origine',(-626.148411917,173.10599043,16.4658763825)) ;
#760=CARTESIAN_POINT('Vertex',(-626.148411917,173.10599043,40.5958763824)) ;
#763=CARTESIAN_POINT('Axis2P3D Location',(-626.148411917,180.34499043,40.5958763824)) ;
#767=CARTESIAN_POINT('Vertex',(-626.148411917,180.34499043,47.8348763824)) ;
#770=CARTESIAN_POINT('Axis2P3D Location',(-626.148411917,180.34499043,40.5958763824)) ;
#774=CARTESIAN_POINT('Vertex',(-626.148411917,187.58399043,40.5958763824)) ;
#777=CARTESIAN_POINT('Line Origine',(-626.148411917,187.58399043,16.4658763825)) ;
#792=CARTESIAN_POINT('Axis2P3D Location',(-626.148411917,132.08499043,-7.66412361741)) ;
#796=CARTESIAN_POINT('Vertex',(-626.148411917,139.32399043,-7.66412361741)) ;
#798=CARTESIAN_POINT('Vertex',(-626.148411917,132.08499043,-14.9031236175)) ;
#801=CARTESIAN_POINT('Axis2P3D Location',(-626.148411917,132.08499043,-7.66412361741)) ;
#805=CARTESIAN_POINT('Vertex',(-626.148411917,124.84599043,-7.66412361741)) ;
#808=CARTESIAN_POINT('Line Origine',(-626.148411917,124.84599043,16.4658763825)) ;
#812=CARTESIAN_POINT('Vertex',(-626.148411917,124.84599043,40.5958763824)) ;
#815=CARTESIAN_POINT('Axis2P3D Location',(-626.148411917,132.08499043,40.5958763824)) ;
#819=CARTESIAN_POINT('Vertex',(-626.148411917,132.08499043,47.8348763824)) ;
#822=CARTESIAN_POINT('Axis2P3D Location',(-626.148411917,132.08499043,40.5958763824)) ;
#826=CARTESIAN_POINT('Vertex',(-626.148411917,139.32399043,40.5958763824)) ;
#829=CARTESIAN_POINT('Line Origine',(-626.148411917,139.32399043,16.4658763825)) ;
#844=CARTESIAN_POINT('Axis2P3D Location',(-626.148411917,156.21499043,-19.7291236174)) ;
#848=CARTESIAN_POINT('Vertex',(-626.148411917,163.45399043,-19.7291236174)) ;
#850=CARTESIAN_POINT('Vertex',(-626.148411917,156.21499043,-26.9681236175)) ;
#853=CARTESIAN_POINT('Axis2P3D Location',(-626.148411917,156.21499043,-19.7291236174)) ;
#857=CARTESIAN_POINT('Vertex',(-626.148411917,148.97599043,-19.7291236174)) ;
#860=CARTESIAN_POINT('Line Origine',(-626.148411917,148.97599043,4.40087638248)) ;
#864=CARTESIAN_POINT('Vertex',(-626.148411917,148.97599043,28.5308763824)) ;
#867=CARTESIAN_POINT('Axis2P3D Location',(-626.148411917,156.21499043,28.5308763824)) ;
#871=CARTESIAN_POINT('Vertex',(-626.148411917,156.21499043,35.7698763824)) ;
#874=CARTESIAN_POINT('Axis2P3D Location',(-626.148411917,156.21499043,28.5308763824)) ;
#878=CARTESIAN_POINT('Vertex',(-626.148411917,163.45399043,28.5308763824)) ;
#881=CARTESIAN_POINT('Line Origine',(-626.148411917,163.45399043,4.40087638248)) ;
#897=CARTESIAN_POINT('Control Point',(-512.610411917,318.26699043,64.7258763827)) ;
#898=CARTESIAN_POINT('Control Point',(-512.610411917,318.26699043,65.5238409167)) ;
#899=CARTESIAN_POINT('Control Point',(-512.453731947,318.26699043,66.3218054507)) ;
#900=CARTESIAN_POINT('Control Point',(-512.140217162,318.26699043,67.0786970956)) ;
#901=CARTESIAN_POINT('Control Point',(-511.233303834,318.26699043,68.4287683003)) ;
#902=CARTESIAN_POINT('Control Point',(-509.88323263,318.26699043,69.3356816282)) ;
#903=CARTESIAN_POINT('Control Point',(-509.126340985,318.26699043,69.6491964128)) ;
#904=CARTESIAN_POINT('Control Point',(-507.530411917,318.26699043,69.9625563525)) ;
#905=CARTESIAN_POINT('Control Point',(-505.934482849,318.26699043,69.6491964128)) ;
#906=CARTESIAN_POINT('Control Point',(-505.177591204,318.26699043,69.3356816282)) ;
#907=CARTESIAN_POINT('Control Point',(-503.827519999,318.26699043,68.4287683003)) ;
#908=CARTESIAN_POINT('Control Point',(-502.920606671,318.26699043,67.0786970956)) ;
#909=CARTESIAN_POINT('Control Point',(-502.607091886,318.26699043,66.3218054507)) ;
#910=CARTESIAN_POINT('Control Point',(-502.450411917,318.26699043,65.5238409167)) ;
#911=CARTESIAN_POINT('Control Point',(-502.450411917,318.26699043,64.7258763827)) ;
#912=CARTESIAN_POINT('Axis1P Location',(-487.210411917,318.26699043,64.7258763827)) ;
#916=CARTESIAN_POINT('Axis2P3D Location',(-507.530411917,318.26699043,64.7258763827)) ;
#920=CARTESIAN_POINT('Vertex',(-512.610411917,318.26699043,64.7258763827)) ;
#922=CARTESIAN_POINT('Vertex',(-502.450411917,318.26699043,64.7258763827)) ;
#925=CARTESIAN_POINT('Axis2P3D Location',(-487.210411917,318.26699043,64.7258763827)) ;
#929=CARTESIAN_POINT('Vertex',(-471.970411917,318.26699043,64.7258763827)) ;
#932=CARTESIAN_POINT('Axis2P3D Location',(-466.890411917,318.26699043,64.7258763827)) ;
#936=CARTESIAN_POINT('Vertex',(-461.810411917,318.26699043,64.7258763827)) ;
#939=CARTESIAN_POINT('Axis2P3D Location',(-487.210411917,318.26699043,64.7258763827)) ;
#960=CARTESIAN_POINT('Control Point',(-512.610411917,318.26699043,64.7258763827)) ;
#961=CARTESIAN_POINT('Control Point',(-512.610411917,318.26699043,65.5238409167)) ;
#962=CARTESIAN_POINT('Control Point',(-512.453731947,318.26699043,66.3218054507)) ;
#963=CARTESIAN_POINT('Control Point',(-512.140217162,318.26699043,67.0786970956)) ;
#964=CARTESIAN_POINT('Control Point',(-511.233303834,318.26699043,68.4287683003)) ;
#965=CARTESIAN_POINT('Control Point',(-509.88323263,318.26699043,69.3356816282)) ;
#966=CARTESIAN_POINT('Control Point',(-509.126340985,318.26699043,69.6491964128)) ;
#967=CARTESIAN_POINT('Control Point',(-507.530411917,318.26699043,69.9625563525)) ;
#968=CARTESIAN_POINT('Control Point',(-505.934482849,318.26699043,69.6491964128)) ;
#969=CARTESIAN_POINT('Control Point',(-505.177591204,318.26699043,69.3356816282)) ;
#970=CARTESIAN_POINT('Control Point',(-503.827519999,318.26699043,68.4287683003)) ;
#971=CARTESIAN_POINT('Control Point',(-502.920606671,318.26699043,67.0786970956)) ;
#972=CARTESIAN_POINT('Control Point',(-502.607091886,318.26699043,66.3218054507)) ;
#973=CARTESIAN_POINT('Control Point',(-502.450411917,318.26699043,65.5238409167)) ;
#974=CARTESIAN_POINT('Control Point',(-502.450411917,318.26699043,64.7258763827)) ;
#975=CARTESIAN_POINT('Axis1P Location',(-487.210411917,318.26699043,64.7258763827)) ;
#979=CARTESIAN_POINT('Axis2P3D Location',(-487.210411917,318.26699043,64.7258763827)) ;
#983=CARTESIAN_POINT('Vertex',(-481.007716708,293.635982084,64.7258763827)) ;
#986=CARTESIAN_POINT('Axis2P3D Location',(-487.210411917,318.26699043,64.7258763827)) ;
#991=CARTESIAN_POINT('Axis2P3D Location',(-487.210411917,318.26699043,64.7258763827)) ;
#995=CARTESIAN_POINT('Vertex',(-493.413107126,293.635982084,64.7258763827)) ;
#999=CARTESIAN_POINT('Control Point',(-481.007716708,293.635982084,64.7258763827)) ;
#1000=CARTESIAN_POINT('Control Point',(-481.007716708,293.635982084,65.073742826)) ;
#1001=CARTESIAN_POINT('Control Point',(-481.060171649,293.653478612,65.4216089785)) ;
#1002=CARTESIAN_POINT('Control Point',(-481.165238486,293.688500209,65.7578496504)) ;
#1003=CARTESIAN_POINT('Control Point',(-481.489730462,293.799985976,66.4645225774)) ;
#1004=CARTESIAN_POINT('Control Point',(-481.967502786,293.972873485,67.0624481745)) ;
#1005=CARTESIAN_POINT('Control Point',(-482.259876067,294.082198863,67.3557530794)) ;
#1006=CARTESIAN_POINT('Control Point',(-483.040627107,294.381113851,68.0118115349)) ;
#1007=CARTESIAN_POINT('Control Point',(-483.891061665,294.71155543,68.4721865572)) ;
#1008=CARTESIAN_POINT('Control Point',(-484.408283709,294.907899191,68.6892222078)) ;
#1009=CARTESIAN_POINT('Control Point',(-485.187680722,295.175745742,68.9378719302)) ;
#1010=CARTESIAN_POINT('Control Point',(-485.969714524,295.360859355,69.0808134977)) ;
#1011=CARTESIAN_POINT('Control Point',(-486.231357718,295.41120451,69.1173796481)) ;
#1012=CARTESIAN_POINT('Control Point',(-487.146392279,295.538352086,69.2070720204)) ;
#1013=CARTESIAN_POINT('Control Point',(-488.063150078,295.482220029,69.1652971165)) ;
#1014=CARTESIAN_POINT('Control Point',(-488.714119862,295.330767219,69.070539101)) ;
#1015=CARTESIAN_POINT('Control Point',(-489.882794505,294.964038539,68.7763194436)) ;
#1016=CARTESIAN_POINT('Control Point',(-491.032413399,294.518269265,68.2086957127)) ;
#1017=CARTESIAN_POINT('Control Point',(-491.531281765,294.321672619,67.8979563154)) ;
#1018=CARTESIAN_POINT('Control Point',(-492.398363043,293.990166076,67.202774524)) ;
#1019=CARTESIAN_POINT('Control Point',(-493.060191067,293.753990751,66.2505410514)) ;
#1020=CARTESIAN_POINT('Control Point',(-493.294934849,293.675398857,65.7701320892)) ;
#1021=CARTESIAN_POINT('Control Point',(-493.413107126,293.635982084,65.2480045635)) ;
#1022=CARTESIAN_POINT('Control Point',(-493.413107126,293.635982084,64.7258763827)) ;
#1035=CARTESIAN_POINT('Control Point',(-502.450411917,318.26699043,64.7258763827)) ;
#1036=CARTESIAN_POINT('Control Point',(-502.450411917,318.26699043,63.9279118487)) ;
#1037=CARTESIAN_POINT('Control Point',(-502.607091886,318.26699043,63.1299473146)) ;
#1038=CARTESIAN_POINT('Control Point',(-502.920606671,318.26699043,62.3730556697)) ;
#1039=CARTESIAN_POINT('Control Point',(-503.827519999,318.26699043,61.0229844651)) ;
#1040=CARTESIAN_POINT('Control Point',(-505.177591204,318.26699043,60.1160711371)) ;
#1041=CARTESIAN_POINT('Control Point',(-505.934482849,318.26699043,59.8025563525)) ;
#1042=CARTESIAN_POINT('Control Point',(-507.530411917,318.26699043,59.4891964128)) ;
#1043=CARTESIAN_POINT('Control Point',(-509.126340985,318.26699043,59.8025563525)) ;
#1044=CARTESIAN_POINT('Control Point',(-509.88323263,318.26699043,60.1160711371)) ;
#1045=CARTESIAN_POINT('Control Point',(-511.233303834,318.26699043,61.0229844651)) ;
#1046=CARTESIAN_POINT('Control Point',(-512.140217162,318.26699043,62.3730556697)) ;
#1047=CARTESIAN_POINT('Control Point',(-512.453731947,318.26699043,63.1299473146)) ;
#1048=CARTESIAN_POINT('Control Point',(-512.610411917,318.26699043,63.9279118487)) ;
#1049=CARTESIAN_POINT('Control Point',(-512.610411917,318.26699043,64.7258763827)) ;
#1050=CARTESIAN_POINT('Axis1P Location',(-487.210411917,318.26699043,64.7258763827)) ;
#1054=CARTESIAN_POINT('Axis2P3D Location',(-507.530411917,318.26699043,64.7258763827)) ;
#1059=CARTESIAN_POINT('Axis2P3D Location',(-466.890411917,318.26699043,64.7258763827)) ;
#1073=CARTESIAN_POINT('Control Point',(-502.450411917,318.26699043,64.7258763827)) ;
#1074=CARTESIAN_POINT('Control Point',(-502.450411917,318.26699043,63.9279118486)) ;
#1075=CARTESIAN_POINT('Control Point',(-502.607091886,318.26699043,63.1299473146)) ;
#1076=CARTESIAN_POINT('Control Point',(-502.920606671,318.26699043,62.3730556697)) ;
#1077=CARTESIAN_POINT('Control Point',(-503.827519999,318.26699043,61.0229844651)) ;
#1078=CARTESIAN_POINT('Control Point',(-505.177591204,318.26699043,60.1160711371)) ;
#1079=CARTESIAN_POINT('Control Point',(-505.934482849,318.26699043,59.8025563525)) ;
#1080=CARTESIAN_POINT('Control Point',(-507.530411917,318.26699043,59.4891964128)) ;
#1081=CARTESIAN_POINT('Control Point',(-509.126340985,318.26699043,59.8025563525)) ;
#1082=CARTESIAN_POINT('Control Point',(-509.88323263,318.26699043,60.1160711371)) ;
#1083=CARTESIAN_POINT('Control Point',(-511.233303834,318.26699043,61.0229844651)) ;
#1084=CARTESIAN_POINT('Control Point',(-512.140217162,318.26699043,62.3730556697)) ;
#1085=CARTESIAN_POINT('Control Point',(-512.453731947,318.26699043,63.1299473147)) ;
#1086=CARTESIAN_POINT('Control Point',(-512.610411917,318.26699043,63.9279118487)) ;
#1087=CARTESIAN_POINT('Control Point',(-512.610411917,318.26699043,64.7258763827)) ;
#1088=CARTESIAN_POINT('Axis1P Location',(-487.210411917,318.26699043,64.7258763827)) ;
#1093=CARTESIAN_POINT('Control Point',(-493.413107126,293.635982084,64.7258763827)) ;
#1094=CARTESIAN_POINT('Control Point',(-493.413107126,293.635982084,64.3780099393)) ;
#1095=CARTESIAN_POINT('Control Point',(-493.360652184,293.653478612,64.0301437868)) ;
#1096=CARTESIAN_POINT('Control Point',(-493.255585347,293.688500209,63.693903115)) ;
#1097=CARTESIAN_POINT('Control Point',(-492.931093371,293.799985976,62.987230188)) ;
#1098=CARTESIAN_POINT('Control Point',(-492.453321047,293.972873485,62.3893045909)) ;
#1099=CARTESIAN_POINT('Control Point',(-492.160947766,294.082198863,62.0959996859)) ;
#1100=CARTESIAN_POINT('Control Point',(-491.380196727,294.381113851,61.4399412304)) ;
#1101=CARTESIAN_POINT('Control Point',(-490.529762169,294.71155543,60.9795662081)) ;
#1102=CARTESIAN_POINT('Control Point',(-490.012540124,294.907899191,60.7625305575)) ;
#1103=CARTESIAN_POINT('Control Point',(-489.233143111,295.175745742,60.5138808351)) ;
#1104=CARTESIAN_POINT('Control Point',(-488.451109309,295.360859355,60.3709392677)) ;
#1105=CARTESIAN_POINT('Control Point',(-488.189466115,295.41120451,60.3343731172)) ;
#1106=CARTESIAN_POINT('Control Point',(-487.274431554,295.538352086,60.244680745)) ;
#1107=CARTESIAN_POINT('Control Point',(-486.357673755,295.482220029,60.2864556488)) ;
#1108=CARTESIAN_POINT('Control Point',(-485.706703971,295.330767219,60.3812136643)) ;
#1109=CARTESIAN_POINT('Control Point',(-484.538029328,294.964038539,60.6754333217)) ;
#1110=CARTESIAN_POINT('Control Point',(-483.388410435,294.518269265,61.2430570526)) ;
#1111=CARTESIAN_POINT('Control Point',(-482.889542068,294.321672619,61.5537964499)) ;
#1112=CARTESIAN_POINT('Control Point',(-482.02246079,293.990166076,62.2489782413)) ;
#1113=CARTESIAN_POINT('Control Point',(-481.360632766,293.753990751,63.201211714)) ;
#1114=CARTESIAN_POINT('Control Point',(-481.125888985,293.675398857,63.6816206761)) ;
#1115=CARTESIAN_POINT('Control Point',(-481.007716708,293.635982084,64.2037482018)) ;
#1116=CARTESIAN_POINT('Control Point',(-481.007716708,293.635982084,64.7258763827)) ;
#1128=CARTESIAN_POINT('Axis2P3D Location',(-264.960411917,156.21499043,64.7258763827)) ;
#1133=CARTESIAN_POINT('Axis2P3D Location',(-264.960411917,156.21499043,64.7258763827)) ;
#1137=CARTESIAN_POINT('Vertex',(-264.960411917,156.21499043,18.4727864779)) ;
#1139=CARTESIAN_POINT('Vertex',(-264.960411917,202.468080335,64.7258763827)) ;
#1142=CARTESIAN_POINT('Axis2P3D Location',(-264.960411917,156.21499043,64.7258763827)) ;
#1146=CARTESIAN_POINT('Vertex',(-264.960411917,109.961900525,64.7258763827)) ;
#1149=CARTESIAN_POINT('Axis2P3D Location',(-264.960411917,156.21499043,64.7258763827)) ;
#1153=CARTESIAN_POINT('Vertex',(-264.960411917,156.21499043,110.978966287)) ;
#1156=CARTESIAN_POINT('Axis2P3D Location',(-264.960411917,156.21499043,64.7258763827)) ;
#1175=CARTESIAN_POINT('Axis2P3D Location',(-355.130411917,156.21499043,64.7258763827)) ;
#1180=CARTESIAN_POINT('Line Origine',(-355.130411917,156.21499043,28.5308763827)) ;
#1184=CARTESIAN_POINT('Vertex',(-353.860411917,156.21499043,28.5308763824)) ;
#1188=CARTESIAN_POINT('Control Point',(-353.860411917,156.21499043,28.5308763827)) ;
#1189=CARTESIAN_POINT('Control Point',(-353.860411917,161.900487735,28.5308763827)) ;
#1190=CARTESIAN_POINT('Control Point',(-353.860411917,167.58598504,29.647221168)) ;
#1191=CARTESIAN_POINT('Control Point',(-353.860411917,172.97883801,31.8810140081)) ;
#1192=CARTESIAN_POINT('Control Point',(-353.860411917,182.598095343,38.3427714698)) ;
#1193=CARTESIAN_POINT('Control Point',(-353.860411917,189.059852805,47.9620288028)) ;
#1194=CARTESIAN_POINT('Control Point',(-353.860411917,191.293645645,53.354881773)) ;
#1195=CARTESIAN_POINT('Control Point',(-353.860411917,192.40999043,59.0403790778)) ;
#1196=CARTESIAN_POINT('Control Point',(-353.860411917,192.40999043,64.7258763827)) ;
#1197=CARTESIAN_POINT('Vertex',(-353.860411917,192.40999043,64.7258763827)) ;
#1200=CARTESIAN_POINT('Axis2P3D Location',(-353.860411917,156.21499043,64.7258763827)) ;
#1204=CARTESIAN_POINT('Vertex',(-353.860411917,156.21499043,100.920876383)) ;
#1207=CARTESIAN_POINT('Line Origine',(-355.130411917,156.21499043,100.920876383)) ;
#1222=CARTESIAN_POINT('Axis2P3D Location',(-353.860411917,156.21499043,64.7258763827)) ;
#1226=CARTESIAN_POINT('Vertex',(-353.860411917,120.01999043,64.7258763827)) ;
#1230=CARTESIAN_POINT('Control Point',(-353.860411917,120.01999043,64.7258763827)) ;
#1231=CARTESIAN_POINT('Control Point',(-353.860411917,120.01999043,59.0403790778)) ;
#1232=CARTESIAN_POINT('Control Point',(-353.860411917,121.136335216,53.354881773)) ;
#1233=CARTESIAN_POINT('Control Point',(-353.860411917,123.370128056,47.9620288028)) ;
#1234=CARTESIAN_POINT('Control Point',(-353.860411917,129.831885517,38.3427714698)) ;
#1235=CARTESIAN_POINT('Control Point',(-353.860411917,139.45114285,31.8810140081)) ;
#1236=CARTESIAN_POINT('Control Point',(-353.860411917,144.843995821,29.647221168)) ;
#1237=CARTESIAN_POINT('Control Point',(-353.860411917,150.529493125,28.5308763827)) ;
#1238=CARTESIAN_POINT('Control Point',(-353.860411917,156.21499043,28.5308763827)) ;
#1250=CARTESIAN_POINT('Axis2P3D Location',(-487.210411917,102.36699043,234.651876383)) ;
#1255=CARTESIAN_POINT('Axis2P3D Location',(-487.210411917,102.36699043,234.651876383)) ;
#1259=CARTESIAN_POINT('Vertex',(-499.910411917,102.36699043,234.651876383)) ;
#1261=CARTESIAN_POINT('Vertex',(-487.210411917,102.36699043,247.351876383)) ;
#1264=CARTESIAN_POINT('Axis2P3D Location',(-487.210411917,102.36699043,234.651876383)) ;
#1268=CARTESIAN_POINT('Vertex',(-487.210411917,102.36699043,221.951876383)) ;
#1271=CARTESIAN_POINT('Line Origine',(-487.210411917,-3535425.18894,-3535305.60406)) ;
#1276=CARTESIAN_POINT('Line Origine',(-487.210411917,-3535425.18894,3535774.90781)) ;
#1291=CARTESIAN_POINT('Axis2P3D Location',(-487.210411917,102.36699043,234.651876383)) ;
#1295=CARTESIAN_POINT('Vertex',(-474.510411917,102.36699043,234.651876383)) ;
#1298=CARTESIAN_POINT('Axis2P3D Location',(-487.210411917,102.36699043,234.651876383)) ;
#1313=CARTESIAN_POINT('Axis2P3D Location',(-487.210411917,156.21499043,279.101876383)) ;
#1318=CARTESIAN_POINT('Line Origine',(-433.362411917,156.21499043,279.101876383)) ;
#1322=CARTESIAN_POINT('Vertex',(-433.362411917,197.36299043,279.101876383)) ;
#1324=CARTESIAN_POINT('Vertex',(-433.362411917,115.06699043,279.101876383)) ;
#1328=CARTESIAN_POINT('Control Point',(-433.362411917,197.36299043,279.101876383)) ;
#1329=CARTESIAN_POINT('Control Point',(-433.362411917,198.585074903,279.101876383)) ;
#1330=CARTESIAN_POINT('Control Point',(-433.50940901,199.807158967,279.101876383)) ;
#1331=CARTESIAN_POINT('Control Point',(-433.80344168,201.005722177,279.101876383)) ;
#1332=CARTESIAN_POINT('Control Point',(-434.673963581,203.308457511,279.101876383)) ;
#1333=CARTESIAN_POINT('Control Point',(-436.065717447,205.339076031,279.101876383)) ;
#1334=CARTESIAN_POINT('Control Point',(-436.881051462,206.265488172,279.101876383)) ;
#1335=CARTESIAN_POINT('Control Point',(-438.718424816,207.9039196,279.101876383)) ;
#1336=CARTESIAN_POINT('Control Point',(-440.891920447,209.059907109,279.101876383)) ;
#1337=CARTESIAN_POINT('Control Point',(-442.043422383,209.503812847,279.101876383)) ;
#1338=CARTESIAN_POINT('Control Point',(-443.552795443,209.884534154,279.101876383)) ;
#1339=CARTESIAN_POINT('Control Point',(-445.092032593,210.032061992,279.101876383)) ;
#1340=CARTESIAN_POINT('Control Point',(-445.415564536,210.052694871,279.101876383)) ;
#1341=CARTESIAN_POINT('Control Point',(-445.73898824,210.06299043,279.101876383)) ;
#1342=CARTESIAN_POINT('Control Point',(-446.062411917,210.06299043,279.101876383)) ;
#1343=CARTESIAN_POINT('Vertex',(-446.062411917,210.06299043,279.101876383)) ;
#1346=CARTESIAN_POINT('Line Origine',(-487.210411917,210.06299043,279.101876383)) ;
#1350=CARTESIAN_POINT('Vertex',(-528.358411917,210.06299043,279.101876383)) ;
#1354=CARTESIAN_POINT('Control Point',(-528.358411917,210.06299043,279.101876383)) ;
#1355=CARTESIAN_POINT('Control Point',(-529.58049639,210.06299043,279.101876383)) ;
#1356=CARTESIAN_POINT('Control Point',(-530.802580453,209.915993337,279.101876383)) ;
#1357=CARTESIAN_POINT('Control Point',(-532.001143663,209.621960667,279.101876383)) ;
#1358=CARTESIAN_POINT('Control Point',(-534.303878997,208.751438765,279.101876383)) ;
#1359=CARTESIAN_POINT('Control Point',(-536.334497517,207.3596849,279.101876383)) ;
#1360=CARTESIAN_POINT('Control Point',(-537.260909659,206.544350884,279.101876383)) ;
#1361=CARTESIAN_POINT('Control Point',(-538.899341086,204.706977531,279.101876383)) ;
#1362=CARTESIAN_POINT('Control Point',(-540.055328596,202.5334819,279.101876383)) ;
#1363=CARTESIAN_POINT('Control Point',(-540.499234334,201.381979964,279.101876383)) ;
#1364=CARTESIAN_POINT('Control Point',(-540.879955641,199.872606904,279.101876383)) ;
#1365=CARTESIAN_POINT('Control Point',(-541.027483479,198.333369754,279.101876383)) ;
#1366=CARTESIAN_POINT('Control Point',(-541.048116357,198.009837811,279.101876383)) ;
#1367=CARTESIAN_POINT('Control Point',(-541.058411916,197.686414106,279.101876383)) ;
#1368=CARTESIAN_POINT('Control Point',(-541.058411916,197.36299043,279.101876383)) ;
#1369=CARTESIAN_POINT('Vertex',(-541.058411916,197.36299043,279.101876383)) ;
#1372=CARTESIAN_POINT('Line Origine',(-541.058411916,156.21499043,279.101876383)) ;
#1376=CARTESIAN_POINT('Vertex',(-541.058411916,115.06699043,279.101876383)) ;
#1380=CARTESIAN_POINT('Control Point',(-541.058411916,115.06699043,279.101876383)) ;
#1381=CARTESIAN_POINT('Control Point',(-541.058411916,113.844905957,279.101876383)) ;
#1382=CARTESIAN_POINT('Control Point',(-540.911414823,112.622821893,279.101876383)) ;
#1383=CARTESIAN_POINT('Control Point',(-540.617382153,111.424258684,279.101876383)) ;
#1384=CARTESIAN_POINT('Control Point',(-539.746860252,109.12152335,279.101876383)) ;
#1385=CARTESIAN_POINT('Control Point',(-538.355106386,107.090904829,279.101876383)) ;
#1386=CARTESIAN_POINT('Control Point',(-537.539772371,106.164492688,279.101876383)) ;
#1387=CARTESIAN_POINT('Control Point',(-535.702399017,104.526061261,279.101876383)) ;
#1388=CARTESIAN_POINT('Control Point',(-533.528903386,103.370073751,279.101876383)) ;
#1389=CARTESIAN_POINT('Control Point',(-532.37740145,102.926168013,279.101876383)) ;
#1390=CARTESIAN_POINT('Control Point',(-530.868028391,102.545446706,279.101876383)) ;
#1391=CARTESIAN_POINT('Control Point',(-529.32879124,102.397918868,279.101876383)) ;
#1392=CARTESIAN_POINT('Control Point',(-529.005259297,102.377285989,279.101876383)) ;
#1393=CARTESIAN_POINT('Control Point',(-528.681835593,102.366990431,279.101876383)) ;
#1394=CARTESIAN_POINT('Control Point',(-528.358411917,102.366990431,279.101876383)) ;
#1395=CARTESIAN_POINT('Vertex',(-528.358411917,102.366990431,279.101876383)) ;
#1398=CARTESIAN_POINT('Line Origine',(-487.210411917,102.366990431,279.101876383)) ;
#1402=CARTESIAN_POINT('Vertex',(-446.062411917,102.36699043,279.101876383)) ;
#1406=CARTESIAN_POINT('Control Point',(-446.062411917,102.366990431,279.101876383)) ;
#1407=CARTESIAN_POINT('Control Point',(-444.840327444,102.366990431,279.101876383)) ;
#1408=CARTESIAN_POINT('Control Point',(-443.61824338,102.513987523,279.101876383)) ;
#1409=CARTESIAN_POINT('Control Point',(-442.41968017,102.808020194,279.101876383)) ;
#1410=CARTESIAN_POINT('Control Point',(-440.116944836,103.678542095,279.101876383)) ;
#1411=CARTESIAN_POINT('Control Point',(-438.086326316,105.070295961,279.101876383)) ;
#1412=CARTESIAN_POINT('Control Point',(-437.159914174,105.885629976,279.101876383)) ;
#1413=CARTESIAN_POINT('Control Point',(-435.521482747,107.72300333,279.101876383)) ;
#1414=CARTESIAN_POINT('Control Point',(-434.365495237,109.896498961,279.101876383)) ;
#1415=CARTESIAN_POINT('Control Point',(-433.9215895,111.048000897,279.101876383)) ;
#1416=CARTESIAN_POINT('Control Point',(-433.540868192,112.557373956,279.101876383)) ;
#1417=CARTESIAN_POINT('Control Point',(-433.393340354,114.096611107,279.101876383)) ;
#1418=CARTESIAN_POINT('Control Point',(-433.372707476,114.420143049,279.101876383)) ;
#1419=CARTESIAN_POINT('Control Point',(-433.362411917,114.743566754,279.101876383)) ;
#1420=CARTESIAN_POINT('Control Point',(-433.362411917,115.06699043,279.101876383)) ;
#1434=CARTESIAN_POINT('Axis2P3D Location',(-674.408411917,187.58399043,40.5958763827)) ;
#1439=CARTESIAN_POINT('Line Origine',(-650.278411917,187.58399043,40.5958763827)) ;
#1443=CARTESIAN_POINT('Vertex',(-674.408411917,187.58399043,40.5958763827)) ;
#1446=CARTESIAN_POINT('Line Origine',(-674.408411917,187.58399043,16.4658763828)) ;
#1450=CARTESIAN_POINT('Vertex',(-674.408411917,187.58399043,-7.66412361711)) ;
#1453=CARTESIAN_POINT('Line Origine',(-650.278411917,187.58399043,-7.66412361711)) ;
#1466=CARTESIAN_POINT('Axis2P3D Location',(-674.408411917,180.34499043,40.5958763827)) ;
#1471=CARTESIAN_POINT('Axis2P3D Location',(-674.408411917,180.34499043,40.5958763827)) ;
#1475=CARTESIAN_POINT('Vertex',(-674.408411917,180.34499043,47.8348763827)) ;
#1478=CARTESIAN_POINT('Line Origine',(-674.408411916,180.34499043,47.8348763827)) ;
#1491=CARTESIAN_POINT('Line Origine',(-674.408411916,173.10599043,40.5958763827)) ;
#1495=CARTESIAN_POINT('Vertex',(-674.408411917,173.10599043,40.5958763827)) ;
#1498=CARTESIAN_POINT('Axis2P3D Location',(-674.408411917,180.34499043,40.5958763827)) ;
#1511=CARTESIAN_POINT('Axis2P3D Location',(-674.408411917,173.10599043,-7.66412361734)) ;
#1516=CARTESIAN_POINT('Line Origine',(-650.278411917,173.10599043,-7.66412361734)) ;
#1520=CARTESIAN_POINT('Vertex',(-674.408411917,173.10599043,-7.66412361734)) ;
#1523=CARTESIAN_POINT('Line Origine',(-674.408411917,173.10599043,16.4658763826)) ;
#1536=CARTESIAN_POINT('Axis2P3D Location',(-674.408411917,180.34499043,-7.66412361734)) ;
#1541=CARTESIAN_POINT('Axis2P3D Location',(-674.408411917,180.34499043,-7.66412361734)) ;
#1545=CARTESIAN_POINT('Vertex',(-674.408411917,180.34499043,-14.9031236173)) ;
#1548=CARTESIAN_POINT('Line Origine',(-674.408411916,180.34499043,-14.9031236173)) ;
#1561=CARTESIAN_POINT('Axis2P3D Location',(-674.408411917,180.34499043,-7.66412361734)) ;
#1574=CARTESIAN_POINT('Axis2P3D Location',(-674.408411917,139.32399043,40.5958763827)) ;
#1579=CARTESIAN_POINT('Line Origine',(-650.278411917,139.32399043,40.5958763827)) ;
#1583=CARTESIAN_POINT('Vertex',(-674.408411917,139.32399043,40.5958763827)) ;
#1586=CARTESIAN_POINT('Line Origine',(-674.408411917,139.32399043,16.4658763828)) ;
#1590=CARTESIAN_POINT('Vertex',(-674.408411917,139.32399043,-7.66412361711)) ;
#1593=CARTESIAN_POINT('Line Origine',(-650.278411917,139.32399043,-7.66412361711)) ;
#1606=CARTESIAN_POINT('Axis2P3D Location',(-674.408411917,132.08499043,40.5958763827)) ;
#1611=CARTESIAN_POINT('Axis2P3D Location',(-674.408411917,132.08499043,40.5958763827)) ;
#1615=CARTESIAN_POINT('Vertex',(-674.408411917,132.08499043,47.8348763827)) ;
#1618=CARTESIAN_POINT('Line Origine',(-674.408411916,132.08499043,47.8348763827)) ;
#1631=CARTESIAN_POINT('Line Origine',(-674.408411916,124.84599043,40.5958763827)) ;
#1635=CARTESIAN_POINT('Vertex',(-674.408411917,124.84599043,40.5958763827)) ;
#1638=CARTESIAN_POINT('Axis2P3D Location',(-674.408411917,132.08499043,40.5958763827)) ;
#1651=CARTESIAN_POINT('Axis2P3D Location',(-674.408411917,124.84599043,-7.66412361734)) ;
#1656=CARTESIAN_POINT('Line Origine',(-650.278411917,124.84599043,-7.66412361734)) ;
#1660=CARTESIAN_POINT('Vertex',(-674.408411917,124.84599043,-7.66412361734)) ;
#1663=CARTESIAN_POINT('Line Origine',(-674.408411917,124.84599043,16.4658763826)) ;
#1676=CARTESIAN_POINT('Axis2P3D Location',(-674.408411917,132.08499043,-7.66412361734)) ;
#1681=CARTESIAN_POINT('Axis2P3D Location',(-674.408411917,132.08499043,-7.66412361734)) ;
#1685=CARTESIAN_POINT('Vertex',(-674.408411917,132.08499043,-14.9031236173)) ;
#1688=CARTESIAN_POINT('Line Origine',(-674.408411916,132.08499043,-14.9031236173)) ;
#1701=CARTESIAN_POINT('Axis2P3D Location',(-674.408411917,132.08499043,-7.66412361734)) ;
#1714=CARTESIAN_POINT('Axis2P3D Location',(-674.408411917,163.45399043,28.5308763827)) ;
#1719=CARTESIAN_POINT('Line Origine',(-650.278411917,163.45399043,28.5308763827)) ;
#1723=CARTESIAN_POINT('Vertex',(-674.408411917,163.45399043,28.5308763827)) ;
#1726=CARTESIAN_POINT('Line Origine',(-674.408411917,163.45399043,4.40087638277)) ;
#1730=CARTESIAN_POINT('Vertex',(-674.408411917,163.45399043,-19.7291236171)) ;
#1733=CARTESIAN_POINT('Line Origine',(-650.278411917,163.45399043,-19.7291236171)) ;
#1746=CARTESIAN_POINT('Axis2P3D Location',(-674.408411917,156.21499043,28.5308763827)) ;
#1751=CARTESIAN_POINT('Axis2P3D Location',(-674.408411917,156.21499043,28.5308763827)) ;
#1755=CARTESIAN_POINT('Vertex',(-674.408411917,156.21499043,35.7698763827)) ;
#1758=CARTESIAN_POINT('Line Origine',(-674.408411916,156.21499043,35.7698763827)) ;
#1771=CARTESIAN_POINT('Line Origine',(-674.408411916,148.97599043,28.5308763827)) ;
#1775=CARTESIAN_POINT('Vertex',(-674.408411917,148.97599043,28.5308763827)) ;
#1778=CARTESIAN_POINT('Axis2P3D Location',(-674.408411917,156.21499043,28.5308763827)) ;
#1791=CARTESIAN_POINT('Axis2P3D Location',(-674.408411917,148.97599043,-19.7291236173)) ;
#1796=CARTESIAN_POINT('Line Origine',(-650.278411917,148.97599043,-19.7291236173)) ;
#1800=CARTESIAN_POINT('Vertex',(-674.408411917,148.97599043,-19.7291236173)) ;
#1803=CARTESIAN_POINT('Line Origine',(-674.408411917,148.97599043,4.40087638255)) ;
#1816=CARTESIAN_POINT('Axis2P3D Location',(-674.408411917,156.21499043,-19.7291236173)) ;
#1821=CARTESIAN_POINT('Axis2P3D Location',(-674.408411917,156.21499043,-19.7291236173)) ;
#1825=CARTESIAN_POINT('Vertex',(-674.408411917,156.21499043,-26.9681236173)) ;
#1828=CARTESIAN_POINT('Line Origine',(-674.408411916,156.21499043,-26.9681236173)) ;
#1841=CARTESIAN_POINT('Axis2P3D Location',(-674.408411917,156.21499043,-19.7291236173)) ;
#1855=CARTESIAN_POINT('Control Point',(-482.780941256,295.515925229,64.7258763827)) ;
#1856=CARTESIAN_POINT('Control Point',(-482.129545399,294.320741189,64.7258763827)) ;
#1857=CARTESIAN_POINT('Control Point',(-481.047156425,293.355437673,64.7258763827)) ;
#1858=CARTESIAN_POINT('Control Point',(-479.681581065,292.86699043,64.7258763827)) ;
#1859=CARTESIAN_POINT('Control Point',(-478.320411917,292.86699043,64.7258763827)) ;
#1860=CARTESIAN_POINT('Axis1P Location',(-487.210411917,297.94699043,64.7258763827)) ;
#1864=CARTESIAN_POINT('Axis2P3D Location',(-496.100411917,297.94699043,64.7258763827)) ;
#1868=CARTESIAN_POINT('Vertex',(-496.100411917,292.86699043,64.7258763827)) ;
#1871=CARTESIAN_POINT('Axis2P3D Location',(-478.320411917,297.94699043,64.7258763827)) ;
#1875=CARTESIAN_POINT('Vertex',(-478.320411917,292.86699043,64.7258763827)) ;
#1878=CARTESIAN_POINT('Axis2P3D Location',(-487.210411917,292.86699043,64.7258763827)) ;
#1882=CARTESIAN_POINT('Vertex',(-487.210411917,292.86699043,55.8358763827)) ;
#1885=CARTESIAN_POINT('Axis2P3D Location',(-487.210411917,292.86699043,64.7258763827)) ;
#1900=CARTESIAN_POINT('Control Point',(-482.780941256,295.515925229,64.7258763827)) ;
#1901=CARTESIAN_POINT('Control Point',(-482.129545399,294.320741189,64.7258763827)) ;
#1902=CARTESIAN_POINT('Control Point',(-481.047156425,293.355437673,64.7258763827)) ;
#1903=CARTESIAN_POINT('Control Point',(-479.681581065,292.86699043,64.7258763827)) ;
#1904=CARTESIAN_POINT('Control Point',(-478.320411917,292.86699043,64.7258763827)) ;
#1905=CARTESIAN_POINT('Axis1P Location',(-487.210411917,297.94699043,64.7258763827)) ;
#1909=CARTESIAN_POINT('Axis2P3D Location',(-487.210411917,292.86699043,64.7258763827)) ;
#1913=CARTESIAN_POINT('Vertex',(-482.34578724,292.86699043,72.1668122617)) ;
#1916=CARTESIAN_POINT('Axis2P3D Location',(-487.210411917,292.86699043,64.7258763827)) ;
#1930=CARTESIAN_POINT('Axis2P3D Location',(-264.960411917,156.21499043,64.7258763827)) ;
#1935=CARTESIAN_POINT('Line Origine',(-264.960411917,156.21499043,110.978966288)) ;
#1939=CARTESIAN_POINT('Vertex',(-195.110411917,156.21499043,110.978966288)) ;
#1942=CARTESIAN_POINT('Axis2P3D Location',(-195.110411917,156.21499043,64.7258763827)) ;
#1946=CARTESIAN_POINT('Vertex',(-195.110411917,202.468080335,64.7258763827)) ;
#1950=CARTESIAN_POINT('Control Point',(-195.110411917,156.21499043,18.4727864778)) ;
#1951=CARTESIAN_POINT('Control Point',(-195.110411917,163.480408803,18.4727864778)) ;
#1952=CARTESIAN_POINT('Control Point',(-195.110411917,170.745827175,19.8993480393)) ;
#1953=CARTESIAN_POINT('Control Point',(-195.110411917,177.6372794,22.7538810153)) ;
#1954=CARTESIAN_POINT('Control Point',(-195.110411917,189.929595307,31.0112715062)) ;
#1955=CARTESIAN_POINT('Control Point',(-195.110411917,198.186985798,43.3035874128)) ;
#1956=CARTESIAN_POINT('Control Point',(-195.110411917,201.041518774,50.1950396376)) ;
#1957=CARTESIAN_POINT('Control Point',(-195.110411917,202.468080335,57.4604580101)) ;
#1958=CARTESIAN_POINT('Control Point',(-195.110411917,202.468080335,64.7258763827)) ;
#1959=CARTESIAN_POINT('Vertex',(-195.110411917,156.21499043,18.4727864778)) ;
#1962=CARTESIAN_POINT('Line Origine',(-264.960411917,156.21499043,18.4727864778)) ;
#1985=CARTESIAN_POINT('Control Point',(-195.110411917,109.961900525,64.7258763827)) ;
#1986=CARTESIAN_POINT('Control Point',(-195.110411917,109.961900525,57.4604580101)) ;
#1987=CARTESIAN_POINT('Control Point',(-195.110411917,111.388462087,50.1950396376)) ;
#1988=CARTESIAN_POINT('Control Point',(-195.110411917,114.242995063,43.3035874128)) ;
#1989=CARTESIAN_POINT('Control Point',(-195.110411917,122.500385554,31.0112715062)) ;
#1990=CARTESIAN_POINT('Control Point',(-195.110411917,134.79270146,22.7538810153)) ;
#1991=CARTESIAN_POINT('Control Point',(-195.110411917,141.684153685,19.8993480393)) ;
#1992=CARTESIAN_POINT('Control Point',(-195.110411917,148.949572058,18.4727864778)) ;
#1993=CARTESIAN_POINT('Control Point',(-195.110411917,156.21499043,18.4727864778)) ;
#1994=CARTESIAN_POINT('Vertex',(-195.110411917,109.961900525,64.7258763827)) ;
#1997=CARTESIAN_POINT('Axis2P3D Location',(-195.110411917,156.21499043,64.7258763827)) ;
#2012=CARTESIAN_POINT('Axis2P3D Location',(-476.034411917,115.19399043,64.7258763827)) ;
#2017=CARTESIAN_POINT('Line Origine',(-361.480411916,115.19399043,77.2174673314)) ;
#2021=CARTESIAN_POINT('Vertex',(-353.860411916,115.19399043,81.6168763834)) ;
#2023=CARTESIAN_POINT('Vertex',(-369.100411916,115.19399043,72.8180582795)) ;
#2026=CARTESIAN_POINT('Line Origine',(-369.100411916,115.19399043,64.7258763827)) ;
#2030=CARTESIAN_POINT('Vertex',(-369.100411916,115.19399043,56.6336944859)) ;
#2033=CARTESIAN_POINT('Line Origine',(-361.480411916,115.19399043,52.2342854339)) ;
#2037=CARTESIAN_POINT('Vertex',(-353.860411916,115.19399043,47.8348763819)) ;
#2040=CARTESIAN_POINT('Line Origine',(-353.860411916,115.19399043,64.7258763827)) ;
#2053=CARTESIAN_POINT('Axis2P3D Location',(-353.860411917,115.19399043,47.8348763827)) ;
#2058=CARTESIAN_POINT('Line Origine',(-353.860411917,88.1892178351,47.8348763827)) ;
#2062=CARTESIAN_POINT('Vertex',(-353.860411917,61.1844452399,47.8348763827)) ;
#2065=CARTESIAN_POINT('Line Origine',(-369.100411916,82.772906815,56.6336944848)) ;
#2069=CARTESIAN_POINT('Vertex',(-369.100411916,50.3518231996,56.6336944849)) ;
#2073=CARTESIAN_POINT('Control Point',(-353.860411917,61.1844452407,47.8348763828)) ;
#2074=CARTESIAN_POINT('Control Point',(-356.849165006,58.9551949142,49.5604337833)) ;
#2075=CARTESIAN_POINT('Control Point',(-359.871258115,56.7584811415,51.3052400533)) ;
#2076=CARTESIAN_POINT('Control Point',(-362.92264154,54.5931536379,53.0669570954)) ;
#2077=CARTESIAN_POINT('Control Point',(-365.999916534,52.4580319038,54.8436226412)) ;
#2078=CARTESIAN_POINT('Control Point',(-369.100411916,50.3518231996,56.6336944849)) ;
#2088=CARTESIAN_POINT('Axis2P3D Location',(-369.100411917,115.19399043,72.8180582802)) ;
#2093=CARTESIAN_POINT('Line Origine',(-369.100411917,82.772906815,72.8180582802)) ;
#2097=CARTESIAN_POINT('Vertex',(-369.100411917,50.3518231999,72.8180582802)) ;
#2100=CARTESIAN_POINT('Line Origine',(-353.860411917,88.1892178351,81.6168763823)) ;
#2104=CARTESIAN_POINT('Vertex',(-353.860411917,61.1844452405,81.6168763824)) ;
#2108=CARTESIAN_POINT('Control Point',(-369.100411916,50.3518231995,72.8180582803)) ;
#2109=CARTESIAN_POINT('Control Point',(-365.999915991,52.4580322725,74.6081304374)) ;
#2110=CARTESIAN_POINT('Control Point',(-362.922640483,54.5931543791,76.3847962805)) ;
#2111=CARTESIAN_POINT('Control Point',(-359.871259204,56.758480359,78.1465120835)) ;
#2112=CARTESIAN_POINT('Control Point',(-356.849165529,58.9551945238,79.8913186798)) ;
#2113=CARTESIAN_POINT('Control Point',(-353.860411917,61.1844452405,81.6168763824)) ;
#2123=CARTESIAN_POINT('Axis2P3D Location',(-353.860411917,222.57249043,64.7258763827)) ;
#2129=CARTESIAN_POINT('Control Point',(-353.860411917,156.21499043,-31.7941232308)) ;
#2130=CARTESIAN_POINT('Control Point',(-353.860411917,155.707957611,-31.7941234494)) ;
#2131=CARTESIAN_POINT('Control Point',(-353.860411917,155.200924961,-31.7907941804)) ;
#2132=CARTESIAN_POINT('Control Point',(-353.860411917,154.693921583,-31.7841354479)) ;
#2133=CARTESIAN_POINT('Control Point',(-353.860411917,145.043972341,-31.5940131073)) ;
#2134=CARTESIAN_POINT('Control Point',(-353.860411917,135.425706898,-30.197903431)) ;
#2135=CARTESIAN_POINT('Control Point',(-353.860411917,126.511737877,-27.7967430176)) ;
#2136=CARTESIAN_POINT('Control Point',(-353.860411917,109.422963505,-20.9295255687)) ;
#2137=CARTESIAN_POINT('Control Point',(-353.860411917,94.4109640012,-10.2606597492)) ;
#2138=CARTESIAN_POINT('Control Point',(-353.860411917,87.5740256037,-4.05737928729)) ;
#2139=CARTESIAN_POINT('Control Point',(-353.860411917,76.1693567172,9.07842722459)) ;
#2140=CARTESIAN_POINT('Control Point',(-353.860411917,67.9608385856,24.3872243023)) ;
#2141=CARTESIAN_POINT('Control Point',(-353.860411917,64.8730442669,31.9745243339)) ;
#2142=CARTESIAN_POINT('Control Point',(-353.860411917,62.6072920577,39.8297903137)) ;
#2143=CARTESIAN_POINT('Control Point',(-353.860411917,61.1844452403,47.8348763819)) ;
#2144=CARTESIAN_POINT('Vertex',(-353.860411917,156.21499043,-31.7941236173)) ;
#2148=CARTESIAN_POINT('Control Point',(-353.860411917,251.24553562,47.8348763819)) ;
#2149=CARTESIAN_POINT('Control Point',(-353.860411917,249.645233878,38.8314102132)) ;
#2150=CARTESIAN_POINT('Control Point',(-353.860411917,246.978664474,30.0174659011)) ;
#2151=CARTESIAN_POINT('Control Point',(-353.860411917,243.275422884,21.561082698)) ;
#2152=CARTESIAN_POINT('Control Point',(-353.860411917,233.937314915,5.68705911997)) ;
#2153=CARTESIAN_POINT('Control Point',(-353.860411917,221.149653052,-7.56663964736)) ;
#2154=CARTESIAN_POINT('Control Point',(-353.860411917,213.996429295,-13.4023748181)) ;
#2155=CARTESIAN_POINT('Control Point',(-353.860411917,198.876080049,-22.9947724314)) ;
#2156=CARTESIAN_POINT('Control Point',(-353.860411917,181.983919443,-28.8952597669)) ;
#2157=CARTESIAN_POINT('Control Point',(-353.860411917,173.490149539,-30.827871535)) ;
#2158=CARTESIAN_POINT('Control Point',(-353.860411917,164.852545491,-31.7941195065)) ;
#2159=CARTESIAN_POINT('Control Point',(-353.860411917,156.21499043,-31.7941232308)) ;
#2160=CARTESIAN_POINT('Vertex',(-353.860411917,251.24553562,47.8348763827)) ;
#2163=CARTESIAN_POINT('Line Origine',(-353.860411917,224.240763025,47.8348763819)) ;
#2167=CARTESIAN_POINT('Vertex',(-353.860411917,197.23599043,47.8348763819)) ;
#2170=CARTESIAN_POINT('Line Origine',(-353.860411917,197.23599043,64.7258763827)) ;
#2174=CARTESIAN_POINT('Vertex',(-353.860411917,197.23599043,81.6168763834)) ;
#2177=CARTESIAN_POINT('Line Origine',(-353.860411917,224.240763025,81.6168763834)) ;
#2181=CARTESIAN_POINT('Vertex',(-353.860411917,251.24553562,81.6168763834)) ;
#2185=CARTESIAN_POINT('Control Point',(-353.860411917,156.21499043,161.245875996)) ;
#2186=CARTESIAN_POINT('Control Point',(-353.860411917,156.722023249,161.245876215)) ;
#2187=CARTESIAN_POINT('Control Point',(-353.860411917,157.2290559,161.242546946)) ;
#2188=CARTESIAN_POINT('Control Point',(-353.860411917,157.736059278,161.235888213)) ;
#2189=CARTESIAN_POINT('Control Point',(-353.860411917,167.38600852,161.045765873)) ;
#2190=CARTESIAN_POINT('Control Point',(-353.860411917,177.004273963,159.649656196)) ;
#2191=CARTESIAN_POINT('Control Point',(-353.860411917,185.918242983,157.248495783)) ;
#2192=CARTESIAN_POINT('Control Point',(-353.860411917,203.007017357,150.381278334)) ;
#2193=CARTESIAN_POINT('Control Point',(-353.860411917,218.019016863,139.712412511)) ;
#2194=CARTESIAN_POINT('Control Point',(-353.860411917,224.855955252,133.509132056)) ;
#2195=CARTESIAN_POINT('Control Point',(-353.860411917,236.260624143,120.37332554)) ;
#2196=CARTESIAN_POINT('Control Point',(-353.860411917,244.469142276,105.064528457)) ;
#2197=CARTESIAN_POINT('Control Point',(-353.860411917,247.556936592,97.477228438)) ;
#2198=CARTESIAN_POINT('Control Point',(-353.860411917,249.822688802,89.621962455)) ;
#2199=CARTESIAN_POINT('Control Point',(-353.860411917,251.24553562,81.6168763834)) ;
#2200=CARTESIAN_POINT('Vertex',(-353.860411917,156.21499043,161.245876383)) ;
#2204=CARTESIAN_POINT('Control Point',(-353.860411917,61.1844452403,81.6168763834)) ;
#2205=CARTESIAN_POINT('Control Point',(-353.860411917,62.7847469828,90.6203425522)) ;
#2206=CARTESIAN_POINT('Control Point',(-353.860411917,65.4513163872,99.4342868643)) ;
#2207=CARTESIAN_POINT('Control Point',(-353.860411917,69.1545579762,107.890670067)) ;
#2208=CARTESIAN_POINT('Control Point',(-353.860411917,78.492665946,123.764693645)) ;
#2209=CARTESIAN_POINT('Control Point',(-353.860411917,91.2803278076,137.018392413)) ;
#2210=CARTESIAN_POINT('Control Point',(-353.860411917,98.4335515656,142.854127584)) ;
#2211=CARTESIAN_POINT('Control Point',(-353.860411917,113.553900812,152.446525197)) ;
#2212=CARTESIAN_POINT('Control Point',(-353.860411917,130.446061418,158.347012532)) ;
#2213=CARTESIAN_POINT('Control Point',(-353.860411917,138.939831321,160.2796243)) ;
#2214=CARTESIAN_POINT('Control Point',(-353.860411917,147.577435369,161.245872272)) ;
#2215=CARTESIAN_POINT('Control Point',(-353.860411917,156.21499043,161.245875996)) ;
#2237=CARTESIAN_POINT('Line Origine',(-369.100411917,229.657074045,56.6336944851)) ;
#2241=CARTESIAN_POINT('Vertex',(-369.100411917,262.078157661,56.6336944851)) ;
#2243=CARTESIAN_POINT('Vertex',(-369.100411917,197.23599043,56.6336944851)) ;
#2246=CARTESIAN_POINT('Line Origine',(-361.480411917,197.23599043,52.2342854341)) ;
#2252=CARTESIAN_POINT('Control Point',(-369.100411916,262.078157661,56.6336944851)) ;
#2253=CARTESIAN_POINT('Control Point',(-365.999915991,259.971948588,54.8436223281)) ;
#2254=CARTESIAN_POINT('Control Point',(-362.922640483,257.836826482,53.0669564852)) ;
#2255=CARTESIAN_POINT('Control Point',(-359.871259203,255.671500501,51.3052406815)) ;
#2256=CARTESIAN_POINT('Control Point',(-356.849165529,253.474786336,49.5604340854)) ;
#2257=CARTESIAN_POINT('Control Point',(-353.860411917,251.24553562,47.8348763829)) ;
#2267=CARTESIAN_POINT('Axis2P3D Location',(-476.034411917,197.23599043,64.7258763827)) ;
#2272=CARTESIAN_POINT('Line Origine',(-369.100411916,197.23599043,64.7258763827)) ;
#2276=CARTESIAN_POINT('Vertex',(-369.100411916,197.23599043,72.8180582795)) ;
#2279=CARTESIAN_POINT('Line Origine',(-361.480411916,197.23599043,77.2174673314)) ;
#2292=CARTESIAN_POINT('Line Origine',(-369.100411916,229.657074045,72.8180582806)) ;
#2296=CARTESIAN_POINT('Vertex',(-369.100411916,262.078157661,72.8180582804)) ;
#2300=CARTESIAN_POINT('Control Point',(-353.860411917,251.24553562,81.6168763826)) ;
#2301=CARTESIAN_POINT('Control Point',(-356.849165007,253.474785947,79.8913189816)) ;
#2302=CARTESIAN_POINT('Control Point',(-359.871258116,255.67149972,78.1465127111)) ;
#2303=CARTESIAN_POINT('Control Point',(-362.922641539,257.836827221,76.3847956708)) ;
#2304=CARTESIAN_POINT('Control Point',(-365.999916533,259.971948956,74.6081301246)) ;
#2305=CARTESIAN_POINT('Control Point',(-369.100411916,262.078157661,72.8180582804)) ;
#2315=CARTESIAN_POINT('Axis2P3D Location',(-446.062411917,115.06699043,64.7258763827)) ;
#2320=CARTESIAN_POINT('Line Origine',(-446.062411917,102.36699043,64.7258763835)) ;
#2324=CARTESIAN_POINT('Vertex',(-446.062411917,102.36699043,204.070276382)) ;
#2327=CARTESIAN_POINT('Axis2P3D Location',(-446.062411917,115.06699043,204.070276382)) ;
#2331=CARTESIAN_POINT('Vertex',(-433.362411917,115.06699043,204.070276382)) ;
#2334=CARTESIAN_POINT('Line Origine',(-433.362411917,115.06699043,64.7258763835)) ;
#2347=CARTESIAN_POINT('Axis2P3D Location',(-446.062411917,102.36699043,64.7258763827)) ;
#2352=CARTESIAN_POINT('Line Origine',(-528.358411917,102.36699043,241.586076383)) ;
#2356=CARTESIAN_POINT('Vertex',(-528.358411917,102.36699043,204.070276382)) ;
#2359=CARTESIAN_POINT('Line Origine',(-487.210411917,102.36699043,204.070276382)) ;
#2378=CARTESIAN_POINT('Axis2P3D Location',(-528.358411917,115.06699043,64.7258763827)) ;
#2383=CARTESIAN_POINT('Line Origine',(-541.058411917,115.06699043,64.7258763835)) ;
#2387=CARTESIAN_POINT('Vertex',(-541.058411917,115.06699043,204.070276382)) ;
#2391=CARTESIAN_POINT('Control Point',(-541.058411917,115.06699043,204.070276382)) ;
#2392=CARTESIAN_POINT('Control Point',(-541.058411917,111.07716776,204.070276383)) ;
#2393=CARTESIAN_POINT('Control Point',(-539.496121365,107.083622559,204.070276383)) ;
#2394=CARTESIAN_POINT('Control Point',(-536.341779787,103.929280982,204.070276383)) ;
#2395=CARTESIAN_POINT('Control Point',(-532.348234587,102.36699043,204.070276383)) ;
#2396=CARTESIAN_POINT('Control Point',(-528.358411917,102.36699043,204.070276383)) ;
#2406=CARTESIAN_POINT('Axis2P3D Location',(-541.058411917,115.06699043,64.7258763827)) ;
#2411=CARTESIAN_POINT('Line Origine',(-541.058411917,197.36299043,241.586076383)) ;
#2415=CARTESIAN_POINT('Vertex',(-541.058411917,197.36299043,204.070276382)) ;
#2418=CARTESIAN_POINT('Line Origine',(-541.058411917,156.21499043,204.070276382)) ;
#2431=CARTESIAN_POINT('Axis2P3D Location',(-528.358411917,197.36299043,64.7258763827)) ;
#2436=CARTESIAN_POINT('Line Origine',(-528.358411917,210.06299043,64.7258763835)) ;
#2440=CARTESIAN_POINT('Vertex',(-528.358411917,210.06299043,204.070276382)) ;
#2443=CARTESIAN_POINT('Axis2P3D Location',(-528.358411917,197.36299043,204.070276382)) ;
#2456=CARTESIAN_POINT('Axis2P3D Location',(-528.358411917,210.06299043,64.7258763827)) ;
#2461=CARTESIAN_POINT('Line Origine',(-446.062411916,210.06299043,241.586076383)) ;
#2465=CARTESIAN_POINT('Vertex',(-446.062411916,210.06299043,204.070276382)) ;
#2468=CARTESIAN_POINT('Line Origine',(-487.210411917,210.06299043,204.070276382)) ;
#2481=CARTESIAN_POINT('Axis2P3D Location',(-446.062411917,197.36299043,64.7258763827)) ;
#2486=CARTESIAN_POINT('Line Origine',(-433.362411917,197.36299043,64.7258763835)) ;
#2490=CARTESIAN_POINT('Vertex',(-433.362411917,197.36299043,204.070276382)) ;
#2493=CARTESIAN_POINT('Axis2P3D Location',(-446.062411917,197.36299043,204.070276382)) ;
#2506=CARTESIAN_POINT('Axis2P3D Location',(-433.362411917,197.36299043,64.7258763827)) ;
#2511=CARTESIAN_POINT('Line Origine',(-433.362411917,156.21499043,204.070276382)) ;
#2524=CARTESIAN_POINT('Axis2P3D Location',(-674.408411917,206.232175023,64.7258763827)) ;
#2530=CARTESIAN_POINT('Control Point',(-674.408411917,156.21499043,-35.308460044)) ;
#2531=CARTESIAN_POINT('Control Point',(-674.408411917,162.026931647,-35.3084469774)) ;
#2532=CARTESIAN_POINT('Control Point',(-674.408411917,167.838900458,-34.8863576264)) ;
#2533=CARTESIAN_POINT('Control Point',(-674.408411917,173.6099868,-34.042204628)) ;
#2534=CARTESIAN_POINT('Control Point',(-674.408411917,188.412411709,-30.7631655871)) ;
#2535=CARTESIAN_POINT('Control Point',(-674.408411917,202.396442984,-24.7465981252)) ;
#2536=CARTESIAN_POINT('Control Point',(-674.408411917,210.534915643,-20.0526350966)) ;
#2537=CARTESIAN_POINT('Control Point',(-674.408411917,225.569864315,-8.85822519933)) ;
#2538=CARTESIAN_POINT('Control Point',(-674.408411917,237.633609803,5.48856825118)) ;
#2539=CARTESIAN_POINT('Control Point',(-674.408411917,242.800537163,13.3352801596)) ;
#2540=CARTESIAN_POINT('Control Point',(-674.408411917,250.168194199,28.0039486316)) ;
#2541=CARTESIAN_POINT('Control Point',(-674.408411917,254.414824002,43.8106564314)) ;
#2542=CARTESIAN_POINT('Control Point',(-674.408411917,255.637863126,50.7349458719)) ;
#2543=CARTESIAN_POINT('Control Point',(-674.408411917,256.249359616,57.7304112353)) ;
#2544=CARTESIAN_POINT('Control Point',(-674.408411917,256.249359616,64.7258763827)) ;
#2545=CARTESIAN_POINT('Vertex',(-674.408411917,156.21499043,-35.3084928033)) ;
#2547=CARTESIAN_POINT('Vertex',(-674.408411917,256.249359616,64.7258763827)) ;
#2551=CARTESIAN_POINT('Control Point',(-674.408411917,56.1806212448,64.7258763827)) ;
#2552=CARTESIAN_POINT('Control Point',(-674.408411917,56.1806212448,55.4162969926)) ;
#2553=CARTESIAN_POINT('Control Point',(-674.408411917,57.2636023879,46.1067179853)) ;
#2554=CARTESIAN_POINT('Control Point',(-674.408411917,59.4298147441,36.9647515734)) ;
#2555=CARTESIAN_POINT('Control Point',(-674.408411917,65.8487770989,19.353351374)) ;
#2556=CARTESIAN_POINT('Control Point',(-674.408411917,76.1390785481,3.68573720385)) ;
#2557=CARTESIAN_POINT('Control Point',(-674.408411917,82.1770779945,-3.5122200571)) ;
#2558=CARTESIAN_POINT('Control Point',(-674.408411917,95.8159936496,-16.3708542874)) ;
#2559=CARTESIAN_POINT('Control Point',(-674.408411917,112.042435327,-25.7552577315)) ;
#2560=CARTESIAN_POINT('Control Point',(-674.408411917,120.668261049,-29.4785837757)) ;
#2561=CARTESIAN_POINT('Control Point',(-674.408411917,133.021190395,-33.1734172106)) ;
#2562=CARTESIAN_POINT('Control Point',(-674.408411917,145.730627586,-34.849861611)) ;
#2563=CARTESIAN_POINT('Control Point',(-674.408411917,149.219460245,-35.1556026817)) ;
#2564=CARTESIAN_POINT('Control Point',(-674.408411917,152.71722034,-35.3084679078)) ;
#2565=CARTESIAN_POINT('Control Point',(-674.408411917,156.21499043,-35.308460044)) ;
#2566=CARTESIAN_POINT('Vertex',(-674.408411917,56.1806212442,64.7258763827)) ;
#2570=CARTESIAN_POINT('Control Point',(-674.408411917,156.21499043,164.760212809)) ;
#2571=CARTESIAN_POINT('Control Point',(-674.408411917,150.403049213,164.760199743)) ;
#2572=CARTESIAN_POINT('Control Point',(-674.408411917,144.591080401,164.338110392)) ;
#2573=CARTESIAN_POINT('Control Point',(-674.408411917,138.81999406,163.493957393)) ;
#2574=CARTESIAN_POINT('Control Point',(-674.408411917,124.017569149,160.214918351)) ;
#2575=CARTESIAN_POINT('Control Point',(-674.408411917,110.033537872,154.19835089)) ;
#2576=CARTESIAN_POINT('Control Point',(-674.408411917,101.895065223,149.504387863)) ;
#2577=CARTESIAN_POINT('Control Point',(-674.408411917,86.8601165446,138.309977967)) ;
#2578=CARTESIAN_POINT('Control Point',(-674.408411917,74.7963710572,123.96318451)) ;
#2579=CARTESIAN_POINT('Control Point',(-674.408411917,69.6294436978,116.116472609)) ;
#2580=CARTESIAN_POINT('Control Point',(-674.408411917,62.2617866605,101.447804136)) ;
#2581=CARTESIAN_POINT('Control Point',(-674.408411917,58.0151568577,85.6410963356)) ;
#2582=CARTESIAN_POINT('Control Point',(-674.408411917,56.7921177359,78.7168068917)) ;
#2583=CARTESIAN_POINT('Control Point',(-674.408411917,56.1806212448,71.7213415292)) ;
#2584=CARTESIAN_POINT('Control Point',(-674.408411917,56.1806212448,64.7258763827)) ;
#2585=CARTESIAN_POINT('Vertex',(-674.408411917,156.21499043,164.760245569)) ;
#2589=CARTESIAN_POINT('Control Point',(-674.408411917,256.249359616,64.7258763827)) ;
#2590=CARTESIAN_POINT('Control Point',(-674.408411917,256.249359616,74.0354557709)) ;
#2591=CARTESIAN_POINT('Control Point',(-674.408411917,255.166378473,83.3450347765)) ;
#2592=CARTESIAN_POINT('Control Point',(-674.408411917,253.000166116,92.4870011951)) ;
#2593=CARTESIAN_POINT('Control Point',(-674.408411917,246.58120376,110.098401395)) ;
#2594=CARTESIAN_POINT('Control Point',(-674.408411917,236.290902311,125.766015564)) ;
#2595=CARTESIAN_POINT('Control Point',(-674.408411917,230.252902867,132.963972819)) ;
#2596=CARTESIAN_POINT('Control Point',(-674.408411917,216.61398721,145.822607054)) ;
#2597=CARTESIAN_POINT('Control Point',(-674.408411917,200.387545529,155.207010499)) ;
#2598=CARTESIAN_POINT('Control Point',(-674.408411917,191.761719816,158.93033654)) ;
#2599=CARTESIAN_POINT('Control Point',(-674.408411917,179.408790468,162.625169976)) ;
#2600=CARTESIAN_POINT('Control Point',(-674.408411917,166.699353276,164.301614376)) ;
#2601=CARTESIAN_POINT('Control Point',(-674.408411917,163.210520616,164.607355447)) ;
#2602=CARTESIAN_POINT('Control Point',(-674.408411917,159.712760521,164.760220673)) ;
#2603=CARTESIAN_POINT('Control Point',(-674.408411917,156.21499043,164.760212809)) ;
#2637=CARTESIAN_POINT('Axis2P3D Location',(-487.210411917,292.86699043,54.2483763827)) ;
#2642=CARTESIAN_POINT('Axis2P3D Location',(-487.210411917,292.86699043,64.7258763818)) ;
#2646=CARTESIAN_POINT('Vertex',(-487.210411917,292.86699043,52.6608763823)) ;
#2648=CARTESIAN_POINT('Vertex',(-475.145411917,292.86699043,64.7258763818)) ;
#2651=CARTESIAN_POINT('Axis2P3D Location',(-487.210411917,292.86699043,64.7258763818)) ;
#2655=CARTESIAN_POINT('Vertex',(-499.275411916,292.86699043,64.7258763818)) ;
#2658=CARTESIAN_POINT('Axis2P3D Location',(-487.210411917,292.86699043,64.7258763836)) ;
#2662=CARTESIAN_POINT('Vertex',(-487.210411917,292.86699043,76.7908763831)) ;
#2665=CARTESIAN_POINT('Axis2P3D Location',(-487.210411917,292.86699043,64.7258763836)) ;
#2684=CARTESIAN_POINT('Axis2P3D Location',(-195.110411917,156.21499043,64.7258763827)) ;
#2696=CARTESIAN_POINT('Control Point',(-195.110411917,156.21499043,42.1965538839)) ;
#2697=CARTESIAN_POINT('Control Point',(-195.110411917,157.508292875,42.1965566542)) ;
#2698=CARTESIAN_POINT('Control Point',(-195.110411917,158.801601136,42.2893596734)) ;
#2699=CARTESIAN_POINT('Control Point',(-195.110411917,160.086027792,42.4749603261)) ;
#2700=CARTESIAN_POINT('Control Point',(-195.110411917,163.402330015,43.2005220052)) ;
#2701=CARTESIAN_POINT('Control Point',(-195.110411917,166.538542666,44.5361894214)) ;
#2702=CARTESIAN_POINT('Control Point',(-195.110411917,168.372081251,45.5841852478)) ;
#2703=CARTESIAN_POINT('Control Point',(-195.110411917,171.762143179,48.0866197595)) ;
#2704=CARTESIAN_POINT('Control Point',(-195.110411917,174.488610333,51.2992608)) ;
#2705=CARTESIAN_POINT('Control Point',(-195.110411917,175.658479212,53.0575457079)) ;
#2706=CARTESIAN_POINT('Control Point',(-195.110411917,177.343143845,56.3702988466)) ;
#2707=CARTESIAN_POINT('Control Point',(-195.110411917,178.318757674,59.9457868943)) ;
#2708=CARTESIAN_POINT('Control Point',(-195.110411917,178.602469937,61.527979259)) ;
#2709=CARTESIAN_POINT('Control Point',(-195.110411917,178.744320369,63.1269279321)) ;
#2710=CARTESIAN_POINT('Control Point',(-195.110411917,178.744320369,64.7258763827)) ;
#2711=CARTESIAN_POINT('Vertex',(-195.110411917,156.21499043,42.1965538839)) ;
#2713=CARTESIAN_POINT('Vertex',(-195.110411917,178.744320369,64.7258763827)) ;
#2717=CARTESIAN_POINT('Control Point',(-195.110411917,133.685660491,64.7258763827)) ;
#2718=CARTESIAN_POINT('Control Point',(-195.110411917,133.685660491,62.6331207716)) ;
#2719=CARTESIAN_POINT('Control Point',(-195.110411917,133.928656292,60.5403655419)) ;
#2720=CARTESIAN_POINT('Control Point',(-195.110411917,134.414703456,58.485148495)) ;
#2721=CARTESIAN_POINT('Control Point',(-195.110411917,135.855036306,54.5253328846)) ;
#2722=CARTESIAN_POINT('Control Point',(-195.110411917,138.164385269,51.0009048472)) ;
#2723=CARTESIAN_POINT('Control Point',(-195.110411917,139.519548933,49.381123861)) ;
#2724=CARTESIAN_POINT('Control Point',(-195.110411917,142.581044795,46.4859655821)) ;
#2725=CARTESIAN_POINT('Control Point',(-195.110411917,146.224472372,44.3693359274)) ;
#2726=CARTESIAN_POINT('Control Point',(-195.110411917,148.161635777,43.5281718951)) ;
#2727=CARTESIAN_POINT('Control Point',(-195.110411917,150.949183702,42.6871392601)) ;
#2728=CARTESIAN_POINT('Control Point',(-195.110411917,153.818647706,42.3029363741)) ;
#2729=CARTESIAN_POINT('Control Point',(-195.110411917,154.616026767,42.2320127955)) ;
#2730=CARTESIAN_POINT('Control Point',(-195.110411917,155.415507487,42.1965521714)) ;
#2731=CARTESIAN_POINT('Control Point',(-195.110411917,156.21499043,42.1965538839)) ;
#2732=CARTESIAN_POINT('Vertex',(-195.110411916,133.685660491,64.7258763827)) ;
#2736=CARTESIAN_POINT('Control Point',(-195.110411917,156.21499043,87.2551988814)) ;
#2737=CARTESIAN_POINT('Control Point',(-195.110411917,154.921687985,87.2551961111)) ;
#2738=CARTESIAN_POINT('Control Point',(-195.110411917,153.628379725,87.1623930919)) ;
#2739=CARTESIAN_POINT('Control Point',(-195.110411917,152.343953068,86.9767924392)) ;
#2740=CARTESIAN_POINT('Control Point',(-195.110411917,149.027650846,86.2512307601)) ;
#2741=CARTESIAN_POINT('Control Point',(-195.110411917,145.891438195,84.915563344)) ;
#2742=CARTESIAN_POINT('Control Point',(-195.110411917,144.057899609,83.8675675175)) ;
#2743=CARTESIAN_POINT('Control Point',(-195.110411917,140.667837681,81.3651330059)) ;
#2744=CARTESIAN_POINT('Control Point',(-195.110411917,137.941370528,78.1524919656)) ;
#2745=CARTESIAN_POINT('Control Point',(-195.110411917,136.771501648,76.3942070572)) ;
#2746=CARTESIAN_POINT('Control Point',(-195.110411917,135.086837016,73.0814539187)) ;
#2747=CARTESIAN_POINT('Control Point',(-195.110411917,134.111223186,69.5059658713)) ;
#2748=CARTESIAN_POINT('Control Point',(-195.110411917,133.827510923,67.9237735061)) ;
#2749=CARTESIAN_POINT('Control Point',(-195.110411917,133.685660491,66.3248248331)) ;
#2750=CARTESIAN_POINT('Control Point',(-195.110411917,133.685660491,64.7258763827)) ;
#2751=CARTESIAN_POINT('Vertex',(-195.110411916,156.21499043,87.2552063223)) ;
#2755=CARTESIAN_POINT('Control Point',(-195.110411917,178.744320369,64.7258763827)) ;
#2756=CARTESIAN_POINT('Control Point',(-195.110411917,178.744320369,66.8186319938)) ;
#2757=CARTESIAN_POINT('Control Point',(-195.110411917,178.501324569,68.9113872236)) ;
#2758=CARTESIAN_POINT('Control Point',(-195.110411917,178.015277405,70.9666042701)) ;
#2759=CARTESIAN_POINT('Control Point',(-195.110411917,176.574944554,74.9264198807)) ;
#2760=CARTESIAN_POINT('Control Point',(-195.110411917,174.265595591,78.4508479182)) ;
#2761=CARTESIAN_POINT('Control Point',(-195.110411917,172.910431928,80.0706289043)) ;
#2762=CARTESIAN_POINT('Control Point',(-195.110411917,169.848936066,82.9657871833)) ;
#2763=CARTESIAN_POINT('Control Point',(-195.110411917,166.205508488,85.082416838)) ;
#2764=CARTESIAN_POINT('Control Point',(-195.110411917,164.268345083,85.9235808702)) ;
#2765=CARTESIAN_POINT('Control Point',(-195.110411917,161.480797159,86.7646135052)) ;
#2766=CARTESIAN_POINT('Control Point',(-195.110411917,158.611333155,87.1488163912)) ;
#2767=CARTESIAN_POINT('Control Point',(-195.110411917,157.813954094,87.2197399698)) ;
#2768=CARTESIAN_POINT('Control Point',(-195.110411917,157.014473373,87.2552005939)) ;
#2769=CARTESIAN_POINT('Control Point',(-195.110411917,156.21499043,87.2551988814)) ;
#2779=CARTESIAN_POINT('Axis2P3D Location',(262.089588083,80.0149904302,64.7258763827)) ;
#2785=CARTESIAN_POINT('Control Point',(262.089588083,156.21499043,128.225854926)) ;
#2786=CARTESIAN_POINT('Control Point',(262.089588083,159.688959883,128.225848994)) ;
#2787=CARTESIAN_POINT('Control Point',(262.089588083,163.162941083,127.98828286)) ;
#2788=CARTESIAN_POINT('Control Point',(262.089588083,166.615250413,127.513161716)) ;
#2789=CARTESIAN_POINT('Control Point',(262.089588083,175.770368093,125.60712339)) ;
#2790=CARTESIAN_POINT('Control Point',(262.089588083,184.462617751,122.051361875)) ;
#2791=CARTESIAN_POINT('Control Point',(262.089588083,189.636228071,119.19752615)) ;
#2792=CARTESIAN_POINT('Control Point',(262.089588083,199.231987277,112.349055098)) ;
#2793=CARTESIAN_POINT('Control Point',(262.089588083,207.017944685,103.49699418)) ;
#2794=CARTESIAN_POINT('Control Point',(262.089588083,210.381552598,98.6393441591)) ;
#2795=CARTESIAN_POINT('Control Point',(262.089588083,215.410984078,89.2067757219)) ;
#2796=CARTESIAN_POINT('Control Point',(262.089588083,218.374868188,78.9609423129)) ;
#2797=CARTESIAN_POINT('Control Point',(262.089588083,219.268297837,74.2530973566)) ;
#2798=CARTESIAN_POINT('Control Point',(262.089588083,219.714990429,69.4894867453)) ;
#2799=CARTESIAN_POINT('Control Point',(262.089588083,219.714990429,64.7258763827)) ;
#2800=CARTESIAN_POINT('Vertex',(262.089588083,156.21499043,128.225876383)) ;
#2802=CARTESIAN_POINT('Vertex',(262.089588083,219.71499043,64.7258763827)) ;
#2806=CARTESIAN_POINT('Control Point',(262.089588083,92.7149904295,64.7258763827)) ;
#2807=CARTESIAN_POINT('Control Point',(262.089588083,92.7149904295,70.5815935465)) ;
#2808=CARTESIAN_POINT('Control Point',(262.089588083,93.3899790812,76.4373103346)) ;
#2809=CARTESIAN_POINT('Control Point',(262.089588083,94.7401067286,82.1895079553)) ;
#2810=CARTESIAN_POINT('Control Point',(262.089588083,98.7417481477,93.2785573452)) ;
#2811=CARTESIAN_POINT('Control Point',(262.089588083,105.16138926,103.166343912)) ;
#2812=CARTESIAN_POINT('Control Point',(262.089588083,108.929786884,107.717146186)) ;
#2813=CARTESIAN_POINT('Control Point',(262.089588083,117.447270171,115.867767571)) ;
#2814=CARTESIAN_POINT('Control Point',(262.089588083,127.595778428,121.866758774)) ;
#2815=CARTESIAN_POINT('Control Point',(262.089588083,132.995384118,124.265691939)) ;
#2816=CARTESIAN_POINT('Control Point',(262.089588083,140.911416821,126.73444003)) ;
#2817=CARTESIAN_POINT('Control Point',(262.089588083,149.076497346,127.890849511)) ;
#2818=CARTESIAN_POINT('Control Point',(262.089588083,151.451330481,128.114191079)) ;
#2819=CARTESIAN_POINT('Control Point',(262.089588083,153.833157694,128.225858993)) ;
#2820=CARTESIAN_POINT('Control Point',(262.089588083,156.21499043,128.225854926)) ;
#2821=CARTESIAN_POINT('Vertex',(262.089588083,92.7149904302,64.7258763827)) ;
#2825=CARTESIAN_POINT('Control Point',(262.089588083,156.21499043,1.22589783943)) ;
#2826=CARTESIAN_POINT('Control Point',(262.089588083,152.741020977,1.22590377093)) ;
#2827=CARTESIAN_POINT('Control Point',(262.089588083,149.267039776,1.4634699057)) ;
#2828=CARTESIAN_POINT('Control Point',(262.089588083,145.814730445,1.93859104945)) ;
#2829=CARTESIAN_POINT('Control Point',(262.089588083,136.659612767,3.84462937511)) ;
#2830=CARTESIAN_POINT('Control Point',(262.089588083,127.967363111,7.40039088881)) ;
#2831=CARTESIAN_POINT('Control Point',(262.089588083,122.793752787,10.2542266171)) ;
#2832=CARTESIAN_POINT('Control Point',(262.089588083,113.197993585,17.102697667)) ;
#2833=CARTESIAN_POINT('Control Point',(262.089588083,105.412036179,25.9547585818)) ;
#2834=CARTESIAN_POINT('Control Point',(262.089588083,102.048428259,30.8124086102)) ;
#2835=CARTESIAN_POINT('Control Point',(262.089588083,97.0189967843,40.2449770384)) ;
#2836=CARTESIAN_POINT('Control Point',(262.089588083,94.0551126752,50.4908104369)) ;
#2837=CARTESIAN_POINT('Control Point',(262.089588083,93.1616830203,55.1986554248)) ;
#2838=CARTESIAN_POINT('Control Point',(262.089588083,92.7149904295,59.9622660281)) ;
#2839=CARTESIAN_POINT('Control Point',(262.089588083,92.7149904295,64.7258763827)) ;
#2840=CARTESIAN_POINT('Vertex',(262.089588083,156.21499043,1.22587638266)) ;
#2844=CARTESIAN_POINT('Control Point',(262.089588083,219.714990429,64.7258763827)) ;
#2845=CARTESIAN_POINT('Control Point',(262.089588083,219.714990429,58.8701592126)) ;
#2846=CARTESIAN_POINT('Control Point',(262.089588083,219.040001776,53.0144424182)) ;
#2847=CARTESIAN_POINT('Control Point',(262.089588083,217.689874135,47.2622448216)) ;
#2848=CARTESIAN_POINT('Control Point',(262.089588083,213.688232714,36.1731954241)) ;
#2849=CARTESIAN_POINT('Control Point',(262.089588083,207.268591597,26.2854088506)) ;
#2850=CARTESIAN_POINT('Control Point',(262.089588083,203.500193979,21.7346065816)) ;
#2851=CARTESIAN_POINT('Control Point',(262.089588083,194.982710692,13.5839851958)) ;
#2852=CARTESIAN_POINT('Control Point',(262.089588083,184.834202435,7.58499399198)) ;
#2853=CARTESIAN_POINT('Control Point',(262.089588083,179.43459674,5.18606082494)) ;
#2854=CARTESIAN_POINT('Control Point',(262.089588083,171.518564039,2.71731273521)) ;
#2855=CARTESIAN_POINT('Control Point',(262.089588083,163.353483515,1.56090325392)) ;
#2856=CARTESIAN_POINT('Control Point',(262.089588083,160.978650381,1.33756168612)) ;
#2857=CARTESIAN_POINT('Control Point',(262.089588083,158.596823167,1.22589377265)) ;
#2858=CARTESIAN_POINT('Control Point',(262.089588083,156.21499043,1.22589783943)) ;
#2867=CARTESIAN_POINT('Control Point',(262.089588083,197.3634829,29.9273839138)) ;
#2868=CARTESIAN_POINT('Control Point',(262.089588083,197.3634829,29.3101382841)) ;
#2869=CARTESIAN_POINT('Control Point',(262.089588083,197.288484442,28.6928930721)) ;
#2870=CARTESIAN_POINT('Control Point',(262.089588083,197.138467198,28.0877694437)) ;
#2871=CARTESIAN_POINT('Control Point',(262.089588083,196.6944441,26.9261699866)) ;
#2872=CARTESIAN_POINT('Control Point',(262.089588083,195.985168272,25.9047036446)) ;
#2873=CARTESIAN_POINT('Control Point',(262.089588083,195.569861188,25.4397307468)) ;
#2874=CARTESIAN_POINT('Control Point',(262.089588083,194.634656897,24.6200584038)) ;
#2875=CARTESIAN_POINT('Control Point',(262.089588083,193.53037535,24.0481948217)) ;
#2876=CARTESIAN_POINT('Control Point',(262.089588083,192.945966419,23.8310635886)) ;
#2877=CARTESIAN_POINT('Control Point',(262.089588083,192.200783579,23.6537258151)) ;
#2878=CARTESIAN_POINT('Control Point',(262.089588083,191.442798564,23.589486445)) ;
#2879=CARTESIAN_POINT('Control Point',(262.089588083,191.299794882,23.5814183616)) ;
#2880=CARTESIAN_POINT('Control Point',(262.089588083,191.156639129,23.5773845937)) ;
#2881=CARTESIAN_POINT('Control Point',(262.089588083,191.013482899,23.5773850874)) ;
#2882=CARTESIAN_POINT('Vertex',(262.089588083,197.363482899,29.9273839135)) ;
#2884=CARTESIAN_POINT('Vertex',(262.089588083,191.013482899,23.5773839135)) ;
#2888=CARTESIAN_POINT('Control Point',(262.089588083,191.013482899,23.5773850874)) ;
#2889=CARTESIAN_POINT('Control Point',(262.089588083,190.539387842,23.5773867225)) ;
#2890=CARTESIAN_POINT('Control Point',(262.089588083,190.06528756,23.621634399)) ;
#2891=CARTESIAN_POINT('Control Point',(262.089588083,189.596688215,23.7101261678)) ;
#2892=CARTESIAN_POINT('Control Point',(262.089588083,188.543370873,24.0132961286)) ;
#2893=CARTESIAN_POINT('Control Point',(262.089588083,187.575557953,24.5347700707)) ;
#2894=CARTESIAN_POINT('Control Point',(262.089588083,187.066821218,24.8951403156)) ;
#2895=CARTESIAN_POINT('Control Point',(262.089588083,186.147156857,25.7322109682)) ;
#2896=CARTESIAN_POINT('Control Point',(262.089588083,185.454710407,26.7651599534)) ;
#2897=CARTESIAN_POINT('Control Point',(262.089588083,185.173221524,27.321436656)) ;
#2898=CARTESIAN_POINT('Control Point',(262.089588083,184.864234742,28.1775881642)) ;
#2899=CARTESIAN_POINT('Control Point',(262.089588083,184.711892858,29.0696637176)) ;
#2900=CARTESIAN_POINT('Control Point',(262.089588083,184.679619475,29.3547624512)) ;
#2901=CARTESIAN_POINT('Control Point',(262.089588083,184.663482899,29.6410732274)) ;
#2902=CARTESIAN_POINT('Control Point',(262.089588083,184.663482899,29.9273839138)) ;
#2903=CARTESIAN_POINT('Vertex',(262.089588083,184.663482899,29.9273839135)) ;
#2907=CARTESIAN_POINT('Control Point',(262.089588083,184.663482899,29.9273839138)) ;
#2908=CARTESIAN_POINT('Control Point',(262.089588083,184.663482899,30.5446295424)) ;
#2909=CARTESIAN_POINT('Control Point',(262.089588083,184.738481357,31.1618747534)) ;
#2910=CARTESIAN_POINT('Control Point',(262.089588083,184.888498601,31.7669983858)) ;
#2911=CARTESIAN_POINT('Control Point',(262.089588083,185.332521699,32.9285978401)) ;
#2912=CARTESIAN_POINT('Control Point',(262.089588083,186.041797524,33.9500641799)) ;
#2913=CARTESIAN_POINT('Control Point',(262.089588083,186.457104614,34.4150370832)) ;
#2914=CARTESIAN_POINT('Control Point',(262.089588083,187.392308901,35.2347094232)) ;
#2915=CARTESIAN_POINT('Control Point',(262.089588083,188.496590444,35.8065730038)) ;
#2916=CARTESIAN_POINT('Control Point',(262.089588083,189.080999384,36.02370424)) ;
#2917=CARTESIAN_POINT('Control Point',(262.089588083,189.826182222,36.2010420126)) ;
#2918=CARTESIAN_POINT('Control Point',(262.089588083,190.584167234,36.2652813826)) ;
#2919=CARTESIAN_POINT('Control Point',(262.089588083,190.727170917,36.2733494659)) ;
#2920=CARTESIAN_POINT('Control Point',(262.089588083,190.87032667,36.2773832339)) ;
#2921=CARTESIAN_POINT('Control Point',(262.089588083,191.013482899,36.2773827401)) ;
#2922=CARTESIAN_POINT('Vertex',(262.089588083,191.013482899,36.2773839135)) ;
#2926=CARTESIAN_POINT('Control Point',(262.089588083,191.013482899,36.2773827401)) ;
#2927=CARTESIAN_POINT('Control Point',(262.089588083,191.487577958,36.277381105)) ;
#2928=CARTESIAN_POINT('Control Point',(262.089588083,191.961678237,36.2331334281)) ;
#2929=CARTESIAN_POINT('Control Point',(262.089588083,192.43027758,36.1446416589)) ;
#2930=CARTESIAN_POINT('Control Point',(262.089588083,193.483594925,35.8414716974)) ;
#2931=CARTESIAN_POINT('Control Point',(262.089588083,194.451407849,35.3199977532)) ;
#2932=CARTESIAN_POINT('Control Point',(262.089588083,194.960144578,34.9596275145)) ;
#2933=CARTESIAN_POINT('Control Point',(262.089588083,195.879808938,34.1225568637)) ;
#2934=CARTESIAN_POINT('Control Point',(262.089588083,196.572255387,33.0896078811)) ;
#2935=CARTESIAN_POINT('Control Point',(262.089588083,196.85374428,32.5333311636)) ;
#2936=CARTESIAN_POINT('Control Point',(262.089588083,197.162731057,31.6771796669)) ;
#2937=CARTESIAN_POINT('Control Point',(262.089588083,197.31507294,30.7851041259)) ;
#2938=CARTESIAN_POINT('Control Point',(262.089588083,197.347346324,30.5000053601)) ;
#2939=CARTESIAN_POINT('Control Point',(262.089588083,197.3634829,30.213694592)) ;
#2940=CARTESIAN_POINT('Control Point',(262.089588083,197.3634829,29.9273839138)) ;
#2949=CARTESIAN_POINT('Control Point',(262.089588083,197.3634829,99.5243688516)) ;
#2950=CARTESIAN_POINT('Control Point',(262.089588083,197.3634829,98.9071232224)) ;
#2951=CARTESIAN_POINT('Control Point',(262.089588083,197.288484442,98.2898780109)) ;
#2952=CARTESIAN_POINT('Control Point',(262.089588083,197.138467198,97.6847543805)) ;
#2953=CARTESIAN_POINT('Control Point',(262.089588083,196.6944441,96.5231549253)) ;
#2954=CARTESIAN_POINT('Control Point',(262.089588083,195.985168274,95.5016885848)) ;
#2955=CARTESIAN_POINT('Control Point',(262.089588083,195.569861186,95.0367156827)) ;
#2956=CARTESIAN_POINT('Control Point',(262.089588083,194.634656897,94.2170433422)) ;
#2957=CARTESIAN_POINT('Control Point',(262.089588083,193.530375354,93.6451797613)) ;
#2958=CARTESIAN_POINT('Control Point',(262.089588083,192.945966415,93.4280485255)) ;
#2959=CARTESIAN_POINT('Control Point',(262.089588083,192.200783577,93.2507107527)) ;
#2960=CARTESIAN_POINT('Control Point',(262.089588083,191.442798564,93.1864713828)) ;
#2961=CARTESIAN_POINT('Control Point',(262.089588083,191.299794882,93.1784032994)) ;
#2962=CARTESIAN_POINT('Control Point',(262.089588083,191.156639129,93.1743695314)) ;
#2963=CARTESIAN_POINT('Control Point',(262.089588083,191.013482899,93.1743700252)) ;
#2964=CARTESIAN_POINT('Vertex',(262.089588083,197.363482899,99.5243688518)) ;
#2966=CARTESIAN_POINT('Vertex',(262.089588083,191.013482899,93.1743688518)) ;
#2970=CARTESIAN_POINT('Control Point',(262.089588083,191.013482899,93.1743700252)) ;
#2971=CARTESIAN_POINT('Control Point',(262.089588083,190.539387841,93.1743716603)) ;
#2972=CARTESIAN_POINT('Control Point',(262.089588083,190.065287561,93.2186193373)) ;
#2973=CARTESIAN_POINT('Control Point',(262.089588083,189.596688219,93.3071111065)) ;
#2974=CARTESIAN_POINT('Control Point',(262.089588083,188.543370873,93.6102810679)) ;
#2975=CARTESIAN_POINT('Control Point',(262.089588083,187.57555795,94.1317550118)) ;
#2976=CARTESIAN_POINT('Control Point',(262.089588083,187.06682122,94.4921252513)) ;
#2977=CARTESIAN_POINT('Control Point',(262.089588083,186.147156858,95.329195904)) ;
#2978=CARTESIAN_POINT('Control Point',(262.089588083,185.454710408,96.3621448896)) ;
#2979=CARTESIAN_POINT('Control Point',(262.089588083,185.173221523,96.9184215957)) ;
#2980=CARTESIAN_POINT('Control Point',(262.089588083,184.864234742,97.7745731025)) ;
#2981=CARTESIAN_POINT('Control Point',(262.089588083,184.711892858,98.6666486544)) ;
#2982=CARTESIAN_POINT('Control Point',(262.089588083,184.679619475,98.9517473901)) ;
#2983=CARTESIAN_POINT('Control Point',(262.089588083,184.663482899,99.2380581657)) ;
#2984=CARTESIAN_POINT('Control Point',(262.089588083,184.663482899,99.5243688516)) ;
#2985=CARTESIAN_POINT('Vertex',(262.089588083,184.663482899,99.5243688518)) ;
#2989=CARTESIAN_POINT('Control Point',(262.089588083,184.663482899,99.5243688516)) ;
#2990=CARTESIAN_POINT('Control Point',(262.089588083,184.663482899,100.141614481)) ;
#2991=CARTESIAN_POINT('Control Point',(262.089588083,184.738481357,100.758859692)) ;
#2992=CARTESIAN_POINT('Control Point',(262.089588083,184.888498601,101.363983323)) ;
#2993=CARTESIAN_POINT('Control Point',(262.089588083,185.332521699,102.525582779)) ;
#2994=CARTESIAN_POINT('Control Point',(262.089588083,186.041797526,103.54704912)) ;
#2995=CARTESIAN_POINT('Control Point',(262.089588083,186.457104612,104.012022019)) ;
#2996=CARTESIAN_POINT('Control Point',(262.089588083,187.392308902,104.831694362)) ;
#2997=CARTESIAN_POINT('Control Point',(262.089588083,188.496590448,105.403557943)) ;
#2998=CARTESIAN_POINT('Control Point',(262.089588083,189.08099938,105.620689177)) ;
#2999=CARTESIAN_POINT('Control Point',(262.089588083,189.82618222,105.79802695)) ;
#3000=CARTESIAN_POINT('Control Point',(262.089588083,190.584167234,105.86226632)) ;
#3001=CARTESIAN_POINT('Control Point',(262.089588083,190.727170917,105.870334404)) ;
#3002=CARTESIAN_POINT('Control Point',(262.089588083,190.87032667,105.874368172)) ;
#3003=CARTESIAN_POINT('Control Point',(262.089588083,191.013482899,105.874367678)) ;
#3004=CARTESIAN_POINT('Vertex',(262.089588083,191.013482899,105.874368852)) ;
#3008=CARTESIAN_POINT('Control Point',(262.089588083,191.013482899,105.874367678)) ;
#3009=CARTESIAN_POINT('Control Point',(262.089588083,191.487577957,105.874366043)) ;
#3010=CARTESIAN_POINT('Control Point',(262.089588083,191.961678238,105.830118366)) ;
#3011=CARTESIAN_POINT('Control Point',(262.089588083,192.430277583,105.741626598)) ;
#3012=CARTESIAN_POINT('Control Point',(262.089588083,193.483594925,105.438456637)) ;
#3013=CARTESIAN_POINT('Control Point',(262.089588083,194.451407846,104.916982694)) ;
#3014=CARTESIAN_POINT('Control Point',(262.089588083,194.96014458,104.55661245)) ;
#3015=CARTESIAN_POINT('Control Point',(262.089588083,195.879808939,103.7195418)) ;
#3016=CARTESIAN_POINT('Control Point',(262.089588083,196.572255388,102.686592817)) ;
#3017=CARTESIAN_POINT('Control Point',(262.089588083,196.853744279,102.130316103)) ;
#3018=CARTESIAN_POINT('Control Point',(262.089588083,197.162731057,101.274164605)) ;
#3019=CARTESIAN_POINT('Control Point',(262.089588083,197.31507294,100.382089063)) ;
#3020=CARTESIAN_POINT('Control Point',(262.089588083,197.347346324,100.096990299)) ;
#3021=CARTESIAN_POINT('Control Point',(262.089588083,197.3634829,99.8106795303)) ;
#3022=CARTESIAN_POINT('Control Point',(262.089588083,197.3634829,99.5243688516)) ;
#3031=CARTESIAN_POINT('Control Point',(262.089588083,127.76649796,99.5243688516)) ;
#3032=CARTESIAN_POINT('Control Point',(262.089588083,127.76649796,98.9071232167)) ;
#3033=CARTESIAN_POINT('Control Point',(262.089588083,127.691499501,98.2898779995)) ;
#3034=CARTESIAN_POINT('Control Point',(262.089588083,127.541482262,97.6847543913)) ;
#3035=CARTESIAN_POINT('Control Point',(262.089588083,127.097459163,96.5231549286)) ;
#3036=CARTESIAN_POINT('Control Point',(262.089588083,126.388183333,95.5016885823)) ;
#3037=CARTESIAN_POINT('Control Point',(262.089588083,125.97287625,95.0367156847)) ;
#3038=CARTESIAN_POINT('Control Point',(262.089588083,125.037671962,94.2170433434)) ;
#3039=CARTESIAN_POINT('Control Point',(262.089588083,123.933390418,93.645179762)) ;
#3040=CARTESIAN_POINT('Control Point',(262.089588083,123.348981476,93.4280485251)) ;
#3041=CARTESIAN_POINT('Control Point',(262.089588083,122.603798638,93.2507107526)) ;
#3042=CARTESIAN_POINT('Control Point',(262.089588083,121.845813626,93.1864713827)) ;
#3043=CARTESIAN_POINT('Control Point',(262.089588083,121.702809943,93.1784032994)) ;
#3044=CARTESIAN_POINT('Control Point',(262.089588083,121.55965419,93.1743695314)) ;
#3045=CARTESIAN_POINT('Control Point',(262.089588083,121.416497961,93.1743700252)) ;
#3046=CARTESIAN_POINT('Vertex',(262.089588083,127.766497961,99.5243688518)) ;
#3048=CARTESIAN_POINT('Vertex',(262.089588083,121.416497961,93.1743688518)) ;
#3052=CARTESIAN_POINT('Control Point',(262.089588083,121.416497961,93.1743700252)) ;
#3053=CARTESIAN_POINT('Control Point',(262.089588083,120.942402903,93.1743716603)) ;
#3054=CARTESIAN_POINT('Control Point',(262.089588083,120.468302623,93.2186193372)) ;
#3055=CARTESIAN_POINT('Control Point',(262.089588083,119.999703281,93.3071111064)) ;
#3056=CARTESIAN_POINT('Control Point',(262.089588083,118.946385935,93.6102810682)) ;
#3057=CARTESIAN_POINT('Control Point',(262.089588083,117.97857301,94.131755013)) ;
#3058=CARTESIAN_POINT('Control Point',(262.089588083,117.469836285,94.4921252496)) ;
#3059=CARTESIAN_POINT('Control Point',(262.089588083,116.550171922,95.3291959018)) ;
#3060=CARTESIAN_POINT('Control Point',(262.089588083,115.857725472,96.3621448867)) ;
#3061=CARTESIAN_POINT('Control Point',(262.089588083,115.576236582,96.918421599)) ;
#3062=CARTESIAN_POINT('Control Point',(262.089588083,115.267249803,97.7745731004)) ;
#3063=CARTESIAN_POINT('Control Point',(262.089588083,115.11490792,98.6666486464)) ;
#3064=CARTESIAN_POINT('Control Point',(262.089588083,115.082634537,98.9517473982)) ;
#3065=CARTESIAN_POINT('Control Point',(262.089588083,115.066497961,99.2380581698)) ;
#3066=CARTESIAN_POINT('Control Point',(262.089588083,115.066497961,99.5243688516)) ;
#3067=CARTESIAN_POINT('Vertex',(262.089588083,115.066497961,99.5243688518)) ;
#3071=CARTESIAN_POINT('Control Point',(262.089588083,115.066497961,99.5243688516)) ;
#3072=CARTESIAN_POINT('Control Point',(262.089588083,115.066497961,100.141614483)) ;
#3073=CARTESIAN_POINT('Control Point',(262.089588083,115.141496419,100.758859696)) ;
#3074=CARTESIAN_POINT('Control Point',(262.089588083,115.291513662,101.363983319)) ;
#3075=CARTESIAN_POINT('Control Point',(262.089588083,115.735536761,102.525582779)) ;
#3076=CARTESIAN_POINT('Control Point',(262.089588083,116.44481259,103.547049123)) ;
#3077=CARTESIAN_POINT('Control Point',(262.089588083,116.860119671,104.012022017)) ;
#3078=CARTESIAN_POINT('Control Point',(262.089588083,117.795323963,104.831694361)) ;
#3079=CARTESIAN_POINT('Control Point',(262.089588083,118.899605511,105.403557944)) ;
#3080=CARTESIAN_POINT('Control Point',(262.089588083,119.48401444,105.620689176)) ;
#3081=CARTESIAN_POINT('Control Point',(262.089588083,120.229197281,105.79802695)) ;
#3082=CARTESIAN_POINT('Control Point',(262.089588083,120.987182296,105.86226632)) ;
#3083=CARTESIAN_POINT('Control Point',(262.089588083,121.130185979,105.870334404)) ;
#3084=CARTESIAN_POINT('Control Point',(262.089588083,121.273341732,105.874368172)) ;
#3085=CARTESIAN_POINT('Control Point',(262.089588083,121.416497961,105.874367678)) ;
#3086=CARTESIAN_POINT('Vertex',(262.089588083,121.416497961,105.874368852)) ;
#3090=CARTESIAN_POINT('Control Point',(262.089588083,121.416497961,105.874367678)) ;
#3091=CARTESIAN_POINT('Control Point',(262.089588083,121.890593019,105.874366043)) ;
#3092=CARTESIAN_POINT('Control Point',(262.089588083,122.3646933,105.830118366)) ;
#3093=CARTESIAN_POINT('Control Point',(262.089588083,122.833292646,105.741626597)) ;
#3094=CARTESIAN_POINT('Control Point',(262.089588083,123.886609986,105.438456637)) ;
#3095=CARTESIAN_POINT('Control Point',(262.089588083,124.854422906,104.916982696)) ;
#3096=CARTESIAN_POINT('Control Point',(262.089588083,125.363159644,104.556612448)) ;
#3097=CARTESIAN_POINT('Control Point',(262.089588083,126.282824004,103.719541797)) ;
#3098=CARTESIAN_POINT('Control Point',(262.089588083,126.975270452,102.686592814)) ;
#3099=CARTESIAN_POINT('Control Point',(262.089588083,127.256759338,102.130316106)) ;
#3100=CARTESIAN_POINT('Control Point',(262.089588083,127.565746121,101.274164595)) ;
#3101=CARTESIAN_POINT('Control Point',(262.089588083,127.718088005,100.382089037)) ;
#3102=CARTESIAN_POINT('Control Point',(262.089588083,127.750361383,100.096990325)) ;
#3103=CARTESIAN_POINT('Control Point',(262.089588083,127.76649796,99.8106795431)) ;
#3104=CARTESIAN_POINT('Control Point',(262.089588083,127.76649796,99.5243688516)) ;
#3113=CARTESIAN_POINT('Control Point',(262.089588083,127.76649796,29.9273839138)) ;
#3114=CARTESIAN_POINT('Control Point',(262.089588083,127.76649796,29.3101382784)) ;
#3115=CARTESIAN_POINT('Control Point',(262.089588083,127.691499501,28.6928930606)) ;
#3116=CARTESIAN_POINT('Control Point',(262.089588083,127.541482262,28.0877694544)) ;
#3117=CARTESIAN_POINT('Control Point',(262.089588083,127.097459163,26.9261699899)) ;
#3118=CARTESIAN_POINT('Control Point',(262.089588083,126.388183331,25.9047036422)) ;
#3119=CARTESIAN_POINT('Control Point',(262.089588083,125.972876252,25.4397307488)) ;
#3120=CARTESIAN_POINT('Control Point',(262.089588083,125.037671961,24.6200584049)) ;
#3121=CARTESIAN_POINT('Control Point',(262.089588083,123.933390414,24.0481948224)) ;
#3122=CARTESIAN_POINT('Control Point',(262.089588083,123.34898148,23.8310635883)) ;
#3123=CARTESIAN_POINT('Control Point',(262.089588083,122.60379864,23.6537258151)) ;
#3124=CARTESIAN_POINT('Control Point',(262.089588083,121.845813626,23.589486445)) ;
#3125=CARTESIAN_POINT('Control Point',(262.089588083,121.702809944,23.5814183616)) ;
#3126=CARTESIAN_POINT('Control Point',(262.089588083,121.559654191,23.5773845936)) ;
#3127=CARTESIAN_POINT('Control Point',(262.089588083,121.416497961,23.5773850874)) ;
#3128=CARTESIAN_POINT('Vertex',(262.089588083,127.766497961,29.9273839135)) ;
#3130=CARTESIAN_POINT('Vertex',(262.089588083,121.416497961,23.5773839135)) ;
#3134=CARTESIAN_POINT('Control Point',(262.089588083,121.416497961,23.5773850874)) ;
#3135=CARTESIAN_POINT('Control Point',(262.089588083,120.942402903,23.5773867225)) ;
#3136=CARTESIAN_POINT('Control Point',(262.089588083,120.468302623,23.621634399)) ;
#3137=CARTESIAN_POINT('Control Point',(262.089588083,119.999703278,23.7101261677)) ;
#3138=CARTESIAN_POINT('Control Point',(262.089588083,118.946385935,24.0132961289)) ;
#3139=CARTESIAN_POINT('Control Point',(262.089588083,117.978573013,24.5347700719)) ;
#3140=CARTESIAN_POINT('Control Point',(262.089588083,117.469836282,24.8951403139)) ;
#3141=CARTESIAN_POINT('Control Point',(262.089588083,116.550171921,25.732210966)) ;
#3142=CARTESIAN_POINT('Control Point',(262.089588083,115.857725471,26.7651599505)) ;
#3143=CARTESIAN_POINT('Control Point',(262.089588083,115.576236583,27.3214366594)) ;
#3144=CARTESIAN_POINT('Control Point',(262.089588083,115.267249803,28.1775881621)) ;
#3145=CARTESIAN_POINT('Control Point',(262.089588083,115.114907919,29.0696637096)) ;
#3146=CARTESIAN_POINT('Control Point',(262.089588083,115.082634537,29.3547624594)) ;
#3147=CARTESIAN_POINT('Control Point',(262.089588083,115.066497961,29.6410732315)) ;
#3148=CARTESIAN_POINT('Control Point',(262.089588083,115.066497961,29.9273839138)) ;
#3149=CARTESIAN_POINT('Vertex',(262.089588083,115.066497961,29.9273839135)) ;
#3153=CARTESIAN_POINT('Control Point',(262.089588083,115.066497961,29.9273839138)) ;
#3154=CARTESIAN_POINT('Control Point',(262.089588083,115.066497961,30.5446295444)) ;
#3155=CARTESIAN_POINT('Control Point',(262.089588083,115.141496419,31.1618747575)) ;
#3156=CARTESIAN_POINT('Control Point',(262.089588083,115.291513662,31.7669983819)) ;
#3157=CARTESIAN_POINT('Control Point',(262.089588083,115.735536761,32.9285978399)) ;
#3158=CARTESIAN_POINT('Control Point',(262.089588083,116.444812588,33.9500641826)) ;
#3159=CARTESIAN_POINT('Control Point',(262.089588083,116.860119673,34.415037081)) ;
#3160=CARTESIAN_POINT('Control Point',(262.089588083,117.795323963,35.2347094229)) ;
#3161=CARTESIAN_POINT('Control Point',(262.089588083,118.899605508,35.8065730045)) ;
#3162=CARTESIAN_POINT('Control Point',(262.089588083,119.484014444,36.0237042396)) ;
#3163=CARTESIAN_POINT('Control Point',(262.089588083,120.229197283,36.2010420125)) ;
#3164=CARTESIAN_POINT('Control Point',(262.089588083,120.987182296,36.2652813826)) ;
#3165=CARTESIAN_POINT('Control Point',(262.089588083,121.130185979,36.2733494659)) ;
#3166=CARTESIAN_POINT('Control Point',(262.089588083,121.273341732,36.2773832339)) ;
#3167=CARTESIAN_POINT('Control Point',(262.089588083,121.416497961,36.2773827401)) ;
#3168=CARTESIAN_POINT('Vertex',(262.089588083,121.416497961,36.2773839135)) ;
#3172=CARTESIAN_POINT('Control Point',(262.089588083,121.416497961,36.2773827401)) ;
#3173=CARTESIAN_POINT('Control Point',(262.089588083,121.890593019,36.277381105)) ;
#3174=CARTESIAN_POINT('Control Point',(262.089588083,122.364693299,36.2331334281)) ;
#3175=CARTESIAN_POINT('Control Point',(262.089588083,122.833292642,36.1446416588)) ;
#3176=CARTESIAN_POINT('Control Point',(262.089588083,123.886609986,35.8414716976)) ;
#3177=CARTESIAN_POINT('Control Point',(262.089588083,124.854422909,35.3199977544)) ;
#3178=CARTESIAN_POINT('Control Point',(262.089588083,125.363159642,34.9596275128)) ;
#3179=CARTESIAN_POINT('Control Point',(262.089588083,126.282824002,34.1225568615)) ;
#3180=CARTESIAN_POINT('Control Point',(262.089588083,126.975270451,33.0896078783)) ;
#3181=CARTESIAN_POINT('Control Point',(262.089588083,127.256759339,32.5333311667)) ;
#3182=CARTESIAN_POINT('Control Point',(262.089588083,127.565746121,31.6771796564)) ;
#3183=CARTESIAN_POINT('Control Point',(262.089588083,127.718088005,30.7851041006)) ;
#3184=CARTESIAN_POINT('Control Point',(262.089588083,127.750361383,30.5000053857)) ;
#3185=CARTESIAN_POINT('Control Point',(262.089588083,127.76649796,30.2136946048)) ;
#3186=CARTESIAN_POINT('Control Point',(262.089588083,127.76649796,29.9273839138)) ;
#3196=CARTESIAN_POINT('Axis2P3D Location',(33.4895880834,80.0149904302,31.2643054169)) ;
#3201=CARTESIAN_POINT('Axis2P3D Location',(33.4895880834,156.21499043,64.725876383)) ;
#3205=CARTESIAN_POINT('Vertex',(33.4895880834,156.21499043,25.3421981581)) ;
#3207=CARTESIAN_POINT('Vertex',(33.4895880834,195.598668655,64.7258763821)) ;
#3210=CARTESIAN_POINT('Axis2P3D Location',(33.4895880834,156.21499043,64.725876383)) ;
#3214=CARTESIAN_POINT('Vertex',(33.4895880834,116.831312206,64.7258763821)) ;
#3217=CARTESIAN_POINT('Axis2P3D Location',(33.4895880834,156.21499043,64.725876383)) ;
#3221=CARTESIAN_POINT('Vertex',(33.4895880834,156.21499043,104.109554608)) ;
#3224=CARTESIAN_POINT('Axis2P3D Location',(33.4895880834,156.21499043,64.725876383)) ;
#3235=CARTESIAN_POINT('Axis2P3D Location',(33.4895880834,156.21499043,64.725876383)) ;
#3239=CARTESIAN_POINT('Vertex',(33.4895880834,156.21499043,77.4258763832)) ;
#3241=CARTESIAN_POINT('Vertex',(33.4895880834,168.914990431,64.7258763821)) ;
#3244=CARTESIAN_POINT('Axis2P3D Location',(33.4895880834,156.21499043,64.725876383)) ;
#3248=CARTESIAN_POINT('Vertex',(33.4895880834,143.51499043,64.7258763821)) ;
#3251=CARTESIAN_POINT('Axis2P3D Location',(33.4895880834,156.21499043,64.725876383)) ;
#3255=CARTESIAN_POINT('Vertex',(33.4895880834,156.21499043,52.0258763828)) ;
#3258=CARTESIAN_POINT('Axis2P3D Location',(33.4895880834,156.21499043,64.725876383)) ;
#3271=CARTESIAN_POINT('Axis2P3D Location',(160.489588083,321.31499043,64.7258763827)) ;
#3277=CARTESIAN_POINT('Control Point',(160.489588083,321.31499043,10.7508937653)) ;
#3278=CARTESIAN_POINT('Control Point',(163.68818618,321.31499043,10.7509015001)) ;
#3279=CARTESIAN_POINT('Control Point',(166.88680103,321.31499043,10.9878421729)) ;
#3280=CARTESIAN_POINT('Control Point',(170.062009611,321.31499043,11.4617080752)) ;
#3281=CARTESIAN_POINT('Control Point',(178.118554362,321.31499043,13.2833060601)) ;
#3282=CARTESIAN_POINT('Control Point',(185.71626635,321.31499043,16.6078429485)) ;
#3283=CARTESIAN_POINT('Control Point',(190.104760388,321.31499043,19.1773086461)) ;
#3284=CARTESIAN_POINT('Control Point',(198.200729365,321.31499043,25.2925191633)) ;
#3285=CARTESIAN_POINT('Control Point',(204.671144057,321.31499043,33.1075185873)) ;
#3286=CARTESIAN_POINT('Control Point',(207.433894901,321.31499043,37.3769730965)) ;
#3287=CARTESIAN_POINT('Control Point',(211.308329389,321.31499043,45.2541389328)) ;
#3288=CARTESIAN_POINT('Control Point',(213.523439115,321.31499043,53.7200314255)) ;
#3289=CARTESIAN_POINT('Control Point',(214.150878912,321.31499043,57.364908313)) ;
#3290=CARTESIAN_POINT('Control Point',(214.464588083,321.31499043,61.0453924506)) ;
#3291=CARTESIAN_POINT('Control Point',(214.464588083,321.31499043,64.7258763827)) ;
#3292=CARTESIAN_POINT('Vertex',(160.489588083,321.31499043,10.7508763827)) ;
#3294=CARTESIAN_POINT('Vertex',(214.464588083,321.31499043,64.7258763827)) ;
#3298=CARTESIAN_POINT('Control Point',(106.514588084,321.31499043,64.7258763827)) ;
#3299=CARTESIAN_POINT('Control Point',(106.514588084,321.31499043,59.6870875748)) ;
#3300=CARTESIAN_POINT('Control Point',(107.102577724,321.31499043,54.6482991521)) ;
#3301=CARTESIAN_POINT('Control Point',(108.278694348,321.31499043,49.7007963878)) ;
#3302=CARTESIAN_POINT('Control Point',(111.763511018,321.31499043,40.1720731697)) ;
#3303=CARTESIAN_POINT('Control Point',(117.348683211,321.31499043,31.7017524017)) ;
#3304=CARTESIAN_POINT('Control Point',(120.625401701,321.31499043,27.8127744055)) ;
#3305=CARTESIAN_POINT('Control Point',(128.02543312,321.31499043,20.8715894665)) ;
#3306=CARTESIAN_POINT('Control Point',(136.824843144,321.31499043,15.8207612628)) ;
#3307=CARTESIAN_POINT('Control Point',(141.50110519,321.31499043,13.8223600906)) ;
#3308=CARTESIAN_POINT('Control Point',(148.144235436,321.31499043,11.8642537798)) ;
#3309=CARTESIAN_POINT('Control Point',(154.9732819,321.31499043,10.9861625653)) ;
#3310=CARTESIAN_POINT('Control Point',(156.809071288,321.31499043,10.8293117592)) ;
#3311=CARTESIAN_POINT('Control Point',(158.649326913,321.31499043,10.7508893152)) ;
#3312=CARTESIAN_POINT('Control Point',(160.489588083,321.31499043,10.7508937653)) ;
#3313=CARTESIAN_POINT('Vertex',(106.514588083,321.31499043,64.7258763827)) ;
#3317=CARTESIAN_POINT('Control Point',(160.489588083,321.31499043,118.700859)) ;
#3318=CARTESIAN_POINT('Control Point',(157.290989987,321.31499043,118.700851265)) ;
#3319=CARTESIAN_POINT('Control Point',(154.092375136,321.31499043,118.463910592)) ;
#3320=CARTESIAN_POINT('Control Point',(150.917166554,321.31499043,117.99004469)) ;
#3321=CARTESIAN_POINT('Control Point',(142.860621804,321.31499043,116.168446705)) ;
#3322=CARTESIAN_POINT('Control Point',(135.262909817,321.31499043,112.843909817)) ;
#3323=CARTESIAN_POINT('Control Point',(130.874415779,321.31499043,110.274444119)) ;
#3324=CARTESIAN_POINT('Control Point',(122.778446801,321.31499043,104.159233602)) ;
#3325=CARTESIAN_POINT('Control Point',(116.308032109,321.31499043,96.3442341768)) ;
#3326=CARTESIAN_POINT('Control Point',(113.545281266,321.31499043,92.0747796701)) ;
#3327=CARTESIAN_POINT('Control Point',(109.670846778,321.31499043,84.1976138334)) ;
#3328=CARTESIAN_POINT('Control Point',(107.455737052,321.31499043,75.73172134)) ;
#3329=CARTESIAN_POINT('Control Point',(106.828297254,321.31499043,72.086844452)) ;
#3330=CARTESIAN_POINT('Control Point',(106.514588084,321.31499043,68.4063603146)) ;
#3331=CARTESIAN_POINT('Control Point',(106.514588084,321.31499043,64.7258763827)) ;
#3332=CARTESIAN_POINT('Vertex',(160.489588083,321.31499043,118.700876383)) ;
#3336=CARTESIAN_POINT('Control Point',(214.464588083,321.31499043,64.7258763827)) ;
#3337=CARTESIAN_POINT('Control Point',(214.464588083,321.31499043,69.7646651898)) ;
#3338=CARTESIAN_POINT('Control Point',(213.876598443,321.31499043,74.8034536119)) ;
#3339=CARTESIAN_POINT('Control Point',(212.700481818,321.31499043,79.7509563789)) ;
#3340=CARTESIAN_POINT('Control Point',(209.215665149,321.31499043,89.2796795953)) ;
#3341=CARTESIAN_POINT('Control Point',(203.630492957,321.31499043,97.7500003625)) ;
#3342=CARTESIAN_POINT('Control Point',(200.353774464,321.31499043,101.638978361)) ;
#3343=CARTESIAN_POINT('Control Point',(192.953743046,321.31499043,108.580163299)) ;
#3344=CARTESIAN_POINT('Control Point',(184.154333024,321.31499043,113.630991502)) ;
#3345=CARTESIAN_POINT('Control Point',(179.478070976,321.31499043,115.629392675)) ;
#3346=CARTESIAN_POINT('Control Point',(172.83494073,321.31499043,117.587498985)) ;
#3347=CARTESIAN_POINT('Control Point',(166.005894267,321.31499043,118.4655902)) ;
#3348=CARTESIAN_POINT('Control Point',(164.17010488,321.31499043,118.622441006)) ;
#3349=CARTESIAN_POINT('Control Point',(162.329849254,321.31499043,118.70086345)) ;
#3350=CARTESIAN_POINT('Control Point',(160.489588083,321.31499043,118.700859)) ;
#3359=CARTESIAN_POINT('Control Point',(138.776287704,321.31499043,36.662576004)) ;
#3360=CARTESIAN_POINT('Control Point',(138.776287704,321.31499043,37.2798216385)) ;
#3361=CARTESIAN_POINT('Control Point',(138.701289245,321.31499043,37.8970668554)) ;
#3362=CARTESIAN_POINT('Control Point',(138.551272006,321.31499043,38.502190465)) ;
#3363=CARTESIAN_POINT('Control Point',(138.107248907,321.31499043,39.663789928)) ;
#3364=CARTESIAN_POINT('Control Point',(137.397973076,321.31499043,40.6852562745)) ;
#3365=CARTESIAN_POINT('Control Point',(136.982665995,321.31499043,41.1502291699)) ;
#3366=CARTESIAN_POINT('Control Point',(136.047461705,321.31499043,41.9699015131)) ;
#3367=CARTESIAN_POINT('Control Point',(134.943180158,321.31499043,42.5417650953)) ;
#3368=CARTESIAN_POINT('Control Point',(134.358771224,321.31499043,42.7588963296)) ;
#3369=CARTESIAN_POINT('Control Point',(133.613588384,321.31499043,42.9362341028)) ;
#3370=CARTESIAN_POINT('Control Point',(132.855603371,321.31499043,43.0004734729)) ;
#3371=CARTESIAN_POINT('Control Point',(132.712599688,321.31499043,43.0085415562)) ;
#3372=CARTESIAN_POINT('Control Point',(132.569443935,321.31499043,43.0125753242)) ;
#3373=CARTESIAN_POINT('Control Point',(132.426287705,321.31499043,43.0125748305)) ;
#3374=CARTESIAN_POINT('Vertex',(138.776287705,321.31499043,36.6625760043)) ;
#3376=CARTESIAN_POINT('Vertex',(132.426287705,321.31499043,43.0125760043)) ;
#3380=CARTESIAN_POINT('Control Point',(132.426287705,321.31499043,43.0125748305)) ;
#3381=CARTESIAN_POINT('Control Point',(131.952192647,321.31499043,43.0125731954)) ;
#3382=CARTESIAN_POINT('Control Point',(131.478092367,321.31499043,42.9683255189)) ;
#3383=CARTESIAN_POINT('Control Point',(131.009493023,321.31499043,42.8798337502)) ;
#3384=CARTESIAN_POINT('Control Point',(129.956175678,321.31499043,42.5766637888)) ;
#3385=CARTESIAN_POINT('Control Point',(128.988362756,321.31499043,42.0551898453)) ;
#3386=CARTESIAN_POINT('Control Point',(128.479626027,321.31499043,41.6948196048)) ;
#3387=CARTESIAN_POINT('Control Point',(127.559961665,321.31499043,40.8577489518)) ;
#3388=CARTESIAN_POINT('Control Point',(126.867515214,321.31499043,39.8247999657)) ;
#3389=CARTESIAN_POINT('Control Point',(126.586026328,321.31499043,39.2685232603)) ;
#3390=CARTESIAN_POINT('Control Point',(126.277039547,321.31499043,38.4123717547)) ;
#3391=CARTESIAN_POINT('Control Point',(126.124697663,321.31499043,37.5202962041)) ;
#3392=CARTESIAN_POINT('Control Point',(126.092424282,321.31499043,37.2351974626)) ;
#3393=CARTESIAN_POINT('Control Point',(126.076287705,321.31499043,36.9488866884)) ;
#3394=CARTESIAN_POINT('Control Point',(126.076287705,321.31499043,36.662576004)) ;
#3395=CARTESIAN_POINT('Vertex',(126.076287705,321.31499043,36.6625760043)) ;
#3399=CARTESIAN_POINT('Control Point',(126.076287705,321.31499043,36.662576004)) ;
#3400=CARTESIAN_POINT('Control Point',(126.076287705,321.31499043,36.0453303725)) ;
#3401=CARTESIAN_POINT('Control Point',(126.151286164,321.31499043,35.4280851586)) ;
#3402=CARTESIAN_POINT('Control Point',(126.301303406,321.31499043,34.8229615375)) ;
#3403=CARTESIAN_POINT('Control Point',(126.745326504,321.31499043,33.661362078)) ;
#3404=CARTESIAN_POINT('Control Point',(127.454602333,321.31499043,32.6398957342)) ;
#3405=CARTESIAN_POINT('Control Point',(127.869909417,321.31499043,32.1749228376)) ;
#3406=CARTESIAN_POINT('Control Point',(128.805113707,321.31499043,31.355250495)) ;
#3407=CARTESIAN_POINT('Control Point',(129.909395253,321.31499043,30.7833869131)) ;
#3408=CARTESIAN_POINT('Control Point',(130.493804188,321.31499043,30.5662556783)) ;
#3409=CARTESIAN_POINT('Control Point',(131.238987027,321.31499043,30.3889179053)) ;
#3410=CARTESIAN_POINT('Control Point',(131.996972041,321.31499043,30.3246785353)) ;
#3411=CARTESIAN_POINT('Control Point',(132.139975723,321.31499043,30.3166104519)) ;
#3412=CARTESIAN_POINT('Control Point',(132.283131476,321.31499043,30.312576684)) ;
#3413=CARTESIAN_POINT('Control Point',(132.426287705,321.31499043,30.3125771777)) ;
#3414=CARTESIAN_POINT('Vertex',(132.426287705,321.31499043,30.3125760043)) ;
#3418=CARTESIAN_POINT('Control Point',(132.426287705,321.31499043,30.3125771777)) ;
#3419=CARTESIAN_POINT('Control Point',(132.900382763,321.31499043,30.3125788129)) ;
#3420=CARTESIAN_POINT('Control Point',(133.374483044,321.31499043,30.3568264898)) ;
#3421=CARTESIAN_POINT('Control Point',(133.843082387,321.31499043,30.4453182591)) ;
#3422=CARTESIAN_POINT('Control Point',(134.89639973,321.31499043,30.7484882201)) ;
#3423=CARTESIAN_POINT('Control Point',(135.864212652,321.31499043,31.2699621627)) ;
#3424=CARTESIAN_POINT('Control Point',(136.372949387,321.31499043,31.630332406)) ;
#3425=CARTESIAN_POINT('Control Point',(137.292613746,321.31499043,32.4674030563)) ;
#3426=CARTESIAN_POINT('Control Point',(137.985060194,321.31499043,33.500352038)) ;
#3427=CARTESIAN_POINT('Control Point',(138.266549084,321.31499043,34.0566287527)) ;
#3428=CARTESIAN_POINT('Control Point',(138.575535865,321.31499043,34.9127802603)) ;
#3429=CARTESIAN_POINT('Control Point',(138.727877748,321.31499043,35.8048558131)) ;
#3430=CARTESIAN_POINT('Control Point',(138.760151128,321.31499043,36.0899545362)) ;
#3431=CARTESIAN_POINT('Control Point',(138.776287704,321.31499043,36.3762653151)) ;
#3432=CARTESIAN_POINT('Control Point',(138.776287704,321.31499043,36.662576004)) ;
#3441=CARTESIAN_POINT('Control Point',(138.776287704,321.31499043,92.7891767613)) ;
#3442=CARTESIAN_POINT('Control Point',(138.776287704,321.31499043,93.4064223952)) ;
#3443=CARTESIAN_POINT('Control Point',(138.701289245,321.31499043,94.0236676115)) ;
#3444=CARTESIAN_POINT('Control Point',(138.551272006,321.31499043,94.6287912233)) ;
#3445=CARTESIAN_POINT('Control Point',(138.107248907,321.31499043,95.7903906842)) ;
#3446=CARTESIAN_POINT('Control Point',(137.397973078,321.31499043,96.8118570291)) ;
#3447=CARTESIAN_POINT('Control Point',(136.982665993,321.31499043,97.2768299293)) ;
#3448=CARTESIAN_POINT('Control Point',(136.047461705,321.31499043,98.0965022695)) ;
#3449=CARTESIAN_POINT('Control Point',(134.943180163,321.31499043,98.6683658504)) ;
#3450=CARTESIAN_POINT('Control Point',(134.35877122,321.31499043,98.8854970879)) ;
#3451=CARTESIAN_POINT('Control Point',(133.613588382,321.31499043,99.0628348603)) ;
#3452=CARTESIAN_POINT('Control Point',(132.85560337,321.31499043,99.1270742301)) ;
#3453=CARTESIAN_POINT('Control Point',(132.712599688,321.31499043,99.1351423135)) ;
#3454=CARTESIAN_POINT('Control Point',(132.569443934,321.31499043,99.1391760814)) ;
#3455=CARTESIAN_POINT('Control Point',(132.426287705,321.31499043,99.1391755877)) ;
#3456=CARTESIAN_POINT('Vertex',(138.776287705,321.31499043,92.789176761)) ;
#3458=CARTESIAN_POINT('Vertex',(132.426287705,321.31499043,99.139176761)) ;
#3462=CARTESIAN_POINT('Control Point',(132.426287705,321.31499043,99.1391755877)) ;
#3463=CARTESIAN_POINT('Control Point',(131.952192647,321.31499043,99.1391739525)) ;
#3464=CARTESIAN_POINT('Control Point',(131.478092367,321.31499043,99.0949262756)) ;
#3465=CARTESIAN_POINT('Control Point',(131.009493025,321.31499043,99.0064345065)) ;
#3466=CARTESIAN_POINT('Control Point',(129.956175678,321.31499043,98.7032645446)) ;
#3467=CARTESIAN_POINT('Control Point',(128.988362754,321.31499043,98.1817905994)) ;
#3468=CARTESIAN_POINT('Control Point',(128.479626029,321.31499043,97.8214203638)) ;
#3469=CARTESIAN_POINT('Control Point',(127.559961666,321.31499043,96.9843497108)) ;
#3470=CARTESIAN_POINT('Control Point',(126.867515215,321.31499043,95.9514007248)) ;
#3471=CARTESIAN_POINT('Control Point',(126.586026327,321.31499043,95.3951240154)) ;
#3472=CARTESIAN_POINT('Control Point',(126.277039547,321.31499043,94.5389725114)) ;
#3473=CARTESIAN_POINT('Control Point',(126.124697663,321.31499043,93.6468969625)) ;
#3474=CARTESIAN_POINT('Control Point',(126.092424281,321.31499043,93.3617982186)) ;
#3475=CARTESIAN_POINT('Control Point',(126.076287705,321.31499043,93.075487445)) ;
#3476=CARTESIAN_POINT('Control Point',(126.076287705,321.31499043,92.7891767613)) ;
#3477=CARTESIAN_POINT('Vertex',(126.076287705,321.31499043,92.789176761)) ;
#3481=CARTESIAN_POINT('Control Point',(126.076287705,321.31499043,92.7891767613)) ;
#3482=CARTESIAN_POINT('Control Point',(126.076287705,321.31499043,92.1719311292)) ;
#3483=CARTESIAN_POINT('Control Point',(126.151286164,321.31499043,91.5546859147)) ;
#3484=CARTESIAN_POINT('Control Point',(126.301303405,321.31499043,90.9495622958)) ;
#3485=CARTESIAN_POINT('Control Point',(126.745326505,321.31499043,89.7879628342)) ;
#3486=CARTESIAN_POINT('Control Point',(127.454602335,321.31499043,88.7664964887)) ;
#3487=CARTESIAN_POINT('Control Point',(127.869909414,321.31499043,88.301523597)) ;
#3488=CARTESIAN_POINT('Control Point',(128.805113707,321.31499043,87.4818512515)) ;
#3489=CARTESIAN_POINT('Control Point',(129.909395257,321.31499043,86.9099876682)) ;
#3490=CARTESIAN_POINT('Control Point',(130.493804184,321.31499043,86.6928564366)) ;
#3491=CARTESIAN_POINT('Control Point',(131.238987025,321.31499043,86.5155186628)) ;
#3492=CARTESIAN_POINT('Control Point',(131.99697204,321.31499043,86.4512792925)) ;
#3493=CARTESIAN_POINT('Control Point',(132.139975723,321.31499043,86.4432112092)) ;
#3494=CARTESIAN_POINT('Control Point',(132.283131476,321.31499043,86.4391774412)) ;
#3495=CARTESIAN_POINT('Control Point',(132.426287705,321.31499043,86.4391779349)) ;
#3496=CARTESIAN_POINT('Vertex',(132.426287705,321.31499043,86.439176761)) ;
#3500=CARTESIAN_POINT('Control Point',(132.426287705,321.31499043,86.4391779349)) ;
#3501=CARTESIAN_POINT('Control Point',(132.900382763,321.31499043,86.43917957)) ;
#3502=CARTESIAN_POINT('Control Point',(133.374483044,321.31499043,86.4834272466)) ;
#3503=CARTESIAN_POINT('Control Point',(133.84308239,321.31499043,86.5719190153)) ;
#3504=CARTESIAN_POINT('Control Point',(134.89639973,321.31499043,86.8750889758)) ;
#3505=CARTESIAN_POINT('Control Point',(135.86421265,321.31499043,87.3965629169)) ;
#3506=CARTESIAN_POINT('Control Point',(136.372949389,321.31499043,87.756933165)) ;
#3507=CARTESIAN_POINT('Control Point',(137.292613748,321.31499043,88.5940038153)) ;
#3508=CARTESIAN_POINT('Control Point',(137.985060196,321.31499043,89.6269527971)) ;
#3509=CARTESIAN_POINT('Control Point',(138.266549083,321.31499043,90.1832295078)) ;
#3510=CARTESIAN_POINT('Control Point',(138.575535865,321.31499043,91.0393810171)) ;
#3511=CARTESIAN_POINT('Control Point',(138.727877748,321.31499043,91.9314565716)) ;
#3512=CARTESIAN_POINT('Control Point',(138.760151127,321.31499043,92.2165552923)) ;
#3513=CARTESIAN_POINT('Control Point',(138.776287704,321.31499043,92.5028660717)) ;
#3514=CARTESIAN_POINT('Control Point',(138.776287704,321.31499043,92.7891767613)) ;
#3523=CARTESIAN_POINT('Control Point',(194.902888462,321.31499043,92.7891767613)) ;
#3524=CARTESIAN_POINT('Control Point',(194.902888462,321.31499043,93.4064223928)) ;
#3525=CARTESIAN_POINT('Control Point',(194.827890003,321.31499043,94.0236676068)) ;
#3526=CARTESIAN_POINT('Control Point',(194.677872761,321.31499043,94.6287912278)) ;
#3527=CARTESIAN_POINT('Control Point',(194.233849662,321.31499043,95.7903906872)) ;
#3528=CARTESIAN_POINT('Control Point',(193.524573834,321.31499043,96.8118570311)) ;
#3529=CARTESIAN_POINT('Control Point',(193.10926675,321.31499043,97.2768299277)) ;
#3530=CARTESIAN_POINT('Control Point',(192.17406246,321.31499043,98.0965022703)) ;
#3531=CARTESIAN_POINT('Control Point',(191.069780914,321.31499043,98.6683658522)) ;
#3532=CARTESIAN_POINT('Control Point',(190.485371979,321.31499043,98.885497087)) ;
#3533=CARTESIAN_POINT('Control Point',(189.74018914,321.31499043,99.06283486)) ;
#3534=CARTESIAN_POINT('Control Point',(188.982204126,321.31499043,99.1270742301)) ;
#3535=CARTESIAN_POINT('Control Point',(188.839200444,321.31499043,99.1351423134)) ;
#3536=CARTESIAN_POINT('Control Point',(188.696044691,321.31499043,99.1391760814)) ;
#3537=CARTESIAN_POINT('Control Point',(188.552888462,321.31499043,99.1391755876)) ;
#3538=CARTESIAN_POINT('Vertex',(194.902888462,321.31499043,92.789176761)) ;
#3540=CARTESIAN_POINT('Vertex',(188.552888462,321.31499043,99.139176761)) ;
#3544=CARTESIAN_POINT('Control Point',(188.552888462,321.31499043,99.1391755876)) ;
#3545=CARTESIAN_POINT('Control Point',(188.078793404,321.31499043,99.1391739525)) ;
#3546=CARTESIAN_POINT('Control Point',(187.604693123,321.31499043,99.0949262755)) ;
#3547=CARTESIAN_POINT('Control Point',(187.13609378,321.31499043,99.0064345062)) ;
#3548=CARTESIAN_POINT('Control Point',(186.082776437,321.31499043,98.7032645453)) ;
#3549=CARTESIAN_POINT('Control Point',(185.114963515,321.31499043,98.1817906026)) ;
#3550=CARTESIAN_POINT('Control Point',(184.60622678,321.31499043,97.8214203594)) ;
#3551=CARTESIAN_POINT('Control Point',(183.686562421,321.31499043,96.9843497091)) ;
#3552=CARTESIAN_POINT('Control Point',(182.994115972,321.31499043,95.9514007273)) ;
#3553=CARTESIAN_POINT('Control Point',(182.712627083,321.31499043,95.3951240126)) ;
#3554=CARTESIAN_POINT('Control Point',(182.403640302,321.31499043,94.538972505)) ;
#3555=CARTESIAN_POINT('Control Point',(182.251298419,321.31499043,93.6468969522)) ;
#3556=CARTESIAN_POINT('Control Point',(182.219025039,321.31499043,93.3617982291)) ;
#3557=CARTESIAN_POINT('Control Point',(182.202888462,321.31499043,93.0754874503)) ;
#3558=CARTESIAN_POINT('Control Point',(182.202888462,321.31499043,92.7891767613)) ;
#3559=CARTESIAN_POINT('Vertex',(182.202888462,321.31499043,92.789176761)) ;
#3563=CARTESIAN_POINT('Control Point',(182.202888462,321.31499043,92.7891767613)) ;
#3564=CARTESIAN_POINT('Control Point',(182.202888462,321.31499043,92.1719311268)) ;
#3565=CARTESIAN_POINT('Control Point',(182.277886922,321.31499043,91.5546859099)) ;
#3566=CARTESIAN_POINT('Control Point',(182.427904161,321.31499043,90.9495623004)) ;
#3567=CARTESIAN_POINT('Control Point',(182.87192726,321.31499043,89.7879628373)) ;
#3568=CARTESIAN_POINT('Control Point',(183.581203091,321.31499043,88.7664964907)) ;
#3569=CARTESIAN_POINT('Control Point',(183.996510171,321.31499043,88.3015235955)) ;
#3570=CARTESIAN_POINT('Control Point',(184.931714462,321.31499043,87.4818512523)) ;
#3571=CARTESIAN_POINT('Control Point',(186.035996008,321.31499043,86.90998767)) ;
#3572=CARTESIAN_POINT('Control Point',(186.620404943,321.31499043,86.6928564357)) ;
#3573=CARTESIAN_POINT('Control Point',(187.365587782,321.31499043,86.5155186625)) ;
#3574=CARTESIAN_POINT('Control Point',(188.123572796,321.31499043,86.4512792925)) ;
#3575=CARTESIAN_POINT('Control Point',(188.266576479,321.31499043,86.4432112091)) ;
#3576=CARTESIAN_POINT('Control Point',(188.409732232,321.31499043,86.4391774411)) ;
#3577=CARTESIAN_POINT('Control Point',(188.552888462,321.31499043,86.4391779349)) ;
#3578=CARTESIAN_POINT('Vertex',(188.552888462,321.31499043,86.439176761)) ;
#3582=CARTESIAN_POINT('Control Point',(188.552888462,321.31499043,86.4391779349)) ;
#3583=CARTESIAN_POINT('Control Point',(189.02698352,321.31499043,86.43917957)) ;
#3584=CARTESIAN_POINT('Control Point',(189.5010838,321.31499043,86.4834272465)) ;
#3585=CARTESIAN_POINT('Control Point',(189.969683144,321.31499043,86.5719190151)) ;
#3586=CARTESIAN_POINT('Control Point',(191.023000488,321.31499043,86.8750889765)) ;
#3587=CARTESIAN_POINT('Control Point',(191.990813411,321.31499043,87.39656292)) ;
#3588=CARTESIAN_POINT('Control Point',(192.499550139,321.31499043,87.7569331605)) ;
#3589=CARTESIAN_POINT('Control Point',(193.419214502,321.31499043,88.5940038135)) ;
#3590=CARTESIAN_POINT('Control Point',(194.111660953,321.31499043,89.6269527994)) ;
#3591=CARTESIAN_POINT('Control Point',(194.393149839,321.31499043,90.1832295052)) ;
#3592=CARTESIAN_POINT('Control Point',(194.70213662,321.31499043,91.0393810107)) ;
#3593=CARTESIAN_POINT('Control Point',(194.854478504,321.31499043,91.9314565612)) ;
#3594=CARTESIAN_POINT('Control Point',(194.886751885,321.31499043,92.2165553028)) ;
#3595=CARTESIAN_POINT('Control Point',(194.902888462,321.31499043,92.5028660769)) ;
#3596=CARTESIAN_POINT('Control Point',(194.902888462,321.31499043,92.7891767613)) ;
#3605=CARTESIAN_POINT('Control Point',(194.902888462,321.31499043,36.662576004)) ;
#3606=CARTESIAN_POINT('Control Point',(194.902888462,321.31499043,37.2798216362)) ;
#3607=CARTESIAN_POINT('Control Point',(194.827890003,321.31499043,37.8970668507)) ;
#3608=CARTESIAN_POINT('Control Point',(194.677872762,321.31499043,38.5021904694)) ;
#3609=CARTESIAN_POINT('Control Point',(194.233849662,321.31499043,39.663789931)) ;
#3610=CARTESIAN_POINT('Control Point',(193.524573832,321.31499043,40.6852562765)) ;
#3611=CARTESIAN_POINT('Control Point',(193.109266753,321.31499043,41.1502291683)) ;
#3612=CARTESIAN_POINT('Control Point',(192.17406246,321.31499043,41.9699015138)) ;
#3613=CARTESIAN_POINT('Control Point',(191.06978091,321.31499043,42.5417650971)) ;
#3614=CARTESIAN_POINT('Control Point',(190.485371983,321.31499043,42.7588963287)) ;
#3615=CARTESIAN_POINT('Control Point',(189.740189142,321.31499043,42.9362341025)) ;
#3616=CARTESIAN_POINT('Control Point',(188.982204127,321.31499043,43.0004734728)) ;
#3617=CARTESIAN_POINT('Control Point',(188.839200444,321.31499043,43.0085415561)) ;
#3618=CARTESIAN_POINT('Control Point',(188.696044691,321.31499043,43.0125753241)) ;
#3619=CARTESIAN_POINT('Control Point',(188.552888462,321.31499043,43.0125748304)) ;
#3620=CARTESIAN_POINT('Vertex',(194.902888462,321.31499043,36.6625760043)) ;
#3622=CARTESIAN_POINT('Vertex',(188.552888462,321.31499043,43.0125760043)) ;
#3626=CARTESIAN_POINT('Control Point',(188.552888462,321.31499043,43.0125748304)) ;
#3627=CARTESIAN_POINT('Control Point',(188.078793404,321.31499043,43.0125731953)) ;
#3628=CARTESIAN_POINT('Control Point',(187.604693123,321.31499043,42.9683255188)) ;
#3629=CARTESIAN_POINT('Control Point',(187.136093777,321.31499043,42.87983375)) ;
#3630=CARTESIAN_POINT('Control Point',(186.082776437,321.31499043,42.5766637895)) ;
#3631=CARTESIAN_POINT('Control Point',(185.114963517,321.31499043,42.0551898484)) ;
#3632=CARTESIAN_POINT('Control Point',(184.606226778,321.31499043,41.6948196004)) ;
#3633=CARTESIAN_POINT('Control Point',(183.686562419,321.31499043,40.85774895)) ;
#3634=CARTESIAN_POINT('Control Point',(182.994115971,321.31499043,39.8247999683)) ;
#3635=CARTESIAN_POINT('Control Point',(182.712627084,321.31499043,39.2685232574)) ;
#3636=CARTESIAN_POINT('Control Point',(182.403640302,321.31499043,38.4123717482)) ;
#3637=CARTESIAN_POINT('Control Point',(182.251298418,321.31499043,37.5202961938)) ;
#3638=CARTESIAN_POINT('Control Point',(182.219025039,321.31499043,37.2351974731)) ;
#3639=CARTESIAN_POINT('Control Point',(182.202888462,321.31499043,36.9488866936)) ;
#3640=CARTESIAN_POINT('Control Point',(182.202888462,321.31499043,36.662576004)) ;
#3641=CARTESIAN_POINT('Vertex',(182.202888462,321.31499043,36.6625760043)) ;
#3645=CARTESIAN_POINT('Control Point',(182.202888462,321.31499043,36.662576004)) ;
#3646=CARTESIAN_POINT('Control Point',(182.202888462,321.31499043,36.0453303701)) ;
#3647=CARTESIAN_POINT('Control Point',(182.277886922,321.31499043,35.4280851538)) ;
#3648=CARTESIAN_POINT('Control Point',(182.427904161,321.31499043,34.822961542)) ;
#3649=CARTESIAN_POINT('Control Point',(182.87192726,321.31499043,33.6613620811)) ;
#3650=CARTESIAN_POINT('Control Point',(183.581203089,321.31499043,32.6398957361)) ;
#3651=CARTESIAN_POINT('Control Point',(183.996510174,321.31499043,32.1749228361)) ;
#3652=CARTESIAN_POINT('Control Point',(184.931714462,321.31499043,31.3552504958)) ;
#3653=CARTESIAN_POINT('Control Point',(186.035996004,321.31499043,30.7833869149)) ;
#3654=CARTESIAN_POINT('Control Point',(186.620404947,321.31499043,30.5662556774)) ;
#3655=CARTESIAN_POINT('Control Point',(187.365587785,321.31499043,30.3889179051)) ;
#3656=CARTESIAN_POINT('Control Point',(188.123572797,321.31499043,30.3246785352)) ;
#3657=CARTESIAN_POINT('Control Point',(188.266576479,321.31499043,30.3166104519)) ;
#3658=CARTESIAN_POINT('Control Point',(188.409732232,321.31499043,30.3125766839)) ;
#3659=CARTESIAN_POINT('Control Point',(188.552888462,321.31499043,30.3125771777)) ;
#3660=CARTESIAN_POINT('Vertex',(188.552888462,321.31499043,30.3125760043)) ;
#3664=CARTESIAN_POINT('Control Point',(188.552888462,321.31499043,30.3125771777)) ;
#3665=CARTESIAN_POINT('Control Point',(189.02698352,321.31499043,30.3125788128)) ;
#3666=CARTESIAN_POINT('Control Point',(189.501083799,321.31499043,30.3568264897)) ;
#3667=CARTESIAN_POINT('Control Point',(189.969683141,321.31499043,30.4453182589)) ;
#3668=CARTESIAN_POINT('Control Point',(191.023000488,321.31499043,30.7484882208)) ;
#3669=CARTESIAN_POINT('Control Point',(191.990813413,321.31499043,31.2699621659)) ;
#3670=CARTESIAN_POINT('Control Point',(192.499550137,321.31499043,31.6303324015)) ;
#3671=CARTESIAN_POINT('Control Point',(193.419214501,321.31499043,32.4674030545)) ;
#3672=CARTESIAN_POINT('Control Point',(194.111660951,321.31499043,33.5003520404)) ;
#3673=CARTESIAN_POINT('Control Point',(194.39314984,321.31499043,34.05662875)) ;
#3674=CARTESIAN_POINT('Control Point',(194.70213662,321.31499043,34.912780254)) ;
#3675=CARTESIAN_POINT('Control Point',(194.854478504,321.31499043,35.8048558028)) ;
#3676=CARTESIAN_POINT('Control Point',(194.886751885,321.31499043,36.0899545467)) ;
#3677=CARTESIAN_POINT('Control Point',(194.902888462,321.31499043,36.3762653203)) ;
#3678=CARTESIAN_POINT('Control Point',(194.902888462,321.31499043,36.662576004)) ;
#3688=CARTESIAN_POINT('Axis2P3D Location',(-369.100411917,156.21499043,64.7258763827)) ;
#3693=CARTESIAN_POINT('Line Origine',(-2112332.9693,156.21499043,-1337618.56308)) ;
#3697=CARTESIAN_POINT('Vertex',(-369.100411917,156.21499043,-41.4461236173)) ;
#3700=CARTESIAN_POINT('Axis2P3D Location',(-369.100411917,156.21499043,64.7258763827)) ;
#3713=CARTESIAN_POINT('Axis2P3D Location',(-369.100411917,156.21499043,64.7258763827)) ;
#3726=CARTESIAN_POINT('Axis2P3D Location',(-369.100411917,115.19399043,56.6336944851)) ;
#3732=CARTESIAN_POINT('Control Point',(-369.100411917,50.3518231999,72.8180582806)) ;
#3733=CARTESIAN_POINT('Control Point',(-369.100411917,50.1048768546,69.5874682401)) ;
#3734=CARTESIAN_POINT('Control Point',(-369.100411917,49.9811640257,66.3474582693)) ;
#3735=CARTESIAN_POINT('Control Point',(-369.100411917,49.9811640193,63.1042945785)) ;
#3736=CARTESIAN_POINT('Control Point',(-369.100411917,50.1048768546,59.8642845256)) ;
#3737=CARTESIAN_POINT('Control Point',(-369.100411917,50.3518231999,56.6336944851)) ;
#3747=CARTESIAN_POINT('Line Origine',(-2112332.9693,156.21499043,1337748.01484)) ;
#3751=CARTESIAN_POINT('Vertex',(-369.100411917,156.21499043,170.897876383)) ;
#3754=CARTESIAN_POINT('Axis2P3D Location',(-369.100411917,156.21499043,64.7258763827)) ;
#3767=CARTESIAN_POINT('Axis2P3D Location',(-369.100411917,156.21499043,64.7258763827)) ;
#3781=CARTESIAN_POINT('Control Point',(-369.100411917,262.078157661,56.6336944848)) ;
#3782=CARTESIAN_POINT('Control Point',(-369.100411917,262.325104006,59.8642845254)) ;
#3783=CARTESIAN_POINT('Control Point',(-369.100411917,262.448816835,63.1042944964)) ;
#3784=CARTESIAN_POINT('Control Point',(-369.100411917,262.448816841,66.3474581865)) ;
#3785=CARTESIAN_POINT('Control Point',(-369.100411917,262.325104006,69.5874682395)) ;
#3786=CARTESIAN_POINT('Control Point',(-369.100411917,262.078157661,72.8180582802)) ;
#3796=CARTESIAN_POINT('Axis2P3D Location',(-487.210411917,156.21499043,204.070276383)) ;
#3812=CARTESIAN_POINT('Control Point',(-460.286411916,156.21499043,204.070276383)) ;
#3813=CARTESIAN_POINT('Control Point',(-460.286411916,158.75696626,204.070276383)) ;
#3814=CARTESIAN_POINT('Control Point',(-460.586406397,161.298941697,204.070276383)) ;
#3815=CARTESIAN_POINT('Control Point',(-461.186468491,163.793816654,204.070276383)) ;
#3816=CARTESIAN_POINT('Control Point',(-462.963928088,168.594566249,204.070276383)) ;
#3817=CARTESIAN_POINT('Control Point',(-465.81012233,172.849648106,204.070276383)) ;
#3818=CARTESIAN_POINT('Control Point',(-467.479050397,174.798790121,204.070276383)) ;
#3819=CARTESIAN_POINT('Control Point',(-471.245154146,178.266213068,204.070276383)) ;
#3820=CARTESIAN_POINT('Control Point',(-475.714972502,180.761662364,204.070276383)) ;
#3821=CARTESIAN_POINT('Control Point',(-478.087702497,181.738712949,204.070276383)) ;
#3822=CARTESIAN_POINT('Control Point',(-483.018646719,183.114339493,204.070276383)) ;
#3823=CARTESIAN_POINT('Control Point',(-488.134353827,183.304297577,204.070276383)) ;
#3824=CARTESIAN_POINT('Control Point',(-490.691870938,183.095535096,204.070276383)) ;
#3825=CARTESIAN_POINT('Control Point',(-495.709052852,182.078458446,204.070276383)) ;
#3826=CARTESIAN_POINT('Control Point',(-500.351630597,179.921373579,204.070276383)) ;
#3827=CARTESIAN_POINT('Control Point',(-502.534499351,178.572463066,204.070276383)) ;
#3828=CARTESIAN_POINT('Control Point',(-506.540452408,175.385160228,204.070276383)) ;
#3829=CARTESIAN_POINT('Control Point',(-509.694375769,171.352876671,204.070276383)) ;
#3830=CARTESIAN_POINT('Control Point',(-511.025111889,169.158881021,204.070276383)) ;
#3831=CARTESIAN_POINT('Control Point',(-512.778073695,165.302587544,204.070276383)) ;
#3832=CARTESIAN_POINT('Control Point',(-513.748357423,161.196292492,204.070276383)) ;
#3833=CARTESIAN_POINT('Control Point',(-514.005729089,159.544690392,204.070276383)) ;
#3834=CARTESIAN_POINT('Control Point',(-514.134411917,157.879840327,204.070276383)) ;
#3835=CARTESIAN_POINT('Control Point',(-514.134411917,156.21499043,204.070276383)) ;
#3836=CARTESIAN_POINT('Vertex',(-460.286411917,156.21499043,204.070276382)) ;
#3838=CARTESIAN_POINT('Vertex',(-514.134411917,156.21499043,204.070276383)) ;
#3842=CARTESIAN_POINT('Control Point',(-514.134411917,156.21499043,204.070276383)) ;
#3843=CARTESIAN_POINT('Control Point',(-514.134411917,153.6730146,204.070276383)) ;
#3844=CARTESIAN_POINT('Control Point',(-513.834417436,151.131039163,204.070276383)) ;
#3845=CARTESIAN_POINT('Control Point',(-513.234355343,148.636164207,204.070276383)) ;
#3846=CARTESIAN_POINT('Control Point',(-511.456895745,143.835414611,204.070276383)) ;
#3847=CARTESIAN_POINT('Control Point',(-508.610701503,139.580332754,204.070276383)) ;
#3848=CARTESIAN_POINT('Control Point',(-506.941773436,137.631190739,204.070276383)) ;
#3849=CARTESIAN_POINT('Control Point',(-503.175669687,134.163767792,204.070276383)) ;
#3850=CARTESIAN_POINT('Control Point',(-498.705851331,131.668318497,204.070276383)) ;
#3851=CARTESIAN_POINT('Control Point',(-496.333121336,130.691267911,204.070276383)) ;
#3852=CARTESIAN_POINT('Control Point',(-491.402177114,129.315641367,204.070276383)) ;
#3853=CARTESIAN_POINT('Control Point',(-486.286470006,129.125683284,204.070276383)) ;
#3854=CARTESIAN_POINT('Control Point',(-483.728952894,129.334445765,204.070276383)) ;
#3855=CARTESIAN_POINT('Control Point',(-478.711770981,130.351522415,204.070276383)) ;
#3856=CARTESIAN_POINT('Control Point',(-474.069193236,132.508607282,204.070276383)) ;
#3857=CARTESIAN_POINT('Control Point',(-471.886324482,133.857517794,204.070276383)) ;
#3858=CARTESIAN_POINT('Control Point',(-467.880371425,137.044820632,204.070276383)) ;
#3859=CARTESIAN_POINT('Control Point',(-464.726448064,141.07710419,204.070276383)) ;
#3860=CARTESIAN_POINT('Control Point',(-463.395711945,143.271099839,204.070276383)) ;
#3861=CARTESIAN_POINT('Control Point',(-461.642750139,147.127393316,204.070276383)) ;
#3862=CARTESIAN_POINT('Control Point',(-460.67246641,151.233688369,204.070276383)) ;
#3863=CARTESIAN_POINT('Control Point',(-460.415094744,152.885290468,204.070276383)) ;
#3864=CARTESIAN_POINT('Control Point',(-460.286411916,154.550140534,204.070276383)) ;
#3865=CARTESIAN_POINT('Control Point',(-460.286411916,156.21499043,204.070276383)) ;
#3873=CARTESIAN_POINT('Axis2P3D Location',(-662.505971917,156.21499043,64.7258763827)) ;
#3878=CARTESIAN_POINT('Line Origine',(2499302.66537,156.21499043,-4330122.61805)) ;
#3882=CARTESIAN_POINT('Vertex',(-662.505971917,156.21499043,-55.9241236173)) ;
#3885=CARTESIAN_POINT('Axis2P3D Location',(-662.505971917,156.21499043,64.7258763827)) ;
#3889=CARTESIAN_POINT('Vertex',(-662.505971917,45.2169904302,17.440926388)) ;
#3893=CARTESIAN_POINT('Control Point',(-662.505971917,45.2169904302,17.4409263877)) ;
#3894=CARTESIAN_POINT('Control Point',(-664.327588094,45.2169904302,25.4914085856)) ;
#3895=CARTESIAN_POINT('Control Point',(-665.829106168,45.2169903615,33.5773724372)) ;
#3896=CARTESIAN_POINT('Control Point',(-666.95717479,45.216990429,41.6797509414)) ;
#3897=CARTESIAN_POINT('Control Point',(-668.069389403,45.2169904309,54.3336161421)) ;
#3898=CARTESIAN_POINT('Control Point',(-668.146213402,45.2169904298,66.9904906419)) ;
#3899=CARTESIAN_POINT('Control Point',(-668.038328169,45.2169904321,71.539183096)) ;
#3900=CARTESIAN_POINT('Control Point',(-667.461132097,45.2169904276,82.3795799292)) ;
#3901=CARTESIAN_POINT('Control Point',(-666.143898134,45.2169904338,93.2123417203)) ;
#3902=CARTESIAN_POINT('Control Point',(-665.140555079,45.2169904713,99.4941351818)) ;
#3903=CARTESIAN_POINT('Control Point',(-663.91965616,45.2169904302,105.763165659)) ;
#3904=CARTESIAN_POINT('Control Point',(-662.505971917,45.2169904302,112.010826377)) ;
#3905=CARTESIAN_POINT('Vertex',(-662.505971917,45.2169904302,112.010826377)) ;
#3908=CARTESIAN_POINT('Axis2P3D Location',(-662.505971917,156.21499043,64.7258763827)) ;
#3912=CARTESIAN_POINT('Vertex',(-662.505971917,156.21499043,185.375876383)) ;
#3915=CARTESIAN_POINT('Line Origine',(2499302.66537,156.21499043,4330252.0698)) ;
#3931=CARTESIAN_POINT('Axis2P3D Location',(-662.505971917,156.21499043,64.7258763827)) ;
#3945=CARTESIAN_POINT('Axis2P3D Location',(-487.210411917,224.54099043,64.7258763827)) ;
#3950=CARTESIAN_POINT('Line Origine',(-487.210411917,224.540990431,76.7908763827)) ;
#3954=CARTESIAN_POINT('Vertex',(-487.210411916,261.948395394,76.7908763827)) ;
#3958=CARTESIAN_POINT('Control Point',(-487.210411916,261.948395394,52.6608763827)) ;
#3959=CARTESIAN_POINT('Control Point',(-484.93895245,261.948395394,52.6608763827)) ;
#3960=CARTESIAN_POINT('Control Point',(-482.667492992,261.987311856,53.1954317192)) ;
#3961=CARTESIAN_POINT('Control Point',(-480.565517406,262.06600011,54.2654285586)) ;
#3962=CARTESIAN_POINT('Control Point',(-477.911853755,262.20172581,56.54612411)) ;
#3963=CARTESIAN_POINT('Control Point',(-476.229368463,262.310621649,59.5357762699)) ;
#3964=CARTESIAN_POINT('Control Point',(-475.788488653,262.341053108,60.5953454479)) ;
#3965=CARTESIAN_POINT('Control Point',(-474.853168848,262.407393575,63.8986099469)) ;
#3966=CARTESIAN_POINT('Control Point',(-475.107207108,262.390625715,67.3931002166)) ;
#3967=CARTESIAN_POINT('Control Point',(-475.833202668,262.333783204,69.6398485722)) ;
#3968=CARTESIAN_POINT('Control Point',(-478.080101096,262.182573308,73.2891445974)) ;
#3969=CARTESIAN_POINT('Control Point',(-481.604916469,262.030563189,75.6665964624)) ;
#3970=CARTESIAN_POINT('Control Point',(-483.407278311,261.97566925,76.4162435276)) ;
#3971=CARTESIAN_POINT('Control Point',(-485.308845111,261.948395394,76.7908763826)) ;
#3972=CARTESIAN_POINT('Control Point',(-487.210411916,261.948395394,76.7908763827)) ;
#3973=CARTESIAN_POINT('Vertex',(-487.210411916,261.948395394,52.6608763827)) ;
#3976=CARTESIAN_POINT('Line Origine',(-487.210411917,224.540990431,52.6608763827)) ;
#3991=CARTESIAN_POINT('Control Point',(-499.275411917,262.38699043,64.7258763827)) ;
#3992=CARTESIAN_POINT('Control Point',(-499.275411917,262.38699043,60.934326819)) ;
#3993=CARTESIAN_POINT('Control Point',(-497.788729587,262.279971324,57.1395186734)) ;
#3994=CARTESIAN_POINT('Control Point',(-494.796748163,262.055858793,54.1475544413)) ;
#3995=CARTESIAN_POINT('Control Point',(-491.00196148,261.948395394,52.6608763827)) ;
#3996=CARTESIAN_POINT('Control Point',(-487.210411917,261.948395394,52.6608763827)) ;
#3997=CARTESIAN_POINT('Vertex',(-499.275411917,262.38699043,64.7258763827)) ;
#4001=CARTESIAN_POINT('Control Point',(-487.210411917,261.948395394,76.7908763827)) ;
#4002=CARTESIAN_POINT('Control Point',(-491.001961785,261.948395394,76.7908763827)) ;
#4003=CARTESIAN_POINT('Control Point',(-494.796749496,262.055858801,75.3041987331)) ;
#4004=CARTESIAN_POINT('Control Point',(-497.788732393,262.279971433,72.3122286277)) ;
#4005=CARTESIAN_POINT('Control Point',(-499.275411917,262.38699043,68.5174262506)) ;
#4006=CARTESIAN_POINT('Control Point',(-499.275411917,262.38699043,64.7258763827)) ;
#4018=CARTESIAN_POINT('Axis2P3D Location',(-182.410411917,156.21499043,64.7258763827)) ;
#4023=CARTESIAN_POINT('Line Origine',(-182.410411917,156.21499043,42.196546443)) ;
#4027=CARTESIAN_POINT('Vertex',(-169.710411917,156.21499043,42.196546443)) ;
#4030=CARTESIAN_POINT('Line Origine',(-182.410411917,156.21499043,87.2552063223)) ;
#4034=CARTESIAN_POINT('Vertex',(-169.710411917,156.21499043,87.2552063223)) ;
#4037=CARTESIAN_POINT('Axis2P3D Location',(-169.710411917,156.21499043,64.7258763827)) ;
#4041=CARTESIAN_POINT('Vertex',(-169.710411917,178.74432037,64.7258763827)) ;
#4045=CARTESIAN_POINT('Control Point',(-169.710411917,156.21499043,42.196546443)) ;
#4046=CARTESIAN_POINT('Control Point',(-169.710411917,163.292788173,42.196546443)) ;
#4047=CARTESIAN_POINT('Control Point',(-169.710411917,170.377189547,44.9679920567)) ;
#4048=CARTESIAN_POINT('Control Point',(-169.710411917,175.972874756,50.5636772654)) ;
#4049=CARTESIAN_POINT('Control Point',(-169.710411917,178.74432037,57.6480786398)) ;
#4050=CARTESIAN_POINT('Control Point',(-169.710411917,178.74432037,64.7258763827)) ;
#4062=CARTESIAN_POINT('Axis2P3D Location',(-182.410411917,156.21499043,64.7258763827)) ;
#4068=CARTESIAN_POINT('Control Point',(-169.710411917,133.685660491,64.7258763827)) ;
#4069=CARTESIAN_POINT('Control Point',(-169.710411917,133.685660491,57.6480786398)) ;
#4070=CARTESIAN_POINT('Control Point',(-169.710411917,136.457106104,50.5636772654)) ;
#4071=CARTESIAN_POINT('Control Point',(-169.710411917,142.052791313,44.9679920567)) ;
#4072=CARTESIAN_POINT('Control Point',(-169.710411917,149.137192687,42.196546443)) ;
#4073=CARTESIAN_POINT('Control Point',(-169.710411917,156.21499043,42.196546443)) ;
#4074=CARTESIAN_POINT('Vertex',(-169.710411917,133.685660491,64.7258763827)) ;
#4077=CARTESIAN_POINT('Axis2P3D Location',(-169.710411917,156.21499043,64.7258763827)) ;
#4092=CARTESIAN_POINT('Axis2P3D Location',(262.089588083,121.416497961,29.9273839135)) ;
#4098=CARTESIAN_POINT('Control Point',(244.627088083,121.416497961,36.2773839135)) ;
#4099=CARTESIAN_POINT('Control Point',(244.627088083,123.411409296,36.2773839135)) ;
#4100=CARTESIAN_POINT('Control Point',(244.627088083,125.408181896,35.4962386378)) ;
#4101=CARTESIAN_POINT('Control Point',(244.627088083,126.985352685,33.9190678489)) ;
#4102=CARTESIAN_POINT('Control Point',(244.627088083,127.766497961,31.9222952485)) ;
#4103=CARTESIAN_POINT('Control Point',(244.627088083,127.766497961,29.9273839135)) ;
#4104=CARTESIAN_POINT('Vertex',(244.627088083,121.416497961,36.2773839135)) ;
#4106=CARTESIAN_POINT('Vertex',(244.627088083,127.766497961,29.9273839135)) ;
#4109=CARTESIAN_POINT('Axis2P3D Location',(244.627088083,121.416497961,29.9273839135)) ;
#4113=CARTESIAN_POINT('Vertex',(244.627088083,121.416497961,23.5773839135)) ;
#4116=CARTESIAN_POINT('Line Origine',(262.089588083,121.416497961,23.5773839135)) ;
#4121=CARTESIAN_POINT('Line Origine',(262.089588083,121.416497961,36.2773839135)) ;
#4136=CARTESIAN_POINT('Axis2P3D Location',(244.627088083,121.416497961,29.9273839135)) ;
#4140=CARTESIAN_POINT('Vertex',(244.627088083,115.066497961,29.9273839135)) ;
#4144=CARTESIAN_POINT('Control Point',(244.627088083,115.066497961,29.9273839135)) ;
#4145=CARTESIAN_POINT('Control Point',(244.627088083,115.066497961,31.9222952485)) ;
#4146=CARTESIAN_POINT('Control Point',(244.627088083,115.847643237,33.9190678489)) ;
#4147=CARTESIAN_POINT('Control Point',(244.627088083,117.424814026,35.4962386378)) ;
#4148=CARTESIAN_POINT('Control Point',(244.627088083,119.421586626,36.2773839135)) ;
#4149=CARTESIAN_POINT('Control Point',(244.627088083,121.416497961,36.2773839135)) ;
#4161=CARTESIAN_POINT('Axis2P3D Location',(262.089588083,121.416497961,99.5243688518)) ;
#4167=CARTESIAN_POINT('Control Point',(244.627088083,121.416497961,105.874368852)) ;
#4168=CARTESIAN_POINT('Control Point',(244.627088083,123.411409296,105.874368852)) ;
#4169=CARTESIAN_POINT('Control Point',(244.627088083,125.408181896,105.093223576)) ;
#4170=CARTESIAN_POINT('Control Point',(244.627088083,126.985352685,103.516052787)) ;
#4171=CARTESIAN_POINT('Control Point',(244.627088083,127.766497961,101.519280187)) ;
#4172=CARTESIAN_POINT('Control Point',(244.627088083,127.766497961,99.5243688518)) ;
#4173=CARTESIAN_POINT('Vertex',(244.627088083,121.416497961,105.874368852)) ;
#4175=CARTESIAN_POINT('Vertex',(244.627088083,127.766497961,99.5243688518)) ;
#4178=CARTESIAN_POINT('Axis2P3D Location',(244.627088083,121.416497961,99.5243688518)) ;
#4182=CARTESIAN_POINT('Vertex',(244.627088083,121.416497961,93.1743688518)) ;
#4185=CARTESIAN_POINT('Line Origine',(262.089588083,121.416497961,93.1743688518)) ;
#4190=CARTESIAN_POINT('Line Origine',(262.089588083,121.416497961,105.874368852)) ;
#4205=CARTESIAN_POINT('Axis2P3D Location',(244.627088083,121.416497961,99.5243688518)) ;
#4209=CARTESIAN_POINT('Vertex',(244.627088083,115.066497961,99.5243688518)) ;
#4213=CARTESIAN_POINT('Control Point',(244.627088083,115.066497961,99.5243688518)) ;
#4214=CARTESIAN_POINT('Control Point',(244.627088083,115.066497961,101.519280187)) ;
#4215=CARTESIAN_POINT('Control Point',(244.627088083,115.847643237,103.516052787)) ;
#4216=CARTESIAN_POINT('Control Point',(244.627088083,117.424814026,105.093223576)) ;
#4217=CARTESIAN_POINT('Control Point',(244.627088083,119.421586626,105.874368852)) ;
#4218=CARTESIAN_POINT('Control Point',(244.627088083,121.416497961,105.874368852)) ;
#4230=CARTESIAN_POINT('Axis2P3D Location',(262.089588083,191.013482899,99.5243688518)) ;
#4236=CARTESIAN_POINT('Control Point',(244.627088083,191.013482899,105.874368852)) ;
#4237=CARTESIAN_POINT('Control Point',(244.627088083,193.008394234,105.874368852)) ;
#4238=CARTESIAN_POINT('Control Point',(244.627088083,195.005166835,105.093223576)) ;
#4239=CARTESIAN_POINT('Control Point',(244.627088083,196.582337624,103.516052787)) ;
#4240=CARTESIAN_POINT('Control Point',(244.627088083,197.363482899,101.519280187)) ;
#4241=CARTESIAN_POINT('Control Point',(244.627088083,197.363482899,99.5243688518)) ;
#4242=CARTESIAN_POINT('Vertex',(244.627088083,191.013482899,105.874368852)) ;
#4244=CARTESIAN_POINT('Vertex',(244.627088083,197.363482899,99.5243688518)) ;
#4247=CARTESIAN_POINT('Axis2P3D Location',(244.627088083,191.013482899,99.5243688518)) ;
#4251=CARTESIAN_POINT('Vertex',(244.627088083,191.013482899,93.1743688518)) ;
#4254=CARTESIAN_POINT('Line Origine',(262.089588083,191.013482899,93.1743688518)) ;
#4259=CARTESIAN_POINT('Line Origine',(262.089588083,191.013482899,105.874368852)) ;
#4274=CARTESIAN_POINT('Axis2P3D Location',(244.627088083,191.013482899,99.5243688518)) ;
#4278=CARTESIAN_POINT('Vertex',(244.627088083,184.663482899,99.5243688518)) ;
#4282=CARTESIAN_POINT('Control Point',(244.627088083,184.663482899,99.5243688518)) ;
#4283=CARTESIAN_POINT('Control Point',(244.627088083,184.663482899,101.519280187)) ;
#4284=CARTESIAN_POINT('Control Point',(244.627088083,185.444628175,103.516052787)) ;
#4285=CARTESIAN_POINT('Control Point',(244.627088083,187.021798964,105.093223576)) ;
#4286=CARTESIAN_POINT('Control Point',(244.627088083,189.018571564,105.874368852)) ;
#4287=CARTESIAN_POINT('Control Point',(244.627088083,191.013482899,105.874368852)) ;
#4299=CARTESIAN_POINT('Axis2P3D Location',(262.089588083,191.013482899,29.9273839135)) ;
#4305=CARTESIAN_POINT('Control Point',(244.627088083,191.013482899,36.2773839135)) ;
#4306=CARTESIAN_POINT('Control Point',(244.627088083,193.008394234,36.2773839135)) ;
#4307=CARTESIAN_POINT('Control Point',(244.627088083,195.005166835,35.4962386378)) ;
#4308=CARTESIAN_POINT('Control Point',(244.627088083,196.582337624,33.9190678489)) ;
#4309=CARTESIAN_POINT('Control Point',(244.627088083,197.363482899,31.9222952485)) ;
#4310=CARTESIAN_POINT('Control Point',(244.627088083,197.363482899,29.9273839135)) ;
#4311=CARTESIAN_POINT('Vertex',(244.627088083,191.013482899,36.2773839135)) ;
#4313=CARTESIAN_POINT('Vertex',(244.627088083,197.363482899,29.9273839135)) ;
#4316=CARTESIAN_POINT('Axis2P3D Location',(244.627088083,191.013482899,29.9273839135)) ;
#4320=CARTESIAN_POINT('Vertex',(244.627088083,191.013482899,23.5773839135)) ;
#4323=CARTESIAN_POINT('Line Origine',(262.089588083,191.013482899,23.5773839135)) ;
#4328=CARTESIAN_POINT('Line Origine',(262.089588083,191.013482899,36.2773839135)) ;
#4343=CARTESIAN_POINT('Axis2P3D Location',(244.627088083,191.013482899,29.9273839135)) ;
#4347=CARTESIAN_POINT('Vertex',(244.627088083,184.663482899,29.9273839135)) ;
#4351=CARTESIAN_POINT('Control Point',(244.627088083,184.663482899,29.9273839135)) ;
#4352=CARTESIAN_POINT('Control Point',(244.627088083,184.663482899,31.9222952485)) ;
#4353=CARTESIAN_POINT('Control Point',(244.627088083,185.444628175,33.9190678489)) ;
#4354=CARTESIAN_POINT('Control Point',(244.627088083,187.021798964,35.4962386378)) ;
#4355=CARTESIAN_POINT('Control Point',(244.627088083,189.018571564,36.2773839135)) ;
#4356=CARTESIAN_POINT('Control Point',(244.627088083,191.013482899,36.2773839135)) ;
#4368=CARTESIAN_POINT('Axis2P3D Location',(262.089588083,156.21499043,64.7258763827)) ;
#4373=CARTESIAN_POINT('Line Origine',(262.089588083,156.21499043,128.225876383)) ;
#4377=CARTESIAN_POINT('Vertex',(244.627088083,156.21499043,128.225876383)) ;
#4380=CARTESIAN_POINT('Line Origine',(262.089588083,156.21499043,1.22587638266)) ;
#4384=CARTESIAN_POINT('Vertex',(244.627088083,156.21499043,1.22587638266)) ;
#4387=CARTESIAN_POINT('Axis2P3D Location',(244.627088083,156.21499043,64.7258763827)) ;
#4391=CARTESIAN_POINT('Vertex',(244.627088083,219.71499043,64.7258763827)) ;
#4395=CARTESIAN_POINT('Control Point',(244.627088083,156.21499043,128.225876383)) ;
#4396=CARTESIAN_POINT('Control Point',(244.627088083,166.189547105,128.225876383)) ;
#4397=CARTESIAN_POINT('Control Point',(244.627088083,176.164103781,126.267376759)) ;
#4398=CARTESIAN_POINT('Control Point',(244.627088083,185.625249342,122.348441952)) ;
#4399=CARTESIAN_POINT('Control Point',(244.627088083,202.5011394,111.012025353)) ;
#4400=CARTESIAN_POINT('Control Point',(244.627088083,213.837556,94.1361352947)) ;
#4401=CARTESIAN_POINT('Control Point',(244.627088083,217.756490807,84.674989733)) ;
#4402=CARTESIAN_POINT('Control Point',(244.627088083,219.71499043,74.7004330578)) ;
#4403=CARTESIAN_POINT('Control Point',(244.627088083,219.71499043,64.7258763827)) ;
#4416=CARTESIAN_POINT('Control Point',(244.627088083,92.7149904302,64.7258763827)) ;
#4417=CARTESIAN_POINT('Control Point',(244.627088083,92.7149904302,74.7004330578)) ;
#4418=CARTESIAN_POINT('Control Point',(244.627088083,94.6734900535,84.674989733)) ;
#4419=CARTESIAN_POINT('Control Point',(244.627088083,98.5924248608,94.1361352947)) ;
#4420=CARTESIAN_POINT('Control Point',(244.627088083,109.92884146,111.012025353)) ;
#4421=CARTESIAN_POINT('Control Point',(244.627088083,126.804731518,122.348441952)) ;
#4422=CARTESIAN_POINT('Control Point',(244.627088083,136.26587708,126.267376759)) ;
#4423=CARTESIAN_POINT('Control Point',(244.627088083,146.240433755,128.225876383)) ;
#4424=CARTESIAN_POINT('Control Point',(244.627088083,156.21499043,128.225876383)) ;
#4425=CARTESIAN_POINT('Vertex',(244.627088083,92.7149904302,64.7258763827)) ;
#4428=CARTESIAN_POINT('Axis2P3D Location',(244.627088083,156.21499043,64.7258763827)) ;
#4443=CARTESIAN_POINT('Axis2P3D Location',(33.4895880834,156.21499043,64.7258763827)) ;
#4448=CARTESIAN_POINT('Line Origine',(33.4895880837,156.21499043,77.4258763827)) ;
#4452=CARTESIAN_POINT('Vertex',(8.08958808342,156.21499043,77.4258763819)) ;
#4455=CARTESIAN_POINT('Line Origine',(33.4895880837,156.21499043,52.0258763827)) ;
#4459=CARTESIAN_POINT('Vertex',(8.08958808305,156.21499043,52.0258763827)) ;
#4462=CARTESIAN_POINT('Axis2P3D Location',(8.08958808305,156.21499043,64.7258763827)) ;
#4466=CARTESIAN_POINT('Vertex',(8.08958808305,168.91499043,64.7258763827)) ;
#4470=CARTESIAN_POINT('Control Point',(8.08958808342,156.21499043,77.4258763827)) ;
#4471=CARTESIAN_POINT('Control Point',(8.08958808335,160.2048131,77.4258763827)) ;
#4472=CARTESIAN_POINT('Control Point',(8.08958808327,164.198358301,75.8635858313)) ;
#4473=CARTESIAN_POINT('Control Point',(8.0895880832,167.352699879,72.7092442534)) ;
#4474=CARTESIAN_POINT('Control Point',(8.08958808313,168.91499043,68.7156990527)) ;
#4475=CARTESIAN_POINT('Control Point',(8.08958808305,168.91499043,64.7258763827)) ;
#4488=CARTESIAN_POINT('Control Point',(8.08958808305,143.51499043,64.7258763827)) ;
#4489=CARTESIAN_POINT('Control Point',(8.08958808313,143.51499043,68.7156990527)) ;
#4490=CARTESIAN_POINT('Control Point',(8.0895880832,145.077280982,72.7092442534)) ;
#4491=CARTESIAN_POINT('Control Point',(8.08958808327,148.231622559,75.8635858313)) ;
#4492=CARTESIAN_POINT('Control Point',(8.08958808335,152.22516776,77.4258763827)) ;
#4493=CARTESIAN_POINT('Control Point',(8.08958808342,156.21499043,77.4258763827)) ;
#4494=CARTESIAN_POINT('Vertex',(8.08958808342,143.51499043,64.7258763827)) ;
#4497=CARTESIAN_POINT('Axis2P3D Location',(8.08958808305,156.21499043,64.7258763827)) ;
#4512=CARTESIAN_POINT('Axis2P3D Location',(46.1895880834,156.21499043,64.7258763827)) ;
#4517=CARTESIAN_POINT('Line Origine',(46.189588083,156.21499043,104.109554607)) ;
#4521=CARTESIAN_POINT('Vertex',(46.1895880834,156.21499043,104.109554607)) ;
#4524=CARTESIAN_POINT('Axis2P3D Location',(46.1895880834,156.21499043,64.7258763827)) ;
#4528=CARTESIAN_POINT('Vertex',(46.1895880834,195.598668655,64.7258763827)) ;
#4531=CARTESIAN_POINT('Axis2P3D Location',(46.1895880834,156.21499043,64.7258763827)) ;
#4535=CARTESIAN_POINT('Vertex',(46.1895880834,156.21499043,25.3421981584)) ;
#4538=CARTESIAN_POINT('Line Origine',(46.189588083,156.21499043,25.3421981584)) ;
#4553=CARTESIAN_POINT('Axis2P3D Location',(46.1895880834,156.21499043,64.7258763827)) ;
#4557=CARTESIAN_POINT('Vertex',(46.1895880834,116.831312206,64.7258763827)) ;
#4560=CARTESIAN_POINT('Axis2P3D Location',(46.1895880834,156.21499043,64.7258763827)) ;
#4575=CARTESIAN_POINT('Axis2P3D Location',(188.552888462,321.31499043,36.6625760043)) ;
#4581=CARTESIAN_POINT('Control Point',(188.552888462,307.02749043,30.3125760043)) ;
#4582=CARTESIAN_POINT('Control Point',(190.547799797,307.02749043,30.3125760043)) ;
#4583=CARTESIAN_POINT('Control Point',(192.544572397,307.02749043,31.09372128)) ;
#4584=CARTESIAN_POINT('Control Point',(194.121743186,307.02749043,32.670892069)) ;
#4585=CARTESIAN_POINT('Control Point',(194.902888462,307.027490431,34.6676646693)) ;
#4586=CARTESIAN_POINT('Control Point',(194.902888462,307.027490431,36.6625760043)) ;
#4587=CARTESIAN_POINT('Vertex',(188.552888462,307.02749043,30.3125760043)) ;
#4589=CARTESIAN_POINT('Vertex',(194.902888462,307.027490431,36.6625760043)) ;
#4592=CARTESIAN_POINT('Axis2P3D Location',(188.552888462,307.027490431,36.6625760043)) ;
#4596=CARTESIAN_POINT('Vertex',(188.552888462,307.027490431,43.0125760043)) ;
#4599=CARTESIAN_POINT('Line Origine',(188.552888462,321.314990431,43.0125760043)) ;
#4604=CARTESIAN_POINT('Line Origine',(188.552888462,321.314990431,30.3125760043)) ;
#4619=CARTESIAN_POINT('Axis2P3D Location',(188.552888462,307.027490431,36.6625760043)) ;
#4623=CARTESIAN_POINT('Vertex',(182.202888462,307.027490431,36.6625760043)) ;
#4627=CARTESIAN_POINT('Control Point',(182.202888462,307.027490431,36.6625760043)) ;
#4628=CARTESIAN_POINT('Control Point',(182.202888462,307.027490431,34.6676646693)) ;
#4629=CARTESIAN_POINT('Control Point',(182.984033737,307.02749043,32.670892069)) ;
#4630=CARTESIAN_POINT('Control Point',(184.561204526,307.02749043,31.09372128)) ;
#4631=CARTESIAN_POINT('Control Point',(186.557977127,307.02749043,30.3125760043)) ;
#4632=CARTESIAN_POINT('Control Point',(188.552888462,307.02749043,30.3125760043)) ;
#4644=CARTESIAN_POINT('Axis2P3D Location',(188.552888462,321.31499043,92.789176761)) ;
#4650=CARTESIAN_POINT('Control Point',(188.552888462,307.02749043,86.439176761)) ;
#4651=CARTESIAN_POINT('Control Point',(190.547799797,307.02749043,86.439176761)) ;
#4652=CARTESIAN_POINT('Control Point',(192.544572397,307.02749043,87.2203220367)) ;
#4653=CARTESIAN_POINT('Control Point',(194.121743186,307.02749043,88.7974928256)) ;
#4654=CARTESIAN_POINT('Control Point',(194.902888462,307.027490431,90.794265426)) ;
#4655=CARTESIAN_POINT('Control Point',(194.902888462,307.027490431,92.789176761)) ;
#4656=CARTESIAN_POINT('Vertex',(188.552888462,307.02749043,86.439176761)) ;
#4658=CARTESIAN_POINT('Vertex',(194.902888462,307.027490431,92.789176761)) ;
#4661=CARTESIAN_POINT('Axis2P3D Location',(188.552888462,307.027490431,92.789176761)) ;
#4665=CARTESIAN_POINT('Vertex',(188.552888462,307.027490431,99.139176761)) ;
#4668=CARTESIAN_POINT('Line Origine',(188.552888462,321.314990431,99.139176761)) ;
#4673=CARTESIAN_POINT('Line Origine',(188.552888462,321.314990431,86.439176761)) ;
#4688=CARTESIAN_POINT('Axis2P3D Location',(188.552888462,307.027490431,92.789176761)) ;
#4692=CARTESIAN_POINT('Vertex',(182.202888462,307.027490431,92.789176761)) ;
#4696=CARTESIAN_POINT('Control Point',(182.202888462,307.027490431,92.789176761)) ;
#4697=CARTESIAN_POINT('Control Point',(182.202888462,307.027490431,90.794265426)) ;
#4698=CARTESIAN_POINT('Control Point',(182.984033737,307.02749043,88.7974928256)) ;
#4699=CARTESIAN_POINT('Control Point',(184.561204526,307.02749043,87.2203220367)) ;
#4700=CARTESIAN_POINT('Control Point',(186.557977127,307.02749043,86.439176761)) ;
#4701=CARTESIAN_POINT('Control Point',(188.552888462,307.02749043,86.439176761)) ;
#4713=CARTESIAN_POINT('Axis2P3D Location',(132.426287705,321.31499043,92.789176761)) ;
#4719=CARTESIAN_POINT('Control Point',(132.426287705,307.02749043,86.439176761)) ;
#4720=CARTESIAN_POINT('Control Point',(134.42119904,307.02749043,86.439176761)) ;
#4721=CARTESIAN_POINT('Control Point',(136.41797164,307.02749043,87.2203220367)) ;
#4722=CARTESIAN_POINT('Control Point',(137.995142429,307.02749043,88.7974928256)) ;
#4723=CARTESIAN_POINT('Control Point',(138.776287705,307.027490431,90.794265426)) ;
#4724=CARTESIAN_POINT('Control Point',(138.776287705,307.027490431,92.789176761)) ;
#4725=CARTESIAN_POINT('Vertex',(132.426287705,307.02749043,86.439176761)) ;
#4727=CARTESIAN_POINT('Vertex',(138.776287705,307.027490431,92.789176761)) ;
#4730=CARTESIAN_POINT('Axis2P3D Location',(132.426287705,307.027490431,92.789176761)) ;
#4734=CARTESIAN_POINT('Vertex',(132.426287705,307.027490431,99.139176761)) ;
#4737=CARTESIAN_POINT('Line Origine',(132.426287705,321.314990431,99.139176761)) ;
#4742=CARTESIAN_POINT('Line Origine',(132.426287705,321.314990431,86.439176761)) ;
#4757=CARTESIAN_POINT('Axis2P3D Location',(132.426287705,307.027490431,92.789176761)) ;
#4761=CARTESIAN_POINT('Vertex',(126.076287705,307.027490431,92.789176761)) ;
#4765=CARTESIAN_POINT('Control Point',(126.076287705,307.027490431,92.789176761)) ;
#4766=CARTESIAN_POINT('Control Point',(126.076287705,307.027490431,90.794265426)) ;
#4767=CARTESIAN_POINT('Control Point',(126.857432981,307.02749043,88.7974928256)) ;
#4768=CARTESIAN_POINT('Control Point',(128.43460377,307.02749043,87.2203220367)) ;
#4769=CARTESIAN_POINT('Control Point',(130.43137637,307.02749043,86.439176761)) ;
#4770=CARTESIAN_POINT('Control Point',(132.426287705,307.02749043,86.439176761)) ;
#4782=CARTESIAN_POINT('Axis2P3D Location',(132.426287705,321.31499043,36.6625760043)) ;
#4788=CARTESIAN_POINT('Control Point',(132.426287705,307.02749043,30.3125760043)) ;
#4789=CARTESIAN_POINT('Control Point',(134.42119904,307.02749043,30.3125760043)) ;
#4790=CARTESIAN_POINT('Control Point',(136.41797164,307.02749043,31.09372128)) ;
#4791=CARTESIAN_POINT('Control Point',(137.995142429,307.02749043,32.670892069)) ;
#4792=CARTESIAN_POINT('Control Point',(138.776287705,307.027490431,34.6676646693)) ;
#4793=CARTESIAN_POINT('Control Point',(138.776287705,307.027490431,36.6625760043)) ;
#4794=CARTESIAN_POINT('Vertex',(132.426287705,307.02749043,30.3125760043)) ;
#4796=CARTESIAN_POINT('Vertex',(138.776287705,307.027490431,36.6625760043)) ;
#4799=CARTESIAN_POINT('Axis2P3D Location',(132.426287705,307.027490431,36.6625760043)) ;
#4803=CARTESIAN_POINT('Vertex',(132.426287705,307.027490431,43.0125760043)) ;
#4806=CARTESIAN_POINT('Line Origine',(132.426287705,321.314990431,43.0125760043)) ;
#4811=CARTESIAN_POINT('Line Origine',(132.426287705,321.314990431,30.3125760043)) ;
#4826=CARTESIAN_POINT('Axis2P3D Location',(132.426287705,307.027490431,36.6625760043)) ;
#4830=CARTESIAN_POINT('Vertex',(126.076287705,307.027490431,36.6625760043)) ;
#4834=CARTESIAN_POINT('Control Point',(126.076287705,307.027490431,36.6625760043)) ;
#4835=CARTESIAN_POINT('Control Point',(126.076287705,307.027490431,34.6676646693)) ;
#4836=CARTESIAN_POINT('Control Point',(126.857432981,307.02749043,32.670892069)) ;
#4837=CARTESIAN_POINT('Control Point',(128.43460377,307.02749043,31.09372128)) ;
#4838=CARTESIAN_POINT('Control Point',(130.43137637,307.02749043,30.3125760043)) ;
#4839=CARTESIAN_POINT('Control Point',(132.426287705,307.02749043,30.3125760043)) ;
#4851=CARTESIAN_POINT('Axis2P3D Location',(160.489588083,321.31499043,64.7258763827)) ;
#4856=CARTESIAN_POINT('Line Origine',(160.489588083,321.314990431,10.7508763827)) ;
#4860=CARTESIAN_POINT('Vertex',(160.489588083,307.02749043,10.7508763827)) ;
#4863=CARTESIAN_POINT('Line Origine',(160.489588083,321.314990431,118.700876383)) ;
#4867=CARTESIAN_POINT('Vertex',(160.489588083,307.027490431,118.700876383)) ;
#4870=CARTESIAN_POINT('Axis2P3D Location',(160.489588083,307.027490431,64.7258763827)) ;
#4874=CARTESIAN_POINT('Vertex',(214.464588083,307.027490431,64.7258763827)) ;
#4878=CARTESIAN_POINT('Control Point',(160.489588083,307.02749043,10.7508763827)) ;
#4879=CARTESIAN_POINT('Control Point',(168.967961257,307.02749043,10.7508763827)) ;
#4880=CARTESIAN_POINT('Control Point',(177.446334431,307.02749043,12.4156010625)) ;
#4881=CARTESIAN_POINT('Control Point',(185.488308159,307.02749043,15.7466956487)) ;
#4882=CARTESIAN_POINT('Control Point',(199.832814708,307.02749043,25.3826497582)) ;
#4883=CARTESIAN_POINT('Control Point',(209.468768817,307.02749043,39.7271563074)) ;
#4884=CARTESIAN_POINT('Control Point',(212.799863404,307.027490431,47.7691300349)) ;
#4885=CARTESIAN_POINT('Control Point',(214.464588083,307.027490431,56.2475032088)) ;
#4886=CARTESIAN_POINT('Control Point',(214.464588083,307.027490431,64.7258763827)) ;
#4899=CARTESIAN_POINT('Control Point',(106.514588083,307.027490431,64.7258763827)) ;
#4900=CARTESIAN_POINT('Control Point',(106.514588083,307.027490431,56.2475032088)) ;
#4901=CARTESIAN_POINT('Control Point',(108.179312763,307.027490431,47.7691300349)) ;
#4902=CARTESIAN_POINT('Control Point',(111.510407349,307.02749043,39.7271563074)) ;
#4903=CARTESIAN_POINT('Control Point',(121.146361459,307.02749043,25.3826497582)) ;
#4904=CARTESIAN_POINT('Control Point',(135.490868008,307.02749043,15.7466956487)) ;
#4905=CARTESIAN_POINT('Control Point',(143.532841736,307.02749043,12.4156010625)) ;
#4906=CARTESIAN_POINT('Control Point',(152.01121491,307.02749043,10.7508763827)) ;
#4907=CARTESIAN_POINT('Control Point',(160.489588083,307.02749043,10.7508763827)) ;
#4908=CARTESIAN_POINT('Vertex',(106.514588083,307.027490431,64.7258763827)) ;
#4911=CARTESIAN_POINT('Axis2P3D Location',(160.489588083,307.027490431,64.7258763827)) ;
#4926=CARTESIAN_POINT('Axis2P3D Location',(-487.210411917,41.9149904302,64.7258763827)) ;
#4931=CARTESIAN_POINT('Axis2P3D Location',(-557.060411916,41.9149904302,-30.5241236173)) ;
#4935=CARTESIAN_POINT('Vertex',(-551.472411917,41.9149904302,-30.5241236173)) ;
#4937=CARTESIAN_POINT('Vertex',(-557.060411917,41.9149904302,-36.1121236169)) ;
#4940=CARTESIAN_POINT('Axis2P3D Location',(-557.060411916,41.9149904302,-30.5241236173)) ;
#4944=CARTESIAN_POINT('Vertex',(-562.648411916,41.9149904302,-30.5241236173)) ;
#4947=CARTESIAN_POINT('Axis2P3D Location',(-557.060411916,41.9149904302,-30.5241236173)) ;
#4951=CARTESIAN_POINT('Vertex',(-557.060411917,41.9149904302,-24.9361236178)) ;
#4954=CARTESIAN_POINT('Axis2P3D Location',(-557.060411916,41.9149904302,-30.5241236173)) ;
#4967=CARTESIAN_POINT('Axis2P3D Location',(-531.660411917,41.9149904302,-30.5241236164)) ;
#4971=CARTESIAN_POINT('Vertex',(-526.072411916,41.9149904302,-30.5241236173)) ;
#4973=CARTESIAN_POINT('Vertex',(-531.660411917,41.9149904302,-36.1121236169)) ;
#4976=CARTESIAN_POINT('Axis2P3D Location',(-531.660411917,41.9149904302,-30.5241236164)) ;
#4980=CARTESIAN_POINT('Vertex',(-537.248411917,41.9149904302,-30.5241236173)) ;
#4983=CARTESIAN_POINT('Axis2P3D Location',(-531.660411917,41.9149904302,-30.5241236183)) ;
#4987=CARTESIAN_POINT('Vertex',(-531.660411917,41.9149904302,-24.9361236178)) ;
#4990=CARTESIAN_POINT('Axis2P3D Location',(-531.660411917,41.9149904302,-30.5241236183)) ;
#5003=CARTESIAN_POINT('Axis2P3D Location',(-442.760411916,41.9149904302,-30.5241236164)) ;
#5007=CARTESIAN_POINT('Vertex',(-437.172411916,41.9149904302,-30.5241236173)) ;
#5009=CARTESIAN_POINT('Vertex',(-442.760411917,41.9149904302,-36.1121236169)) ;
#5012=CARTESIAN_POINT('Axis2P3D Location',(-442.760411916,41.9149904302,-30.5241236164)) ;
#5016=CARTESIAN_POINT('Vertex',(-448.348411917,41.9149904302,-30.5241236173)) ;
#5019=CARTESIAN_POINT('Axis2P3D Location',(-442.760411916,41.9149904302,-30.5241236183)) ;
#5023=CARTESIAN_POINT('Vertex',(-442.760411917,41.9149904302,-24.9361236178)) ;
#5026=CARTESIAN_POINT('Axis2P3D Location',(-442.760411916,41.9149904302,-30.5241236183)) ;
#5039=CARTESIAN_POINT('Axis2P3D Location',(-417.360411917,41.9149904302,-30.5241236173)) ;
#5043=CARTESIAN_POINT('Vertex',(-411.772411917,41.9149904302,-30.5241236173)) ;
#5045=CARTESIAN_POINT('Vertex',(-417.360411917,41.9149904302,-36.1121236169)) ;
#5048=CARTESIAN_POINT('Axis2P3D Location',(-417.360411917,41.9149904302,-30.5241236173)) ;
#5052=CARTESIAN_POINT('Vertex',(-422.948411916,41.9149904302,-30.5241236173)) ;
#5055=CARTESIAN_POINT('Axis2P3D Location',(-417.360411917,41.9149904302,-30.5241236173)) ;
#5059=CARTESIAN_POINT('Vertex',(-417.360411917,41.9149904302,-24.9361236178)) ;
#5062=CARTESIAN_POINT('Axis2P3D Location',(-417.360411917,41.9149904302,-30.5241236173)) ;
#5075=CARTESIAN_POINT('Axis2P3D Location',(-417.360411917,41.9149904302,159.975876383)) ;
#5079=CARTESIAN_POINT('Vertex',(-411.772411917,41.9149904302,159.975876383)) ;
#5081=CARTESIAN_POINT('Vertex',(-417.360411917,41.9149904302,154.387876383)) ;
#5084=CARTESIAN_POINT('Axis2P3D Location',(-417.360411917,41.9149904302,159.975876383)) ;
#5088=CARTESIAN_POINT('Vertex',(-422.948411916,41.9149904302,159.975876383)) ;
#5091=CARTESIAN_POINT('Axis2P3D Location',(-417.360411917,41.9149904302,159.975876383)) ;
#5095=CARTESIAN_POINT('Vertex',(-417.360411917,41.9149904302,165.563876382)) ;
#5098=CARTESIAN_POINT('Axis2P3D Location',(-417.360411917,41.9149904302,159.975876383)) ;
#5111=CARTESIAN_POINT('Axis2P3D Location',(-442.760411916,41.9149904302,159.975876384)) ;
#5115=CARTESIAN_POINT('Vertex',(-437.172411916,41.9149904302,159.975876383)) ;
#5117=CARTESIAN_POINT('Vertex',(-442.760411917,41.9149904302,154.387876383)) ;
#5120=CARTESIAN_POINT('Axis2P3D Location',(-442.760411916,41.9149904302,159.975876384)) ;
#5124=CARTESIAN_POINT('Vertex',(-448.348411917,41.9149904302,159.975876383)) ;
#5127=CARTESIAN_POINT('Axis2P3D Location',(-442.760411916,41.9149904302,159.975876382)) ;
#5131=CARTESIAN_POINT('Vertex',(-442.760411917,41.9149904302,165.563876382)) ;
#5134=CARTESIAN_POINT('Axis2P3D Location',(-442.760411916,41.9149904302,159.975876382)) ;
#5147=CARTESIAN_POINT('Axis2P3D Location',(-557.060411916,41.9149904302,159.975876383)) ;
#5151=CARTESIAN_POINT('Vertex',(-551.472411917,41.9149904302,159.975876383)) ;
#5153=CARTESIAN_POINT('Vertex',(-557.060411917,41.9149904302,154.387876383)) ;
#5156=CARTESIAN_POINT('Axis2P3D Location',(-557.060411916,41.9149904302,159.975876383)) ;
#5160=CARTESIAN_POINT('Vertex',(-562.648411916,41.9149904302,159.975876383)) ;
#5163=CARTESIAN_POINT('Axis2P3D Location',(-557.060411916,41.9149904302,159.975876383)) ;
#5167=CARTESIAN_POINT('Vertex',(-557.060411917,41.9149904302,165.563876382)) ;
#5170=CARTESIAN_POINT('Axis2P3D Location',(-557.060411916,41.9149904302,159.975876383)) ;
#5183=CARTESIAN_POINT('Axis2P3D Location',(-531.660411917,41.9149904302,159.975876384)) ;
#5187=CARTESIAN_POINT('Vertex',(-526.072411916,41.9149904302,159.975876383)) ;
#5189=CARTESIAN_POINT('Vertex',(-531.660411917,41.9149904302,154.387876383)) ;
#5192=CARTESIAN_POINT('Axis2P3D Location',(-531.660411917,41.9149904302,159.975876384)) ;
#5196=CARTESIAN_POINT('Vertex',(-537.248411917,41.9149904302,159.975876383)) ;
#5199=CARTESIAN_POINT('Axis2P3D Location',(-531.660411917,41.9149904302,159.975876382)) ;
#5203=CARTESIAN_POINT('Vertex',(-531.660411917,41.9149904302,165.563876382)) ;
#5206=CARTESIAN_POINT('Axis2P3D Location',(-531.660411917,41.9149904302,159.975876382)) ;
#5219=CARTESIAN_POINT('Axis2P3D Location',(-480.095871917,156.21499043,64.7258763827)) ;
#5224=CARTESIAN_POINT('Line Origine',(-480.095871916,156.21499043,170.897876383)) ;
#5228=CARTESIAN_POINT('Vertex',(-392.717331917,156.21499043,170.897876383)) ;
#5231=CARTESIAN_POINT('Line Origine',(-480.095871916,156.21499043,-41.4461236173)) ;
#5235=CARTESIAN_POINT('Vertex',(-392.717331917,156.21499043,-41.4461236173)) ;
#5238=CARTESIAN_POINT('Axis2P3D Location',(-392.717331917,156.21499043,64.7258763827)) ;
#5242=CARTESIAN_POINT('Vertex',(-392.717331917,262.38699043,64.7258763827)) ;
#5245=CARTESIAN_POINT('Axis2P3D Location',(-392.717331917,156.21499043,64.7258763827)) ;
#5261=CARTESIAN_POINT('Axis2P3D Location',(-392.717331917,156.21499043,64.7258763827)) ;
#5265=CARTESIAN_POINT('Vertex',(-392.717331917,50.0429904302,64.7258763827)) ;
#5268=CARTESIAN_POINT('Axis2P3D Location',(-392.717331917,156.21499043,64.7258763827)) ;
#5284=CARTESIAN_POINT('Axis2P3D Location',(-487.210411917,156.21499043,168.489862275)) ;
#5289=CARTESIAN_POINT('Line Origine',(-514.134411917,156.21499043,168.489862274)) ;
#5293=CARTESIAN_POINT('Vertex',(-514.134411917,156.21499043,170.897876383)) ;
#5296=CARTESIAN_POINT('Line Origine',(-460.286411917,156.21499043,168.489862274)) ;
#5300=CARTESIAN_POINT('Vertex',(-460.286411917,156.21499043,170.897876383)) ;
#5304=CARTESIAN_POINT('Control Point',(-514.134411917,156.21499043,170.897876383)) ;
#5305=CARTESIAN_POINT('Control Point',(-514.134411917,160.621757274,170.897876383)) ;
#5306=CARTESIAN_POINT('Control Point',(-513.232818821,165.028524086,170.751788005)) ;
#5307=CARTESIAN_POINT('Control Point',(-511.429008079,169.179919001,170.457792658)) ;
#5308=CARTESIAN_POINT('Control Point',(-506.259883947,176.485362015,169.727307483)) ;
#5309=CARTESIAN_POINT('Control Point',(-498.64479612,181.189146027,169.029522744)) ;
#5310=CARTESIAN_POINT('Control Point',(-494.401667225,182.728221552,168.768846167)) ;
#5311=CARTESIAN_POINT('Control Point',(-485.866064707,183.934700903,168.572179867)) ;
#5312=CARTESIAN_POINT('Control Point',(-477.536537674,181.837339374,168.91493844)) ;
#5313=CARTESIAN_POINT('Control Point',(-473.784660604,180.08298155,169.196636455)) ;
#5314=CARTESIAN_POINT('Control Point',(-467.093589565,175.241233702,169.872240049)) ;
#5315=CARTESIAN_POINT('Control Point',(-462.621099053,168.291663378,170.518419296)) ;
#5316=CARTESIAN_POINT('Control Point',(-461.064429863,164.402269356,170.771811332)) ;
#5317=CARTESIAN_POINT('Control Point',(-460.286411917,160.308629907,170.897876383)) ;
#5318=CARTESIAN_POINT('Control Point',(-460.286411917,156.21499043,170.897876383)) ;
#5329=CARTESIAN_POINT('Control Point',(-460.286411917,156.21499043,170.897876383)) ;
#5330=CARTESIAN_POINT('Control Point',(-460.286411917,151.808223587,170.897876383)) ;
#5331=CARTESIAN_POINT('Control Point',(-461.188005013,147.401456774,170.751788005)) ;
#5332=CARTESIAN_POINT('Control Point',(-462.991815754,143.250061859,170.457792658)) ;
#5333=CARTESIAN_POINT('Control Point',(-468.160939886,135.944618846,169.727307483)) ;
#5334=CARTESIAN_POINT('Control Point',(-475.776027713,131.240834833,169.029522744)) ;
#5335=CARTESIAN_POINT('Control Point',(-480.019156609,129.701759309,168.768846167)) ;
#5336=CARTESIAN_POINT('Control Point',(-488.554759126,128.495279957,168.572179867)) ;
#5337=CARTESIAN_POINT('Control Point',(-496.884286159,130.592641486,168.91493844)) ;
#5338=CARTESIAN_POINT('Control Point',(-500.63616323,132.346999311,169.196636455)) ;
#5339=CARTESIAN_POINT('Control Point',(-507.327234268,137.188747158,169.872240048)) ;
#5340=CARTESIAN_POINT('Control Point',(-511.79972478,144.138317482,170.518419296)) ;
#5341=CARTESIAN_POINT('Control Point',(-513.35639397,148.027711505,170.771811332)) ;
#5342=CARTESIAN_POINT('Control Point',(-514.134411917,152.121350954,170.897876383)) ;
#5343=CARTESIAN_POINT('Control Point',(-514.134411917,156.21499043,170.897876383)) ;
#5353=CARTESIAN_POINT('Axis2P3D Location',(-392.717331917,156.21499043,64.7258763827)) ;
#5358=CARTESIAN_POINT('Axis2P3D Location',(-392.717331917,96.2239259837,64.7258763772)) ;
#5362=CARTESIAN_POINT('Vertex',(-392.717331917,239.821174917,148.332060869)) ;
#5365=CARTESIAN_POINT('Axis2P3D Location',(-392.717331917,156.214990425,4.73481193613)) ;
#5377=CARTESIAN_POINT('Axis2P3D Location',(-288.836411917,45.2169904302,-55.9241236173)) ;
#5382=CARTESIAN_POINT('Line Origine',(-626.798651917,45.2169904302,17.4409263875)) ;
#5386=CARTESIAN_POINT('Vertex',(-591.091331917,45.2169904302,17.4409263875)) ;
#5389=CARTESIAN_POINT('Line Origine',(-591.091331917,45.2169904302,64.7258763821)) ;
#5393=CARTESIAN_POINT('Vertex',(-591.091331917,45.2169904302,112.010826377)) ;
#5396=CARTESIAN_POINT('Line Origine',(-626.798651917,45.2169904302,112.010826377)) ;
#5409=CARTESIAN_POINT('Axis2P3D Location',(-626.798651917,156.21499043,64.7258763827)) ;
#5414=CARTESIAN_POINT('Line Origine',(-626.798651917,156.21499043,-55.9241236173)) ;
#5418=CARTESIAN_POINT('Vertex',(-591.091331917,156.21499043,-55.9241236175)) ;
#5421=CARTESIAN_POINT('Line Origine',(-626.798651917,156.21499043,185.375876383)) ;
#5425=CARTESIAN_POINT('Vertex',(-591.091331917,156.21499043,185.375876383)) ;
#5429=CARTESIAN_POINT('Control Point',(-591.091331917,156.21499043,-55.9241236173)) ;
#5430=CARTESIAN_POINT('Control Point',(-591.091331917,175.166648113,-55.9241236173)) ;
#5431=CARTESIAN_POINT('Control Point',(-591.091331917,194.118305796,-52.202974333)) ;
#5432=CARTESIAN_POINT('Control Point',(-591.091331917,212.094482363,-44.7569981992)) ;
#5433=CARTESIAN_POINT('Control Point',(-591.091331917,244.158673473,-23.2178066603)) ;
#5434=CARTESIAN_POINT('Control Point',(-591.091331917,265.697865012,8.84638444972)) ;
#5435=CARTESIAN_POINT('Control Point',(-591.091331917,273.143841146,26.8225610171)) ;
#5436=CARTESIAN_POINT('Control Point',(-591.091331917,280.586139715,64.7258763827)) ;
#5437=CARTESIAN_POINT('Control Point',(-591.091331917,273.143841146,102.629191748)) ;
#5438=CARTESIAN_POINT('Control Point',(-591.091331917,265.697865012,120.605368316)) ;
#5439=CARTESIAN_POINT('Control Point',(-591.091331917,244.158673473,152.669559426)) ;
#5440=CARTESIAN_POINT('Control Point',(-591.091331917,212.094482363,174.208750964)) ;
#5441=CARTESIAN_POINT('Control Point',(-591.091331917,194.118305796,181.654727098)) ;
#5442=CARTESIAN_POINT('Control Point',(-591.091331917,175.166648113,185.375876383)) ;
#5443=CARTESIAN_POINT('Control Point',(-591.091331917,156.21499043,185.375876383)) ;
#5453=CARTESIAN_POINT('Axis2P3D Location',(-591.091331917,156.21499043,64.7258763827)) ;
#5467=CARTESIAN_POINT('Control Point',(-591.091331917,45.2169904302,17.440926388)) ;
#5468=CARTESIAN_POINT('Control Point',(-591.091331917,56.2635158968,-8.48999315159)) ;
#5469=CARTESIAN_POINT('Control Point',(-591.091331917,74.8765957939,-31.2026539511)) ;
#5470=CARTESIAN_POINT('Control Point',(-591.091331917,99.8387526601,-47.7015988576)) ;
#5471=CARTESIAN_POINT('Control Point',(-591.091331917,128.029208322,-55.9241236173)) ;
#5472=CARTESIAN_POINT('Control Point',(-591.091331917,156.21499043,-55.9241236173)) ;
#5482=CARTESIAN_POINT('Axis2P3D Location',(-591.091331917,96.2239259934,64.7258763827)) ;
#5487=CARTESIAN_POINT('Line Origine',(-591.091331916,239.821174917,148.33206087)) ;
#5491=CARTESIAN_POINT('Vertex',(-591.091331917,239.821174917,148.33206087)) ;
#5494=CARTESIAN_POINT('Axis2P3D Location',(-392.717331917,96.2239259934,64.7258763827)) ;
#5498=CARTESIAN_POINT('Vertex',(-392.717331917,239.821174917,-18.8803081045)) ;
#5501=CARTESIAN_POINT('Line Origine',(-591.091331916,239.821174917,-18.8803081045)) ;
#5505=CARTESIAN_POINT('Vertex',(-591.091331917,239.821174917,-18.8803081045)) ;
#5508=CARTESIAN_POINT('Axis2P3D Location',(-591.091331917,96.2239259934,64.7258763827)) ;
#5527=CARTESIAN_POINT('Axis2P3D Location',(-392.717331917,156.214990425,124.716940829)) ;
#5539=CARTESIAN_POINT('Axis2P3D Location',(-169.710411917,156.21499043,64.7258763827)) ;
#5550=CARTESIAN_POINT('Axis2P3D Location',(-169.710411917,156.21499043,64.7258763827)) ;
#5554=CARTESIAN_POINT('Vertex',(-169.710411917,156.21499043,52.0258763834)) ;
#5556=CARTESIAN_POINT('Vertex',(-169.710411917,168.914990429,64.7258763827)) ;
#5559=CARTESIAN_POINT('Axis2P3D Location',(-169.710411917,156.21499043,64.7258763827)) ;
#5563=CARTESIAN_POINT('Vertex',(-169.710411917,143.514990431,64.7258763827)) ;
#5566=CARTESIAN_POINT('Axis2P3D Location',(-169.710411917,156.21499043,64.7258763827)) ;
#5570=CARTESIAN_POINT('Vertex',(-169.710411917,156.21499043,77.4258763819)) ;
#5573=CARTESIAN_POINT('Axis2P3D Location',(-169.710411917,156.21499043,64.7258763827)) ;
#5586=CARTESIAN_POINT('Axis2P3D Location',(244.627088083,80.0149904302,-30.5241236173)) ;
#5598=CARTESIAN_POINT('Control Point',(244.627088083,156.21499043,88.8558744835)) ;
#5599=CARTESIAN_POINT('Control Point',(244.627088083,158.260276118,88.8558691531)) ;
#5600=CARTESIAN_POINT('Control Point',(244.627088083,160.305586659,88.639153674)) ;
#5601=CARTESIAN_POINT('Control Point',(244.627088083,162.320329184,88.2057278628)) ;
#5602=CARTESIAN_POINT('Control Point',(244.627088083,166.572185572,86.8049519297)) ;
#5603=CARTESIAN_POINT('Control Point',(244.627088083,170.40185582,84.4683773674)) ;
#5604=CARTESIAN_POINT('Control Point',(244.627088083,172.303302967,82.9522227774)) ;
#5605=CARTESIAN_POINT('Control Point',(244.627088083,175.687885748,79.4781953732)) ;
#5606=CARTESIAN_POINT('Control Point',(244.627088083,178.115981555,75.2795526356)) ;
#5607=CARTESIAN_POINT('Control Point',(244.627088083,179.060798298,73.0386717051)) ;
#5608=CARTESIAN_POINT('Control Point',(244.627088083,179.912984343,70.0033078447)) ;
#5609=CARTESIAN_POINT('Control Point',(244.627088083,180.263817962,66.8923343586)) ;
#5610=CARTESIAN_POINT('Control Point',(244.627088083,180.317983367,66.169960014)) ;
#5611=CARTESIAN_POINT('Control Point',(244.627088083,180.34499043,65.4479181785)) ;
#5612=CARTESIAN_POINT('Control Point',(244.627088083,180.34499043,64.7258763827)) ;
#5613=CARTESIAN_POINT('Vertex',(244.627088083,156.21499043,88.8558763827)) ;
#5615=CARTESIAN_POINT('Vertex',(244.627088083,180.34499043,64.7258763827)) ;
#5619=CARTESIAN_POINT('Control Point',(244.627088083,132.084990431,64.7258763827)) ;
#5620=CARTESIAN_POINT('Control Point',(244.627088083,132.084990431,67.1323403223)) ;
#5621=CARTESIAN_POINT('Control Point',(244.627088083,132.384983628,69.5388038224)) ;
#5622=CARTESIAN_POINT('Control Point',(244.627088083,132.985060501,71.8955248194)) ;
#5623=CARTESIAN_POINT('Control Point',(244.627088083,134.759877777,76.4093137514)) ;
#5624=CARTESIAN_POINT('Control Point',(244.627088083,137.588544349,80.3492243326)) ;
#5625=CARTESIAN_POINT('Control Point',(244.627088083,139.242630705,82.1319818795)) ;
#5626=CARTESIAN_POINT('Control Point',(244.627088083,142.960006834,85.2473280252)) ;
#5627=CARTESIAN_POINT('Control Point',(244.627088083,147.328450848,87.3546834435)) ;
#5628=CARTESIAN_POINT('Control Point',(244.627088083,149.633705061,88.1292989123)) ;
#5629=CARTESIAN_POINT('Control Point',(244.627088083,152.367812534,88.6802970436)) ;
#5630=CARTESIAN_POINT('Control Point',(244.627088083,155.131589462,88.8356020962)) ;
#5631=CARTESIAN_POINT('Control Point',(244.627088083,155.492610018,88.849117962)) ;
#5632=CARTESIAN_POINT('Control Point',(244.627088083,155.853799836,88.8558754248)) ;
#5633=CARTESIAN_POINT('Control Point',(244.627088083,156.21499043,88.8558744835)) ;
#5634=CARTESIAN_POINT('Vertex',(244.627088083,132.08499043,64.7258763827)) ;
#5638=CARTESIAN_POINT('Control Point',(244.627088083,156.21499043,40.5958782819)) ;
#5639=CARTESIAN_POINT('Control Point',(244.627088083,154.169704742,40.5958836123)) ;
#5640=CARTESIAN_POINT('Control Point',(244.627088083,152.124394201,40.8125990914)) ;
#5641=CARTESIAN_POINT('Control Point',(244.627088083,150.109651673,41.2460249029)) ;
#5642=CARTESIAN_POINT('Control Point',(244.627088083,145.85779529,42.6468008347)) ;
#5643=CARTESIAN_POINT('Control Point',(244.627088083,142.028125046,44.9833753936)) ;
#5644=CARTESIAN_POINT('Control Point',(244.627088083,140.126677887,46.4995299937)) ;
#5645=CARTESIAN_POINT('Control Point',(244.627088083,136.742095111,49.973557394)) ;
#5646=CARTESIAN_POINT('Control Point',(244.627088083,134.313999306,54.1722001255)) ;
#5647=CARTESIAN_POINT('Control Point',(244.627088083,133.369182561,56.4130810649)) ;
#5648=CARTESIAN_POINT('Control Point',(244.627088083,132.516996517,59.448444923)) ;
#5649=CARTESIAN_POINT('Control Point',(244.627088083,132.166162899,62.5594184067)) ;
#5650=CARTESIAN_POINT('Control Point',(244.627088083,132.111997494,63.2817927513)) ;
#5651=CARTESIAN_POINT('Control Point',(244.627088083,132.084990431,64.0038345868)) ;
#5652=CARTESIAN_POINT('Control Point',(244.627088083,132.084990431,64.7258763827)) ;
#5653=CARTESIAN_POINT('Vertex',(244.627088083,156.21499043,40.5958763827)) ;
#5657=CARTESIAN_POINT('Control Point',(244.627088083,180.34499043,64.7258763827)) ;
#5658=CARTESIAN_POINT('Control Point',(244.627088083,180.34499043,62.3194124408)) ;
#5659=CARTESIAN_POINT('Control Point',(244.627088083,180.044997232,59.9129489385)) ;
#5660=CARTESIAN_POINT('Control Point',(244.627088083,179.44492036,57.5562279501)) ;
#5661=CARTESIAN_POINT('Control Point',(244.627088083,177.670103081,53.0424390114)) ;
#5662=CARTESIAN_POINT('Control Point',(244.627088083,174.841436504,49.1025284251)) ;
#5663=CARTESIAN_POINT('Control Point',(244.627088083,173.187350161,47.3197708918)) ;
#5664=CARTESIAN_POINT('Control Point',(244.627088083,169.469974029,44.2044247417)) ;
#5665=CARTESIAN_POINT('Control Point',(244.627088083,165.101530009,42.0970693212)) ;
#5666=CARTESIAN_POINT('Control Point',(244.627088083,162.796275801,41.3224538532)) ;
#5667=CARTESIAN_POINT('Control Point',(244.627088083,160.062168327,40.7714557218)) ;
#5668=CARTESIAN_POINT('Control Point',(244.627088083,157.298391399,40.6161506691)) ;
#5669=CARTESIAN_POINT('Control Point',(244.627088083,156.937370843,40.6026348033)) ;
#5670=CARTESIAN_POINT('Control Point',(244.627088083,156.576181024,40.5958773405)) ;
#5671=CARTESIAN_POINT('Control Point',(244.627088083,156.21499043,40.5958782819)) ;
#5705=CARTESIAN_POINT('Axis2P3D Location',(8.08958808342,224.406047703,64.7258763827)) ;
#5710=CARTESIAN_POINT('Line Origine',(8.08958808342,88.0239331566,64.7258763827)) ;
#5714=CARTESIAN_POINT('Vertex',(8.08958808342,88.0239331566,120.608343779)) ;
#5716=CARTESIAN_POINT('Vertex',(8.08958808342,88.0239331575,8.84340898604)) ;
#5720=CARTESIAN_POINT('Control Point',(8.08958808342,88.0239331566,8.84340898611)) ;
#5721=CARTESIAN_POINT('Control Point',(8.08958808342,93.272061256,2.43933592934)) ;
#5722=CARTESIAN_POINT('Control Point',(8.08958808342,99.2719766843,-3.34864805429)) ;
#5723=CARTESIAN_POINT('Control Point',(8.08958808342,105.927640008,-8.4029832081)) ;
#5724=CARTESIAN_POINT('Control Point',(8.08958808342,119.460605631,-16.3606222772)) ;
#5725=CARTESIAN_POINT('Control Point',(8.08958808342,134.382404464,-21.1635231154)) ;
#5726=CARTESIAN_POINT('Control Point',(8.08958808342,141.590196191,-22.6798424288)) ;
#5727=CARTESIAN_POINT('Control Point',(8.08958808342,148.902625843,-23.4379949656)) ;
#5728=CARTESIAN_POINT('Control Point',(8.08958808342,156.21499043,-23.4380051136)) ;
#5729=CARTESIAN_POINT('Vertex',(8.08958808342,156.21499043,-23.4380076874)) ;
#5733=CARTESIAN_POINT('Control Point',(8.08958808342,156.21499043,-23.4380051136)) ;
#5734=CARTESIAN_POINT('Control Point',(8.08958808342,157.182442988,-23.4380064563)) ;
#5735=CARTESIAN_POINT('Control Point',(8.08958808342,158.149894407,-23.4247370797)) ;
#5736=CARTESIAN_POINT('Control Point',(8.08958808342,159.117102208,-23.3981970403)) ;
#5737=CARTESIAN_POINT('Control Point',(8.08958808342,168.357387537,-23.0177367688)) ;
#5738=CARTESIAN_POINT('Control Point',(8.08958808342,177.531185755,-21.4267063326)) ;
#5739=CARTESIAN_POINT('Control Point',(8.08958808342,185.540328779,-19.0397027554)) ;
#5740=CARTESIAN_POINT('Control Point',(8.08958808342,199.059240965,-13.2027847831)) ;
#5741=CARTESIAN_POINT('Control Point',(8.08958808342,211.059713167,-4.74095144554)) ;
#5742=CARTESIAN_POINT('Control Point',(8.08958808342,215.921107278,-0.609897915842)) ;
#5743=CARTESIAN_POINT('Control Point',(8.08958808342,220.384318071,3.93585911462)) ;
#5744=CARTESIAN_POINT('Control Point',(8.08958808342,224.406047703,8.84340898611)) ;
#5745=CARTESIAN_POINT('Vertex',(8.08958808342,224.406047703,8.84340898611)) ;
#5748=CARTESIAN_POINT('Line Origine',(8.08958808342,224.406047703,64.7258763827)) ;
#5752=CARTESIAN_POINT('Vertex',(8.08958808342,224.406047703,120.608343779)) ;
#5756=CARTESIAN_POINT('Control Point',(8.08958808342,224.406047703,120.608343779)) ;
#5757=CARTESIAN_POINT('Control Point',(8.08958808342,219.157919602,127.012416837)) ;
#5758=CARTESIAN_POINT('Control Point',(8.08958808342,213.158004173,132.800400822)) ;
#5759=CARTESIAN_POINT('Control Point',(8.08958808342,206.502340854,137.854735972)) ;
#5760=CARTESIAN_POINT('Control Point',(8.08958808342,192.96937523,145.812375042)) ;
#5761=CARTESIAN_POINT('Control Point',(8.08958808342,178.047576396,150.615275881)) ;
#5762=CARTESIAN_POINT('Control Point',(8.08958808342,170.839784669,152.131595194)) ;
#5763=CARTESIAN_POINT('Control Point',(8.08958808342,163.527355017,152.889747731)) ;
#5764=CARTESIAN_POINT('Control Point',(8.08958808342,156.21499043,152.889757879)) ;
#5765=CARTESIAN_POINT('Vertex',(8.08958808342,156.21499043,152.889760453)) ;
#5769=CARTESIAN_POINT('Control Point',(8.08958808342,156.21499043,152.889757879)) ;
#5770=CARTESIAN_POINT('Control Point',(8.08958808342,155.247537872,152.889759222)) ;
#5771=CARTESIAN_POINT('Control Point',(8.08958808342,154.280086453,152.876489845)) ;
#5772=CARTESIAN_POINT('Control Point',(8.08958808342,153.312878652,152.849949806)) ;
#5773=CARTESIAN_POINT('Control Point',(8.08958808342,144.072593324,152.469489534)) ;
#5774=CARTESIAN_POINT('Control Point',(8.08958808342,134.898795106,150.878459098)) ;
#5775=CARTESIAN_POINT('Control Point',(8.08958808342,126.889652078,148.49145552)) ;
#5776=CARTESIAN_POINT('Control Point',(8.08958808342,113.370739896,142.654537549)) ;
#5777=CARTESIAN_POINT('Control Point',(8.08958808342,101.370267697,134.192704214)) ;
#5778=CARTESIAN_POINT('Control Point',(8.08958808342,96.5088735771,130.061650677)) ;
#5779=CARTESIAN_POINT('Control Point',(8.08958808342,92.045662787,125.515893648)) ;
#5780=CARTESIAN_POINT('Control Point',(8.08958808342,88.0239331566,120.608343779)) ;
#5798=CARTESIAN_POINT('Axis2P3D Location',(84.2895880834,156.21499043,64.7258763827)) ;
#5803=CARTESIAN_POINT('Line Origine',(4531561.94549,156.21499043,-2113055.15783)) ;
#5807=CARTESIAN_POINT('Vertex',(84.2895880834,156.21499043,7.57587638266)) ;
#5810=CARTESIAN_POINT('Axis2P3D Location',(84.2895880834,156.21499043,64.7258763827)) ;
#5814=CARTESIAN_POINT('Vertex',(84.2895880834,99.0649904302,64.7258763827)) ;
#5817=CARTESIAN_POINT('Axis2P3D Location',(84.2895880834,156.21499043,64.7258763827)) ;
#5821=CARTESIAN_POINT('Vertex',(84.2895880834,156.21499043,121.875876383)) ;
#5824=CARTESIAN_POINT('Line Origine',(4531561.94549,156.21499043,2113184.60958)) ;
#5839=CARTESIAN_POINT('Axis2P3D Location',(84.2895880834,156.21499043,64.7258763827)) ;
#5843=CARTESIAN_POINT('Vertex',(84.2895880834,213.36499043,64.7258763827)) ;
#5846=CARTESIAN_POINT('Axis2P3D Location',(84.2895880834,156.21499043,64.7258763827)) ;
#5861=CARTESIAN_POINT('Axis2P3D Location',(8.08958808342,88.0239331575,64.7258763827)) ;
#5866=CARTESIAN_POINT('Line Origine',(84.2895880835,80.0149904302,64.7258763827)) ;
#5870=CARTESIAN_POINT('Vertex',(84.2895880835,80.0149904302,131.927959683)) ;
#5872=CARTESIAN_POINT('Vertex',(84.2895880835,80.0149904302,-2.47620691838)) ;
#5876=CARTESIAN_POINT('Control Point',(8.08958808342,88.0239331575,8.84340898604)) ;
#5877=CARTESIAN_POINT('Control Point',(23.3260110609,86.4225205722,6.55900003178)) ;
#5878=CARTESIAN_POINT('Control Point',(38.5654096082,84.820795242,4.28678906197)) ;
#5879=CARTESIAN_POINT('Control Point',(53.8015501183,83.2194123453,2.0251405687)) ;
#5880=CARTESIAN_POINT('Control Point',(69.0448587173,81.6172760521,-0.229067698249)) ;
#5881=CARTESIAN_POINT('Control Point',(84.2895880835,80.0149904302,-2.47620691838)) ;
#5884=CARTESIAN_POINT('Control Point',(84.2895880835,80.0149904302,131.927959684)) ;
#5885=CARTESIAN_POINT('Control Point',(69.0448570837,81.6172762238,129.680820223)) ;
#5886=CARTESIAN_POINT('Control Point',(53.8015468513,83.2194126887,127.426611713)) ;
#5887=CARTESIAN_POINT('Control Point',(38.5654128743,84.8207948987,125.164964188)) ;
#5888=CARTESIAN_POINT('Control Point',(23.3260126937,86.4225204006,122.892752978)) ;
#5889=CARTESIAN_POINT('Control Point',(8.08958808342,88.0239331575,120.608343779)) ;
#5899=CARTESIAN_POINT('Axis2P3D Location',(84.2895880834,232.41499043,64.7258763827)) ;
#5905=CARTESIAN_POINT('Control Point',(84.2895880834,232.41499043,-2.47620691838)) ;
#5906=CARTESIAN_POINT('Control Point',(69.0448570771,230.812704636,-0.229067456474)) ;
#5907=CARTESIAN_POINT('Control Point',(53.8015468388,229.21056817,2.02514105493)) ;
#5908=CARTESIAN_POINT('Control Point',(38.5654128873,227.609185963,4.28678857621)) ;
#5909=CARTESIAN_POINT('Control Point',(23.3260127001,226.00746046,6.55899978601)) ;
#5910=CARTESIAN_POINT('Control Point',(8.08958808337,224.406047703,8.84340898605)) ;
#5911=CARTESIAN_POINT('Vertex',(84.2895880834,232.41499043,-2.47620691814)) ;
#5914=CARTESIAN_POINT('Line Origine',(84.2895880834,232.41499043,64.7258763827)) ;
#5918=CARTESIAN_POINT('Vertex',(84.2895880834,232.41499043,131.927959684)) ;
#5922=CARTESIAN_POINT('Control Point',(8.08958808337,224.406047703,120.608343779)) ;
#5923=CARTESIAN_POINT('Control Point',(23.3260110541,226.007460287,122.892752733)) ;
#5924=CARTESIAN_POINT('Control Point',(38.5654095932,227.609185617,125.164963701)) ;
#5925=CARTESIAN_POINT('Control Point',(53.8015501318,229.210568517,127.426612199)) ;
#5926=CARTESIAN_POINT('Control Point',(69.0448587241,230.812704809,129.680820465)) ;
#5927=CARTESIAN_POINT('Control Point',(84.2895880834,232.41499043,131.927959684)) ;
#5937=CARTESIAN_POINT('Axis2P3D Location',(160.489588083,307.02749043,10.7508763827)) ;
#5949=CARTESIAN_POINT('Control Point',(160.489588083,307.02749043,39.32588108)) ;
#5950=CARTESIAN_POINT('Control Point',(162.385968748,307.02749043,39.32588762)) ;
#5951=CARTESIAN_POINT('Control Point',(164.282370252,307.02749043,39.5028784079)) ;
#5952=CARTESIAN_POINT('Control Point',(166.15676736,307.02749043,39.8568456294)) ;
#5953=CARTESIAN_POINT('Control Point',(170.370035217,307.02749043,41.0695248564)) ;
#5954=CARTESIAN_POINT('Control Point',(174.241289024,307.02749043,43.1554214645)) ;
#5955=CARTESIAN_POINT('Control Point',(176.276235635,307.02749043,44.5969029491)) ;
#5956=CARTESIAN_POINT('Control Point',(179.954891424,307.02749043,47.945183644)) ;
#5957=CARTESIAN_POINT('Control Point',(182.724678848,307.02749043,52.0769814561)) ;
#5958=CARTESIAN_POINT('Control Point',(183.850633884,307.02749043,54.3020886108)) ;
#5959=CARTESIAN_POINT('Control Point',(185.086580583,307.02749043,57.7266928146)) ;
#5960=CARTESIAN_POINT('Control Point',(185.695948306,307.02749043,61.2949958124)) ;
#5961=CARTESIAN_POINT('Control Point',(185.82504178,307.02749043,62.4353908486)) ;
#5962=CARTESIAN_POINT('Control Point',(185.889588084,307.02749043,63.5806336604)) ;
#5963=CARTESIAN_POINT('Control Point',(185.889588084,307.02749043,64.7258763823)) ;
#5964=CARTESIAN_POINT('Vertex',(160.489588083,307.02749043,39.3258763827)) ;
#5966=CARTESIAN_POINT('Vertex',(185.889588083,307.02749043,64.7258763827)) ;
#5970=CARTESIAN_POINT('Control Point',(135.089588083,307.02749043,64.7258763823)) ;
#5971=CARTESIAN_POINT('Control Point',(135.089588083,307.02749043,62.2568938709)) ;
#5972=CARTESIAN_POINT('Control Point',(135.389581914,307.02749043,59.787911777)) ;
#5973=CARTESIAN_POINT('Control Point',(135.989651481,307.02749043,57.367417381)) ;
#5974=CARTESIAN_POINT('Control Point',(137.765742698,307.02749043,52.7210217885)) ;
#5975=CARTESIAN_POINT('Control Point',(140.602847162,307.02749043,48.635154221)) ;
#5976=CARTESIAN_POINT('Control Point',(142.264075986,307.02749043,46.7752629899)) ;
#5977=CARTESIAN_POINT('Control Point',(146.004891062,307.02749043,43.4965750489)) ;
#5978=CARTESIAN_POINT('Control Point',(150.422019295,307.02749043,41.2091193177)) ;
#5979=CARTESIAN_POINT('Control Point',(152.759655269,307.02749043,40.3405949395)) ;
#5980=CARTESIAN_POINT('Control Point',(155.74038501,307.02749043,39.6312440415)) ;
#5981=CARTESIAN_POINT('Control Point',(158.772325334,307.02749043,39.3742865165)) ;
#5982=CARTESIAN_POINT('Control Point',(159.344340088,307.02749043,39.3420141789)) ;
#5983=CARTESIAN_POINT('Control Point',(159.916963136,307.02749043,39.3258791051)) ;
#5984=CARTESIAN_POINT('Control Point',(160.489588083,307.02749043,39.32588108)) ;
#5985=CARTESIAN_POINT('Vertex',(135.089588083,307.02749043,64.7258763827)) ;
#5989=CARTESIAN_POINT('Control Point',(160.489588083,307.02749043,90.1258716861)) ;
#5990=CARTESIAN_POINT('Control Point',(158.59320742,307.02749043,90.1258651455)) ;
#5991=CARTESIAN_POINT('Control Point',(156.696805913,307.02749043,89.9488743569)) ;
#5992=CARTESIAN_POINT('Control Point',(154.822408798,307.02749043,89.5949071346)) ;
#5993=CARTESIAN_POINT('Control Point',(150.609140947,307.02749043,88.3822279081)) ;
#5994=CARTESIAN_POINT('Control Point',(146.737887144,307.02749043,86.2963313029)) ;
#5995=CARTESIAN_POINT('Control Point',(144.70294053,307.02749043,84.8548498144)) ;
#5996=CARTESIAN_POINT('Control Point',(141.024284741,307.02749043,81.5065691189)) ;
#5997=CARTESIAN_POINT('Control Point',(138.254497318,307.02749043,77.3747713065)) ;
#5998=CARTESIAN_POINT('Control Point',(137.128542284,307.02749043,75.1496641562)) ;
#5999=CARTESIAN_POINT('Control Point',(135.892595584,307.02749043,71.7250599505)) ;
#6000=CARTESIAN_POINT('Control Point',(135.283227861,307.02749043,68.1567569508)) ;
#6001=CARTESIAN_POINT('Control Point',(135.154134387,307.02749043,67.0163619175)) ;
#6002=CARTESIAN_POINT('Control Point',(135.089588083,307.02749043,65.871119105)) ;
#6003=CARTESIAN_POINT('Control Point',(135.089588083,307.02749043,64.7258763823)) ;
#6004=CARTESIAN_POINT('Vertex',(160.489588083,307.02749043,90.1258763827)) ;
#6008=CARTESIAN_POINT('Control Point',(185.889588084,307.02749043,64.7258763823)) ;
#6009=CARTESIAN_POINT('Control Point',(185.889588084,307.02749043,67.1948588946)) ;
#6010=CARTESIAN_POINT('Control Point',(185.589594253,307.02749043,69.6638409892)) ;
#6011=CARTESIAN_POINT('Control Point',(184.989524687,307.02749043,72.0843353821)) ;
#6012=CARTESIAN_POINT('Control Point',(183.21343347,307.02749043,76.730730975)) ;
#6013=CARTESIAN_POINT('Control Point',(180.376329006,307.02749043,80.8165985427)) ;
#6014=CARTESIAN_POINT('Control Point',(178.71510018,307.02749043,82.6764897772)) ;
#6015=CARTESIAN_POINT('Control Point',(174.974285108,307.02749043,85.9551777148)) ;
#6016=CARTESIAN_POINT('Control Point',(170.55715688,307.02749043,88.2426334445)) ;
#6017=CARTESIAN_POINT('Control Point',(168.219520889,307.02749043,89.111157829)) ;
#6018=CARTESIAN_POINT('Control Point',(165.238791153,307.02749043,89.8205087253)) ;
#6019=CARTESIAN_POINT('Control Point',(162.206850833,307.02749043,90.0774662499)) ;
#6020=CARTESIAN_POINT('Control Point',(161.63483608,307.02749043,90.1097385874)) ;
#6021=CARTESIAN_POINT('Control Point',(161.062213032,307.02749043,90.1258736611)) ;
#6022=CARTESIAN_POINT('Control Point',(160.489588083,307.02749043,90.1258716861)) ;
#6056=CARTESIAN_POINT('Axis2P3D Location',(-557.060411917,41.9149904302,-30.5241236173)) ;
#6062=CARTESIAN_POINT('Control Point',(-557.060411917,53.0909904302,-24.9361236173)) ;
#6063=CARTESIAN_POINT('Control Point',(-555.304889942,53.0909904304,-24.9361236173)) ;
#6064=CARTESIAN_POINT('Control Point',(-553.547730053,53.0909904306,-25.6235314599)) ;
#6065=CARTESIAN_POINT('Control Point',(-552.159819759,53.0909904308,-27.0114417542)) ;
#6066=CARTESIAN_POINT('Control Point',(-551.472411917,53.0909904309,-28.7686016425)) ;
#6067=CARTESIAN_POINT('Control Point',(-551.472411917,53.0909904311,-30.5241236173)) ;
#6068=CARTESIAN_POINT('Vertex',(-551.472411917,53.0909904311,-30.5241236173)) ;
#6070=CARTESIAN_POINT('Vertex',(-557.060411917,53.0909904302,-24.9361236171)) ;
#6073=CARTESIAN_POINT('Axis2P3D Location',(-557.060411917,53.0909904311,-30.5241236173)) ;
#6077=CARTESIAN_POINT('Vertex',(-557.060411917,53.0909904311,-36.1121236173)) ;
#6080=CARTESIAN_POINT('Line Origine',(-557.060411917,41.9149904307,-36.1121236173)) ;
#6085=CARTESIAN_POINT('Line Origine',(-557.060411917,41.9149904307,-24.9361236173)) ;
#6100=CARTESIAN_POINT('Axis2P3D Location',(-557.060411917,53.0909904311,-30.5241236173)) ;
#6104=CARTESIAN_POINT('Vertex',(-562.648411916,53.0909904302,-30.5241236166)) ;
#6108=CARTESIAN_POINT('Control Point',(-562.648411917,53.0909904311,-30.5241236173)) ;
#6109=CARTESIAN_POINT('Control Point',(-562.648411917,53.0909904309,-28.7686016425)) ;
#6110=CARTESIAN_POINT('Control Point',(-561.961004074,53.0909904308,-27.0114417542)) ;
#6111=CARTESIAN_POINT('Control Point',(-560.57309378,53.0909904306,-25.6235314599)) ;
#6112=CARTESIAN_POINT('Control Point',(-558.815933891,53.0909904304,-24.9361236173)) ;
#6113=CARTESIAN_POINT('Control Point',(-557.060411917,53.0909904302,-24.9361236173)) ;
#6125=CARTESIAN_POINT('Axis2P3D Location',(-531.660411917,41.9149904302,-30.5241236173)) ;
#6131=CARTESIAN_POINT('Control Point',(-531.660411917,53.0909904302,-24.9361236173)) ;
#6132=CARTESIAN_POINT('Control Point',(-529.904889942,53.0909904304,-24.9361236173)) ;
#6133=CARTESIAN_POINT('Control Point',(-528.147730053,53.0909904306,-25.6235314599)) ;
#6134=CARTESIAN_POINT('Control Point',(-526.759819759,53.0909904308,-27.0114417542)) ;
#6135=CARTESIAN_POINT('Control Point',(-526.072411917,53.0909904309,-28.7686016425)) ;
#6136=CARTESIAN_POINT('Control Point',(-526.072411917,53.0909904311,-30.5241236173)) ;
#6137=CARTESIAN_POINT('Vertex',(-526.072411917,53.0909904311,-30.5241236173)) ;
#6139=CARTESIAN_POINT('Vertex',(-531.660411917,53.0909904302,-24.9361236171)) ;
#6142=CARTESIAN_POINT('Axis2P3D Location',(-531.660411917,53.0909904311,-30.5241236173)) ;
#6146=CARTESIAN_POINT('Vertex',(-531.660411917,53.0909904311,-36.1121236173)) ;
#6149=CARTESIAN_POINT('Line Origine',(-531.660411917,41.9149904307,-36.1121236173)) ;
#6154=CARTESIAN_POINT('Line Origine',(-531.660411917,41.9149904307,-24.9361236173)) ;
#6169=CARTESIAN_POINT('Axis2P3D Location',(-531.660411917,53.0909904311,-30.5241236173)) ;
#6173=CARTESIAN_POINT('Vertex',(-537.248411916,53.0909904302,-30.5241236166)) ;
#6177=CARTESIAN_POINT('Control Point',(-537.248411917,53.0909904311,-30.5241236173)) ;
#6178=CARTESIAN_POINT('Control Point',(-537.248411917,53.0909904309,-28.7686016425)) ;
#6179=CARTESIAN_POINT('Control Point',(-536.561004074,53.0909904308,-27.0114417542)) ;
#6180=CARTESIAN_POINT('Control Point',(-535.17309378,53.0909904306,-25.6235314599)) ;
#6181=CARTESIAN_POINT('Control Point',(-533.415933891,53.0909904304,-24.9361236173)) ;
#6182=CARTESIAN_POINT('Control Point',(-531.660411917,53.0909904302,-24.9361236173)) ;
#6194=CARTESIAN_POINT('Axis2P3D Location',(-442.760411917,41.9149904302,-30.5241236173)) ;
#6200=CARTESIAN_POINT('Control Point',(-442.760411917,53.0909904302,-24.9361236173)) ;
#6201=CARTESIAN_POINT('Control Point',(-441.004889942,53.0909904304,-24.9361236173)) ;
#6202=CARTESIAN_POINT('Control Point',(-439.247730053,53.0909904306,-25.6235314599)) ;
#6203=CARTESIAN_POINT('Control Point',(-437.859819759,53.0909904308,-27.0114417542)) ;
#6204=CARTESIAN_POINT('Control Point',(-437.172411917,53.0909904309,-28.7686016425)) ;
#6205=CARTESIAN_POINT('Control Point',(-437.172411917,53.0909904311,-30.5241236173)) ;
#6206=CARTESIAN_POINT('Vertex',(-437.172411917,53.0909904311,-30.5241236173)) ;
#6208=CARTESIAN_POINT('Vertex',(-442.760411917,53.0909904302,-24.9361236171)) ;
#6211=CARTESIAN_POINT('Axis2P3D Location',(-442.760411917,53.0909904311,-30.5241236173)) ;
#6215=CARTESIAN_POINT('Vertex',(-442.760411917,53.0909904311,-36.1121236173)) ;
#6218=CARTESIAN_POINT('Line Origine',(-442.760411917,41.9149904307,-36.1121236173)) ;
#6223=CARTESIAN_POINT('Line Origine',(-442.760411917,41.9149904307,-24.9361236173)) ;
#6238=CARTESIAN_POINT('Axis2P3D Location',(-442.760411917,53.0909904311,-30.5241236173)) ;
#6242=CARTESIAN_POINT('Vertex',(-448.348411917,53.0909904302,-30.5241236166)) ;
#6246=CARTESIAN_POINT('Control Point',(-448.348411917,53.0909904311,-30.5241236173)) ;
#6247=CARTESIAN_POINT('Control Point',(-448.348411917,53.0909904309,-28.7686016425)) ;
#6248=CARTESIAN_POINT('Control Point',(-447.661004074,53.0909904308,-27.0114417542)) ;
#6249=CARTESIAN_POINT('Control Point',(-446.27309378,53.0909904306,-25.6235314599)) ;
#6250=CARTESIAN_POINT('Control Point',(-444.515933891,53.0909904304,-24.9361236173)) ;
#6251=CARTESIAN_POINT('Control Point',(-442.760411917,53.0909904302,-24.9361236173)) ;
#6263=CARTESIAN_POINT('Axis2P3D Location',(-417.360411917,41.9149904302,-30.5241236173)) ;
#6269=CARTESIAN_POINT('Control Point',(-417.360411917,53.0909904302,-24.9361236173)) ;
#6270=CARTESIAN_POINT('Control Point',(-415.604889942,53.0909904304,-24.9361236173)) ;
#6271=CARTESIAN_POINT('Control Point',(-413.847730053,53.0909904306,-25.6235314599)) ;
#6272=CARTESIAN_POINT('Control Point',(-412.459819759,53.0909904308,-27.0114417542)) ;
#6273=CARTESIAN_POINT('Control Point',(-411.772411917,53.0909904309,-28.7686016425)) ;
#6274=CARTESIAN_POINT('Control Point',(-411.772411917,53.0909904311,-30.5241236173)) ;
#6275=CARTESIAN_POINT('Vertex',(-411.772411917,53.0909904311,-30.5241236173)) ;
#6277=CARTESIAN_POINT('Vertex',(-417.360411917,53.0909904302,-24.9361236171)) ;
#6280=CARTESIAN_POINT('Axis2P3D Location',(-417.360411917,53.0909904311,-30.5241236173)) ;
#6284=CARTESIAN_POINT('Vertex',(-417.360411917,53.0909904311,-36.1121236173)) ;
#6287=CARTESIAN_POINT('Line Origine',(-417.360411917,41.9149904307,-36.1121236173)) ;
#6292=CARTESIAN_POINT('Line Origine',(-417.360411917,41.9149904307,-24.9361236173)) ;
#6307=CARTESIAN_POINT('Axis2P3D Location',(-417.360411917,53.0909904311,-30.5241236173)) ;
#6311=CARTESIAN_POINT('Vertex',(-422.948411917,53.0909904302,-30.5241236166)) ;
#6315=CARTESIAN_POINT('Control Point',(-422.948411917,53.0909904311,-30.5241236173)) ;
#6316=CARTESIAN_POINT('Control Point',(-422.948411917,53.0909904309,-28.7686016425)) ;
#6317=CARTESIAN_POINT('Control Point',(-422.261004074,53.0909904308,-27.0114417542)) ;
#6318=CARTESIAN_POINT('Control Point',(-420.87309378,53.0909904306,-25.6235314599)) ;
#6319=CARTESIAN_POINT('Control Point',(-419.115933891,53.0909904304,-24.9361236173)) ;
#6320=CARTESIAN_POINT('Control Point',(-417.360411917,53.0909904302,-24.9361236173)) ;
#6332=CARTESIAN_POINT('Axis2P3D Location',(-417.360411917,41.9149904302,159.975876383)) ;
#6338=CARTESIAN_POINT('Control Point',(-417.360411917,53.0909904302,165.563876383)) ;
#6339=CARTESIAN_POINT('Control Point',(-415.604889942,53.0909904304,165.563876383)) ;
#6340=CARTESIAN_POINT('Control Point',(-413.847730053,53.0909904306,164.87646854)) ;
#6341=CARTESIAN_POINT('Control Point',(-412.459819759,53.0909904308,163.488558246)) ;
#6342=CARTESIAN_POINT('Control Point',(-411.772411917,53.0909904309,161.731398357)) ;
#6343=CARTESIAN_POINT('Control Point',(-411.772411917,53.0909904311,159.975876383)) ;
#6344=CARTESIAN_POINT('Vertex',(-411.772411917,53.0909904311,159.975876383)) ;
#6346=CARTESIAN_POINT('Vertex',(-417.360411917,53.0909904302,165.563876382)) ;
#6349=CARTESIAN_POINT('Axis2P3D Location',(-417.360411917,53.0909904311,159.975876383)) ;
#6353=CARTESIAN_POINT('Vertex',(-417.360411917,53.0909904311,154.387876383)) ;
#6356=CARTESIAN_POINT('Line Origine',(-417.360411917,41.9149904307,154.387876383)) ;
#6361=CARTESIAN_POINT('Line Origine',(-417.360411917,41.9149904307,165.563876383)) ;
#6376=CARTESIAN_POINT('Axis2P3D Location',(-417.360411917,53.0909904311,159.975876383)) ;
#6380=CARTESIAN_POINT('Vertex',(-422.948411917,53.0909904302,159.975876383)) ;
#6384=CARTESIAN_POINT('Control Point',(-422.948411917,53.0909904311,159.975876383)) ;
#6385=CARTESIAN_POINT('Control Point',(-422.948411917,53.0909904309,161.731398357)) ;
#6386=CARTESIAN_POINT('Control Point',(-422.261004074,53.0909904308,163.488558246)) ;
#6387=CARTESIAN_POINT('Control Point',(-420.87309378,53.0909904306,164.87646854)) ;
#6388=CARTESIAN_POINT('Control Point',(-419.115933891,53.0909904304,165.563876383)) ;
#6389=CARTESIAN_POINT('Control Point',(-417.360411917,53.0909904302,165.563876383)) ;
#6401=CARTESIAN_POINT('Axis2P3D Location',(-442.760411917,41.9149904302,159.975876383)) ;
#6407=CARTESIAN_POINT('Control Point',(-442.760411917,53.0909904302,165.563876383)) ;
#6408=CARTESIAN_POINT('Control Point',(-441.004889942,53.0909904304,165.563876383)) ;
#6409=CARTESIAN_POINT('Control Point',(-439.247730053,53.0909904306,164.87646854)) ;
#6410=CARTESIAN_POINT('Control Point',(-437.859819759,53.0909904308,163.488558246)) ;
#6411=CARTESIAN_POINT('Control Point',(-437.172411917,53.0909904309,161.731398357)) ;
#6412=CARTESIAN_POINT('Control Point',(-437.172411917,53.0909904311,159.975876383)) ;
#6413=CARTESIAN_POINT('Vertex',(-437.172411917,53.0909904311,159.975876383)) ;
#6415=CARTESIAN_POINT('Vertex',(-442.760411917,53.0909904302,165.563876382)) ;
#6418=CARTESIAN_POINT('Axis2P3D Location',(-442.760411917,53.0909904311,159.975876383)) ;
#6422=CARTESIAN_POINT('Vertex',(-442.760411917,53.0909904311,154.387876383)) ;
#6425=CARTESIAN_POINT('Line Origine',(-442.760411917,41.9149904307,154.387876383)) ;
#6430=CARTESIAN_POINT('Line Origine',(-442.760411917,41.9149904307,165.563876383)) ;
#6445=CARTESIAN_POINT('Axis2P3D Location',(-442.760411917,53.0909904311,159.975876383)) ;
#6449=CARTESIAN_POINT('Vertex',(-448.348411917,53.0909904302,159.975876383)) ;
#6453=CARTESIAN_POINT('Control Point',(-448.348411917,53.0909904311,159.975876383)) ;
#6454=CARTESIAN_POINT('Control Point',(-448.348411917,53.0909904309,161.731398357)) ;
#6455=CARTESIAN_POINT('Control Point',(-447.661004074,53.0909904308,163.488558246)) ;
#6456=CARTESIAN_POINT('Control Point',(-446.27309378,53.0909904306,164.87646854)) ;
#6457=CARTESIAN_POINT('Control Point',(-444.515933891,53.0909904304,165.563876383)) ;
#6458=CARTESIAN_POINT('Control Point',(-442.760411917,53.0909904302,165.563876383)) ;
#6470=CARTESIAN_POINT('Axis2P3D Location',(-557.060411917,41.9149904302,159.975876383)) ;
#6476=CARTESIAN_POINT('Control Point',(-557.060411917,53.0909904302,165.563876383)) ;
#6477=CARTESIAN_POINT('Control Point',(-555.304889942,53.0909904304,165.563876383)) ;
#6478=CARTESIAN_POINT('Control Point',(-553.547730053,53.0909904306,164.87646854)) ;
#6479=CARTESIAN_POINT('Control Point',(-552.159819759,53.0909904308,163.488558246)) ;
#6480=CARTESIAN_POINT('Control Point',(-551.472411917,53.0909904309,161.731398357)) ;
#6481=CARTESIAN_POINT('Control Point',(-551.472411917,53.0909904311,159.975876383)) ;
#6482=CARTESIAN_POINT('Vertex',(-551.472411917,53.0909904311,159.975876383)) ;
#6484=CARTESIAN_POINT('Vertex',(-557.060411917,53.0909904302,165.563876382)) ;
#6487=CARTESIAN_POINT('Axis2P3D Location',(-557.060411917,53.0909904311,159.975876383)) ;
#6491=CARTESIAN_POINT('Vertex',(-557.060411917,53.0909904311,154.387876383)) ;
#6494=CARTESIAN_POINT('Line Origine',(-557.060411917,41.9149904307,154.387876383)) ;
#6499=CARTESIAN_POINT('Line Origine',(-557.060411917,41.9149904307,165.563876383)) ;
#6514=CARTESIAN_POINT('Axis2P3D Location',(-557.060411917,53.0909904311,159.975876383)) ;
#6518=CARTESIAN_POINT('Vertex',(-562.648411916,53.0909904302,159.975876383)) ;
#6522=CARTESIAN_POINT('Control Point',(-562.648411917,53.0909904311,159.975876383)) ;
#6523=CARTESIAN_POINT('Control Point',(-562.648411917,53.0909904309,161.731398357)) ;
#6524=CARTESIAN_POINT('Control Point',(-561.961004074,53.0909904308,163.488558246)) ;
#6525=CARTESIAN_POINT('Control Point',(-560.57309378,53.0909904306,164.87646854)) ;
#6526=CARTESIAN_POINT('Control Point',(-558.815933891,53.0909904304,165.563876383)) ;
#6527=CARTESIAN_POINT('Control Point',(-557.060411917,53.0909904302,165.563876383)) ;
#6539=CARTESIAN_POINT('Axis2P3D Location',(-531.660411917,41.9149904302,159.975876383)) ;
#6545=CARTESIAN_POINT('Control Point',(-531.660411917,53.0909904302,165.563876383)) ;
#6546=CARTESIAN_POINT('Control Point',(-529.904889942,53.0909904304,165.563876383)) ;
#6547=CARTESIAN_POINT('Control Point',(-528.147730053,53.0909904306,164.87646854)) ;
#6548=CARTESIAN_POINT('Control Point',(-526.759819759,53.0909904308,163.488558246)) ;
#6549=CARTESIAN_POINT('Control Point',(-526.072411917,53.0909904309,161.731398357)) ;
#6550=CARTESIAN_POINT('Control Point',(-526.072411917,53.0909904311,159.975876383)) ;
#6551=CARTESIAN_POINT('Vertex',(-526.072411917,53.0909904311,159.975876383)) ;
#6553=CARTESIAN_POINT('Vertex',(-531.660411917,53.0909904302,165.563876382)) ;
#6556=CARTESIAN_POINT('Axis2P3D Location',(-531.660411917,53.0909904311,159.975876383)) ;
#6560=CARTESIAN_POINT('Vertex',(-531.660411917,53.0909904311,154.387876383)) ;
#6563=CARTESIAN_POINT('Line Origine',(-531.660411917,41.9149904307,154.387876383)) ;
#6568=CARTESIAN_POINT('Line Origine',(-531.660411917,41.9149904307,165.563876383)) ;
#6583=CARTESIAN_POINT('Axis2P3D Location',(-531.660411917,53.0909904311,159.975876383)) ;
#6587=CARTESIAN_POINT('Vertex',(-537.248411916,53.0909904302,159.975876383)) ;
#6591=CARTESIAN_POINT('Control Point',(-537.248411917,53.0909904311,159.975876383)) ;
#6592=CARTESIAN_POINT('Control Point',(-537.248411917,53.0909904309,161.731398357)) ;
#6593=CARTESIAN_POINT('Control Point',(-536.561004074,53.0909904308,163.488558246)) ;
#6594=CARTESIAN_POINT('Control Point',(-535.17309378,53.0909904306,164.87646854)) ;
#6595=CARTESIAN_POINT('Control Point',(-533.415933891,53.0909904304,165.563876383)) ;
#6596=CARTESIAN_POINT('Control Point',(-531.660411917,53.0909904302,165.563876383)) ;
#6608=CARTESIAN_POINT('Axis2P3D Location',(-504.990411917,156.21499043,64.7258763827)) ;
#6613=CARTESIAN_POINT('Line Origine',(-504.990411917,71.8335861775,-38.7530809174)) ;
#6617=CARTESIAN_POINT('Vertex',(-504.990411917,53.0909904304,-49.5741236181)) ;
#6619=CARTESIAN_POINT('Vertex',(-504.990411917,90.5761819246,-27.9320382167)) ;
#6622=CARTESIAN_POINT('Line Origine',(-504.990411917,53.0909904304,-30.575356922)) ;
#6626=CARTESIAN_POINT('Vertex',(-504.990411917,53.0909904304,-11.5765902259)) ;
#6629=CARTESIAN_POINT('Line Origine',(-504.990411917,59.1412087238,-8.08349506546)) ;
#6633=CARTESIAN_POINT('Vertex',(-504.990411917,65.1914270173,-4.590399905)) ;
#6636=CARTESIAN_POINT('Axis2P3D Location',(-504.990411917,216.20605506,64.7258764947)) ;
#6640=CARTESIAN_POINT('Vertex',(-504.990411917,72.6088059439,-18.8803081036)) ;
#6643=CARTESIAN_POINT('Axis2P3D Location',(-504.990411917,156.214990321,124.716940591)) ;
#6657=CARTESIAN_POINT('Axis2P3D Location',(-469.430411917,156.21499043,64.7258763827)) ;
#6662=CARTESIAN_POINT('Line Origine',(-469.430411917,53.0909904304,-30.575356922)) ;
#6666=CARTESIAN_POINT('Vertex',(-469.430411917,53.0909904304,-49.5741236181)) ;
#6668=CARTESIAN_POINT('Vertex',(-469.430411917,53.0909904304,-11.5765902259)) ;
#6671=CARTESIAN_POINT('Line Origine',(-469.430411917,71.8335861775,-38.7530809174)) ;
#6675=CARTESIAN_POINT('Vertex',(-469.430411917,90.5761819246,-27.9320382167)) ;
#6678=CARTESIAN_POINT('Axis2P3D Location',(-469.430411917,156.214990321,124.716940591)) ;
#6682=CARTESIAN_POINT('Vertex',(-469.430411917,72.6088059439,-18.8803081036)) ;
#6685=CARTESIAN_POINT('Axis2P3D Location',(-469.430411917,216.20605506,64.7258764947)) ;
#6689=CARTESIAN_POINT('Vertex',(-469.430411917,65.1914270173,-4.590399905)) ;
#6692=CARTESIAN_POINT('Line Origine',(-469.430411917,59.1412087238,-8.08349506546)) ;
#6706=CARTESIAN_POINT('Axis2P3D Location',(-392.717331917,216.206054877,64.7258763881)) ;
#6710=CARTESIAN_POINT('Vertex',(-392.717331917,72.6088059439,-18.8803081036)) ;
#6713=CARTESIAN_POINT('Axis2P3D Location',(-392.717331917,156.214990436,124.716940829)) ;
#6725=CARTESIAN_POINT('Axis2P3D Location',(-392.717331917,156.214990436,4.73481193613)) ;
#6729=CARTESIAN_POINT('Vertex',(-392.717331917,72.6088059439,148.332060869)) ;
#6732=CARTESIAN_POINT('Axis2P3D Location',(-392.717331917,216.206054877,64.7258763772)) ;
#6744=CARTESIAN_POINT('Line Origine',(-469.430411917,59.1412087238,137.535247831)) ;
#6748=CARTESIAN_POINT('Vertex',(-469.430411917,65.1914270173,134.04215267)) ;
#6750=CARTESIAN_POINT('Vertex',(-469.430411917,53.0909904304,141.028342991)) ;
#6753=CARTESIAN_POINT('Axis2P3D Location',(-469.430411917,216.20605506,64.7258762706)) ;
#6757=CARTESIAN_POINT('Vertex',(-469.430411917,72.6088059439,148.332060869)) ;
#6760=CARTESIAN_POINT('Axis2P3D Location',(-469.430411917,156.214990321,4.73481217392)) ;
#6764=CARTESIAN_POINT('Vertex',(-469.430411917,90.5761819246,157.383790982)) ;
#6767=CARTESIAN_POINT('Line Origine',(-469.430411917,71.8335861775,168.204833683)) ;
#6771=CARTESIAN_POINT('Vertex',(-469.430411917,53.0909904304,179.025876383)) ;
#6774=CARTESIAN_POINT('Line Origine',(-469.430411917,53.0909904304,160.027109687)) ;
#6788=CARTESIAN_POINT('Axis2P3D Location',(-504.990411917,216.20605506,64.7258762706)) ;
#6792=CARTESIAN_POINT('Vertex',(-504.990411917,65.1914270173,134.04215267)) ;
#6794=CARTESIAN_POINT('Vertex',(-504.990411917,72.6088059439,148.332060869)) ;
#6797=CARTESIAN_POINT('Line Origine',(-504.990411917,59.1412087238,137.535247831)) ;
#6801=CARTESIAN_POINT('Vertex',(-504.990411917,53.0909904304,141.028342991)) ;
#6804=CARTESIAN_POINT('Line Origine',(-504.990411917,53.0909904304,160.027109687)) ;
#6808=CARTESIAN_POINT('Vertex',(-504.990411917,53.0909904304,179.025876383)) ;
#6811=CARTESIAN_POINT('Line Origine',(-504.990411917,71.8335861775,168.204833683)) ;
#6815=CARTESIAN_POINT('Vertex',(-504.990411917,90.5761819246,157.383790982)) ;
#6818=CARTESIAN_POINT('Axis2P3D Location',(-504.990411917,156.214990321,4.73481217392)) ;
#6832=CARTESIAN_POINT('Axis2P3D Location',(-591.091331917,156.21499043,4.73481194587)) ;
#6837=CARTESIAN_POINT('Line Origine',(-591.091331916,156.21499043,170.897876383)) ;
#6841=CARTESIAN_POINT('Vertex',(-591.091331917,156.21499043,170.897876383)) ;
#6844=CARTESIAN_POINT('Line Origine',(-591.091331916,156.21499043,170.897876383)) ;
#6849=CARTESIAN_POINT('Axis2P3D Location',(-591.091331917,156.21499043,4.73481194587)) ;
#6864=CARTESIAN_POINT('Axis2P3D Location',(-591.091331917,156.21499043,4.73481194587)) ;
#6868=CARTESIAN_POINT('Vertex',(-591.091331917,72.6088059431,148.33206087)) ;
#6871=CARTESIAN_POINT('Line Origine',(-591.091331916,72.6088059431,148.33206087)) ;
#6876=CARTESIAN_POINT('Line Origine',(-591.091331916,90.5761819246,157.383790983)) ;
#6881=CARTESIAN_POINT('Line Origine',(-591.091331916,72.6088059431,148.33206087)) ;
#6900=CARTESIAN_POINT('Axis2P3D Location',(-591.091331917,269.62599043,64.7258763827)) ;
#6911=CARTESIAN_POINT('Axis2P3D Location',(-591.091331917,216.206054856,64.7258763827)) ;
#6915=CARTESIAN_POINT('Vertex',(-591.091331917,72.6088059436,-18.8803081036)) ;
#6918=CARTESIAN_POINT('Axis2P3D Location',(-591.091331917,156.214990431,124.716940812)) ;
#6922=CARTESIAN_POINT('Vertex',(-591.091331917,156.21499043,-41.4461236176)) ;
#6925=CARTESIAN_POINT('Axis2P3D Location',(-591.091331917,156.214990431,124.716940812)) ;
#6940=CARTESIAN_POINT('Axis2P3D Location',(-591.091331917,156.21499043,124.716940819)) ;
#6945=CARTESIAN_POINT('Line Origine',(-591.091331916,156.21499043,-41.4461236173)) ;
#6958=CARTESIAN_POINT('Line Origine',(-591.091331916,72.6088059431,-18.8803081045)) ;
#6963=CARTESIAN_POINT('Line Origine',(-591.091331916,90.5761819246,-27.9320382174)) ;
#6968=CARTESIAN_POINT('Line Origine',(-591.091331916,72.6088059431,-18.8803081045)) ;
#6985=CARTESIAN_POINT('Axis2P3D Location',(-118.910411917,156.21499043,64.7258763827)) ;
#6990=CARTESIAN_POINT('Line Origine',(-118.910411917,156.21499043,52.0258763827)) ;
#6994=CARTESIAN_POINT('Vertex',(-118.910411917,156.21499043,52.0258763827)) ;
#6997=CARTESIAN_POINT('Line Origine',(-118.910411917,156.21499043,77.4258763827)) ;
#7001=CARTESIAN_POINT('Vertex',(-118.910411917,156.21499043,77.4258763827)) ;
#7004=CARTESIAN_POINT('Axis2P3D Location',(-118.910411917,156.21499043,64.7258763827)) ;
#7008=CARTESIAN_POINT('Vertex',(-118.910411917,168.91499043,64.7258763827)) ;
#7011=CARTESIAN_POINT('Axis2P3D Location',(-118.910411917,156.21499043,64.7258763827)) ;
#7026=CARTESIAN_POINT('Axis2P3D Location',(-118.910411917,156.21499043,64.7258763827)) ;
#7030=CARTESIAN_POINT('Vertex',(-118.910411917,143.51499043,64.7258763827)) ;
#7033=CARTESIAN_POINT('Axis2P3D Location',(-118.910411917,156.21499043,64.7258763827)) ;
#7048=CARTESIAN_POINT('Axis2P3D Location',(244.627088083,156.21499043,64.7258763827)) ;
#7053=CARTESIAN_POINT('Line Origine',(244.627088083,156.21499043,88.8558763827)) ;
#7057=CARTESIAN_POINT('Vertex',(205.432270184,156.21499043,88.8558763827)) ;
#7060=CARTESIAN_POINT('Line Origine',(244.627088083,156.21499043,40.5958763827)) ;
#7064=CARTESIAN_POINT('Vertex',(205.432270185,156.21499043,40.5958763827)) ;
#7067=CARTESIAN_POINT('Axis2P3D Location',(205.432270185,156.21499043,64.7258763827)) ;
#7071=CARTESIAN_POINT('Vertex',(205.432270185,180.34499043,64.7258763827)) ;
#7075=CARTESIAN_POINT('Control Point',(205.432270184,156.21499043,88.8558763827)) ;
#7076=CARTESIAN_POINT('Control Point',(205.432270184,163.795653503,88.8558763827)) ;
#7077=CARTESIAN_POINT('Control Point',(205.432270184,171.383389385,85.887524335)) ;
#7078=CARTESIAN_POINT('Control Point',(205.432270184,177.376638383,79.894275337)) ;
#7079=CARTESIAN_POINT('Control Point',(205.432270184,180.34499043,72.3065394558)) ;
#7080=CARTESIAN_POINT('Control Point',(205.432270185,180.34499043,64.7258763827)) ;
#7093=CARTESIAN_POINT('Control Point',(205.432270185,132.08499043,64.7258763827)) ;
#7094=CARTESIAN_POINT('Control Point',(205.432270184,132.08499043,72.3065394558)) ;
#7095=CARTESIAN_POINT('Control Point',(205.432270184,135.053342478,79.894275337)) ;
#7096=CARTESIAN_POINT('Control Point',(205.432270184,141.046591476,85.887524335)) ;
#7097=CARTESIAN_POINT('Control Point',(205.432270184,148.634327357,88.8558763827)) ;
#7098=CARTESIAN_POINT('Control Point',(205.432270184,156.21499043,88.8558763827)) ;
#7099=CARTESIAN_POINT('Vertex',(205.432270184,132.08499043,64.7258763827)) ;
#7102=CARTESIAN_POINT('Axis2P3D Location',(205.432270185,156.21499043,64.7258763827)) ;
#7117=CARTESIAN_POINT('Axis2P3D Location',(84.2895880834,156.21499043,64.7258763827)) ;
#7122=CARTESIAN_POINT('Line Origine',(4923834.95353,156.21499043,868356.414211)) ;
#7126=CARTESIAN_POINT('Vertex',(-17.3104119166,156.21499043,148.411055143)) ;
#7129=CARTESIAN_POINT('Axis2P3D Location',(-17.3104119166,156.21499043,64.7258763827)) ;
#7133=CARTESIAN_POINT('Vertex',(-17.3104119166,72.5298116702,64.7258763827)) ;
#7136=CARTESIAN_POINT('Axis2P3D Location',(-17.3104119166,156.21499043,64.7258763827)) ;
#7140=CARTESIAN_POINT('Vertex',(-17.3104119166,156.21499043,-18.9593023774)) ;
#7143=CARTESIAN_POINT('Line Origine',(4923834.95353,156.21499043,-868226.962458)) ;
#7148=CARTESIAN_POINT('Axis2P3D Location',(84.2895880834,156.21499043,64.7258763827)) ;
#7166=CARTESIAN_POINT('Axis2P3D Location',(-17.3104119166,156.21499043,64.7258763827)) ;
#7170=CARTESIAN_POINT('Vertex',(-17.3104119166,239.90016919,64.7258763827)) ;
#7173=CARTESIAN_POINT('Axis2P3D Location',(-17.3104119166,156.21499043,64.7258763827)) ;
#7178=CARTESIAN_POINT('Axis2P3D Location',(84.2895880834,156.21499043,64.7258763827)) ;
#7196=CARTESIAN_POINT('Axis2P3D Location',(84.2895880834,3.81499043021,64.7258763827)) ;
#7202=CARTESIAN_POINT('Control Point',(84.2895880834,232.41499043,-2.47620691814)) ;
#7203=CARTESIAN_POINT('Control Point',(84.2895880834,226.209281033,-9.51281996345)) ;
#7204=CARTESIAN_POINT('Control Point',(84.2895880834,219.191335614,-15.8331076654)) ;
#7205=CARTESIAN_POINT('Control Point',(84.2895880834,211.47098278,-21.3121692785)) ;
#7206=CARTESIAN_POINT('Control Point',(84.2895880834,196.25814214,-29.6478791867)) ;
#7207=CARTESIAN_POINT('Control Point',(84.2895880834,179.668661092,-34.5993538962)) ;
#7208=CARTESIAN_POINT('Control Point',(84.2895880834,171.915763974,-36.115845385)) ;
#7209=CARTESIAN_POINT('Control Point',(84.2895880834,164.065340543,-36.8741018865)) ;
#7210=CARTESIAN_POINT('Control Point',(84.2895880834,156.21499043,-36.8741173765)) ;
#7211=CARTESIAN_POINT('Vertex',(84.2895880827,156.21499043,-36.8741236173)) ;
#7215=CARTESIAN_POINT('Control Point',(84.2895880834,156.21499043,-36.8741173765)) ;
#7216=CARTESIAN_POINT('Control Point',(84.2895880834,154.683147476,-36.8741203991)) ;
#7217=CARTESIAN_POINT('Control Point',(84.2895880834,153.151307314,-36.8452526956)) ;
#7218=CARTESIAN_POINT('Control Point',(84.2895880834,151.620195086,-36.7875142213)) ;
#7219=CARTESIAN_POINT('Control Point',(84.2895880834,140.721714358,-36.17063939)) ;
#7220=CARTESIAN_POINT('Control Point',(84.2895880834,129.933606674,-34.0924358453)) ;
#7221=CARTESIAN_POINT('Control Point',(84.2895880834,120.907097921,-31.2382977578)) ;
#7222=CARTESIAN_POINT('Control Point',(84.2895880834,106.489914354,-24.7621017468)) ;
#7223=CARTESIAN_POINT('Control Point',(84.2895880834,93.624514534,-15.680090681)) ;
#7224=CARTESIAN_POINT('Control Point',(84.2895880834,88.7420280478,-11.6291271749)) ;
#7225=CARTESIAN_POINT('Control Point',(84.2895880834,84.1943127366,-7.21511297815)) ;
#7226=CARTESIAN_POINT('Control Point',(84.2895880834,80.0149904295,-2.47620691814)) ;
#7229=CARTESIAN_POINT('Control Point',(84.2895880834,80.0149904295,131.927959683)) ;
#7230=CARTESIAN_POINT('Control Point',(84.2895880834,86.2206998243,138.964572727)) ;
#7231=CARTESIAN_POINT('Control Point',(84.2895880834,93.2386452416,145.284860427)) ;
#7232=CARTESIAN_POINT('Control Point',(84.2895880834,100.958998084,150.763922047)) ;
#7233=CARTESIAN_POINT('Control Point',(84.2895880834,116.171838722,159.099631952)) ;
#7234=CARTESIAN_POINT('Control Point',(84.2895880834,132.761319766,164.051106662)) ;
#7235=CARTESIAN_POINT('Control Point',(84.2895880834,140.514216886,165.56759815)) ;
#7236=CARTESIAN_POINT('Control Point',(84.2895880834,148.364640317,166.325854652)) ;
#7237=CARTESIAN_POINT('Control Point',(84.2895880834,156.21499043,166.325870142)) ;
#7238=CARTESIAN_POINT('Vertex',(84.2895880834,156.21499043,166.325870142)) ;
#7242=CARTESIAN_POINT('Control Point',(84.2895880834,156.21499043,166.325870142)) ;
#7243=CARTESIAN_POINT('Control Point',(84.2895880834,157.746833384,166.325873164)) ;
#7244=CARTESIAN_POINT('Control Point',(84.2895880834,159.278673546,166.297005461)) ;
#7245=CARTESIAN_POINT('Control Point',(84.2895880834,160.809785774,166.239266987)) ;
#7246=CARTESIAN_POINT('Control Point',(84.2895880834,171.708266505,165.622392155)) ;
#7247=CARTESIAN_POINT('Control Point',(84.2895880834,182.496374191,163.544188609)) ;
#7248=CARTESIAN_POINT('Control Point',(84.2895880834,191.522882933,160.690050525)) ;
#7249=CARTESIAN_POINT('Control Point',(84.2895880834,205.940066509,154.213854511)) ;
#7250=CARTESIAN_POINT('Control Point',(84.2895880834,218.805466335,145.131843439)) ;
#7251=CARTESIAN_POINT('Control Point',(84.2895880834,223.687952802,141.080879949)) ;
#7252=CARTESIAN_POINT('Control Point',(84.2895880834,228.235668119,136.666865748)) ;
#7253=CARTESIAN_POINT('Control Point',(84.2895880834,232.41499043,131.927959683)) ;
#7271=CARTESIAN_POINT('Axis2P3D Location',(160.489588083,307.02749043,64.7258763827)) ;
#7276=CARTESIAN_POINT('Line Origine',(160.489588083,307.02749043,90.1258763827)) ;
#7280=CARTESIAN_POINT('Vertex',(160.489588083,294.327490431,90.1258763827)) ;
#7283=CARTESIAN_POINT('Axis2P3D Location',(160.489588083,294.327490431,64.7258763827)) ;
#7287=CARTESIAN_POINT('Vertex',(160.489588083,294.327490431,39.3258763827)) ;
#7290=CARTESIAN_POINT('Line Origine',(160.489588083,307.02749043,39.3258763827)) ;
#7305=CARTESIAN_POINT('Control Point',(160.489588083,294.327490431,90.1258763827)) ;
#7306=CARTESIAN_POINT('Control Point',(156.499765413,294.327490431,90.1258763827)) ;
#7307=CARTESIAN_POINT('Control Point',(152.509942743,294.327490431,89.3424765333)) ;
#7308=CARTESIAN_POINT('Control Point',(148.725484519,294.327490431,87.7749026104)) ;
#7309=CARTESIAN_POINT('Control Point',(141.975128495,294.327490431,83.2403359706)) ;
#7310=CARTESIAN_POINT('Control Point',(137.440561856,294.327490431,76.4899799475)) ;
#7311=CARTESIAN_POINT('Control Point',(135.872987933,294.327490431,72.7055217228)) ;
#7312=CARTESIAN_POINT('Control Point',(134.306188234,294.327490431,64.7258763827)) ;
#7313=CARTESIAN_POINT('Control Point',(135.872987933,294.327490431,56.7462310425)) ;
#7314=CARTESIAN_POINT('Control Point',(137.440561856,294.32749043,52.9617728178)) ;
#7315=CARTESIAN_POINT('Control Point',(141.975128495,294.32749043,46.2114167947)) ;
#7316=CARTESIAN_POINT('Control Point',(148.725484519,294.32749043,41.6768501549)) ;
#7317=CARTESIAN_POINT('Control Point',(152.509942743,294.32749043,40.109276232)) ;
#7318=CARTESIAN_POINT('Control Point',(156.499765413,294.32749043,39.3258763827)) ;
#7319=CARTESIAN_POINT('Control Point',(160.489588083,294.32749043,39.3258763827)) ;
#7330=CARTESIAN_POINT('Axis2P3D Location',(-398.310411917,53.0909904302,-11.5765902258)) ;
#7335=CARTESIAN_POINT('Line Origine',(-576.110411917,59.1412087238,-8.08349506534)) ;
#7339=CARTESIAN_POINT('Vertex',(-576.110411917,53.0909904302,-11.5765902258)) ;
#7341=CARTESIAN_POINT('Vertex',(-576.110411917,65.1914270174,-4.59039990488)) ;
#7344=CARTESIAN_POINT('Line Origine',(-540.550411917,65.1914270174,-4.59039990488)) ;
#7349=CARTESIAN_POINT('Line Origine',(-540.550411917,53.0909904302,-11.5765902258)) ;
#7362=CARTESIAN_POINT('Axis2P3D Location',(-398.310411917,53.0909904302,-49.5741236173)) ;
#7367=CARTESIAN_POINT('Line Origine',(-576.110411917,53.0909904302,-30.5753569213)) ;
#7371=CARTESIAN_POINT('Vertex',(-576.110411917,53.0909904302,-49.5741236173)) ;
#7374=CARTESIAN_POINT('Line Origine',(-540.550411917,53.0909904302,-49.5741236173)) ;
#7399=CARTESIAN_POINT('Axis2P3D Location',(-469.430411917,53.0909904302,-49.5741236173)) ;
#7404=CARTESIAN_POINT('Line Origine',(-487.210411917,53.0909904302,-49.5741236173)) ;
#7417=CARTESIAN_POINT('Line Origine',(-398.310411917,53.0909904302,-30.5753569213)) ;
#7421=CARTESIAN_POINT('Vertex',(-398.310411917,53.0909904302,-49.5741236173)) ;
#7423=CARTESIAN_POINT('Vertex',(-398.310411917,53.0909904302,-11.5765902252)) ;
#7426=CARTESIAN_POINT('Line Origine',(-433.870411916,53.0909904302,-49.5741236173)) ;
#7431=CARTESIAN_POINT('Line Origine',(-433.870411916,53.0909904302,-11.5765902252)) ;
#7456=CARTESIAN_POINT('Line Origine',(-398.310411917,59.1412087238,-8.08349506534)) ;
#7460=CARTESIAN_POINT('Vertex',(-398.310411917,65.1914270174,-4.59039990488)) ;
#7463=CARTESIAN_POINT('Line Origine',(-433.870411916,65.1914270174,-4.59039990488)) ;
#7476=CARTESIAN_POINT('Axis2P3D Location',(-398.310411917,185.250739339,64.7258763827)) ;
#7481=CARTESIAN_POINT('Line Origine',(-398.310411917,59.1412087236,137.535247831)) ;
#7485=CARTESIAN_POINT('Vertex',(-398.310411917,65.1914270172,134.04215267)) ;
#7487=CARTESIAN_POINT('Vertex',(-398.310411917,53.09099043,141.028342991)) ;
#7490=CARTESIAN_POINT('Line Origine',(-433.870411916,65.1914270172,134.04215267)) ;
#7495=CARTESIAN_POINT('Line Origine',(-433.870411916,53.09099043,141.028342991)) ;
#7508=CARTESIAN_POINT('Line Origine',(-398.310411917,53.0909904302,160.027109687)) ;
#7512=CARTESIAN_POINT('Vertex',(-398.310411917,53.0909904302,179.025876383)) ;
#7515=CARTESIAN_POINT('Line Origine',(-433.870411916,53.0909904302,179.025876383)) ;
#7540=CARTESIAN_POINT('Axis2P3D Location',(-469.430411917,133.35499043,132.685434376)) ;
#7545=CARTESIAN_POINT('Line Origine',(-487.210411917,53.0909904298,179.025876383)) ;
#7558=CARTESIAN_POINT('Line Origine',(-576.110411917,59.1412087236,137.535247831)) ;
#7562=CARTESIAN_POINT('Vertex',(-576.110411917,65.1914270172,134.04215267)) ;
#7564=CARTESIAN_POINT('Vertex',(-576.110411917,53.09099043,141.028342991)) ;
#7567=CARTESIAN_POINT('Line Origine',(-540.550411917,53.09099043,141.028342991)) ;
#7572=CARTESIAN_POINT('Line Origine',(-540.550411917,65.1914270172,134.04215267)) ;
#7585=CARTESIAN_POINT('Line Origine',(-576.110411917,53.0909904302,160.027109687)) ;
#7589=CARTESIAN_POINT('Vertex',(-576.110411917,53.0909904302,179.025876383)) ;
#7592=CARTESIAN_POINT('Line Origine',(-540.550411917,53.0909904302,179.025876383)) ;
#7617=CARTESIAN_POINT('Axis2P3D Location',(-591.091331917,216.206054867,64.7258763827)) ;
#7622=CARTESIAN_POINT('Axis2P3D Location',(-576.110411917,216.206054867,64.7258763827)) ;
#7626=CARTESIAN_POINT('Vertex',(-576.110411917,60.8411681163,5.80291016443)) ;
#7629=CARTESIAN_POINT('Line Origine',(-591.091331916,60.8411681163,5.80291016443)) ;
#7633=CARTESIAN_POINT('Vertex',(-398.310411916,60.8411681163,5.80291016443)) ;
#7636=CARTESIAN_POINT('Axis2P3D Location',(-398.310411916,216.206054867,64.7258763827)) ;
#7641=CARTESIAN_POINT('Axis2P3D Location',(-398.310411916,216.206054867,64.7258763827)) ;
#7645=CARTESIAN_POINT('Vertex',(-398.310411916,60.8411681163,123.648842601)) ;
#7648=CARTESIAN_POINT('Line Origine',(-591.091331916,60.8411681163,123.648842601)) ;
#7652=CARTESIAN_POINT('Vertex',(-576.110411917,60.8411681163,123.648842601)) ;
#7655=CARTESIAN_POINT('Axis2P3D Location',(-576.110411917,216.206054867,64.7258763827)) ;
#7685=CARTESIAN_POINT('Axis2P3D Location',(-118.910411917,80.0149904302,144.100876383)) ;
#7690=CARTESIAN_POINT('Axis2P3D Location',(-118.910411917,156.214990429,64.7258763827)) ;
#7694=CARTESIAN_POINT('Vertex',(-118.910411917,156.21499043,-14.6491236173)) ;
#7696=CARTESIAN_POINT('Vertex',(-118.910411917,235.589990429,64.7258763827)) ;
#7699=CARTESIAN_POINT('Axis2P3D Location',(-118.910411917,156.214990429,64.7258763827)) ;
#7703=CARTESIAN_POINT('Vertex',(-118.910411917,76.8399904295,64.7258763827)) ;
#7706=CARTESIAN_POINT('Axis2P3D Location',(-118.910411917,156.214990429,64.7258763827)) ;
#7710=CARTESIAN_POINT('Vertex',(-118.910411917,156.21499043,144.100876383)) ;
#7713=CARTESIAN_POINT('Axis2P3D Location',(-118.910411917,156.214990429,64.7258763827)) ;
#7732=CARTESIAN_POINT('Axis2P3D Location',(-17.3104119166,-34.2850095698,64.7258763827)) ;
#7743=CARTESIAN_POINT('Axis2P3D Location',(-17.3104119166,156.21499043,64.7258763827)) ;
#7747=CARTESIAN_POINT('Vertex',(-17.3104119166,156.21499043,144.100876383)) ;
#7749=CARTESIAN_POINT('Vertex',(-17.3104119166,235.58999043,64.7258763827)) ;
#7752=CARTESIAN_POINT('Axis2P3D Location',(-17.3104119166,156.21499043,64.7258763827)) ;
#7756=CARTESIAN_POINT('Vertex',(-17.3104119166,76.8399904302,64.7258763827)) ;
#7759=CARTESIAN_POINT('Axis2P3D Location',(-17.3104119166,156.21499043,64.7258763827)) ;
#7763=CARTESIAN_POINT('Vertex',(-17.3104119166,156.21499043,-14.6491236173)) ;
#7766=CARTESIAN_POINT('Axis2P3D Location',(-17.3104119166,156.21499043,64.7258763827)) ;
#7779=CARTESIAN_POINT('Axis2P3D Location',(185.172794717,156.21499043,64.7258763827)) ;
#7784=CARTESIAN_POINT('Line Origine',(-1179251.24058,156.21499043,-4858888.01347)) ;
#7788=CARTESIAN_POINT('Vertex',(185.172794717,156.21499043,-42.8657269339)) ;
#7791=CARTESIAN_POINT('Line Origine',(-1179251.24058,156.21499043,4859017.46522)) ;
#7795=CARTESIAN_POINT('Vertex',(185.172794717,156.21499043,172.317479699)) ;
#7798=CARTESIAN_POINT('Axis2P3D Location',(185.172794717,156.21499043,64.7258763827)) ;
#7802=CARTESIAN_POINT('Vertex',(185.172794717,48.6233871136,64.7258763827)) ;
#7805=CARTESIAN_POINT('Axis2P3D Location',(185.172794717,156.21499043,64.7258763827)) ;
#7820=CARTESIAN_POINT('Axis2P3D Location',(185.172794717,156.21499043,64.7258763827)) ;
#7824=CARTESIAN_POINT('Vertex',(185.172794717,263.416666393,55.5741675315)) ;
#7828=CARTESIAN_POINT('Control Point',(185.172794717,263.761024226,67.8569654794)) ;
#7829=CARTESIAN_POINT('Control Point',(185.316808591,263.188215502,67.145039538)) ;
#7830=CARTESIAN_POINT('Control Point',(185.450277848,262.654164078,66.4017756059)) ;
#7831=CARTESIAN_POINT('Control Point',(185.570942916,262.167119597,65.6226863347)) ;
#7832=CARTESIAN_POINT('Control Point',(185.733084094,261.5033599,64.3441566103)) ;
#7833=CARTESIAN_POINT('Control Point',(185.836348147,261.060197873,62.9767140903)) ;
#7834=CARTESIAN_POINT('Control Point',(185.864743201,260.933648759,62.4709319559)) ;
#7835=CARTESIAN_POINT('Control Point',(185.910982431,260.709151138,61.1236122104)) ;
#7836=CARTESIAN_POINT('Control Point',(185.874467492,260.802885984,59.7517286989)) ;
#7837=CARTESIAN_POINT('Control Point',(185.813344481,261.011164692,58.9178668565)) ;
#7838=CARTESIAN_POINT('Control Point',(185.66098628,261.563627874,57.682010397)) ;
#7839=CARTESIAN_POINT('Control Point',(185.447837455,262.365681492,56.6234563389)) ;
#7840=CARTESIAN_POINT('Control Point',(185.36058681,262.69688748,56.2498219853)) ;
#7841=CARTESIAN_POINT('Control Point',(185.26858144,263.048529993,55.9010429383)) ;
#7842=CARTESIAN_POINT('Control Point',(185.172794717,263.416666393,55.5741675315)) ;
#7843=CARTESIAN_POINT('Vertex',(185.172794717,263.761024226,67.8569654794)) ;
#7846=CARTESIAN_POINT('Axis2P3D Location',(185.172794717,156.21499043,64.7258763827)) ;
#7862=CARTESIAN_POINT('Axis2P3D Location',(135.089588083,156.21499043,64.7258763827)) ;
#7867=CARTESIAN_POINT('Line Origine',(135.089588083,156.21499043,166.325876383)) ;
#7871=CARTESIAN_POINT('Vertex',(135.089588083,156.21499043,166.325876383)) ;
#7874=CARTESIAN_POINT('Axis2P3D Location',(135.089588083,156.21499043,64.7258763827)) ;
#7878=CARTESIAN_POINT('Vertex',(135.089588083,257.81499043,64.7258763827)) ;
#7881=CARTESIAN_POINT('Axis2P3D Location',(135.089588083,156.21499043,64.7258763827)) ;
#7885=CARTESIAN_POINT('Vertex',(135.089588083,257.724914447,60.4485727771)) ;
#7888=CARTESIAN_POINT('Axis2P3D Location',(135.089588083,156.21499043,64.7258763827)) ;
#7892=CARTESIAN_POINT('Vertex',(135.089588083,156.21499043,-36.8741236173)) ;
#7895=CARTESIAN_POINT('Line Origine',(135.089588083,156.21499043,-36.8741236173)) ;
#7912=CARTESIAN_POINT('Axis2P3D Location',(135.089588083,156.21499043,64.7258763827)) ;
#7916=CARTESIAN_POINT('Vertex',(135.089588083,54.6149904302,64.7258763827)) ;
#7919=CARTESIAN_POINT('Axis2P3D Location',(135.089588083,156.21499043,64.7258763827)) ;
#7923=CARTESIAN_POINT('Vertex',(135.089588083,54.7050664136,69.0031799882)) ;
#7926=CARTESIAN_POINT('Axis2P3D Location',(135.089588083,156.21499043,64.7258763827)) ;
#7944=CARTESIAN_POINT('Control Point',(160.489588083,110.17749043,-94.0241236173)) ;
#7945=CARTESIAN_POINT('Control Point',(156.499765413,110.17749043,-94.0241236173)) ;
#7946=CARTESIAN_POINT('Control Point',(152.509942743,110.96089028,-94.0241236173)) ;
#7947=CARTESIAN_POINT('Control Point',(148.725484519,112.528464202,-94.0241236173)) ;
#7948=CARTESIAN_POINT('Control Point',(141.975128495,117.063030842,-94.0241236173)) ;
#7949=CARTESIAN_POINT('Control Point',(137.440561856,123.813386865,-94.0241236173)) ;
#7950=CARTESIAN_POINT('Control Point',(135.872987933,127.59784509,-94.0241236173)) ;
#7951=CARTESIAN_POINT('Control Point',(134.306188234,135.57749043,-94.0241236173)) ;
#7952=CARTESIAN_POINT('Control Point',(135.872987933,143.55713577,-94.0241236173)) ;
#7953=CARTESIAN_POINT('Control Point',(137.440561856,147.341593995,-94.0241236173)) ;
#7954=CARTESIAN_POINT('Control Point',(141.975128495,154.091950018,-94.0241236173)) ;
#7955=CARTESIAN_POINT('Control Point',(148.725484519,158.626516658,-94.0241236173)) ;
#7956=CARTESIAN_POINT('Control Point',(152.509942743,160.194090581,-94.0241236173)) ;
#7957=CARTESIAN_POINT('Control Point',(156.499765413,160.97749043,-94.0241236173)) ;
#7958=CARTESIAN_POINT('Control Point',(160.489588084,160.97749043,-94.0241236173)) ;
#7959=CARTESIAN_POINT('Axis1P Location',(160.489588083,294.32749043,-94.0241236173)) ;
#7963=CARTESIAN_POINT('Axis2P3D Location',(160.489588083,294.32749043,-94.0241236173)) ;
#7967=CARTESIAN_POINT('Vertex',(160.489588083,280.750325082,89.6246800301)) ;
#7970=CARTESIAN_POINT('Axis2P3D Location',(160.489588083,294.32749043,-94.0241236173)) ;
#7974=CARTESIAN_POINT('Vertex',(160.489588083,280.500468907,38.6070792566)) ;
#7978=CARTESIAN_POINT('Control Point',(160.489588083,280.500468907,38.6070792566)) ;
#7979=CARTESIAN_POINT('Control Point',(158.986529895,280.499861016,38.607015883)) ;
#7980=CARTESIAN_POINT('Control Point',(157.482840182,280.408223471,38.7092453688)) ;
#7981=CARTESIAN_POINT('Control Point',(155.982385965,280.223673291,38.9138562052)) ;
#7982=CARTESIAN_POINT('Control Point',(153.000610989,279.6648007,39.531027961)) ;
#7983=CARTESIAN_POINT('Control Point',(150.084847873,278.708394084,40.5728844327)) ;
#7984=CARTESIAN_POINT('Control Point',(148.650561966,278.126255474,41.202310855)) ;
#7985=CARTESIAN_POINT('Control Point',(146.146710902,276.889983276,42.524421459)) ;
#7986=CARTESIAN_POINT('Control Point',(143.771491847,275.258226699,44.2257864691)) ;
#7987=CARTESIAN_POINT('Control Point',(142.757700507,274.458209322,45.0503863569)) ;
#7988=CARTESIAN_POINT('Control Point',(140.800599367,272.676728168,46.8616483637)) ;
#7989=CARTESIAN_POINT('Control Point',(139.012318585,270.445887429,49.0560363867)) ;
#7990=CARTESIAN_POINT('Control Point',(138.168952091,269.196213176,50.2632210464)) ;
#7991=CARTESIAN_POINT('Control Point',(137.230972264,267.502984119,51.8686104776)) ;
#7992=CARTESIAN_POINT('Control Point',(136.446177162,265.466713087,53.7306852203)) ;
#7993=CARTESIAN_POINT('Control Point',(136.313901638,265.102972182,54.0612822466)) ;
#7994=CARTESIAN_POINT('Control Point',(136.052595166,264.323331612,54.7656818969)) ;
#7995=CARTESIAN_POINT('Control Point',(135.80979323,263.457208551,55.5386446877)) ;
#7996=CARTESIAN_POINT('Control Point',(135.696888801,263.00676043,55.9378648071)) ;
#7997=CARTESIAN_POINT('Control Point',(135.545227353,262.338539962,56.5263504355)) ;
#7998=CARTESIAN_POINT('Control Point',(135.402896869,261.537838414,57.2223800037)) ;
#7999=CARTESIAN_POINT('Control Point',(135.33108082,261.1279449,57.5780805776)) ;
#8000=CARTESIAN_POINT('Control Point',(135.193860677,260.0981565,58.462616801)) ;
#8001=CARTESIAN_POINT('Control Point',(135.111308156,258.963018388,59.4210550522)) ;
#8002=CARTESIAN_POINT('Control Point',(135.096123628,258.447336376,59.8504587383)) ;
#8003=CARTESIAN_POINT('Control Point',(135.089588083,258.077391901,60.1575817661)) ;
#8004=CARTESIAN_POINT('Control Point',(135.089588083,257.724914447,60.4485727771)) ;
#8007=CARTESIAN_POINT('Control Point',(135.089588083,257.724914447,60.4485727771)) ;
#8008=CARTESIAN_POINT('Control Point',(135.089588083,258.92687535,61.9049420447)) ;
#8009=CARTESIAN_POINT('Control Point',(135.166374661,260.095743854,63.332440604)) ;
#8010=CARTESIAN_POINT('Control Point',(135.320084823,261.22925775,64.7263207816)) ;
#8011=CARTESIAN_POINT('Vertex',(135.320084823,261.22925775,64.7263207816)) ;
#8015=CARTESIAN_POINT('Control Point',(135.320096833,261.229182895,64.7263956146)) ;
#8016=CARTESIAN_POINT('Control Point',(135.61603306,263.410817076,67.4098104335)) ;
#8017=CARTESIAN_POINT('Control Point',(136.163879466,265.589189176,70.1200690092)) ;
#8018=CARTESIAN_POINT('Control Point',(137.01019021,267.745120977,72.8316799911)) ;
#8019=CARTESIAN_POINT('Control Point',(139.041056397,271.277137302,77.3183834558)) ;
#8020=CARTESIAN_POINT('Control Point',(142.184658495,274.436646144,81.3874707281)) ;
#8021=CARTESIAN_POINT('Control Point',(143.66120421,275.640427709,82.9461215544)) ;
#8022=CARTESIAN_POINT('Control Point',(147.384535912,278.062702819,86.0959234984)) ;
#8023=CARTESIAN_POINT('Control Point',(151.978239985,279.762236087,88.3243639925)) ;
#8024=CARTESIAN_POINT('Control Point',(154.734448376,280.421318318,89.1917439829)) ;
#8025=CARTESIAN_POINT('Control Point',(157.612018076,280.750325082,89.6246800301)) ;
#8026=CARTESIAN_POINT('Control Point',(160.489588083,280.750325082,89.6246800301)) ;
#8039=CARTESIAN_POINT('Control Point',(160.489588083,160.97749043,-94.0241236173)) ;
#8040=CARTESIAN_POINT('Control Point',(164.479410753,160.97749043,-94.0241236173)) ;
#8041=CARTESIAN_POINT('Control Point',(168.469233424,160.194090581,-94.0241236173)) ;
#8042=CARTESIAN_POINT('Control Point',(172.253691648,158.626516658,-94.0241236173)) ;
#8043=CARTESIAN_POINT('Control Point',(179.004047671,154.091950018,-94.0241236173)) ;
#8044=CARTESIAN_POINT('Control Point',(183.538614311,147.341593995,-94.0241236173)) ;
#8045=CARTESIAN_POINT('Control Point',(185.106188234,143.55713577,-94.0241236173)) ;
#8046=CARTESIAN_POINT('Control Point',(186.672987933,135.57749043,-94.0241236173)) ;
#8047=CARTESIAN_POINT('Control Point',(185.106188234,127.59784509,-94.0241236173)) ;
#8048=CARTESIAN_POINT('Control Point',(183.538614311,123.813386865,-94.0241236173)) ;
#8049=CARTESIAN_POINT('Control Point',(179.004047671,117.063030842,-94.0241236173)) ;
#8050=CARTESIAN_POINT('Control Point',(172.253691648,112.528464202,-94.0241236173)) ;
#8051=CARTESIAN_POINT('Control Point',(168.469233423,110.960890279,-94.0241236173)) ;
#8052=CARTESIAN_POINT('Control Point',(164.479410753,110.17749043,-94.0241236173)) ;
#8053=CARTESIAN_POINT('Control Point',(160.489588083,110.17749043,-94.0241236173)) ;
#8054=CARTESIAN_POINT('Axis1P Location',(160.489588083,294.32749043,-94.0241236173)) ;
#8059=CARTESIAN_POINT('Control Point',(185.172794717,263.761024226,67.8569654794)) ;
#8060=CARTESIAN_POINT('Control Point',(184.722785748,265.550914705,70.0815640402)) ;
#8061=CARTESIAN_POINT('Control Point',(184.078579148,267.326704626,72.3085698526)) ;
#8062=CARTESIAN_POINT('Control Point',(183.212364435,269.072945283,74.5172033984)) ;
#8063=CARTESIAN_POINT('Control Point',(181.171824937,272.15288867,78.4428819318)) ;
#8064=CARTESIAN_POINT('Control Point',(178.236988895,274.909867071,81.9994170023)) ;
#8065=CARTESIAN_POINT('Control Point',(176.720231696,276.066928111,83.499710342)) ;
#8066=CARTESIAN_POINT('Control Point',(173.016337563,278.319351068,86.4320945278)) ;
#8067=CARTESIAN_POINT('Control Point',(168.527899995,279.872011567,88.4688386308)) ;
#8068=CARTESIAN_POINT('Control Point',(165.916080863,280.457821262,89.2397777688)) ;
#8069=CARTESIAN_POINT('Control Point',(163.20283461,280.750325082,89.6246800301)) ;
#8070=CARTESIAN_POINT('Control Point',(160.489588083,280.750325082,89.6246800301)) ;
#8073=CARTESIAN_POINT('Control Point',(160.489588084,280.5001739,38.6070485013)) ;
#8074=CARTESIAN_POINT('Control Point',(162.452948617,280.5001739,38.6070485014)) ;
#8075=CARTESIAN_POINT('Control Point',(164.416309005,280.342964625,38.7813909357)) ;
#8076=CARTESIAN_POINT('Control Point',(166.34020085,280.028558046,39.1301409841)) ;
#8077=CARTESIAN_POINT('Control Point',(169.744476501,279.182481995,40.0610359698)) ;
#8078=CARTESIAN_POINT('Control Point',(172.830791771,277.893460013,41.4515905259)) ;
#8079=CARTESIAN_POINT('Control Point',(174.160714255,277.221586433,42.1692540356)) ;
#8080=CARTESIAN_POINT('Control Point',(178.321686016,274.728350582,44.7989031182)) ;
#8081=CARTESIAN_POINT('Control Point',(181.502690111,271.495038278,48.0719777093)) ;
#8082=CARTESIAN_POINT('Control Point',(183.214528461,268.969594194,50.5295158632)) ;
#8083=CARTESIAN_POINT('Control Point',(184.434154217,266.255477933,53.0535320378)) ;
#8084=CARTESIAN_POINT('Control Point',(185.172794717,263.416666393,55.5741675315)) ;
#8096=CARTESIAN_POINT('Axis2P3D Location',(-576.110411917,156.21499043,64.7258763827)) ;
#8101=CARTESIAN_POINT('Line Origine',(-576.110411917,47.5029904299,-49.5741236181)) ;
#8105=CARTESIAN_POINT('Vertex',(-576.110411917,41.9149904295,-49.5741236181)) ;
#8108=CARTESIAN_POINT('Line Origine',(-576.110411917,41.9149904295,-27.3491236175)) ;
#8112=CARTESIAN_POINT('Vertex',(-576.110411917,41.9149904295,-5.12412361696)) ;
#8115=CARTESIAN_POINT('Line Origine',(-576.110411917,51.3780792725,0.339393274038)) ;
#8130=CARTESIAN_POINT('Axis2P3D Location',(-398.310411917,41.9149904302,-49.5741236173)) ;
#8135=CARTESIAN_POINT('Line Origine',(-398.310411917,47.5029904307,-49.5741236173)) ;
#8139=CARTESIAN_POINT('Vertex',(-398.310411917,41.9149904302,-49.5741236173)) ;
#8142=CARTESIAN_POINT('Line Origine',(-487.210411917,41.9149904302,-49.5741236173)) ;
#8157=CARTESIAN_POINT('Axis2P3D Location',(-398.310411917,156.21499043,64.7258763827)) ;
#8162=CARTESIAN_POINT('Line Origine',(-398.310411917,51.3780792725,0.339393274038)) ;
#8166=CARTESIAN_POINT('Vertex',(-398.310411917,41.9149904295,-5.12412361696)) ;
#8169=CARTESIAN_POINT('Line Origine',(-398.310411917,41.9149904295,-27.3491236175)) ;
#8184=CARTESIAN_POINT('Axis2P3D Location',(-398.310411917,162.898739339,64.7258763827)) ;
#8189=CARTESIAN_POINT('Line Origine',(-401.485411916,41.9149904309,-5.12412361696)) ;
#8193=CARTESIAN_POINT('Vertex',(-404.660411916,41.9149904309,-5.12412361696)) ;
#8196=CARTESIAN_POINT('Line Origine',(-572.935411917,41.9149904309,-5.12412361696)) ;
#8200=CARTESIAN_POINT('Vertex',(-569.760411916,41.9149904309,-5.12412361696)) ;
#8203=CARTESIAN_POINT('Line Origine',(-487.210411916,41.9149904309,-5.12412361696)) ;
#8218=CARTESIAN_POINT('Line Origine',(-398.310411917,41.9149904295,156.800876383)) ;
#8222=CARTESIAN_POINT('Vertex',(-398.310411917,41.9149904295,134.575876382)) ;
#8224=CARTESIAN_POINT('Vertex',(-398.310411917,41.9149904295,179.025876383)) ;
#8227=CARTESIAN_POINT('Line Origine',(-398.310411917,51.3780792725,129.112359491)) ;
#8232=CARTESIAN_POINT('Line Origine',(-398.310411917,47.5029904299,179.025876383)) ;
#8247=CARTESIAN_POINT('Axis2P3D Location',(-398.310411917,53.0909904302,179.025876383)) ;
#8252=CARTESIAN_POINT('Line Origine',(-576.110411917,47.5029904298,179.025876383)) ;
#8256=CARTESIAN_POINT('Vertex',(-576.110411917,41.9149904293,179.025876383)) ;
#8259=CARTESIAN_POINT('Line Origine',(-487.210411917,41.9149904293,179.025876383)) ;
#8274=CARTESIAN_POINT('Line Origine',(-576.110411917,51.3780792725,129.112359491)) ;
#8278=CARTESIAN_POINT('Vertex',(-576.110411917,41.9149904295,134.575876382)) ;
#8281=CARTESIAN_POINT('Line Origine',(-576.110411917,41.9149904295,156.800876383)) ;
#8296=CARTESIAN_POINT('Axis2P3D Location',(-398.310411917,41.9149904302,134.575876383)) ;
#8301=CARTESIAN_POINT('Line Origine',(-401.485411916,41.9149904302,134.575876383)) ;
#8305=CARTESIAN_POINT('Vertex',(-404.660411916,41.9149904302,134.575876383)) ;
#8308=CARTESIAN_POINT('Line Origine',(-487.210411916,41.9149904302,134.575876383)) ;
#8312=CARTESIAN_POINT('Vertex',(-569.760411916,41.9149904302,134.575876383)) ;
#8315=CARTESIAN_POINT('Line Origine',(-572.935411917,41.9149904302,134.575876383)) ;
#8330=CARTESIAN_POINT('Axis2P3D Location',(-17.3104119166,156.21499043,64.7258763827)) ;
#8335=CARTESIAN_POINT('Line Origine',(-17.310411917,156.21499043,144.100876383)) ;
#8340=CARTESIAN_POINT('Line Origine',(-17.310411917,156.21499043,-14.6491236173)) ;
#8364=CARTESIAN_POINT('Control Point',(-101.31989525,91.4638517138,18.8163930494)) ;
#8365=CARTESIAN_POINT('Control Point',(-102.309957243,80.1473913493,34.7772281893)) ;
#8366=CARTESIAN_POINT('Control Point',(-102.871843171,73.7249984836,54.2415225904)) ;
#8367=CARTESIAN_POINT('Control Point',(-102.871837458,73.7250642679,75.2102954138)) ;
#8368=CARTESIAN_POINT('Control Point',(-102.309957243,80.1473913494,94.6745245762)) ;
#8369=CARTESIAN_POINT('Control Point',(-101.31989525,91.4638517139,110.635359716)) ;
#8370=CARTESIAN_POINT('Vertex',(-101.31989525,91.4638517139,110.635359716)) ;
#8372=CARTESIAN_POINT('Vertex',(-101.31989525,91.4638517141,18.816393049)) ;
#8375=CARTESIAN_POINT('Line Origine',(-17.310411917,91.4638517141,110.635359716)) ;
#8379=CARTESIAN_POINT('Vertex',(-73.0009285822,91.4638517141,110.635359716)) ;
#8383=CARTESIAN_POINT('Control Point',(-73.0009285829,91.4638517138,110.635359716)) ;
#8384=CARTESIAN_POINT('Control Point',(-72.0108665897,80.1473913483,94.6745245746)) ;
#8385=CARTESIAN_POINT('Control Point',(-71.4489806619,73.7249984759,75.2102301537)) ;
#8386=CARTESIAN_POINT('Control Point',(-71.4489863762,73.7250642757,54.2414573491)) ;
#8387=CARTESIAN_POINT('Control Point',(-72.0108665897,80.1473913483,34.7772281906)) ;
#8388=CARTESIAN_POINT('Control Point',(-73.0009285829,91.4638517139,18.8163930493)) ;
#8389=CARTESIAN_POINT('Vertex',(-73.0009285829,91.4638517139,18.8163930493)) ;
#8392=CARTESIAN_POINT('Line Origine',(-17.310411917,91.4638517141,18.816393049)) ;
#8405=CARTESIAN_POINT('Axis2P3D Location',(-106.210411917,35.5649904302,13.9258763827)) ;
#8410=CARTESIAN_POINT('Line Origine',(-87.1604119168,35.5649904302,13.9258763827)) ;
#8414=CARTESIAN_POINT('Vertex',(-68.1104119169,35.5649904302,13.9258763827)) ;
#8416=CARTESIAN_POINT('Vertex',(-106.210411917,35.5649904302,13.9258763827)) ;
#8419=CARTESIAN_POINT('Line Origine',(-103.765153583,63.5144210719,16.3711347158)) ;
#8424=CARTESIAN_POINT('Line Origine',(-70.5556702503,63.5144210719,16.3711347158)) ;
#8436=CARTESIAN_POINT('Axis2P3D Location',(-68.1104119166,35.5649904302,115.525876383)) ;
#8441=CARTESIAN_POINT('Line Origine',(-87.1604119164,35.5649904302,115.525876383)) ;
#8445=CARTESIAN_POINT('Vertex',(-106.210411916,35.5649904302,115.525876383)) ;
#8447=CARTESIAN_POINT('Vertex',(-68.1104119166,35.5649904302,115.525876383)) ;
#8450=CARTESIAN_POINT('Line Origine',(-70.5556702499,63.5144210719,113.08061805)) ;
#8455=CARTESIAN_POINT('Line Origine',(-103.765153583,63.5144210719,113.08061805)) ;
#8468=CARTESIAN_POINT('Axis2P3D Location',(185.889588083,35.5649904302,140.925876383)) ;
#8473=CARTESIAN_POINT('Line Origine',(160.489588083,35.5649904302,140.925876383)) ;
#8477=CARTESIAN_POINT('Vertex',(135.089588083,35.5649904302,140.925876383)) ;
#8479=CARTESIAN_POINT('Vertex',(185.889588083,35.5649904302,140.925876383)) ;
#8482=CARTESIAN_POINT('Line Origine',(182.59906836,47.8453772216,137.635356659)) ;
#8486=CARTESIAN_POINT('Vertex',(179.308548636,60.1257640131,134.344836936)) ;
#8490=CARTESIAN_POINT('Control Point',(160.489588083,51.5410868064,136.64509426)) ;
#8491=CARTESIAN_POINT('Control Point',(162.538642037,51.5410868064,136.64509426)) ;
#8492=CARTESIAN_POINT('Control Point',(164.587695673,51.7528054949,136.588364409)) ;
#8493=CARTESIAN_POINT('Control Point',(166.606020077,52.1762802924,136.474894679)) ;
#8494=CARTESIAN_POINT('Control Point',(170.395837619,53.3909662282,136.149420563)) ;
#8495=CARTESIAN_POINT('Control Point',(173.859092897,55.3165563438,135.633460247)) ;
#8496=CARTESIAN_POINT('Control Point',(175.436083742,56.4022982071,135.342536591)) ;
#8497=CARTESIAN_POINT('Control Point',(177.141792252,57.8308003764,134.959770589)) ;
#8498=CARTESIAN_POINT('Control Point',(178.673089271,59.422926973,134.533161553)) ;
#8499=CARTESIAN_POINT('Control Point',(178.888674541,59.6541211058,134.471213272)) ;
#8500=CARTESIAN_POINT('Control Point',(179.100480522,59.8883962827,134.408439427)) ;
#8501=CARTESIAN_POINT('Control Point',(179.308548636,60.1257640134,134.344836936)) ;
#8502=CARTESIAN_POINT('Vertex',(160.489588083,51.5410868064,136.64509426)) ;
#8506=CARTESIAN_POINT('Control Point',(141.670627531,60.1257640136,134.344836936)) ;
#8507=CARTESIAN_POINT('Control Point',(142.932997799,58.6856300087,134.730719679)) ;
#8508=CARTESIAN_POINT('Control Point',(144.332957643,57.359332432,135.086100044)) ;
#8509=CARTESIAN_POINT('Control Point',(145.858970947,56.1663564224,135.405757002)) ;
#8510=CARTESIAN_POINT('Control Point',(149.093577666,54.1058878482,135.957857893)) ;
#8511=CARTESIAN_POINT('Control Point',(152.673322608,52.690218829,136.337185263)) ;
#8512=CARTESIAN_POINT('Control Point',(154.508018654,52.1605618178,136.479106431)) ;
#8513=CARTESIAN_POINT('Control Point',(156.821371189,51.7278227794,136.595058507)) ;
#8514=CARTESIAN_POINT('Control Point',(159.160668629,51.5707850648,136.637136636)) ;
#8515=CARTESIAN_POINT('Control Point',(159.603435215,51.5509862258,136.642441719)) ;
#8516=CARTESIAN_POINT('Control Point',(160.046511642,51.5410868064,136.64509426)) ;
#8517=CARTESIAN_POINT('Control Point',(160.489588083,51.5410868064,136.64509426)) ;
#8518=CARTESIAN_POINT('Vertex',(141.670627531,60.1257640136,134.344836936)) ;
#8521=CARTESIAN_POINT('Line Origine',(138.380107806,47.8453772216,137.635356659)) ;
#8536=CARTESIAN_POINT('Control Point',(160.489588083,283.21499043,64.7258763827)) ;
#8537=CARTESIAN_POINT('Control Point',(167.259511672,283.21499043,64.7258763827)) ;
#8538=CARTESIAN_POINT('Control Point',(174.031865484,280.963149758,64.7258763827)) ;
#8539=CARTESIAN_POINT('Control Point',(179.790015079,276.435518759,64.7258763827)) ;
#8540=CARTESIAN_POINT('Control Point',(183.575838157,270.385468661,64.7258763827)) ;
#8541=CARTESIAN_POINT('Control Point',(185.172794717,263.806593747,64.7258763827)) ;
#8542=CARTESIAN_POINT('Axis1P Location',(160.489588083,156.21499043,64.7258763827)) ;
#8546=CARTESIAN_POINT('Axis2P3D Location',(160.489588083,54.6149904302,64.7258763827)) ;
#8550=CARTESIAN_POINT('Vertex',(183.605699887,44.0885772189,64.7258763823)) ;
#8554=CARTESIAN_POINT('Control Point',(179.308548636,60.1257640135,-4.89308416997)) ;
#8555=CARTESIAN_POINT('Control Point',(181.136477587,53.3038402977,7.95962066356)) ;
#8556=CARTESIAN_POINT('Control Point',(182.443677288,48.4253590554,21.7953980665)) ;
#8557=CARTESIAN_POINT('Control Point',(183.21990176,45.5283570983,36.044552459)) ;
#8558=CARTESIAN_POINT('Control Point',(183.605699887,44.0885772189,50.3810307468)) ;
#8559=CARTESIAN_POINT('Control Point',(183.605699887,44.0885772189,64.7258763823)) ;
#8560=CARTESIAN_POINT('Vertex',(179.308548636,60.1257640135,-4.89308416997)) ;
#8564=CARTESIAN_POINT('Control Point',(160.489588084,51.5410868064,-7.19334149513)) ;
#8565=CARTESIAN_POINT('Control Point',(164.777652669,51.5410868064,-7.19334149513)) ;
#8566=CARTESIAN_POINT('Control Point',(169.066544551,52.4676634573,-6.94506307376)) ;
#8567=CARTESIAN_POINT('Control Point',(173.070196749,54.3251853881,-6.4473455416)) ;
#8568=CARTESIAN_POINT('Control Point',(176.523836609,56.9489159951,-5.74431803121)) ;
#8569=CARTESIAN_POINT('Control Point',(179.308548636,60.1257640136,-4.89308417019)) ;
#8570=CARTESIAN_POINT('Vertex',(160.489588084,51.5410868064,-7.19334149513)) ;
#8573=CARTESIAN_POINT('Axis2P3D Location',(160.489588083,156.21499043,64.7258763827)) ;
#8590=CARTESIAN_POINT('Control Point',(160.489588083,283.21499043,64.7258763827)) ;
#8591=CARTESIAN_POINT('Control Point',(167.259511672,283.21499043,64.7258763827)) ;
#8592=CARTESIAN_POINT('Control Point',(174.031865484,280.963149758,64.7258763827)) ;
#8593=CARTESIAN_POINT('Control Point',(179.790015079,276.435518759,64.7258763827)) ;
#8594=CARTESIAN_POINT('Control Point',(183.575838157,270.385468661,64.7258763827)) ;
#8595=CARTESIAN_POINT('Control Point',(185.172794717,263.806593747,64.7258763827)) ;
#8596=CARTESIAN_POINT('Axis1P Location',(160.489588083,156.21499043,64.7258763827)) ;
#8600=CARTESIAN_POINT('Axis2P3D Location',(160.489588083,156.21499043,64.7258763827)) ;
#8606=CARTESIAN_POINT('Control Point',(183.605699887,44.0885772189,64.7258763827)) ;
#8607=CARTESIAN_POINT('Control Point',(183.605699887,44.0885772189,79.0706899359)) ;
#8608=CARTESIAN_POINT('Control Point',(183.21988942,45.528417362,93.4074625041)) ;
#8609=CARTESIAN_POINT('Control Point',(182.443697438,48.4252659894,107.65604879)) ;
#8610=CARTESIAN_POINT('Control Point',(181.136473499,53.303855555,121.492160847)) ;
#8611=CARTESIAN_POINT('Control Point',(179.308548636,60.1257640136,134.344836935)) ;
#8625=CARTESIAN_POINT('Control Point',(135.089588083,257.81499043,64.7258763827)) ;
#8626=CARTESIAN_POINT('Control Point',(135.089588083,258.956714525,64.7258763827)) ;
#8627=CARTESIAN_POINT('Control Point',(135.166684873,260.098432334,64.7258763827)) ;
#8628=CARTESIAN_POINT('Control Point',(135.320179383,261.229791404,64.7258763827)) ;
#8629=CARTESIAN_POINT('Axis1P Location',(160.489588083,156.21499043,64.7258763827)) ;
#8633=CARTESIAN_POINT('Axis2P3D Location',(160.489588083,257.81499043,64.7258763827)) ;
#8646=CARTESIAN_POINT('Control Point',(135.089588083,257.81499043,64.7258763827)) ;
#8647=CARTESIAN_POINT('Control Point',(135.089588083,265.79463577,64.7258763827)) ;
#8648=CARTESIAN_POINT('Control Point',(138.214169186,273.781726172,64.7258763827)) ;
#8649=CARTESIAN_POINT('Control Point',(144.522852342,280.090409328,64.7258763827)) ;
#8650=CARTESIAN_POINT('Control Point',(152.509942743,283.21499043,64.7258763827)) ;
#8651=CARTESIAN_POINT('Control Point',(160.489588084,283.21499043,64.7258763827)) ;
#8652=CARTESIAN_POINT('Axis1P Location',(160.489588083,156.21499043,64.7258763827)) ;
#8657=CARTESIAN_POINT('Control Point',(141.670627531,60.1257640134,-4.89308417024)) ;
#8658=CARTESIAN_POINT('Control Point',(144.455353701,56.9488998602,-5.74432235454)) ;
#8659=CARTESIAN_POINT('Control Point',(147.908662987,54.3254692727,-6.44726838028)) ;
#8660=CARTESIAN_POINT('Control Point',(151.912644735,52.4675501523,-6.94509499835)) ;
#8661=CARTESIAN_POINT('Control Point',(156.201501719,51.5410868064,-7.19334149513)) ;
#8662=CARTESIAN_POINT('Control Point',(160.489588083,51.5410868064,-7.19334149513)) ;
#8663=CARTESIAN_POINT('Vertex',(141.670627531,60.1257640134,-4.89308417024)) ;
#8667=CARTESIAN_POINT('Control Point',(137.37347628,44.0885772189,64.7258763827)) ;
#8668=CARTESIAN_POINT('Control Point',(137.37347628,44.0885772189,50.3810628289)) ;
#8669=CARTESIAN_POINT('Control Point',(137.759286746,45.528417361,36.0442902652)) ;
#8670=CARTESIAN_POINT('Control Point',(138.53547873,48.4252659909,21.7957039698)) ;
#8671=CARTESIAN_POINT('Control Point',(139.842702668,53.3038555547,7.95959191875)) ;
#8672=CARTESIAN_POINT('Control Point',(141.670627531,60.1257640136,-4.89308417014)) ;
#8673=CARTESIAN_POINT('Vertex',(137.37347628,44.0885772189,64.7258763831)) ;
#8676=CARTESIAN_POINT('Axis2P3D Location',(160.489588083,54.6149904302,64.7258763827)) ;
#8693=CARTESIAN_POINT('Control Point',(135.089588083,257.81499043,64.7258763827)) ;
#8694=CARTESIAN_POINT('Control Point',(135.089588083,265.79463577,64.7258763827)) ;
#8695=CARTESIAN_POINT('Control Point',(138.214169186,273.781726172,64.7258763827)) ;
#8696=CARTESIAN_POINT('Control Point',(144.522852342,280.090409328,64.7258763827)) ;
#8697=CARTESIAN_POINT('Control Point',(152.509942743,283.21499043,64.7258763827)) ;
#8698=CARTESIAN_POINT('Control Point',(160.489588084,283.21499043,64.7258763827)) ;
#8699=CARTESIAN_POINT('Axis1P Location',(160.489588083,156.21499043,64.7258763827)) ;
#8704=CARTESIAN_POINT('Control Point',(141.670627531,60.1257640135,134.344836935)) ;
#8705=CARTESIAN_POINT('Control Point',(139.84269858,53.3038402981,121.492132103)) ;
#8706=CARTESIAN_POINT('Control Point',(138.535498878,48.4253590532,107.656354693)) ;
#8707=CARTESIAN_POINT('Control Point',(137.759274407,45.5283570989,93.4072003058)) ;
#8708=CARTESIAN_POINT('Control Point',(137.37347628,44.0885772189,79.0707220175)) ;
#8709=CARTESIAN_POINT('Control Point',(137.37347628,44.0885772189,64.7258763831)) ;
#8724=CARTESIAN_POINT('Axis2P3D Location',(135.089588083,35.5649904302,-11.4741236173)) ;
#8729=CARTESIAN_POINT('Line Origine',(160.489588084,35.5649904302,-11.4741236173)) ;
#8733=CARTESIAN_POINT('Vertex',(185.889588084,35.5649904302,-11.4741236173)) ;
#8735=CARTESIAN_POINT('Vertex',(135.089588083,35.5649904302,-11.4741236173)) ;
#8738=CARTESIAN_POINT('Line Origine',(138.380107807,47.8453772216,-8.18360389383)) ;
#8743=CARTESIAN_POINT('Line Origine',(182.59906836,47.8453772216,-8.18360389383)) ;
#8756=CARTESIAN_POINT('Line Origine',(-404.660411916,41.9149904302,-24.9361236173)) ;
#8760=CARTESIAN_POINT('Vertex',(-404.660411916,41.9149904302,-44.7481236172)) ;
#8763=CARTESIAN_POINT('Line Origine',(-487.210411916,41.9149904302,-44.7481236172)) ;
#8767=CARTESIAN_POINT('Vertex',(-569.760411916,41.9149904302,-44.7481236172)) ;
#8770=CARTESIAN_POINT('Line Origine',(-569.760411916,41.9149904302,-24.9361236173)) ;
#8787=CARTESIAN_POINT('Line Origine',(-569.760411917,41.9149904302,64.7258763827)) ;
#8792=CARTESIAN_POINT('Line Origine',(-404.660411916,41.9149904302,64.7258763827)) ;
#8805=CARTESIAN_POINT('Line Origine',(-569.760411916,41.9149904302,154.387876383)) ;
#8809=CARTESIAN_POINT('Vertex',(-569.760411916,41.9149904302,174.199876383)) ;
#8812=CARTESIAN_POINT('Line Origine',(-487.210411916,41.9149904302,174.199876383)) ;
#8816=CARTESIAN_POINT('Vertex',(-404.660411916,41.9149904302,174.199876383)) ;
#8819=CARTESIAN_POINT('Line Origine',(-404.660411916,41.9149904302,154.387876383)) ;
#8836=CARTESIAN_POINT('Axis2P3D Location',(-106.210411917,35.5649904302,115.525876383)) ;
#8841=CARTESIAN_POINT('Line Origine',(-106.210411917,35.5649904302,64.7258763828)) ;
#8853=CARTESIAN_POINT('Axis2P3D Location',(-169.710411917,35.5649904302,-11.4741236173)) ;
#8858=CARTESIAN_POINT('Line Origine',(-68.1104119169,35.5649904302,1.22587638285)) ;
#8862=CARTESIAN_POINT('Vertex',(-68.1104119169,35.5649904302,-11.4741236173)) ;
#8865=CARTESIAN_POINT('Line Origine',(-87.1604119168,35.5649904302,-11.4741236173)) ;
#8869=CARTESIAN_POINT('Vertex',(-106.210411917,35.5649904302,-11.4741236173)) ;
#8872=CARTESIAN_POINT('Line Origine',(-106.210411917,35.5649904302,1.22587638285)) ;
#8885=CARTESIAN_POINT('Axis2P3D Location',(-68.1104119166,35.5649904302,13.9258763827)) ;
#8890=CARTESIAN_POINT('Line Origine',(-68.1104119166,35.5649904302,64.7258763825)) ;
#8903=CARTESIAN_POINT('Line Origine',(-106.210411917,35.5649904302,128.225876383)) ;
#8907=CARTESIAN_POINT('Vertex',(-106.210411917,35.5649904302,140.925876383)) ;
#8910=CARTESIAN_POINT('Line Origine',(-87.1604119168,35.5649904302,140.925876383)) ;
#8914=CARTESIAN_POINT('Vertex',(-68.1104119169,35.5649904302,140.925876383)) ;
#8917=CARTESIAN_POINT('Line Origine',(-68.1104119169,35.5649904302,128.225876383)) ;
#8930=CARTESIAN_POINT('Axis2P3D Location',(185.889588083,35.5649904302,-11.4741236173)) ;
#8935=CARTESIAN_POINT('Line Origine',(185.889588083,35.5649904302,64.7258763828)) ;
#8949=CARTESIAN_POINT('Line Origine',(135.089588083,35.5649904302,153.625876382)) ;
#8953=CARTESIAN_POINT('Vertex',(135.089588083,35.5649904302,166.325876383)) ;
#8956=CARTESIAN_POINT('Line Origine',(160.489588084,35.5649904302,166.325876383)) ;
#8960=CARTESIAN_POINT('Vertex',(185.889588084,35.5649904302,166.325876383)) ;
#8963=CARTESIAN_POINT('Line Origine',(185.889588084,35.5649904302,153.625876382)) ;
#8976=CARTESIAN_POINT('Axis2P3D Location',(135.089588083,35.5649904302,140.925876383)) ;
#8981=CARTESIAN_POINT('Line Origine',(135.089588083,35.5649904302,64.7258763825)) ;
#8994=CARTESIAN_POINT('Line Origine',(185.889588084,35.5649904302,-24.1741236173)) ;
#8998=CARTESIAN_POINT('Vertex',(185.889588084,35.5649904302,-36.8741236166)) ;
#9001=CARTESIAN_POINT('Line Origine',(160.489588084,35.5649904302,-36.8741236166)) ;
#9005=CARTESIAN_POINT('Vertex',(135.089588083,35.5649904302,-36.8741236166)) ;
#9008=CARTESIAN_POINT('Line Origine',(135.089588083,35.5649904302,-24.1741236173)) ;
#9021=CARTESIAN_POINT('Axis2P3D Location',(-404.660411917,54.6149904302,174.199876383)) ;
#9026=CARTESIAN_POINT('Line Origine',(-487.210411916,22.8649904302,174.199876383)) ;
#9030=CARTESIAN_POINT('Vertex',(-569.760411916,22.8649904302,174.199876383)) ;
#9032=CARTESIAN_POINT('Vertex',(-404.660411917,22.8649904302,174.199876383)) ;
#9035=CARTESIAN_POINT('Line Origine',(-404.660411917,32.3899904306,174.199876383)) ;
#9040=CARTESIAN_POINT('Line Origine',(-569.760411916,32.3899904306,174.199876383)) ;
#9060=CARTESIAN_POINT('Axis2P3D Location',(-404.660411917,48.2649904302,159.975876383)) ;
#9065=CARTESIAN_POINT('Line Origine',(-404.660411917,22.8649904298,64.7258763827)) ;
#9069=CARTESIAN_POINT('Vertex',(-404.660411917,22.8649904298,-44.7481236168)) ;
#9072=CARTESIAN_POINT('Line Origine',(-404.660411917,32.3899904302,-44.7481236168)) ;
#9087=CARTESIAN_POINT('Axis2P3D Location',(-404.660411917,41.9149904302,-44.7481236173)) ;
#9092=CARTESIAN_POINT('Line Origine',(-487.210411916,22.8649904295,-44.7481236173)) ;
#9096=CARTESIAN_POINT('Vertex',(-569.760411916,22.8649904295,-44.7481236173)) ;
#9099=CARTESIAN_POINT('Line Origine',(-569.760411916,32.3899904298,-44.7481236173)) ;
#9112=CARTESIAN_POINT('Axis2P3D Location',(-569.760411917,41.9149904302,-16.3001236173)) ;
#9117=CARTESIAN_POINT('Line Origine',(-569.760411917,22.8649904295,64.7258763823)) ;
#9132=CARTESIAN_POINT('Axis2P3D Location',(-106.210411917,22.8649904302,-11.4741236173)) ;
#9137=CARTESIAN_POINT('Line Origine',(-87.1604119168,22.8649904302,-11.4741236173)) ;
#9141=CARTESIAN_POINT('Vertex',(-68.1104119169,22.8649904302,-11.4741236173)) ;
#9143=CARTESIAN_POINT('Vertex',(-106.210411917,22.8649904302,-11.4741236173)) ;
#9146=CARTESIAN_POINT('Line Origine',(-106.210411917,29.2149904298,-11.4741236173)) ;
#9151=CARTESIAN_POINT('Line Origine',(-68.1104119169,29.2149904298,-11.4741236173)) ;
#9164=CARTESIAN_POINT('Axis2P3D Location',(-106.210411917,22.8649904302,140.925876383)) ;
#9169=CARTESIAN_POINT('Line Origine',(-106.210411917,22.8649904302,64.7258763825)) ;
#9173=CARTESIAN_POINT('Vertex',(-106.210411917,22.8649904302,140.925876383)) ;
#9176=CARTESIAN_POINT('Line Origine',(-106.210411917,29.2149904298,140.925876383)) ;
#9191=CARTESIAN_POINT('Axis2P3D Location',(-68.1104119166,22.8649904302,140.925876383)) ;
#9196=CARTESIAN_POINT('Line Origine',(-87.1604119164,22.8649904302,140.925876383)) ;
#9200=CARTESIAN_POINT('Vertex',(-68.1104119166,22.8649904302,140.925876383)) ;
#9203=CARTESIAN_POINT('Line Origine',(-68.1104119166,29.2149904298,140.925876383)) ;
#9216=CARTESIAN_POINT('Axis2P3D Location',(-68.1104119166,22.8649904302,-11.4741236173)) ;
#9221=CARTESIAN_POINT('Line Origine',(-68.1104119166,22.8649904302,64.7258763828)) ;
#9236=CARTESIAN_POINT('Axis2P3D Location',(185.889588083,22.8649904302,166.325876383)) ;
#9241=CARTESIAN_POINT('Line Origine',(160.489588083,22.8649904302,166.325876383)) ;
#9245=CARTESIAN_POINT('Vertex',(135.089588083,22.8649904302,166.325876383)) ;
#9247=CARTESIAN_POINT('Vertex',(185.889588083,22.8649904302,166.325876383)) ;
#9250=CARTESIAN_POINT('Line Origine',(185.889588083,29.2149904298,166.325876383)) ;
#9255=CARTESIAN_POINT('Line Origine',(135.089588083,29.2149904298,166.325876383)) ;
#9268=CARTESIAN_POINT('Axis2P3D Location',(185.889588083,22.8649904302,-36.8741236173)) ;
#9273=CARTESIAN_POINT('Line Origine',(185.889588083,22.8649904302,64.7258763823)) ;
#9277=CARTESIAN_POINT('Vertex',(185.889588083,22.8649904302,-36.8741236173)) ;
#9280=CARTESIAN_POINT('Line Origine',(185.889588083,29.2149904298,-36.8741236173)) ;
#9295=CARTESIAN_POINT('Axis2P3D Location',(135.089588083,22.8649904302,-36.8741236173)) ;
#9300=CARTESIAN_POINT('Line Origine',(160.489588084,22.8649904302,-36.8741236173)) ;
#9304=CARTESIAN_POINT('Vertex',(135.089588083,22.8649904302,-36.8741236173)) ;
#9307=CARTESIAN_POINT('Line Origine',(135.089588083,29.2149904298,-36.8741236173)) ;
#9320=CARTESIAN_POINT('Axis2P3D Location',(135.089588083,22.8649904302,166.325876383)) ;
#9325=CARTESIAN_POINT('Line Origine',(135.089588083,22.8649904302,64.725876383)) ;
#9340=CARTESIAN_POINT('Axis2P3D Location',(-715.810411917,22.8649904302,217.125876383)) ;
#9345=CARTESIAN_POINT('Line Origine',(-220.510411916,22.8649904302,209.903687208)) ;
#9349=CARTESIAN_POINT('Vertex',(267.56739891,22.8649904302,209.903687208)) ;
#9351=CARTESIAN_POINT('Vertex',(-708.588222742,22.8649904302,209.903687208)) ;
#9354=CARTESIAN_POINT('Line Origine',(267.56739891,22.8649904302,64.7258763823)) ;
#9358=CARTESIAN_POINT('Vertex',(267.56739891,22.8649904302,-80.4519344431)) ;
#9361=CARTESIAN_POINT('Line Origine',(-220.510411916,22.8649904302,-80.4519344431)) ;
#9365=CARTESIAN_POINT('Vertex',(-708.588222742,22.8649904302,-80.4519344431)) ;
#9368=CARTESIAN_POINT('Line Origine',(-708.588222742,22.8649904302,64.7258763823)) ;
#9380=CARTESIAN_POINT('Control Point',(-684.060411917,22.8649904302,188.550873841)) ;
#9381=CARTESIAN_POINT('Control Point',(-683.42409283,22.8649904302,188.550871774)) ;
#9382=CARTESIAN_POINT('Control Point',(-682.7877684,22.8649904302,188.497733343)) ;
#9383=CARTESIAN_POINT('Control Point',(-682.157358368,22.8649904302,188.391460955)) ;
#9384=CARTESIAN_POINT('Control Point',(-680.656935254,22.8649904302,188.007199552)) ;
#9385=CARTESIAN_POINT('Control Point',(-679.25901169,22.8649904302,187.327578588)) ;
#9386=CARTESIAN_POINT('Control Point',(-678.488969414,22.8649904302,186.83169056)) ;
#9387=CARTESIAN_POINT('Control Point',(-677.081820385,22.8649904302,185.666200898)) ;
#9388=CARTESIAN_POINT('Control Point',(-675.987627381,22.8649904302,184.202927036)) ;
#9389=CARTESIAN_POINT('Control Point',(-675.530579518,22.8649904302,183.409215952)) ;
#9390=CARTESIAN_POINT('Control Point',(-674.958548492,22.8649904302,182.066922514)) ;
#9391=CARTESIAN_POINT('Control Point',(-674.650942382,22.8649904302,180.647343871)) ;
#9392=CARTESIAN_POINT('Control Point',(-674.573921632,22.8649904302,180.10928603)) ;
#9393=CARTESIAN_POINT('Control Point',(-674.535411916,22.8649904302,179.567581135)) ;
#9394=CARTESIAN_POINT('Control Point',(-674.535411916,22.8649904302,179.025876383)) ;
#9395=CARTESIAN_POINT('Vertex',(-674.535411916,22.8649904302,179.025876383)) ;
#9397=CARTESIAN_POINT('Vertex',(-684.060411917,22.8649904302,188.550873841)) ;
#9401=CARTESIAN_POINT('Control Point',(-693.585411917,22.8649904302,179.025876383)) ;
#9402=CARTESIAN_POINT('Control Point',(-693.585411917,22.8649904302,179.933039187)) ;
#9403=CARTESIAN_POINT('Control Point',(-693.47741397,22.8649904302,180.84020159)) ;
#9404=CARTESIAN_POINT('Control Point',(-693.261390963,22.8649904302,181.730260069)) ;
#9405=CARTESIAN_POINT('Control Point',(-692.621649705,22.8649904302,183.44174062)) ;
#9406=CARTESIAN_POINT('Control Point',(-691.59798047,22.8649904302,184.955190333)) ;
#9407=CARTESIAN_POINT('Control Point',(-690.997980197,22.8649904302,185.647194445)) ;
#9408=CARTESIAN_POINT('Control Point',(-689.644856033,22.8649904302,186.874993106)) ;
#9409=CARTESIAN_POINT('Control Point',(-688.041298769,22.8649904302,187.750797213)) ;
#9410=CARTESIAN_POINT('Control Point',(-687.190832359,22.8649904302,188.090763277)) ;
#9411=CARTESIAN_POINT('Control Point',(-686.044577057,22.8649904302,188.396517304)) ;
#9412=CARTESIAN_POINT('Control Point',(-684.87251646,22.8649904302,188.521993725)) ;
#9413=CARTESIAN_POINT('Control Point',(-684.602120279,22.8649904302,188.541248078)) ;
#9414=CARTESIAN_POINT('Control Point',(-684.331266582,22.8649904302,188.550874721)) ;
#9415=CARTESIAN_POINT('Control Point',(-684.060411917,22.8649904302,188.550873841)) ;
#9416=CARTESIAN_POINT('Vertex',(-693.585411917,22.8649904297,179.025876383)) ;
#9420=CARTESIAN_POINT('Control Point',(-684.060411917,22.8649904302,169.500878924)) ;
#9421=CARTESIAN_POINT('Control Point',(-684.696731003,22.8649904302,169.500880991)) ;
#9422=CARTESIAN_POINT('Control Point',(-685.333055431,22.8649904302,169.554019422)) ;
#9423=CARTESIAN_POINT('Control Point',(-685.963465459,22.8649904302,169.660291809)) ;
#9424=CARTESIAN_POINT('Control Point',(-687.463888576,22.8649904302,170.044553213)) ;
#9425=CARTESIAN_POINT('Control Point',(-688.861812141,22.8649904302,170.724174177)) ;
#9426=CARTESIAN_POINT('Control Point',(-689.63185442,22.8649904302,171.220062205)) ;
#9427=CARTESIAN_POINT('Control Point',(-691.039003447,22.8649904302,172.385551865)) ;
#9428=CARTESIAN_POINT('Control Point',(-692.133196449,22.8649904302,173.848825724)) ;
#9429=CARTESIAN_POINT('Control Point',(-692.590244317,22.8649904302,174.642536816)) ;
#9430=CARTESIAN_POINT('Control Point',(-693.162275342,22.8649904302,175.984830252)) ;
#9431=CARTESIAN_POINT('Control Point',(-693.469881451,22.8649904302,177.404408893)) ;
#9432=CARTESIAN_POINT('Control Point',(-693.546902201,22.8649904302,177.942466737)) ;
#9433=CARTESIAN_POINT('Control Point',(-693.585411917,22.8649904302,178.484171631)) ;
#9434=CARTESIAN_POINT('Control Point',(-693.585411917,22.8649904302,179.025876383)) ;
#9435=CARTESIAN_POINT('Vertex',(-684.060411917,22.8649904297,169.500876383)) ;
#9439=CARTESIAN_POINT('Control Point',(-674.535411916,22.8649904302,179.025876383)) ;
#9440=CARTESIAN_POINT('Control Point',(-674.535411916,22.8649904302,178.118713578)) ;
#9441=CARTESIAN_POINT('Control Point',(-674.643409863,22.8649904302,177.211551175)) ;
#9442=CARTESIAN_POINT('Control Point',(-674.85943287,22.8649904302,176.321492699)) ;
#9443=CARTESIAN_POINT('Control Point',(-675.499174129,22.8649904302,174.610012145)) ;
#9444=CARTESIAN_POINT('Control Point',(-676.522843365,22.8649904302,173.096562429)) ;
#9445=CARTESIAN_POINT('Control Point',(-677.122843633,22.8649904302,172.404558323)) ;
#9446=CARTESIAN_POINT('Control Point',(-678.4759678,22.8649904302,171.176759659)) ;
#9447=CARTESIAN_POINT('Control Point',(-680.07952507,22.8649904302,170.30095555)) ;
#9448=CARTESIAN_POINT('Control Point',(-680.929991469,22.8649904302,169.960989491)) ;
#9449=CARTESIAN_POINT('Control Point',(-682.076246774,22.8649904302,169.655235462)) ;
#9450=CARTESIAN_POINT('Control Point',(-683.248307375,22.8649904302,169.529759041)) ;
#9451=CARTESIAN_POINT('Control Point',(-683.518703555,22.8649904302,169.510504688)) ;
#9452=CARTESIAN_POINT('Control Point',(-683.789557252,22.8649904302,169.500878045)) ;
#9453=CARTESIAN_POINT('Control Point',(-684.060411917,22.8649904302,169.500878924)) ;
#9462=CARTESIAN_POINT('Control Point',(243.039588083,22.8649904302,-40.0491261596)) ;
#9463=CARTESIAN_POINT('Control Point',(243.67590717,22.8649904302,-40.049128226)) ;
#9464=CARTESIAN_POINT('Control Point',(244.312231598,22.8649904302,-40.1022666563)) ;
#9465=CARTESIAN_POINT('Control Point',(244.942641627,22.8649904302,-40.2085390433)) ;
#9466=CARTESIAN_POINT('Control Point',(246.443064743,22.8649904302,-40.592800447)) ;
#9467=CARTESIAN_POINT('Control Point',(247.840988308,22.8649904302,-41.2724214112)) ;
#9468=CARTESIAN_POINT('Control Point',(248.611030586,22.8649904302,-41.7683094401)) ;
#9469=CARTESIAN_POINT('Control Point',(250.018179615,22.8649904302,-42.9337991025)) ;
#9470=CARTESIAN_POINT('Control Point',(251.11237262,22.8649904302,-44.3970729644)) ;
#9471=CARTESIAN_POINT('Control Point',(251.569420481,22.8649904302,-45.1907840462)) ;
#9472=CARTESIAN_POINT('Control Point',(252.141451509,22.8649904302,-46.5330774869)) ;
#9473=CARTESIAN_POINT('Control Point',(252.449057619,22.8649904302,-47.9526561336)) ;
#9474=CARTESIAN_POINT('Control Point',(252.526078367,22.8649904302,-48.4907139653)) ;
#9475=CARTESIAN_POINT('Control Point',(252.564588083,22.8649904302,-49.0324188624)) ;
#9476=CARTESIAN_POINT('Control Point',(252.564588083,22.8649904302,-49.5741236166)) ;
#9477=CARTESIAN_POINT('Vertex',(252.564588083,22.8649904302,-49.5741236166)) ;
#9479=CARTESIAN_POINT('Vertex',(243.039588083,22.8649904302,-40.0491261596)) ;
#9483=CARTESIAN_POINT('Control Point',(233.514588083,22.8649904302,-49.5741236166)) ;
#9484=CARTESIAN_POINT('Control Point',(233.514588083,22.8649904302,-48.6669608146)) ;
#9485=CARTESIAN_POINT('Control Point',(233.622586029,22.8649904302,-47.7597984134)) ;
#9486=CARTESIAN_POINT('Control Point',(233.838609038,22.8649904302,-46.8697399273)) ;
#9487=CARTESIAN_POINT('Control Point',(234.478350295,22.8649904302,-45.1582593801)) ;
#9488=CARTESIAN_POINT('Control Point',(235.502019527,22.8649904302,-43.6448096702)) ;
#9489=CARTESIAN_POINT('Control Point',(236.102019806,22.8649904302,-42.9528055511)) ;
#9490=CARTESIAN_POINT('Control Point',(237.45514397,22.8649904302,-41.7250068913)) ;
#9491=CARTESIAN_POINT('Control Point',(239.058701234,22.8649904302,-40.8492027852)) ;
#9492=CARTESIAN_POINT('Control Point',(239.909167638,22.8649904302,-40.5092367257)) ;
#9493=CARTESIAN_POINT('Control Point',(241.055422942,22.8649904302,-40.2034826976)) ;
#9494=CARTESIAN_POINT('Control Point',(242.227483541,22.8649904302,-40.078006276)) ;
#9495=CARTESIAN_POINT('Control Point',(242.497879722,22.8649904302,-40.0587519236)) ;
#9496=CARTESIAN_POINT('Control Point',(242.768733419,22.8649904302,-40.04912528)) ;
#9497=CARTESIAN_POINT('Control Point',(243.039588083,22.8649904302,-40.0491261596)) ;
#9498=CARTESIAN_POINT('Vertex',(233.514588083,22.8649904297,-49.5741236173)) ;
#9502=CARTESIAN_POINT('Control Point',(243.039588083,22.8649904302,-59.0991210755)) ;
#9503=CARTESIAN_POINT('Control Point',(242.403268997,22.8649904302,-59.0991190089)) ;
#9504=CARTESIAN_POINT('Control Point',(241.76694457,22.8649904302,-59.0459805783)) ;
#9505=CARTESIAN_POINT('Control Point',(241.136534543,22.8649904302,-58.9397081908)) ;
#9506=CARTESIAN_POINT('Control Point',(239.636111425,22.8649904302,-58.555446787)) ;
#9507=CARTESIAN_POINT('Control Point',(238.238187857,22.8649904302,-57.8758258218)) ;
#9508=CARTESIAN_POINT('Control Point',(237.46814558,22.8649904302,-57.3799377952)) ;
#9509=CARTESIAN_POINT('Control Point',(236.060996554,22.8649904302,-56.214448135)) ;
#9510=CARTESIAN_POINT('Control Point',(234.966803551,22.8649904302,-54.7511742764)) ;
#9511=CARTESIAN_POINT('Control Point',(234.509755682,22.8649904302,-53.9574631822)) ;
#9512=CARTESIAN_POINT('Control Point',(233.937724658,22.8649904302,-52.6151697492)) ;
#9513=CARTESIAN_POINT('Control Point',(233.630118549,22.8649904302,-51.1955911112)) ;
#9514=CARTESIAN_POINT('Control Point',(233.553097799,22.8649904302,-50.6575332579)) ;
#9515=CARTESIAN_POINT('Control Point',(233.514588083,22.8649904302,-50.1158283658)) ;
#9516=CARTESIAN_POINT('Control Point',(233.514588083,22.8649904302,-49.5741236166)) ;
#9517=CARTESIAN_POINT('Vertex',(243.039588083,22.8649904297,-59.0991236173)) ;
#9521=CARTESIAN_POINT('Control Point',(252.564588083,22.8649904302,-49.5741236166)) ;
#9522=CARTESIAN_POINT('Control Point',(252.564588083,22.8649904302,-50.481286418)) ;
#9523=CARTESIAN_POINT('Control Point',(252.456590137,22.8649904302,-51.3884488185)) ;
#9524=CARTESIAN_POINT('Control Point',(252.240567129,22.8649904302,-52.2785073089)) ;
#9525=CARTESIAN_POINT('Control Point',(251.600825874,22.8649904302,-53.9899878507)) ;
#9526=CARTESIAN_POINT('Control Point',(250.577156647,22.8649904302,-55.5034375565)) ;
#9527=CARTESIAN_POINT('Control Point',(249.977156354,22.8649904302,-56.1954416907)) ;
#9528=CARTESIAN_POINT('Control Point',(248.624032196,22.8649904302,-57.4232403439)) ;
#9529=CARTESIAN_POINT('Control Point',(247.02047494,22.8649904302,-58.2990444466)) ;
#9530=CARTESIAN_POINT('Control Point',(246.170008524,22.8649904302,-58.6390105111)) ;
#9531=CARTESIAN_POINT('Control Point',(245.023753222,22.8649904302,-58.9447645379)) ;
#9532=CARTESIAN_POINT('Control Point',(243.851692626,22.8649904302,-59.0702409592)) ;
#9533=CARTESIAN_POINT('Control Point',(243.581296445,22.8649904302,-59.0894953116)) ;
#9534=CARTESIAN_POINT('Control Point',(243.310442748,22.8649904302,-59.0991219551)) ;
#9535=CARTESIAN_POINT('Control Point',(243.039588083,22.8649904302,-59.0991210755)) ;
#9544=CARTESIAN_POINT('Control Point',(243.039588083,22.8649904302,188.550873841)) ;
#9545=CARTESIAN_POINT('Control Point',(243.67590717,22.8649904302,188.550871774)) ;
#9546=CARTESIAN_POINT('Control Point',(244.3122316,22.8649904302,188.497733343)) ;
#9547=CARTESIAN_POINT('Control Point',(244.942641631,22.8649904302,188.391460955)) ;
#9548=CARTESIAN_POINT('Control Point',(246.443064746,22.8649904302,188.007199551)) ;
#9549=CARTESIAN_POINT('Control Point',(247.840988311,22.8649904302,187.327578587)) ;
#9550=CARTESIAN_POINT('Control Point',(248.611030584,22.8649904302,186.831690561)) ;
#9551=CARTESIAN_POINT('Control Point',(250.018179615,22.8649904302,185.666200898)) ;
#9552=CARTESIAN_POINT('Control Point',(251.112372621,22.8649904302,184.202927034)) ;
#9553=CARTESIAN_POINT('Control Point',(251.569420481,22.8649904302,183.409215955)) ;
#9554=CARTESIAN_POINT('Control Point',(252.141451509,22.8649904302,182.066922513)) ;
#9555=CARTESIAN_POINT('Control Point',(252.449057619,22.8649904302,180.647343865)) ;
#9556=CARTESIAN_POINT('Control Point',(252.526078367,22.8649904302,180.109286035)) ;
#9557=CARTESIAN_POINT('Control Point',(252.564588083,22.8649904302,179.567581138)) ;
#9558=CARTESIAN_POINT('Control Point',(252.564588083,22.8649904302,179.025876383)) ;
#9559=CARTESIAN_POINT('Vertex',(252.564588083,22.8649904302,179.025876383)) ;
#9561=CARTESIAN_POINT('Vertex',(243.039588083,22.8649904302,188.550873841)) ;
#9565=CARTESIAN_POINT('Control Point',(233.514588083,22.8649904302,179.025876383)) ;
#9566=CARTESIAN_POINT('Control Point',(233.514588083,22.8649904302,179.933039185)) ;
#9567=CARTESIAN_POINT('Control Point',(233.622586029,22.8649904302,180.840201587)) ;
#9568=CARTESIAN_POINT('Control Point',(233.838609038,22.8649904302,181.730260072)) ;
#9569=CARTESIAN_POINT('Control Point',(234.478350295,22.8649904302,183.44174062)) ;
#9570=CARTESIAN_POINT('Control Point',(235.502019528,22.8649904302,184.955190331)) ;
#9571=CARTESIAN_POINT('Control Point',(236.102019804,22.8649904302,185.647194447)) ;
#9572=CARTESIAN_POINT('Control Point',(237.455143967,22.8649904302,186.874993106)) ;
#9573=CARTESIAN_POINT('Control Point',(239.05870123,22.8649904302,187.750797212)) ;
#9574=CARTESIAN_POINT('Control Point',(239.909167642,22.8649904302,188.090763277)) ;
#9575=CARTESIAN_POINT('Control Point',(241.055422944,22.8649904302,188.396517304)) ;
#9576=CARTESIAN_POINT('Control Point',(242.22748354,22.8649904302,188.521993725)) ;
#9577=CARTESIAN_POINT('Control Point',(242.497879721,22.8649904302,188.541248078)) ;
#9578=CARTESIAN_POINT('Control Point',(242.768733418,22.8649904302,188.550874721)) ;
#9579=CARTESIAN_POINT('Control Point',(243.039588083,22.8649904302,188.550873841)) ;
#9580=CARTESIAN_POINT('Vertex',(233.514588083,22.8649904297,179.025876383)) ;
#9584=CARTESIAN_POINT('Control Point',(243.039588083,22.8649904302,169.500878924)) ;
#9585=CARTESIAN_POINT('Control Point',(242.403268997,22.8649904302,169.500880991)) ;
#9586=CARTESIAN_POINT('Control Point',(241.766944569,22.8649904302,169.554019422)) ;
#9587=CARTESIAN_POINT('Control Point',(241.13653454,22.8649904302,169.660291809)) ;
#9588=CARTESIAN_POINT('Control Point',(239.636111425,22.8649904302,170.044553213)) ;
#9589=CARTESIAN_POINT('Control Point',(238.23818786,22.8649904302,170.724174177)) ;
#9590=CARTESIAN_POINT('Control Point',(237.468145578,22.8649904302,171.220062206)) ;
#9591=CARTESIAN_POINT('Control Point',(236.060996553,22.8649904302,172.385551865)) ;
#9592=CARTESIAN_POINT('Control Point',(234.966803552,22.8649904302,173.848825722)) ;
#9593=CARTESIAN_POINT('Control Point',(234.509755681,22.8649904302,174.642536819)) ;
#9594=CARTESIAN_POINT('Control Point',(233.937724658,22.8649904302,175.984830251)) ;
#9595=CARTESIAN_POINT('Control Point',(233.63011855,22.8649904302,177.404408888)) ;
#9596=CARTESIAN_POINT('Control Point',(233.553097799,22.8649904302,177.942466742)) ;
#9597=CARTESIAN_POINT('Control Point',(233.514588083,22.8649904302,178.484171634)) ;
#9598=CARTESIAN_POINT('Control Point',(233.514588083,22.8649904302,179.025876383)) ;
#9599=CARTESIAN_POINT('Vertex',(243.039588083,22.8649904297,169.500876383)) ;
#9603=CARTESIAN_POINT('Control Point',(252.564588083,22.8649904302,179.025876383)) ;
#9604=CARTESIAN_POINT('Control Point',(252.564588083,22.8649904302,178.118713581)) ;
#9605=CARTESIAN_POINT('Control Point',(252.456590137,22.8649904302,177.21155118)) ;
#9606=CARTESIAN_POINT('Control Point',(252.24056713,22.8649904302,176.321492694)) ;
#9607=CARTESIAN_POINT('Control Point',(251.600825873,22.8649904302,174.610012147)) ;
#9608=CARTESIAN_POINT('Control Point',(250.577156642,22.8649904302,173.096562438)) ;
#9609=CARTESIAN_POINT('Control Point',(249.977156361,22.8649904302,172.404558317)) ;
#9610=CARTESIAN_POINT('Control Point',(248.624032199,22.8649904302,171.176759658)) ;
#9611=CARTESIAN_POINT('Control Point',(247.020474936,22.8649904302,170.300955553)) ;
#9612=CARTESIAN_POINT('Control Point',(246.170008528,22.8649904302,169.96098949)) ;
#9613=CARTESIAN_POINT('Control Point',(245.023753225,22.8649904302,169.655235462)) ;
#9614=CARTESIAN_POINT('Control Point',(243.851692626,22.8649904302,169.52975904)) ;
#9615=CARTESIAN_POINT('Control Point',(243.581296446,22.8649904302,169.510504688)) ;
#9616=CARTESIAN_POINT('Control Point',(243.310442748,22.8649904302,169.500878045)) ;
#9617=CARTESIAN_POINT('Control Point',(243.039588083,22.8649904302,169.500878924)) ;
#9638=CARTESIAN_POINT('Control Point',(-684.060411917,22.8649904302,-40.0491261596)) ;
#9639=CARTESIAN_POINT('Control Point',(-683.42409283,22.8649904302,-40.049128226)) ;
#9640=CARTESIAN_POINT('Control Point',(-682.787768402,22.8649904302,-40.1022666563)) ;
#9641=CARTESIAN_POINT('Control Point',(-682.157358373,22.8649904302,-40.2085390434)) ;
#9642=CARTESIAN_POINT('Control Point',(-680.656935257,22.8649904302,-40.5928004468)) ;
#9643=CARTESIAN_POINT('Control Point',(-679.259011693,22.8649904302,-41.2724214104)) ;
#9644=CARTESIAN_POINT('Control Point',(-678.488969412,22.8649904302,-41.7683094413)) ;
#9645=CARTESIAN_POINT('Control Point',(-677.081820385,22.8649904302,-42.9337991023)) ;
#9646=CARTESIAN_POINT('Control Point',(-675.987627382,22.8649904302,-44.3970729621)) ;
#9647=CARTESIAN_POINT('Control Point',(-675.530579517,22.8649904302,-45.1907840488)) ;
#9648=CARTESIAN_POINT('Control Point',(-674.958548492,22.8649904302,-46.5330774857)) ;
#9649=CARTESIAN_POINT('Control Point',(-674.650942382,22.8649904302,-47.9526561281)) ;
#9650=CARTESIAN_POINT('Control Point',(-674.573921632,22.8649904302,-48.4907139709)) ;
#9651=CARTESIAN_POINT('Control Point',(-674.535411916,22.8649904302,-49.0324188652)) ;
#9652=CARTESIAN_POINT('Control Point',(-674.535411916,22.8649904302,-49.5741236166)) ;
#9653=CARTESIAN_POINT('Vertex',(-674.535411916,22.8649904302,-49.5741236166)) ;
#9655=CARTESIAN_POINT('Vertex',(-684.060411917,22.8649904302,-40.0491261596)) ;
#9659=CARTESIAN_POINT('Control Point',(-693.585411917,22.8649904302,-49.5741236166)) ;
#9660=CARTESIAN_POINT('Control Point',(-693.585411917,22.8649904302,-48.666960813)) ;
#9661=CARTESIAN_POINT('Control Point',(-693.47741397,22.8649904302,-47.7597984102)) ;
#9662=CARTESIAN_POINT('Control Point',(-693.261390962,22.8649904302,-46.8697399303)) ;
#9663=CARTESIAN_POINT('Control Point',(-692.621649705,22.8649904302,-45.1582593803)) ;
#9664=CARTESIAN_POINT('Control Point',(-691.597980471,22.8649904302,-43.6448096681)) ;
#9665=CARTESIAN_POINT('Control Point',(-690.997980195,22.8649904302,-42.9528055528)) ;
#9666=CARTESIAN_POINT('Control Point',(-689.644856031,22.8649904302,-41.7250068915)) ;
#9667=CARTESIAN_POINT('Control Point',(-688.041298765,22.8649904302,-40.8492027846)) ;
#9668=CARTESIAN_POINT('Control Point',(-687.190832363,22.8649904302,-40.509236726)) ;
#9669=CARTESIAN_POINT('Control Point',(-686.044577059,22.8649904302,-40.2034826977)) ;
#9670=CARTESIAN_POINT('Control Point',(-684.872516459,22.8649904302,-40.078006276)) ;
#9671=CARTESIAN_POINT('Control Point',(-684.602120278,22.8649904302,-40.0587519236)) ;
#9672=CARTESIAN_POINT('Control Point',(-684.331266581,22.8649904302,-40.04912528)) ;
#9673=CARTESIAN_POINT('Control Point',(-684.060411917,22.8649904302,-40.0491261596)) ;
#9674=CARTESIAN_POINT('Vertex',(-693.585411917,22.8649904297,-49.5741236173)) ;
#9678=CARTESIAN_POINT('Control Point',(-684.060411917,22.8649904302,-59.0991210755)) ;
#9679=CARTESIAN_POINT('Control Point',(-684.696731003,22.8649904302,-59.099119009)) ;
#9680=CARTESIAN_POINT('Control Point',(-685.33305543,22.8649904302,-59.0459805784)) ;
#9681=CARTESIAN_POINT('Control Point',(-685.963465456,22.8649904302,-58.9397081909)) ;
#9682=CARTESIAN_POINT('Control Point',(-687.463888576,22.8649904302,-58.5554467868)) ;
#9683=CARTESIAN_POINT('Control Point',(-688.861812144,22.8649904302,-57.875825821)) ;
#9684=CARTESIAN_POINT('Control Point',(-689.631854418,22.8649904302,-57.3799377964)) ;
#9685=CARTESIAN_POINT('Control Point',(-691.039003447,22.8649904302,-56.2144481348)) ;
#9686=CARTESIAN_POINT('Control Point',(-692.13319645,22.8649904302,-54.7511742741)) ;
#9687=CARTESIAN_POINT('Control Point',(-692.590244317,22.8649904302,-53.9574631848)) ;
#9688=CARTESIAN_POINT('Control Point',(-693.162275342,22.8649904302,-52.6151697481)) ;
#9689=CARTESIAN_POINT('Control Point',(-693.469881451,22.8649904302,-51.1955911058)) ;
#9690=CARTESIAN_POINT('Control Point',(-693.546902201,22.8649904302,-50.6575332635)) ;
#9691=CARTESIAN_POINT('Control Point',(-693.585411917,22.8649904302,-50.1158283686)) ;
#9692=CARTESIAN_POINT('Control Point',(-693.585411917,22.8649904302,-49.5741236166)) ;
#9693=CARTESIAN_POINT('Vertex',(-684.060411917,22.8649904297,-59.0991236173)) ;
#9697=CARTESIAN_POINT('Control Point',(-674.535411916,22.8649904302,-49.5741236166)) ;
#9698=CARTESIAN_POINT('Control Point',(-674.535411916,22.8649904302,-50.4812864208)) ;
#9699=CARTESIAN_POINT('Control Point',(-674.643409863,22.8649904302,-51.3884488241)) ;
#9700=CARTESIAN_POINT('Control Point',(-674.85943287,22.8649904302,-52.2785073036)) ;
#9701=CARTESIAN_POINT('Control Point',(-675.499174127,22.8649904302,-53.9899878531)) ;
#9702=CARTESIAN_POINT('Control Point',(-676.52284336,22.8649904302,-55.5034375648)) ;
#9703=CARTESIAN_POINT('Control Point',(-677.12284364,22.8649904302,-56.195441684)) ;
#9704=CARTESIAN_POINT('Control Point',(-678.475967802,22.8649904302,-57.4232403432)) ;
#9705=CARTESIAN_POINT('Control Point',(-680.079525066,22.8649904302,-58.299044449)) ;
#9706=CARTESIAN_POINT('Control Point',(-680.929991473,22.8649904302,-58.6390105098)) ;
#9707=CARTESIAN_POINT('Control Point',(-682.076246776,22.8649904302,-58.9447645376)) ;
#9708=CARTESIAN_POINT('Control Point',(-683.248307375,22.8649904302,-59.0702409592)) ;
#9709=CARTESIAN_POINT('Control Point',(-683.518703556,22.8649904302,-59.0894953115)) ;
#9710=CARTESIAN_POINT('Control Point',(-683.789557252,22.8649904302,-59.0991219551)) ;
#9711=CARTESIAN_POINT('Control Point',(-684.060411917,22.8649904302,-59.0991210755)) ;
#9734=CARTESIAN_POINT('Axis2P3D Location',(274.789588083,-59.6850095698,-87.6741236173)) ;
#9739=CARTESIAN_POINT('Line Origine',(274.789588083,-59.6850095698,64.725876383)) ;
#9743=CARTESIAN_POINT('Vertex',(274.789588083,-59.6850095698,-87.6741236173)) ;
#9745=CARTESIAN_POINT('Vertex',(274.789588083,-59.6850095698,217.125876383)) ;
#9748=CARTESIAN_POINT('Line Origine',(271.178493496,-18.4100095698,-84.0630290299)) ;
#9753=CARTESIAN_POINT('Line Origine',(271.178493496,-18.4100095698,213.514781796)) ;
#9766=CARTESIAN_POINT('Axis2P3D Location',(274.789588083,-59.6850095698,217.125876383)) ;
#9771=CARTESIAN_POINT('Line Origine',(-220.510411916,-59.6850095698,217.125876383)) ;
#9775=CARTESIAN_POINT('Vertex',(-715.810411916,-59.6850095698,217.125876383)) ;
#9778=CARTESIAN_POINT('Line Origine',(-712.19931733,-18.4100095698,213.514781796)) ;
#9791=CARTESIAN_POINT('Axis2P3D Location',(-715.810411917,-59.6850095698,217.125876383)) ;
#9796=CARTESIAN_POINT('Line Origine',(-715.810411917,-59.6850095698,64.7258763823)) ;
#9800=CARTESIAN_POINT('Vertex',(-715.810411917,-59.6850095698,-87.6741236181)) ;
#9803=CARTESIAN_POINT('Line Origine',(-712.19931733,-18.4100095698,-84.0630290306)) ;
#9816=CARTESIAN_POINT('Axis2P3D Location',(-715.810411917,-59.6850095698,-87.6741236173)) ;
#9821=CARTESIAN_POINT('Line Origine',(-220.510411917,-59.6850095698,-87.6741236173)) ;
#9834=CARTESIAN_POINT('Axis2P3D Location',(243.039588083,980.0293274,179.025876383)) ;
#9839=CARTESIAN_POINT('Line Origine',(243.039588083,980.0293274,169.500876383)) ;
#9843=CARTESIAN_POINT('Vertex',(243.039588083,-70.8610095701,169.500876383)) ;
#9846=CARTESIAN_POINT('Axis2P3D Location',(243.039588083,-70.8610095701,179.025876383)) ;
#9850=CARTESIAN_POINT('Vertex',(252.564588083,-70.8610095701,179.025876383)) ;
#9854=CARTESIAN_POINT('Control Point',(243.039588083,-70.8610095698,188.550876383)) ;
#9855=CARTESIAN_POINT('Control Point',(246.031955086,-70.8610095699,188.550876383)) ;
#9856=CARTESIAN_POINT('Control Point',(249.027113986,-70.8610095699,187.379158469)) ;
#9857=CARTESIAN_POINT('Control Point',(251.39287017,-70.86100957,185.013402286)) ;
#9858=CARTESIAN_POINT('Control Point',(252.564588083,-70.8610095701,182.018243385)) ;
#9859=CARTESIAN_POINT('Control Point',(252.564588083,-70.8610095701,179.025876383)) ;
#9860=CARTESIAN_POINT('Vertex',(243.039588083,-70.8610095698,188.550876383)) ;
#9863=CARTESIAN_POINT('Line Origine',(243.039588083,980.0293274,188.550876383)) ;
#9879=CARTESIAN_POINT('Control Point',(233.514588083,-70.8610095701,179.025876383)) ;
#9880=CARTESIAN_POINT('Control Point',(233.514588083,-70.8610095701,182.018243385)) ;
#9881=CARTESIAN_POINT('Control Point',(234.686305997,-70.86100957,185.013402286)) ;
#9882=CARTESIAN_POINT('Control Point',(237.05206218,-70.8610095699,187.379158469)) ;
#9883=CARTESIAN_POINT('Control Point',(240.047221081,-70.8610095699,188.550876383)) ;
#9884=CARTESIAN_POINT('Control Point',(243.039588083,-70.8610095698,188.550876383)) ;
#9885=CARTESIAN_POINT('Vertex',(233.514588083,-70.8610095701,179.025876383)) ;
#9888=CARTESIAN_POINT('Axis2P3D Location',(243.039588083,-70.8610095701,179.025876383)) ;
#9903=CARTESIAN_POINT('Axis2P3D Location',(243.039588083,980.0293274,-49.5741236173)) ;
#9908=CARTESIAN_POINT('Line Origine',(243.039588083,980.0293274,-59.0991236173)) ;
#9912=CARTESIAN_POINT('Vertex',(243.039588083,-70.8610095701,-59.0991236173)) ;
#9915=CARTESIAN_POINT('Axis2P3D Location',(243.039588083,-70.8610095701,-49.5741236173)) ;
#9919=CARTESIAN_POINT('Vertex',(252.564588083,-70.8610095701,-49.5741236173)) ;
#9923=CARTESIAN_POINT('Control Point',(243.039588083,-70.8610095698,-40.0491236173)) ;
#9924=CARTESIAN_POINT('Control Point',(246.031955086,-70.8610095699,-40.0491236173)) ;
#9925=CARTESIAN_POINT('Control Point',(249.027113986,-70.8610095699,-41.2208415309)) ;
#9926=CARTESIAN_POINT('Control Point',(251.39287017,-70.86100957,-43.5865977143)) ;
#9927=CARTESIAN_POINT('Control Point',(252.564588083,-70.8610095701,-46.5817566148)) ;
#9928=CARTESIAN_POINT('Control Point',(252.564588083,-70.8610095701,-49.5741236173)) ;
#9929=CARTESIAN_POINT('Vertex',(243.039588083,-70.8610095698,-40.0491236173)) ;
#9932=CARTESIAN_POINT('Line Origine',(243.039588083,980.0293274,-40.0491236173)) ;
#9948=CARTESIAN_POINT('Control Point',(233.514588083,-70.8610095701,-49.5741236173)) ;
#9949=CARTESIAN_POINT('Control Point',(233.514588083,-70.8610095701,-46.5817566148)) ;
#9950=CARTESIAN_POINT('Control Point',(234.686305997,-70.86100957,-43.5865977143)) ;
#9951=CARTESIAN_POINT('Control Point',(237.05206218,-70.8610095699,-41.2208415309)) ;
#9952=CARTESIAN_POINT('Control Point',(240.047221081,-70.8610095699,-40.0491236173)) ;
#9953=CARTESIAN_POINT('Control Point',(243.039588083,-70.8610095698,-40.0491236173)) ;
#9954=CARTESIAN_POINT('Vertex',(233.514588083,-70.8610095701,-49.5741236173)) ;
#9957=CARTESIAN_POINT('Axis2P3D Location',(243.039588083,-70.8610095701,-49.5741236173)) ;
#9972=CARTESIAN_POINT('Axis2P3D Location',(-684.060411917,980.0293274,179.025876383)) ;
#9977=CARTESIAN_POINT('Line Origine',(-684.060411917,980.0293274,169.500876383)) ;
#9981=CARTESIAN_POINT('Vertex',(-684.060411917,-70.8610095701,169.500876383)) ;
#9984=CARTESIAN_POINT('Axis2P3D Location',(-684.060411917,-70.8610095701,179.025876383)) ;
#9988=CARTESIAN_POINT('Vertex',(-674.535411917,-70.8610095701,179.025876383)) ;
#9992=CARTESIAN_POINT('Control Point',(-684.060411917,-70.8610095698,188.550876383)) ;
#9993=CARTESIAN_POINT('Control Point',(-681.068044914,-70.8610095699,188.550876383)) ;
#9994=CARTESIAN_POINT('Control Point',(-678.072886014,-70.8610095699,187.379158469)) ;
#9995=CARTESIAN_POINT('Control Point',(-675.70712983,-70.86100957,185.013402286)) ;
#9996=CARTESIAN_POINT('Control Point',(-674.535411917,-70.8610095701,182.018243385)) ;
#9997=CARTESIAN_POINT('Control Point',(-674.535411917,-70.8610095701,179.025876383)) ;
#9998=CARTESIAN_POINT('Vertex',(-684.060411917,-70.8610095698,188.550876383)) ;
#10001=CARTESIAN_POINT('Line Origine',(-684.060411917,980.0293274,188.550876383)) ;
#10017=CARTESIAN_POINT('Control Point',(-693.585411917,-70.8610095701,179.025876383)) ;
#10018=CARTESIAN_POINT('Control Point',(-693.585411917,-70.8610095701,182.018243385)) ;
#10019=CARTESIAN_POINT('Control Point',(-692.413694003,-70.86100957,185.013402286)) ;
#10020=CARTESIAN_POINT('Control Point',(-690.04793782,-70.8610095699,187.379158469)) ;
#10021=CARTESIAN_POINT('Control Point',(-687.052778919,-70.8610095699,188.550876383)) ;
#10022=CARTESIAN_POINT('Control Point',(-684.060411917,-70.8610095698,188.550876383)) ;
#10023=CARTESIAN_POINT('Vertex',(-693.585411917,-70.8610095701,179.025876383)) ;
#10026=CARTESIAN_POINT('Axis2P3D Location',(-684.060411917,-70.8610095701,179.025876383)) ;
#10041=CARTESIAN_POINT('Axis2P3D Location',(-684.060411917,980.0293274,-49.5741236173)) ;
#10046=CARTESIAN_POINT('Line Origine',(-684.060411917,980.0293274,-59.0991236173)) ;
#10050=CARTESIAN_POINT('Vertex',(-684.060411917,-70.8610095701,-59.0991236173)) ;
#10053=CARTESIAN_POINT('Axis2P3D Location',(-684.060411917,-70.8610095701,-49.5741236173)) ;
#10057=CARTESIAN_POINT('Vertex',(-674.535411917,-70.8610095701,-49.5741236173)) ;
#10061=CARTESIAN_POINT('Control Point',(-684.060411917,-70.8610095698,-40.0491236173)) ;
#10062=CARTESIAN_POINT('Control Point',(-681.068044914,-70.8610095699,-40.0491236173)) ;
#10063=CARTESIAN_POINT('Control Point',(-678.072886014,-70.8610095699,-41.2208415309)) ;
#10064=CARTESIAN_POINT('Control Point',(-675.70712983,-70.86100957,-43.5865977143)) ;
#10065=CARTESIAN_POINT('Control Point',(-674.535411917,-70.8610095701,-46.5817566148)) ;
#10066=CARTESIAN_POINT('Control Point',(-674.535411917,-70.8610095701,-49.5741236173)) ;
#10067=CARTESIAN_POINT('Vertex',(-684.060411917,-70.8610095698,-40.0491236173)) ;
#10070=CARTESIAN_POINT('Line Origine',(-684.060411917,980.0293274,-40.0491236173)) ;
#10086=CARTESIAN_POINT('Control Point',(-693.585411917,-70.8610095701,-49.5741236173)) ;
#10087=CARTESIAN_POINT('Control Point',(-693.585411917,-70.8610095701,-46.5817566148)) ;
#10088=CARTESIAN_POINT('Control Point',(-692.413694003,-70.86100957,-43.5865977143)) ;
#10089=CARTESIAN_POINT('Control Point',(-690.04793782,-70.8610095699,-41.2208415309)) ;
#10090=CARTESIAN_POINT('Control Point',(-687.052778919,-70.8610095699,-40.0491236173)) ;
#10091=CARTESIAN_POINT('Control Point',(-684.060411917,-70.8610095698,-40.0491236173)) ;
#10092=CARTESIAN_POINT('Vertex',(-693.585411917,-70.8610095701,-49.5741236173)) ;
#10095=CARTESIAN_POINT('Axis2P3D Location',(-684.060411917,-70.8610095701,-49.5741236173)) ;
#10110=CARTESIAN_POINT('Axis2P3D Location',(274.789588083,-59.6850095698,217.125876383)) ;
#10115=CARTESIAN_POINT('Line Origine',(274.789588083,-65.2730095702,217.125876383)) ;
#10119=CARTESIAN_POINT('Vertex',(274.789588083,-70.8610095707,217.125876383)) ;
#10122=CARTESIAN_POINT('Line Origine',(274.789588083,-70.8610095707,64.7258763823)) ;
#10126=CARTESIAN_POINT('Vertex',(274.789588083,-70.8610095707,-87.6741236181)) ;
#10129=CARTESIAN_POINT('Line Origine',(274.789588083,-65.2730095702,-87.6741236181)) ;
#10142=CARTESIAN_POINT('Axis2P3D Location',(-715.810411917,-59.6850095698,217.125876383)) ;
#10147=CARTESIAN_POINT('Line Origine',(-715.810411917,-65.2730095702,217.125876383)) ;
#10151=CARTESIAN_POINT('Vertex',(-715.810411917,-70.8610095707,217.125876383)) ;
#10154=CARTESIAN_POINT('Line Origine',(-220.510411917,-70.8610095707,217.125876383)) ;
#10167=CARTESIAN_POINT('Axis2P3D Location',(-715.810411917,-59.6850095698,-87.6741236173)) ;
#10172=CARTESIAN_POINT('Line Origine',(-715.810411917,-65.2730095702,-87.6741236173)) ;
#10176=CARTESIAN_POINT('Vertex',(-715.810411917,-70.8610095707,-87.6741236173)) ;
#10179=CARTESIAN_POINT('Line Origine',(-715.810411917,-70.8610095707,64.725876383)) ;
#10192=CARTESIAN_POINT('Axis2P3D Location',(274.789588083,-59.6850095698,-87.6741236173)) ;
#10197=CARTESIAN_POINT('Line Origine',(-220.510411916,-70.8610095707,-87.6741236173)) ;
#10210=CARTESIAN_POINT('Axis2P3D Location',(-220.510411917,-70.8610095698,64.7258763827)) ;
#10249=CARTESIAN_POINT('Control Point',(160.489588083,22.8649904302,65.5196262837)) ;
#10250=CARTESIAN_POINT('Control Point',(160.502102065,22.8649904302,65.5196263332)) ;
#10251=CARTESIAN_POINT('Control Point',(160.514616009,22.8649904302,65.5193797531)) ;
#10252=CARTESIAN_POINT('Control Point',(160.527123437,22.8649904302,65.5188865441)) ;
#10253=CARTESIAN_POINT('Control Point',(160.626773539,22.8649904302,65.5129880057)) ;
#10254=CARTESIAN_POINT('Control Point',(160.725187677,22.8649904302,65.491451542)) ;
#10255=CARTESIAN_POINT('Control Point',(160.808131145,22.8649904302,65.4608207233)) ;
#10256=CARTESIAN_POINT('Control Point',(160.963446541,22.8649904302,65.3775592753)) ;
#10257=CARTESIAN_POINT('Control Point',(161.090532527,22.8649904302,65.2554783731)) ;
#10258=CARTESIAN_POINT('Control Point',(161.145242233,22.8649904302,65.1860182104)) ;
#10259=CARTESIAN_POINT('Control Point',(161.221406448,22.8649904302,65.0556768919)) ;
#10260=CARTESIAN_POINT('Control Point',(161.265021352,22.8649904302,64.9118732061)) ;
#10261=CARTESIAN_POINT('Control Point',(161.277232778,22.8649904302,64.8504056656)) ;
#10262=CARTESIAN_POINT('Control Point',(161.283338083,22.8649904302,64.7881408879)) ;
#10263=CARTESIAN_POINT('Control Point',(161.283338083,22.8649904302,64.7258763823)) ;
#10264=CARTESIAN_POINT('Vertex',(160.489588083,22.8649904302,65.5196263827)) ;
#10266=CARTESIAN_POINT('Vertex',(161.283338083,22.8649904302,64.7258763827)) ;
#10270=CARTESIAN_POINT('Control Point',(159.695838083,22.8649904302,64.7258763823)) ;
#10271=CARTESIAN_POINT('Control Point',(159.695838083,22.8649904302,64.8131675684)) ;
#10272=CARTESIAN_POINT('Control Point',(159.707837691,22.8649904302,64.90045822)) ;
#10273=CARTESIAN_POINT('Control Point',(159.73184191,22.8649904302,64.9855561894)) ;
#10274=CARTESIAN_POINT('Control Point',(159.802614305,22.8649904302,65.1469458049)) ;
#10275=CARTESIAN_POINT('Control Point',(159.914308567,22.8649904302,65.283250557)) ;
#10276=CARTESIAN_POINT('Control Point',(159.979244857,22.8649904302,65.3432601027)) ;
#10277=CARTESIAN_POINT('Control Point',(160.113553323,22.8649904302,65.4366630414)) ;
#10278=CARTESIAN_POINT('Control Point',(160.266631976,22.8649904302,65.4932058629)) ;
#10279=CARTESIAN_POINT('Control Point',(160.340030752,22.8649904302,65.510819228)) ;
#10280=CARTESIAN_POINT('Control Point',(160.414810104,22.8649904302,65.5196259881)) ;
#10281=CARTESIAN_POINT('Control Point',(160.489588083,22.8649904302,65.5196262837)) ;
#10282=CARTESIAN_POINT('Vertex',(159.695838083,22.8649904302,64.7258763827)) ;
#10286=CARTESIAN_POINT('Control Point',(160.489588083,22.8649904302,63.9321264809)) ;
#10287=CARTESIAN_POINT('Control Point',(160.477074102,22.8649904302,63.9321264314)) ;
#10288=CARTESIAN_POINT('Control Point',(160.464560158,22.8649904302,63.9323730115)) ;
#10289=CARTESIAN_POINT('Control Point',(160.45205273,22.8649904302,63.9328662205)) ;
#10290=CARTESIAN_POINT('Control Point',(160.352402631,22.8649904302,63.9387647587)) ;
#10291=CARTESIAN_POINT('Control Point',(160.253988496,22.8649904302,63.9603012212)) ;
#10292=CARTESIAN_POINT('Control Point',(160.171045016,22.8649904302,63.9909320443)) ;
#10293=CARTESIAN_POINT('Control Point',(160.015729625,22.8649904302,64.0741934901)) ;
#10294=CARTESIAN_POINT('Control Point',(159.888643643,22.8649904302,64.1962743876)) ;
#10295=CARTESIAN_POINT('Control Point',(159.83393393,22.8649904302,64.2657345591)) ;
#10296=CARTESIAN_POINT('Control Point',(159.757769719,22.8649904302,64.396075873)) ;
#10297=CARTESIAN_POINT('Control Point',(159.714154816,22.8649904302,64.5398795532)) ;
#10298=CARTESIAN_POINT('Control Point',(159.701943387,22.8649904302,64.6013471045)) ;
#10299=CARTESIAN_POINT('Control Point',(159.695838083,22.8649904302,64.6636118794)) ;
#10300=CARTESIAN_POINT('Control Point',(159.695838083,22.8649904302,64.7258763823)) ;
#10301=CARTESIAN_POINT('Vertex',(160.489588083,22.8649904302,63.9321263827)) ;
#10305=CARTESIAN_POINT('Control Point',(161.283338083,22.8649904302,64.7258763823)) ;
#10306=CARTESIAN_POINT('Control Point',(161.283338083,22.8649904302,64.6385851981)) ;
#10307=CARTESIAN_POINT('Control Point',(161.271338476,22.8649904302,64.5512945484)) ;
#10308=CARTESIAN_POINT('Control Point',(161.247334257,22.8649904302,64.4661965735)) ;
#10309=CARTESIAN_POINT('Control Point',(161.176561861,22.8649904302,64.3048069585)) ;
#10310=CARTESIAN_POINT('Control Point',(161.064867599,22.8649904302,64.1685022068)) ;
#10311=CARTESIAN_POINT('Control Point',(160.999931313,22.8649904302,64.1084926657)) ;
#10312=CARTESIAN_POINT('Control Point',(160.865622844,22.8649904302,64.0150897252)) ;
#10313=CARTESIAN_POINT('Control Point',(160.712544189,22.8649904302,63.958546903)) ;
#10314=CARTESIAN_POINT('Control Point',(160.639145415,22.8649904302,63.9409335371)) ;
#10315=CARTESIAN_POINT('Control Point',(160.564366064,22.8649904302,63.9321267766)) ;
#10316=CARTESIAN_POINT('Control Point',(160.489588083,22.8649904302,63.9321264809)) ;
#10326=CARTESIAN_POINT('Axis2P3D Location',(160.489588083,29.2149904302,63.9321263827)) ;
#10331=CARTESIAN_POINT('Axis2P3D Location',(160.489588083,29.2149904302,64.7258763819)) ;
#10335=CARTESIAN_POINT('Vertex',(160.489588083,29.2149904302,63.9321263827)) ;
#10337=CARTESIAN_POINT('Vertex',(161.283338083,29.2149904302,64.7258763819)) ;
#10340=CARTESIAN_POINT('Axis2P3D Location',(160.489588083,29.2149904302,64.7258763819)) ;
#10344=CARTESIAN_POINT('Vertex',(159.695838084,29.2149904302,64.7258763819)) ;
#10347=CARTESIAN_POINT('Axis2P3D Location',(160.489588083,29.2149904302,64.7258763838)) ;
#10351=CARTESIAN_POINT('Vertex',(160.489588083,29.2149904302,65.519626383)) ;
#10354=CARTESIAN_POINT('Axis2P3D Location',(160.489588083,29.2149904302,64.7258763838)) ;
#10367=CARTESIAN_POINT('Axis2P3D Location',(160.489588083,22.8649904302,64.7258763827)) ;
#10372=CARTESIAN_POINT('Line Origine',(160.489588083,22.86499043,65.5196263827)) ;
#10377=CARTESIAN_POINT('Line Origine',(160.489588083,22.86499043,63.9321263827)) ;
#10405=CARTESIAN_POINT('Control Point',(-87.1604119166,22.8649904302,65.5196262837)) ;
#10406=CARTESIAN_POINT('Control Point',(-87.1478979348,22.8649904302,65.5196263332)) ;
#10407=CARTESIAN_POINT('Control Point',(-87.1353839914,22.8649904302,65.5193797531)) ;
#10408=CARTESIAN_POINT('Control Point',(-87.1228765632,22.8649904302,65.5188865441)) ;
#10409=CARTESIAN_POINT('Control Point',(-87.0232264609,22.8649904302,65.5129880056)) ;
#10410=CARTESIAN_POINT('Control Point',(-86.9248123228,22.8649904302,65.4914515418)) ;
#10411=CARTESIAN_POINT('Control Point',(-86.8418688562,22.8649904302,65.4608207238)) ;
#10412=CARTESIAN_POINT('Control Point',(-86.6865534584,22.8649904302,65.3775592752)) ;
#10413=CARTESIAN_POINT('Control Point',(-86.5594674713,22.8649904302,65.2554783715)) ;
#10414=CARTESIAN_POINT('Control Point',(-86.5047577682,22.8649904302,65.1860182123)) ;
#10415=CARTESIAN_POINT('Control Point',(-86.4285935513,22.8649904302,65.0556768913)) ;
#10416=CARTESIAN_POINT('Control Point',(-86.3849786475,22.8649904302,64.9118732024)) ;
#10417=CARTESIAN_POINT('Control Point',(-86.3727672223,22.8649904302,64.8504056695)) ;
#10418=CARTESIAN_POINT('Control Point',(-86.3666619169,22.8649904302,64.7881408899)) ;
#10419=CARTESIAN_POINT('Control Point',(-86.3666619169,22.8649904302,64.7258763823)) ;
#10420=CARTESIAN_POINT('Vertex',(-87.1604119166,22.8649904302,65.5196263827)) ;
#10422=CARTESIAN_POINT('Vertex',(-86.3666619166,22.8649904302,64.7258763827)) ;
#10426=CARTESIAN_POINT('Control Point',(-87.9541619173,22.8649904302,64.7258763823)) ;
#10427=CARTESIAN_POINT('Control Point',(-87.9541619173,22.8649904302,64.813167567)) ;
#10428=CARTESIAN_POINT('Control Point',(-87.9421623096,22.8649904302,64.9004582173)) ;
#10429=CARTESIAN_POINT('Control Point',(-87.9181580894,22.8649904302,64.9855561919)) ;
#10430=CARTESIAN_POINT('Control Point',(-87.8473856945,22.8649904302,65.1469458051)) ;
#10431=CARTESIAN_POINT('Control Point',(-87.7356914348,22.8649904302,65.2832505555)) ;
#10432=CARTESIAN_POINT('Control Point',(-87.6707551422,22.8649904302,65.3432601038)) ;
#10433=CARTESIAN_POINT('Control Point',(-87.5364466765,22.8649904302,65.4366630416)) ;
#10434=CARTESIAN_POINT('Control Point',(-87.3833680248,22.8649904302,65.4932058627)) ;
#10435=CARTESIAN_POINT('Control Point',(-87.3099692481,22.8649904302,65.5108192279)) ;
#10436=CARTESIAN_POINT('Control Point',(-87.2351898962,22.8649904302,65.5196259881)) ;
#10437=CARTESIAN_POINT('Control Point',(-87.1604119166,22.8649904302,65.5196262837)) ;
#10438=CARTESIAN_POINT('Vertex',(-87.9541619166,22.8649904302,64.7258763827)) ;
#10442=CARTESIAN_POINT('Control Point',(-87.1604119166,22.8649904302,63.9321264809)) ;
#10443=CARTESIAN_POINT('Control Point',(-87.1729258985,22.8649904302,63.9321264314)) ;
#10444=CARTESIAN_POINT('Control Point',(-87.1854398421,22.8649904302,63.9323730115)) ;
#10445=CARTESIAN_POINT('Control Point',(-87.1979472705,22.8649904302,63.9328662205)) ;
#10446=CARTESIAN_POINT('Control Point',(-87.2975973702,22.8649904302,63.9387647587)) ;
#10447=CARTESIAN_POINT('Control Point',(-87.3960115057,22.8649904302,63.9603012215)) ;
#10448=CARTESIAN_POINT('Control Point',(-87.4789549814,22.8649904302,63.9909320436)) ;
#10449=CARTESIAN_POINT('Control Point',(-87.6342703741,22.8649904302,64.0741934904)) ;
#10450=CARTESIAN_POINT('Control Point',(-87.7613563577,22.8649904302,64.1962743898)) ;
#10451=CARTESIAN_POINT('Control Point',(-87.8160660684,22.8649904302,64.2657345563)) ;
#10452=CARTESIAN_POINT('Control Point',(-87.8922302802,22.8649904302,64.3960758697)) ;
#10453=CARTESIAN_POINT('Control Point',(-87.9358451829,22.8649904302,64.5398795494)) ;
#10454=CARTESIAN_POINT('Control Point',(-87.9480566133,22.8649904302,64.6013471085)) ;
#10455=CARTESIAN_POINT('Control Point',(-87.9541619173,22.8649904302,64.6636118813)) ;
#10456=CARTESIAN_POINT('Control Point',(-87.9541619173,22.8649904302,64.7258763823)) ;
#10457=CARTESIAN_POINT('Vertex',(-87.1604119166,22.8649904302,63.9321263827)) ;
#10461=CARTESIAN_POINT('Control Point',(-86.3666619169,22.8649904302,64.7258763823)) ;
#10462=CARTESIAN_POINT('Control Point',(-86.3666619169,22.8649904302,64.6385851967)) ;
#10463=CARTESIAN_POINT('Control Point',(-86.3786615249,22.8649904302,64.5512945456)) ;
#10464=CARTESIAN_POINT('Control Point',(-86.4026657423,22.8649904302,64.4661965761)) ;
#10465=CARTESIAN_POINT('Control Point',(-86.4734381388,22.8649904302,64.3048069587)) ;
#10466=CARTESIAN_POINT('Control Point',(-86.5851324022,22.8649904302,64.1685022053)) ;
#10467=CARTESIAN_POINT('Control Point',(-86.6500686861,22.8649904302,64.1084926668)) ;
#10468=CARTESIAN_POINT('Control Point',(-86.7843771554,22.8649904302,64.0150897254)) ;
#10469=CARTESIAN_POINT('Control Point',(-86.9374558118,22.8649904302,63.9585469028)) ;
#10470=CARTESIAN_POINT('Control Point',(-87.0108545851,22.8649904302,63.9409335371)) ;
#10471=CARTESIAN_POINT('Control Point',(-87.0856339363,22.8649904302,63.9321267766)) ;
#10472=CARTESIAN_POINT('Control Point',(-87.1604119166,22.8649904302,63.9321264809)) ;
#10482=CARTESIAN_POINT('Axis2P3D Location',(-87.1604119166,29.2149904302,64.7258763819)) ;
#10486=CARTESIAN_POINT('Vertex',(-87.1604119166,29.2149904302,63.9321263827)) ;
#10488=CARTESIAN_POINT('Vertex',(-86.3666619173,29.2149904302,64.7258763819)) ;
#10491=CARTESIAN_POINT('Axis2P3D Location',(-87.1604119166,29.2149904302,64.7258763819)) ;
#10495=CARTESIAN_POINT('Vertex',(-87.9541619158,29.2149904302,64.7258763819)) ;
#10498=CARTESIAN_POINT('Axis2P3D Location',(-87.1604119166,29.2149904302,64.7258763838)) ;
#10502=CARTESIAN_POINT('Vertex',(-87.1604119166,29.2149904302,65.519626383)) ;
#10505=CARTESIAN_POINT('Axis2P3D Location',(-87.1604119166,29.2149904302,64.7258763838)) ;
#10518=CARTESIAN_POINT('Axis2P3D Location',(-87.1604119166,22.8649904302,64.7258763827)) ;
#10523=CARTESIAN_POINT('Line Origine',(-87.1604119166,22.86499043,65.5196263827)) ;
#10528=CARTESIAN_POINT('Line Origine',(-87.1604119166,22.86499043,63.9321263827)) ;
#27=DIRECTION('Axis2P3D Direction',(1.,-3.06120240501E-32,-4.18521145769E-48)) ;
#28=DIRECTION('Axis2P3D XDirection',(3.06120240501E-32,1.,0.)) ;
#32=DIRECTION('Vector Direction',(0.,-1.,0.)) ;
#41=DIRECTION('Vector Direction',(0.,0.,1.)) ;
#48=DIRECTION('Vector Direction',(0.,1.,0.)) ;
#55=DIRECTION('Axis2P3D Direction',(1.,-3.06120240501E-32,-4.18521145769E-48)) ;
#75=DIRECTION('Axis2P3D Direction',(4.44381571462E-48,1.,1.7732126531E-16)) ;
#76=DIRECTION('Axis2P3D XDirection',(0.,-1.7732126531E-16,1.)) ;
#80=DIRECTION('Vector Direction',(1.,0.,0.)) ;
#87=DIRECTION('Vector Direction',(0.,0.,1.)) ;
#94=DIRECTION('Vector Direction',(1.,0.,0.)) ;
#107=DIRECTION('Axis2P3D Direction',(1.3671789395E-16,1.7732126531E-16,-1.)) ;
#108=DIRECTION('Axis2P3D XDirection',(0.,1.,1.7732126531E-16)) ;
#112=DIRECTION('Vector Direction',(0.,1.,0.)) ;
#119=DIRECTION('Vector Direction',(1.,0.,2.23792987641E-16)) ;
#132=DIRECTION('Axis2P3D Direction',(-1.,4.93038065763E-32,-1.3671789395E-16)) ;
#133=DIRECTION('Axis2P3D XDirection',(-1.3671789395E-16,0.,1.)) ;
#137=DIRECTION('Vector Direction',(-1.,0.,-1.36718369959E-16)) ;
#146=DIRECTION('Axis2P3D Direction',(-1.,4.93038065763E-32,-1.3671789395E-16)) ;
#153=DIRECTION('Vector Direction',(-1.,0.,-1.36718369959E-16)) ;
#168=DIRECTION('Vector Direction',(-1.,0.,-1.36718369959E-16)) ;
#175=DIRECTION('Axis2P3D Direction',(-1.,4.93038065763E-32,-1.3671789395E-16)) ;
#182=DIRECTION('Axis2P3D Direction',(-1.,4.93038065763E-32,-1.3671789395E-16)) ;
#217=DIRECTION('Axis2P3D Direction',(-1.,4.93038065763E-32,-1.3671789395E-16)) ;
#224=DIRECTION('Axis2P3D Direction',(-1.,4.93038065763E-32,-1.3671789395E-16)) ;
#238=DIRECTION('Axis2P3D Direction',(2.42429899458E-32,-1.7732126531E-16,1.)) ;
#239=DIRECTION('Axis2P3D XDirection',(0.,-1.,-1.7732126531E-16)) ;
#243=DIRECTION('Vector Direction',(0.,1.,0.)) ;
#256=DIRECTION('Axis2P3D Direction',(-1.,0.,-0.)) ;
#257=DIRECTION('Axis2P3D XDirection',(0.,0.,-1.)) ;
#261=DIRECTION('Vector Direction',(-0.911921505175,-5.02550566497E-17,0.410364677329)) ;
#268=DIRECTION('Axis2P3D Direction',(-1.,0.,-0.)) ;
#275=DIRECTION('Axis2P3D Direction',(-1.,0.,-0.)) ;
#282=DIRECTION('Vector Direction',(-0.911921505175,0.,-0.410364677329)) ;
#297=DIRECTION('Axis2P3D Direction',(-1.,0.,-0.)) ;
#304=DIRECTION('Axis2P3D Direction',(-1.,0.,-0.)) ;
#319=DIRECTION('Axis2P3D Direction',(1.,6.12303176911E-17,2.19671417818E-32)) ;
#320=DIRECTION('Axis2P3D XDirection',(-6.12303176911E-17,1.,0.)) ;
#416=DIRECTION('Axis2P3D Direction',(-1.,4.93038065763E-32,-1.3671789395E-16)) ;
#417=DIRECTION('Axis2P3D XDirection',(-1.3671789395E-16,0.,1.)) ;
#421=DIRECTION('Vector Direction',(-1.,0.,-1.36718369959E-16)) ;
#438=DIRECTION('Axis2P3D Direction',(-1.,4.93038065763E-32,-1.3671789395E-16)) ;
#445=DIRECTION('Vector Direction',(-1.,0.,-1.36718369959E-16)) ;
#460=DIRECTION('Axis2P3D Direction',(-1.,4.93038065763E-32,-1.3671789395E-16)) ;
#485=DIRECTION('Axis2P3D Direction',(1.27961343408E-30,-1.,1.13119999738E-15)) ;
#486=DIRECTION('Axis2P3D XDirection',(0.,1.18293687038E-15,1.)) ;
#490=DIRECTION('Axis2P3D Direction',(1.27961343408E-30,-1.,1.13119999738E-15)) ;
#499=DIRECTION('Axis2P3D Direction',(1.27961343408E-30,-1.,1.13119999738E-15)) ;
#506=DIRECTION('Vector Direction',(-1.06058300667E-16,-0.5,-0.866025403784)) ;
#513=DIRECTION('Vector Direction',(0.,-0.5,0.866025403784)) ;
#526=DIRECTION('Axis2P3D Direction',(1.27961343408E-30,-1.,1.13119999738E-15)) ;
#533=DIRECTION('Axis2P3D Direction',(1.27961343408E-30,-1.,1.13119999738E-15)) ;
#546=DIRECTION('Axis2P3D Direction',(1.,-4.93038065763E-32,1.3671789395E-16)) ;
#547=DIRECTION('Axis2P3D XDirection',(1.3671789395E-16,0.,-1.)) ;
#551=DIRECTION('Vector Direction',(1.,0.,1.36718369959E-16)) ;
#558=DIRECTION('Vector Direction',(1.,0.,1.36718369959E-16)) ;
#575=DIRECTION('Axis2P3D Direction',(1.,-4.93038065763E-32,1.3671789395E-16)) ;
#590=DIRECTION('Axis2P3D Direction',(1.,-4.93038065763E-32,1.3671789395E-16)) ;
#591=DIRECTION('Axis2P3D XDirection',(-1.3671789395E-16,1.22464679915E-16,1.)) ;
#595=DIRECTION('Axis2P3D Direction',(1.,-4.93038065763E-32,1.3671789395E-16)) ;
#620=DIRECTION('Axis2P3D Direction',(1.,-3.06120240501E-32,-4.18521145769E-48)) ;
#621=DIRECTION('Axis2P3D XDirection',(3.06120240501E-32,1.,0.)) ;
#625=DIRECTION('Axis2P3D Direction',(1.,-3.06120240501E-32,-4.18521145769E-48)) ;
#634=DIRECTION('Axis2P3D Direction',(1.,-3.06120240501E-32,-4.18521145769E-48)) ;
#641=DIRECTION('Axis2P3D Direction',(1.,-3.06120240501E-32,-4.18521145769E-48)) ;
#648=DIRECTION('Axis2P3D Direction',(1.,-3.06120240501E-32,-4.18521145769E-48)) ;
#667=DIRECTION('Axis2P3D Direction',(-2.50608166305E-32,-1.,-1.7732126531E-16)) ;
#668=DIRECTION('Axis2P3D XDirection',(0.,1.7732126531E-16,-1.)) ;
#672=DIRECTION('Axis2P3D Direction',(-2.50608166305E-32,-1.,-1.7732126531E-16)) ;
#691=DIRECTION('Vector Direction',(0.,-1.,-1.77320202965E-16)) ;
#696=DIRECTION('Vector Direction',(0.,-1.,-1.77320202965E-16)) ;
#721=DIRECTION('Axis2P3D Direction',(-2.50608166305E-32,-1.,-1.7732126531E-16)) ;
#736=DIRECTION('Axis2P3D Direction',(1.,-3.06120240501E-32,-4.18521145769E-48)) ;
#737=DIRECTION('Axis2P3D XDirection',(3.06120240501E-32,1.,0.)) ;
#741=DIRECTION('Axis2P3D Direction',(1.,-3.06120240501E-32,-4.18521145769E-48)) ;
#750=DIRECTION('Axis2P3D Direction',(1.,-3.06120240501E-32,-4.18521145769E-48)) ;
#757=DIRECTION('Vector Direction',(0.,0.,-1.)) ;
#764=DIRECTION('Axis2P3D Direction',(1.,-3.06120240501E-32,-4.18521145769E-48)) ;
#771=DIRECTION('Axis2P3D Direction',(1.,-3.06120240501E-32,-4.18521145769E-48)) ;
#778=DIRECTION('Vector Direction',(0.,0.,1.)) ;
#793=DIRECTION('Axis2P3D Direction',(1.,-3.06120240501E-32,-4.18521145769E-48)) ;
#802=DIRECTION('Axis2P3D Direction',(1.,-3.06120240501E-32,-4.18521145769E-48)) ;
#809=DIRECTION('Vector Direction',(0.,0.,-1.)) ;
#816=DIRECTION('Axis2P3D Direction',(1.,-3.06120240501E-32,-4.18521145769E-48)) ;
#823=DIRECTION('Axis2P3D Direction',(1.,-3.06120240501E-32,-4.18521145769E-48)) ;
#830=DIRECTION('Vector Direction',(0.,0.,1.)) ;
#845=DIRECTION('Axis2P3D Direction',(1.,-3.06120240501E-32,-4.18521145769E-48)) ;
#854=DIRECTION('Axis2P3D Direction',(1.,-3.06120240501E-32,-4.18521145769E-48)) ;
#861=DIRECTION('Vector Direction',(0.,0.,-1.)) ;
#868=DIRECTION('Axis2P3D Direction',(1.,-3.06120240501E-32,-4.18521145769E-48)) ;
#875=DIRECTION('Axis2P3D Direction',(1.,-3.06120240501E-32,-4.18521145769E-48)) ;
#882=DIRECTION('Vector Direction',(0.,0.,1.)) ;
#913=DIRECTION('Axis1P Direction',(0.,1.7732126531E-16,-1.)) ;
#917=DIRECTION('Axis2P3D Direction',(0.,1.,1.7732126531E-16)) ;
#926=DIRECTION('Axis2P3D Direction',(0.,1.7732126531E-16,-1.)) ;
#933=DIRECTION('Axis2P3D Direction',(1.22464679915E-16,-1.,-1.7732126531E-16)) ;
#940=DIRECTION('Axis2P3D Direction',(0.,1.7732126531E-16,-1.)) ;
#976=DIRECTION('Axis1P Direction',(0.,1.7732126531E-16,-1.)) ;
#980=DIRECTION('Axis2P3D Direction',(0.,1.7732126531E-16,-1.)) ;
#987=DIRECTION('Axis2P3D Direction',(0.,1.7732126531E-16,-1.)) ;
#992=DIRECTION('Axis2P3D Direction',(0.,1.7732126531E-16,-1.)) ;
#1051=DIRECTION('Axis1P Direction',(0.,1.7732126531E-16,-1.)) ;
#1055=DIRECTION('Axis2P3D Direction',(0.,1.,1.7732126531E-16)) ;
#1060=DIRECTION('Axis2P3D Direction',(1.22464679915E-16,-1.,-1.7732126531E-16)) ;
#1089=DIRECTION('Axis1P Direction',(0.,1.7732126531E-16,-1.)) ;
#1129=DIRECTION('Axis2P3D Direction',(1.,6.12303176911E-17,2.19671417818E-32)) ;
#1130=DIRECTION('Axis2P3D XDirection',(-6.12303176911E-17,1.,0.)) ;
#1134=DIRECTION('Axis2P3D Direction',(1.,6.12303176911E-17,2.19671417818E-32)) ;
#1143=DIRECTION('Axis2P3D Direction',(1.,6.12303176911E-17,2.19671417818E-32)) ;
#1150=DIRECTION('Axis2P3D Direction',(1.,6.12303176911E-17,2.19671417818E-32)) ;
#1157=DIRECTION('Axis2P3D Direction',(1.,6.12303176911E-17,2.19671417818E-32)) ;
#1176=DIRECTION('Axis2P3D Direction',(-1.,0.,-0.)) ;
#1177=DIRECTION('Axis2P3D XDirection',(0.,0.,1.)) ;
#1181=DIRECTION('Vector Direction',(-1.,0.,0.)) ;
#1201=DIRECTION('Axis2P3D Direction',(-1.,0.,-0.)) ;
#1208=DIRECTION('Vector Direction',(-1.,0.,0.)) ;
#1223=DIRECTION('Axis2P3D Direction',(-1.,0.,-0.)) ;
#1251=DIRECTION('Axis2P3D Direction',(-0.,-1.,0.)) ;
#1252=DIRECTION('Axis2P3D XDirection',(0.,0.,1.)) ;
#1256=DIRECTION('Axis2P3D Direction',(-0.,-1.,0.)) ;
#1265=DIRECTION('Axis2P3D Direction',(-0.,-1.,0.)) ;
#1272=DIRECTION('Vector Direction',(-8.65951087633E-17,-0.707106781187,-0.707106781187)) ;
#1277=DIRECTION('Vector Direction',(0.,-0.707106781187,0.707106781187)) ;
#1292=DIRECTION('Axis2P3D Direction',(-0.,-1.,0.)) ;
#1299=DIRECTION('Axis2P3D Direction',(-0.,-1.,0.)) ;
#1314=DIRECTION('Axis2P3D Direction',(1.3671789395E-16,1.7732126531E-16,-1.)) ;
#1315=DIRECTION('Axis2P3D XDirection',(0.,1.,1.7732126531E-16)) ;
#1319=DIRECTION('Vector Direction',(0.,1.,0.)) ;
#1347=DIRECTION('Vector Direction',(1.,0.,0.)) ;
#1373=DIRECTION('Vector Direction',(0.,1.,0.)) ;
#1399=DIRECTION('Vector Direction',(1.,0.,0.)) ;
#1435=DIRECTION('Axis2P3D Direction',(4.44381571462E-48,1.,1.7732126531E-16)) ;
#1436=DIRECTION('Axis2P3D XDirection',(0.,-1.7732126531E-16,1.)) ;
#1440=DIRECTION('Vector Direction',(1.,0.,0.)) ;
#1447=DIRECTION('Vector Direction',(0.,0.,1.)) ;
#1454=DIRECTION('Vector Direction',(1.,0.,0.)) ;
#1467=DIRECTION('Axis2P3D Direction',(-1.,4.93038065763E-32,-1.3671789395E-16)) ;
#1468=DIRECTION('Axis2P3D XDirection',(-1.3671789395E-16,0.,1.)) ;
#1472=DIRECTION('Axis2P3D Direction',(-1.,4.93038065763E-32,-1.3671789395E-16)) ;
#1479=DIRECTION('Vector Direction',(-1.,0.,-1.36717659416E-16)) ;
#1492=DIRECTION('Vector Direction',(-1.,0.,-1.36717659416E-16)) ;
#1499=DIRECTION('Axis2P3D Direction',(-1.,4.93038065763E-32,-1.3671789395E-16)) ;
#1512=DIRECTION('Axis2P3D Direction',(-2.50608166305E-32,-1.,-1.7732126531E-16)) ;
#1513=DIRECTION('Axis2P3D XDirection',(0.,1.7732126531E-16,-1.)) ;
#1517=DIRECTION('Vector Direction',(1.,0.,0.)) ;
#1524=DIRECTION('Vector Direction',(0.,0.,1.)) ;
#1537=DIRECTION('Axis2P3D Direction',(-1.,4.93038065763E-32,-1.3671789395E-16)) ;
#1538=DIRECTION('Axis2P3D XDirection',(-1.3671789395E-16,0.,1.)) ;
#1542=DIRECTION('Axis2P3D Direction',(-1.,4.93038065763E-32,-1.3671789395E-16)) ;
#1549=DIRECTION('Vector Direction',(-1.,0.,-1.36718014687E-16)) ;
#1562=DIRECTION('Axis2P3D Direction',(-1.,4.93038065763E-32,-1.3671789395E-16)) ;
#1575=DIRECTION('Axis2P3D Direction',(4.44381571462E-48,1.,1.7732126531E-16)) ;
#1576=DIRECTION('Axis2P3D XDirection',(0.,-1.7732126531E-16,1.)) ;
#1580=DIRECTION('Vector Direction',(1.,0.,0.)) ;
#1587=DIRECTION('Vector Direction',(0.,0.,1.)) ;
#1594=DIRECTION('Vector Direction',(1.,0.,0.)) ;
#1607=DIRECTION('Axis2P3D Direction',(-1.,4.93038065763E-32,-1.3671789395E-16)) ;
#1608=DIRECTION('Axis2P3D XDirection',(-1.3671789395E-16,0.,1.)) ;
#1612=DIRECTION('Axis2P3D Direction',(-1.,4.93038065763E-32,-1.3671789395E-16)) ;
#1619=DIRECTION('Vector Direction',(-1.,0.,-1.36717659416E-16)) ;
#1632=DIRECTION('Vector Direction',(-1.,0.,-1.36717659416E-16)) ;
#1639=DIRECTION('Axis2P3D Direction',(-1.,4.93038065763E-32,-1.3671789395E-16)) ;
#1652=DIRECTION('Axis2P3D Direction',(-2.50608166305E-32,-1.,-1.7732126531E-16)) ;
#1653=DIRECTION('Axis2P3D XDirection',(0.,1.7732126531E-16,-1.)) ;
#1657=DIRECTION('Vector Direction',(1.,0.,0.)) ;
#1664=DIRECTION('Vector Direction',(0.,-2.94464457424E-16,1.)) ;
#1677=DIRECTION('Axis2P3D Direction',(-1.,4.93038065763E-32,-1.3671789395E-16)) ;
#1678=DIRECTION('Axis2P3D XDirection',(-1.3671789395E-16,0.,1.)) ;
#1682=DIRECTION('Axis2P3D Direction',(-1.,4.93038065763E-32,-1.3671789395E-16)) ;
#1689=DIRECTION('Vector Direction',(-1.,0.,-1.36717925869E-16)) ;
#1702=DIRECTION('Axis2P3D Direction',(-1.,4.93038065763E-32,-1.3671789395E-16)) ;
#1715=DIRECTION('Axis2P3D Direction',(4.44381571462E-48,1.,1.7732126531E-16)) ;
#1716=DIRECTION('Axis2P3D XDirection',(0.,-1.7732126531E-16,1.)) ;
#1720=DIRECTION('Vector Direction',(1.,0.,0.)) ;
#1727=DIRECTION('Vector Direction',(0.,0.,1.)) ;
#1734=DIRECTION('Vector Direction',(1.,0.,0.)) ;
#1747=DIRECTION('Axis2P3D Direction',(-1.,4.93038065763E-32,-1.3671789395E-16)) ;
#1748=DIRECTION('Axis2P3D XDirection',(-1.3671789395E-16,0.,1.)) ;
#1752=DIRECTION('Axis2P3D Direction',(-1.,4.93038065763E-32,-1.3671789395E-16)) ;
#1759=DIRECTION('Vector Direction',(-1.,0.,-1.36718014687E-16)) ;
#1772=DIRECTION('Vector Direction',(-1.,0.,-1.36718014687E-16)) ;
#1779=DIRECTION('Axis2P3D Direction',(-1.,4.93038065763E-32,-1.3671789395E-16)) ;
#1792=DIRECTION('Axis2P3D Direction',(-2.50608166305E-32,-1.,-1.7732126531E-16)) ;
#1793=DIRECTION('Axis2P3D XDirection',(0.,1.7732126531E-16,-1.)) ;
#1797=DIRECTION('Vector Direction',(1.,0.,0.)) ;
#1804=DIRECTION('Vector Direction',(0.,0.,1.)) ;
#1817=DIRECTION('Axis2P3D Direction',(-1.,4.93038065763E-32,-1.3671789395E-16)) ;
#1818=DIRECTION('Axis2P3D XDirection',(-1.3671789395E-16,0.,1.)) ;
#1822=DIRECTION('Axis2P3D Direction',(-1.,4.93038065763E-32,-1.3671789395E-16)) ;
#1829=DIRECTION('Vector Direction',(-1.,0.,-1.36718014687E-16)) ;
#1842=DIRECTION('Axis2P3D Direction',(-1.,4.93038065763E-32,-1.3671789395E-16)) ;
#1861=DIRECTION('Axis1P Direction',(-0.,1.,1.7732126531E-16)) ;
#1865=DIRECTION('Axis2P3D Direction',(1.22464679915E-16,1.7732126531E-16,-1.)) ;
#1872=DIRECTION('Axis2P3D Direction',(0.,-1.7732126531E-16,1.)) ;
#1879=DIRECTION('Axis2P3D Direction',(-0.,1.,1.7732126531E-16)) ;
#1886=DIRECTION('Axis2P3D Direction',(-0.,1.,1.7732126531E-16)) ;
#1906=DIRECTION('Axis1P Direction',(-0.,1.,1.7732126531E-16)) ;
#1910=DIRECTION('Axis2P3D Direction',(-0.,1.,1.7732126531E-16)) ;
#1917=DIRECTION('Axis2P3D Direction',(-0.,1.,1.7732126531E-16)) ;
#1931=DIRECTION('Axis2P3D Direction',(-1.,-7.34031751818E-17,-4.30330594678E-16)) ;
#1932=DIRECTION('Axis2P3D XDirection',(-4.30330594678E-16,0.,1.)) ;
#1936=DIRECTION('Vector Direction',(-1.,-7.3401906775E-17,-4.30330260315E-16)) ;
#1943=DIRECTION('Axis2P3D Direction',(-1.,-7.34031751818E-17,-4.30330594678E-16)) ;
#1963=DIRECTION('Vector Direction',(-1.,-7.3401906775E-17,-4.30330260315E-16)) ;
#1998=DIRECTION('Axis2P3D Direction',(-1.,-7.34031751818E-17,-4.30330594678E-16)) ;
#2013=DIRECTION('Axis2P3D Direction',(4.44381571462E-48,1.,1.7732126531E-16)) ;
#2014=DIRECTION('Axis2P3D XDirection',(0.,-1.7732126531E-16,1.)) ;
#2018=DIRECTION('Vector Direction',(0.86602540375,0.,0.500000000059)) ;
#2027=DIRECTION('Vector Direction',(0.,0.,1.)) ;
#2034=DIRECTION('Vector Direction',(-0.86602540375,0.,0.500000000059)) ;
#2041=DIRECTION('Vector Direction',(0.,0.,1.)) ;
#2054=DIRECTION('Axis2P3D Direction',(-0.5,1.5356472039E-16,-0.866025403784)) ;
#2055=DIRECTION('Axis2P3D XDirection',(-0.866025403784,0.,0.5)) ;
#2059=DIRECTION('Vector Direction',(0.,1.,1.31558733416E-16)) ;
#2066=DIRECTION('Vector Direction',(0.,1.,1.09580349657E-16)) ;
#2089=DIRECTION('Axis2P3D Direction',(-0.5,-1.5356472039E-16,0.866025403784)) ;
#2090=DIRECTION('Axis2P3D XDirection',(0.866025403784,0.,0.5)) ;
#2094=DIRECTION('Vector Direction',(0.,1.,2.19160699314E-16)) ;
#2101=DIRECTION('Vector Direction',(0.,1.,2.63117466832E-16)) ;
#2124=DIRECTION('Axis2P3D Direction',(1.,-3.06120240501E-32,-4.18521145769E-48)) ;
#2125=DIRECTION('Axis2P3D XDirection',(3.06120240501E-32,1.,0.)) ;
#2164=DIRECTION('Vector Direction',(0.,1.,0.)) ;
#2171=DIRECTION('Vector Direction',(0.,0.,1.)) ;
#2178=DIRECTION('Vector Direction',(0.,1.,0.)) ;
#2238=DIRECTION('Vector Direction',(0.,1.,1.09580349657E-16)) ;
#2247=DIRECTION('Vector Direction',(-0.866025403784,0.,0.5)) ;
#2268=DIRECTION('Axis2P3D Direction',(4.44381571462E-48,1.,1.7732126531E-16)) ;
#2269=DIRECTION('Axis2P3D XDirection',(0.,-1.7732126531E-16,1.)) ;
#2273=DIRECTION('Vector Direction',(0.,0.,1.)) ;
#2280=DIRECTION('Vector Direction',(0.86602540375,0.,0.500000000059)) ;
#2293=DIRECTION('Vector Direction',(0.,1.,0.)) ;
#2316=DIRECTION('Axis2P3D Direction',(1.3671789395E-16,1.7732126531E-16,-1.)) ;
#2317=DIRECTION('Axis2P3D XDirection',(0.,1.,1.7732126531E-16)) ;
#2321=DIRECTION('Vector Direction',(1.36719791044E-16,1.77321624051E-16,-1.)) ;
#2328=DIRECTION('Axis2P3D Direction',(1.3671789395E-16,1.7732126531E-16,-1.)) ;
#2335=DIRECTION('Vector Direction',(1.36719791044E-16,1.77321624051E-16,-1.)) ;
#2348=DIRECTION('Axis2P3D Direction',(-2.50608166305E-32,-1.,-1.7732126531E-16)) ;
#2349=DIRECTION('Axis2P3D XDirection',(0.,1.7732126531E-16,-1.)) ;
#2353=DIRECTION('Vector Direction',(0.,-1.89398263067E-16,1.)) ;
#2360=DIRECTION('Vector Direction',(1.,0.,0.)) ;
#2379=DIRECTION('Axis2P3D Direction',(1.3671789395E-16,1.7732126531E-16,-1.)) ;
#2380=DIRECTION('Axis2P3D XDirection',(1.22464679915E-16,-1.,-1.7732126531E-16)) ;
#2384=DIRECTION('Vector Direction',(1.36719791044E-16,1.77321624051E-16,-1.)) ;
#2407=DIRECTION('Axis2P3D Direction',(-1.,4.93038065763E-32,-1.3671789395E-16)) ;
#2408=DIRECTION('Axis2P3D XDirection',(-1.3671789395E-16,0.,1.)) ;
#2412=DIRECTION('Vector Direction',(0.,0.,1.)) ;
#2419=DIRECTION('Vector Direction',(0.,1.,0.)) ;
#2432=DIRECTION('Axis2P3D Direction',(1.3671789395E-16,1.7732126531E-16,-1.)) ;
#2433=DIRECTION('Axis2P3D XDirection',(5.66553889765E-16,-1.,-1.7732126531E-16)) ;
#2437=DIRECTION('Vector Direction',(1.36719791044E-16,1.77320202965E-16,-1.)) ;
#2444=DIRECTION('Axis2P3D Direction',(1.3671789395E-16,1.7732126531E-16,-1.)) ;
#2457=DIRECTION('Axis2P3D Direction',(4.44381571462E-48,1.,1.7732126531E-16)) ;
#2458=DIRECTION('Axis2P3D XDirection',(0.,-1.7732126531E-16,1.)) ;
#2462=DIRECTION('Vector Direction',(0.,0.,1.)) ;
#2469=DIRECTION('Vector Direction',(1.,0.,0.)) ;
#2482=DIRECTION('Axis2P3D Direction',(1.3671789395E-16,1.7732126531E-16,-1.)) ;
#2483=DIRECTION('Axis2P3D XDirection',(0.,1.,1.7732126531E-16)) ;
#2487=DIRECTION('Vector Direction',(1.36719791044E-16,1.77320202965E-16,-1.)) ;
#2494=DIRECTION('Axis2P3D Direction',(1.3671789395E-16,1.7732126531E-16,-1.)) ;
#2507=DIRECTION('Axis2P3D Direction',(1.,-3.06120240501E-32,-4.18521145769E-48)) ;
#2508=DIRECTION('Axis2P3D XDirection',(3.06120240501E-32,1.,0.)) ;
#2512=DIRECTION('Vector Direction',(0.,1.,0.)) ;
#2525=DIRECTION('Axis2P3D Direction',(-1.,4.93038065763E-32,-1.3671789395E-16)) ;
#2526=DIRECTION('Axis2P3D XDirection',(-1.3671789395E-16,0.,1.)) ;
#2638=DIRECTION('Axis2P3D Direction',(4.44381571462E-48,1.,1.7732126531E-16)) ;
#2639=DIRECTION('Axis2P3D XDirection',(0.,-1.7732126531E-16,1.)) ;
#2643=DIRECTION('Axis2P3D Direction',(4.44381571462E-48,1.,1.7732126531E-16)) ;
#2652=DIRECTION('Axis2P3D Direction',(4.44381571462E-48,1.,1.7732126531E-16)) ;
#2659=DIRECTION('Axis2P3D Direction',(4.44381571462E-48,1.,1.7732126531E-16)) ;
#2666=DIRECTION('Axis2P3D Direction',(4.44381571462E-48,1.,1.7732126531E-16)) ;
#2685=DIRECTION('Axis2P3D Direction',(-1.,4.93038065763E-32,-1.3671789395E-16)) ;
#2686=DIRECTION('Axis2P3D XDirection',(-1.3671789395E-16,0.,1.)) ;
#2780=DIRECTION('Axis2P3D Direction',(1.,-3.06120240501E-32,-4.18521145769E-48)) ;
#2781=DIRECTION('Axis2P3D XDirection',(3.06120240501E-32,1.,0.)) ;
#3197=DIRECTION('Axis2P3D Direction',(-1.,4.93038065763E-32,-1.3671789395E-16)) ;
#3198=DIRECTION('Axis2P3D XDirection',(-1.3671789395E-16,0.,1.)) ;
#3202=DIRECTION('Axis2P3D Direction',(-1.,4.93038065763E-32,-1.3671789395E-16)) ;
#3211=DIRECTION('Axis2P3D Direction',(-1.,4.93038065763E-32,-1.3671789395E-16)) ;
#3218=DIRECTION('Axis2P3D Direction',(-1.,4.93038065763E-32,-1.3671789395E-16)) ;
#3225=DIRECTION('Axis2P3D Direction',(-1.,4.93038065763E-32,-1.3671789395E-16)) ;
#3236=DIRECTION('Axis2P3D Direction',(-1.,4.93038065763E-32,-1.3671789395E-16)) ;
#3245=DIRECTION('Axis2P3D Direction',(-1.,4.93038065763E-32,-1.3671789395E-16)) ;
#3252=DIRECTION('Axis2P3D Direction',(-1.,4.93038065763E-32,-1.3671789395E-16)) ;
#3259=DIRECTION('Axis2P3D Direction',(-1.,4.93038065763E-32,-1.3671789395E-16)) ;
#3272=DIRECTION('Axis2P3D Direction',(4.44381571462E-48,1.,1.7732126531E-16)) ;
#3273=DIRECTION('Axis2P3D XDirection',(0.,-1.7732126531E-16,1.)) ;
#3689=DIRECTION('Axis2P3D Direction',(-1.,6.83408663766E-32,-2.61420860638E-16)) ;
#3690=DIRECTION('Axis2P3D XDirection',(3.48117174839E-16,0.,-1.)) ;
#3694=DIRECTION('Vector Direction',(-0.844819075554,0.,-0.535052081184)) ;
#3701=DIRECTION('Axis2P3D Direction',(-1.,6.83408663766E-32,-2.61420860638E-16)) ;
#3714=DIRECTION('Axis2P3D Direction',(-1.,6.83408663766E-32,-2.61420860638E-16)) ;
#3727=DIRECTION('Axis2P3D Direction',(-1.,4.93038065763E-32,-1.3671789395E-16)) ;
#3728=DIRECTION('Axis2P3D XDirection',(-1.3671789395E-16,0.,1.)) ;
#3748=DIRECTION('Vector Direction',(-0.844819075554,-6.55264927388E-17,0.535052081184)) ;
#3755=DIRECTION('Axis2P3D Direction',(-1.,6.83408663766E-32,-2.61420860638E-16)) ;
#3768=DIRECTION('Axis2P3D Direction',(-1.,6.83408663766E-32,-2.61420860638E-16)) ;
#3797=DIRECTION('Axis2P3D Direction',(1.3671789395E-16,1.7732126531E-16,-1.)) ;
#3798=DIRECTION('Axis2P3D XDirection',(0.,1.,1.7732126531E-16)) ;
#3874=DIRECTION('Axis2P3D Direction',(1.,-0.,0.)) ;
#3875=DIRECTION('Axis2P3D XDirection',(0.,0.,1.)) ;
#3879=DIRECTION('Vector Direction',(0.5,-1.06056973382E-16,-0.866025403784)) ;
#3886=DIRECTION('Axis2P3D Direction',(1.,0.,0.)) ;
#3909=DIRECTION('Axis2P3D Direction',(1.,0.,0.)) ;
#3916=DIRECTION('Vector Direction',(0.5,0.,0.866025403784)) ;
#3932=DIRECTION('Axis2P3D Direction',(1.,0.,0.)) ;
#3946=DIRECTION('Axis2P3D Direction',(-2.50608166305E-32,-1.,-1.7732126531E-16)) ;
#3947=DIRECTION('Axis2P3D XDirection',(0.,1.7732126531E-16,-1.)) ;
#3951=DIRECTION('Vector Direction',(0.,-1.,-1.77321624051E-16)) ;
#3977=DIRECTION('Vector Direction',(0.,-1.,-1.77321624051E-16)) ;
#4019=DIRECTION('Axis2P3D Direction',(-1.,4.93038065763E-32,-1.3671789395E-16)) ;
#4020=DIRECTION('Axis2P3D XDirection',(-1.3671789395E-16,0.,1.)) ;
#4024=DIRECTION('Vector Direction',(-1.,0.,-1.36718369959E-16)) ;
#4031=DIRECTION('Vector Direction',(-1.,0.,-1.36718369959E-16)) ;
#4038=DIRECTION('Axis2P3D Direction',(-1.,4.93038065763E-32,-1.3671789395E-16)) ;
#4063=DIRECTION('Axis2P3D Direction',(-1.,4.93038065763E-32,-1.3671789395E-16)) ;
#4064=DIRECTION('Axis2P3D XDirection',(1.3671789395E-16,1.22464679915E-16,-1.)) ;
#4078=DIRECTION('Axis2P3D Direction',(-1.,4.93038065763E-32,-1.3671789395E-16)) ;
#4093=DIRECTION('Axis2P3D Direction',(1.,-4.93038065763E-32,1.3671789395E-16)) ;
#4094=DIRECTION('Axis2P3D XDirection',(1.3671789395E-16,0.,-1.)) ;
#4110=DIRECTION('Axis2P3D Direction',(1.,-4.93038065763E-32,1.3671789395E-16)) ;
#4117=DIRECTION('Vector Direction',(1.,0.,1.36718014687E-16)) ;
#4122=DIRECTION('Vector Direction',(1.,0.,1.36718014687E-16)) ;
#4137=DIRECTION('Axis2P3D Direction',(1.,-4.93038065763E-32,1.3671789395E-16)) ;
#4162=DIRECTION('Axis2P3D Direction',(1.,-4.93038065763E-32,1.3671789395E-16)) ;
#4163=DIRECTION('Axis2P3D XDirection',(1.3671789395E-16,0.,-1.)) ;
#4179=DIRECTION('Axis2P3D Direction',(1.,-4.93038065763E-32,1.3671789395E-16)) ;
#4186=DIRECTION('Vector Direction',(1.,0.,1.36718369959E-16)) ;
#4191=DIRECTION('Vector Direction',(1.,0.,1.36718369959E-16)) ;
#4206=DIRECTION('Axis2P3D Direction',(1.,-4.93038065763E-32,1.3671789395E-16)) ;
#4231=DIRECTION('Axis2P3D Direction',(1.,-4.93038065763E-32,1.3671789395E-16)) ;
#4232=DIRECTION('Axis2P3D XDirection',(1.3671789395E-16,0.,-1.)) ;
#4248=DIRECTION('Axis2P3D Direction',(1.,-4.93038065763E-32,1.3671789395E-16)) ;
#4255=DIRECTION('Vector Direction',(1.,0.,1.36718369959E-16)) ;
#4260=DIRECTION('Vector Direction',(1.,0.,1.36718369959E-16)) ;
#4275=DIRECTION('Axis2P3D Direction',(1.,-4.93038065763E-32,1.3671789395E-16)) ;
#4300=DIRECTION('Axis2P3D Direction',(1.,-4.93038065763E-32,1.3671789395E-16)) ;
#4301=DIRECTION('Axis2P3D XDirection',(1.3671789395E-16,0.,-1.)) ;
#4317=DIRECTION('Axis2P3D Direction',(1.,-4.93038065763E-32,1.3671789395E-16)) ;
#4324=DIRECTION('Vector Direction',(1.,0.,1.36718014687E-16)) ;
#4329=DIRECTION('Vector Direction',(1.,0.,1.36718014687E-16)) ;
#4344=DIRECTION('Axis2P3D Direction',(1.,-4.93038065763E-32,1.3671789395E-16)) ;
#4369=DIRECTION('Axis2P3D Direction',(1.,-4.93038065763E-32,1.3671789395E-16)) ;
#4370=DIRECTION('Axis2P3D XDirection',(1.3671789395E-16,0.,-1.)) ;
#4374=DIRECTION('Vector Direction',(1.,0.,1.36719791044E-16)) ;
#4381=DIRECTION('Vector Direction',(1.,0.,1.36718369959E-16)) ;
#4388=DIRECTION('Axis2P3D Direction',(1.,-4.93038065763E-32,1.3671789395E-16)) ;
#4429=DIRECTION('Axis2P3D Direction',(1.,-4.93038065763E-32,1.3671789395E-16)) ;
#4444=DIRECTION('Axis2P3D Direction',(1.,-4.93038065763E-32,1.3671789395E-16)) ;
#4445=DIRECTION('Axis2P3D XDirection',(1.3671789395E-16,0.,-1.)) ;
#4449=DIRECTION('Vector Direction',(1.,0.,1.36718369959E-16)) ;
#4456=DIRECTION('Vector Direction',(1.,0.,1.36718369959E-16)) ;
#4463=DIRECTION('Axis2P3D Direction',(1.,-4.93038065763E-32,1.3671789395E-16)) ;
#4498=DIRECTION('Axis2P3D Direction',(1.,-4.93038065763E-32,1.3671789395E-16)) ;
#4513=DIRECTION('Axis2P3D Direction',(1.,-4.93038065763E-32,1.3671789395E-16)) ;
#4514=DIRECTION('Axis2P3D XDirection',(1.3671789395E-16,0.,-1.)) ;
#4518=DIRECTION('Vector Direction',(1.,0.,1.36718369959E-16)) ;
#4525=DIRECTION('Axis2P3D Direction',(1.,-4.93038065763E-32,1.3671789395E-16)) ;
#4532=DIRECTION('Axis2P3D Direction',(1.,-4.93038065763E-32,1.3671789395E-16)) ;
#4539=DIRECTION('Vector Direction',(1.,0.,1.36718369959E-16)) ;
#4554=DIRECTION('Axis2P3D Direction',(1.,-4.93038065763E-32,1.3671789395E-16)) ;
#4561=DIRECTION('Axis2P3D Direction',(1.,-4.93038065763E-32,1.3671789395E-16)) ;
#4576=DIRECTION('Axis2P3D Direction',(2.50608166305E-32,1.,1.7732126531E-16)) ;
#4577=DIRECTION('Axis2P3D XDirection',(0.,-1.7732126531E-16,1.)) ;
#4593=DIRECTION('Axis2P3D Direction',(2.50608166305E-32,1.,1.7732126531E-16)) ;
#4600=DIRECTION('Vector Direction',(0.,1.,1.77320913508E-16)) ;
#4605=DIRECTION('Vector Direction',(0.,1.,1.77320913508E-16)) ;
#4620=DIRECTION('Axis2P3D Direction',(2.50608166305E-32,1.,1.7732126531E-16)) ;
#4645=DIRECTION('Axis2P3D Direction',(2.50608166305E-32,1.,1.7732126531E-16)) ;
#4646=DIRECTION('Axis2P3D XDirection',(0.,-1.7732126531E-16,1.)) ;
#4662=DIRECTION('Axis2P3D Direction',(2.50608166305E-32,1.,1.7732126531E-16)) ;
#4669=DIRECTION('Vector Direction',(0.,1.,1.77321624051E-16)) ;
#4674=DIRECTION('Vector Direction',(0.,1.,1.77321624051E-16)) ;
#4689=DIRECTION('Axis2P3D Direction',(2.50608166305E-32,1.,1.7732126531E-16)) ;
#4714=DIRECTION('Axis2P3D Direction',(2.50608166305E-32,1.,1.7732126531E-16)) ;
#4715=DIRECTION('Axis2P3D XDirection',(0.,-1.7732126531E-16,1.)) ;
#4731=DIRECTION('Axis2P3D Direction',(2.50608166305E-32,1.,1.7732126531E-16)) ;
#4738=DIRECTION('Vector Direction',(0.,1.,1.77321624051E-16)) ;
#4743=DIRECTION('Vector Direction',(0.,1.,1.77321624051E-16)) ;
#4758=DIRECTION('Axis2P3D Direction',(2.50608166305E-32,1.,1.7732126531E-16)) ;
#4783=DIRECTION('Axis2P3D Direction',(2.50608166305E-32,1.,1.7732126531E-16)) ;
#4784=DIRECTION('Axis2P3D XDirection',(0.,-1.7732126531E-16,1.)) ;
#4800=DIRECTION('Axis2P3D Direction',(2.50608166305E-32,1.,1.7732126531E-16)) ;
#4807=DIRECTION('Vector Direction',(0.,1.,1.77320913508E-16)) ;
#4812=DIRECTION('Vector Direction',(0.,1.,1.77320913508E-16)) ;
#4827=DIRECTION('Axis2P3D Direction',(2.50608166305E-32,1.,1.7732126531E-16)) ;
#4852=DIRECTION('Axis2P3D Direction',(2.50608166305E-32,1.,1.7732126531E-16)) ;
#4853=DIRECTION('Axis2P3D XDirection',(0.,-1.7732126531E-16,1.)) ;
#4857=DIRECTION('Vector Direction',(0.,1.,1.77321624051E-16)) ;
#4864=DIRECTION('Vector Direction',(0.,1.,1.77321624051E-16)) ;
#4871=DIRECTION('Axis2P3D Direction',(2.50608166305E-32,1.,1.7732126531E-16)) ;
#4912=DIRECTION('Axis2P3D Direction',(2.50608166305E-32,1.,1.7732126531E-16)) ;
#4927=DIRECTION('Axis2P3D Direction',(-1.24764771102E-32,1.,1.7732126531E-16)) ;
#4928=DIRECTION('Axis2P3D XDirection',(0.,-1.7732126531E-16,1.)) ;
#4932=DIRECTION('Axis2P3D Direction',(-1.24764771102E-32,1.,1.7732126531E-16)) ;
#4941=DIRECTION('Axis2P3D Direction',(-1.24764771102E-32,1.,1.7732126531E-16)) ;
#4948=DIRECTION('Axis2P3D Direction',(-1.24764771102E-32,1.,1.7732126531E-16)) ;
#4955=DIRECTION('Axis2P3D Direction',(-1.24764771102E-32,1.,1.7732126531E-16)) ;
#4968=DIRECTION('Axis2P3D Direction',(-1.24764771102E-32,1.,1.7732126531E-16)) ;
#4977=DIRECTION('Axis2P3D Direction',(-1.24764771102E-32,1.,1.7732126531E-16)) ;
#4984=DIRECTION('Axis2P3D Direction',(-1.24764771102E-32,1.,1.7732126531E-16)) ;
#4991=DIRECTION('Axis2P3D Direction',(-1.24764771102E-32,1.,1.7732126531E-16)) ;
#5004=DIRECTION('Axis2P3D Direction',(-1.24764771102E-32,1.,1.7732126531E-16)) ;
#5013=DIRECTION('Axis2P3D Direction',(-1.24764771102E-32,1.,1.7732126531E-16)) ;
#5020=DIRECTION('Axis2P3D Direction',(-1.24764771102E-32,1.,1.7732126531E-16)) ;
#5027=DIRECTION('Axis2P3D Direction',(-1.24764771102E-32,1.,1.7732126531E-16)) ;
#5040=DIRECTION('Axis2P3D Direction',(-1.24764771102E-32,1.,1.7732126531E-16)) ;
#5049=DIRECTION('Axis2P3D Direction',(-1.24764771102E-32,1.,1.7732126531E-16)) ;
#5056=DIRECTION('Axis2P3D Direction',(-1.24764771102E-32,1.,1.7732126531E-16)) ;
#5063=DIRECTION('Axis2P3D Direction',(-1.24764771102E-32,1.,1.7732126531E-16)) ;
#5076=DIRECTION('Axis2P3D Direction',(-1.24764771102E-32,1.,1.7732126531E-16)) ;
#5085=DIRECTION('Axis2P3D Direction',(-1.24764771102E-32,1.,1.7732126531E-16)) ;
#5092=DIRECTION('Axis2P3D Direction',(-1.24764771102E-32,1.,1.7732126531E-16)) ;
#5099=DIRECTION('Axis2P3D Direction',(-1.24764771102E-32,1.,1.7732126531E-16)) ;
#5112=DIRECTION('Axis2P3D Direction',(-1.24764771102E-32,1.,1.7732126531E-16)) ;
#5121=DIRECTION('Axis2P3D Direction',(-1.24764771102E-32,1.,1.7732126531E-16)) ;
#5128=DIRECTION('Axis2P3D Direction',(-1.24764771102E-32,1.,1.7732126531E-16)) ;
#5135=DIRECTION('Axis2P3D Direction',(-1.24764771102E-32,1.,1.7732126531E-16)) ;
#5148=DIRECTION('Axis2P3D Direction',(-1.24764771102E-32,1.,1.7732126531E-16)) ;
#5157=DIRECTION('Axis2P3D Direction',(-1.24764771102E-32,1.,1.7732126531E-16)) ;
#5164=DIRECTION('Axis2P3D Direction',(-1.24764771102E-32,1.,1.7732126531E-16)) ;
#5171=DIRECTION('Axis2P3D Direction',(-1.24764771102E-32,1.,1.7732126531E-16)) ;
#5184=DIRECTION('Axis2P3D Direction',(-1.24764771102E-32,1.,1.7732126531E-16)) ;
#5193=DIRECTION('Axis2P3D Direction',(-1.24764771102E-32,1.,1.7732126531E-16)) ;
#5200=DIRECTION('Axis2P3D Direction',(-1.24764771102E-32,1.,1.7732126531E-16)) ;
#5207=DIRECTION('Axis2P3D Direction',(-1.24764771102E-32,1.,1.7732126531E-16)) ;
#5220=DIRECTION('Axis2P3D Direction',(-1.,4.93038065763E-32,-1.3671789395E-16)) ;
#5221=DIRECTION('Axis2P3D XDirection',(-1.3671789395E-16,0.,1.)) ;
#5225=DIRECTION('Vector Direction',(-1.,0.,-1.36718369959E-16)) ;
#5232=DIRECTION('Vector Direction',(-1.,0.,-1.36718369959E-16)) ;
#5239=DIRECTION('Axis2P3D Direction',(-1.,4.93038065763E-32,-1.3671789395E-16)) ;
#5246=DIRECTION('Axis2P3D Direction',(-1.,4.93038065763E-32,-1.3671789395E-16)) ;
#5262=DIRECTION('Axis2P3D Direction',(-1.,4.93038065763E-32,-1.3671789395E-16)) ;
#5269=DIRECTION('Axis2P3D Direction',(-1.,4.93038065763E-32,-1.3671789395E-16)) ;
#5285=DIRECTION('Axis2P3D Direction',(-0.,0.,-1.)) ;
#5286=DIRECTION('Axis2P3D XDirection',(-1.,0.,0.)) ;
#5290=DIRECTION('Vector Direction',(0.,0.,-1.)) ;
#5297=DIRECTION('Vector Direction',(0.,0.,-1.)) ;
#5354=DIRECTION('Axis2P3D Direction',(1.,-3.06120240501E-32,-4.18521145769E-48)) ;
#5355=DIRECTION('Axis2P3D XDirection',(3.06120240501E-32,1.,0.)) ;
#5359=DIRECTION('Axis2P3D Direction',(1.,-3.06120240501E-32,-4.18521145769E-48)) ;
#5366=DIRECTION('Axis2P3D Direction',(1.,-3.06120240501E-32,-4.18521145769E-48)) ;
#5378=DIRECTION('Axis2P3D Direction',(4.44381571462E-48,1.,1.7732126531E-16)) ;
#5379=DIRECTION('Axis2P3D XDirection',(0.,-1.7732126531E-16,1.)) ;
#5383=DIRECTION('Vector Direction',(1.,0.,0.)) ;
#5390=DIRECTION('Vector Direction',(0.,-1.50268264181E-16,1.)) ;
#5397=DIRECTION('Vector Direction',(1.,0.,0.)) ;
#5410=DIRECTION('Axis2P3D Direction',(-1.,4.93038065763E-32,-1.3671789395E-16)) ;
#5411=DIRECTION('Axis2P3D XDirection',(-8.98822115066E-32,-1.,2.96803905895E-16)) ;
#5415=DIRECTION('Vector Direction',(-1.,0.,-1.36718369959E-16)) ;
#5422=DIRECTION('Vector Direction',(-1.,0.,-1.36718369959E-16)) ;
#5454=DIRECTION('Axis2P3D Direction',(-1.,4.93038065763E-32,-1.3671789395E-16)) ;
#5483=DIRECTION('Axis2P3D Direction',(-1.,4.93038065763E-32,-1.3671789395E-16)) ;
#5484=DIRECTION('Axis2P3D XDirection',(-1.3671789395E-16,0.,1.)) ;
#5488=DIRECTION('Vector Direction',(-1.,0.,-1.36716948873E-16)) ;
#5495=DIRECTION('Axis2P3D Direction',(-1.,4.93038065763E-32,-1.3671789395E-16)) ;
#5502=DIRECTION('Vector Direction',(-1.,0.,-1.36718369959E-16)) ;
#5509=DIRECTION('Axis2P3D Direction',(-1.,4.93038065763E-32,-1.3671789395E-16)) ;
#5528=DIRECTION('Axis2P3D Direction',(1.,-3.06120240501E-32,-4.18521145769E-48)) ;
#5540=DIRECTION('Axis2P3D Direction',(-1.,4.93038065763E-32,-1.3671789395E-16)) ;
#5541=DIRECTION('Axis2P3D XDirection',(-1.3671789395E-16,0.,1.)) ;
#5551=DIRECTION('Axis2P3D Direction',(-1.,4.93038065763E-32,-1.3671789395E-16)) ;
#5560=DIRECTION('Axis2P3D Direction',(-1.,4.93038065763E-32,-1.3671789395E-16)) ;
#5567=DIRECTION('Axis2P3D Direction',(-1.,4.93038065763E-32,-1.3671789395E-16)) ;
#5574=DIRECTION('Axis2P3D Direction',(-1.,4.93038065763E-32,-1.3671789395E-16)) ;
#5587=DIRECTION('Axis2P3D Direction',(1.,-3.06120240501E-32,-4.18521145769E-48)) ;
#5588=DIRECTION('Axis2P3D XDirection',(3.06120240501E-32,1.,0.)) ;
#5706=DIRECTION('Axis2P3D Direction',(-1.,4.93038065763E-32,-1.3671789395E-16)) ;
#5707=DIRECTION('Axis2P3D XDirection',(-1.3671789395E-16,0.,1.)) ;
#5711=DIRECTION('Vector Direction',(-1.27149492294E-16,0.,1.)) ;
#5749=DIRECTION('Vector Direction',(-1.27149492294E-16,0.,1.)) ;
#5799=DIRECTION('Axis2P3D Direction',(1.,9.21357217344E-34,1.21415466385E-16)) ;
#5800=DIRECTION('Axis2P3D XDirection',(0.,0.,1.)) ;
#5804=DIRECTION('Vector Direction',(0.906307787037,-5.17552329949E-17,-0.422618261741)) ;
#5811=DIRECTION('Axis2P3D Direction',(1.,9.21357217344E-34,1.21415466385E-16)) ;
#5818=DIRECTION('Axis2P3D Direction',(1.,9.21357217344E-34,1.21415466385E-16)) ;
#5825=DIRECTION('Vector Direction',(0.906307787037,0.,0.422618261741)) ;
#5840=DIRECTION('Axis2P3D Direction',(1.,9.21357217344E-34,1.21415466385E-16)) ;
#5847=DIRECTION('Axis2P3D Direction',(1.,9.21357217344E-34,1.21415466385E-16)) ;
#5862=DIRECTION('Axis2P3D Direction',(-0.104528463268,-0.994521895368,-1.90640792221E-16)) ;
#5863=DIRECTION('Axis2P3D XDirection',(0.994521895368,-0.104528463268,0.)) ;
#5867=DIRECTION('Vector Direction',(0.,-2.11464496593E-16,1.)) ;
#5900=DIRECTION('Axis2P3D Direction',(-0.104528463268,0.994521895368,1.62058969509E-16)) ;
#5901=DIRECTION('Axis2P3D XDirection',(-0.994521895368,-0.104528463268,0.)) ;
#5915=DIRECTION('Vector Direction',(0.,0.,1.)) ;
#5938=DIRECTION('Axis2P3D Direction',(4.44381571462E-48,1.,1.7732126531E-16)) ;
#5939=DIRECTION('Axis2P3D XDirection',(0.,-1.7732126531E-16,1.)) ;
#6057=DIRECTION('Axis2P3D Direction',(-2.50608166305E-32,-1.,-1.7732126531E-16)) ;
#6058=DIRECTION('Axis2P3D XDirection',(0.,1.7732126531E-16,-1.)) ;
#6074=DIRECTION('Axis2P3D Direction',(-2.50608166305E-32,-1.,-1.7732126531E-16)) ;
#6081=DIRECTION('Vector Direction',(0.,-1.,-1.77321268779E-16)) ;
#6086=DIRECTION('Vector Direction',(0.,-1.,-1.77321268779E-16)) ;
#6101=DIRECTION('Axis2P3D Direction',(-2.50608166305E-32,-1.,-1.7732126531E-16)) ;
#6126=DIRECTION('Axis2P3D Direction',(-2.50608166305E-32,-1.,-1.7732126531E-16)) ;
#6127=DIRECTION('Axis2P3D XDirection',(0.,1.7732126531E-16,-1.)) ;
#6143=DIRECTION('Axis2P3D Direction',(-2.50608166305E-32,-1.,-1.7732126531E-16)) ;
#6150=DIRECTION('Vector Direction',(0.,-1.,-1.77321268779E-16)) ;
#6155=DIRECTION('Vector Direction',(0.,-1.,-1.77321268779E-16)) ;
#6170=DIRECTION('Axis2P3D Direction',(-2.50608166305E-32,-1.,-1.7732126531E-16)) ;
#6195=DIRECTION('Axis2P3D Direction',(-2.50608166305E-32,-1.,-1.7732126531E-16)) ;
#6196=DIRECTION('Axis2P3D XDirection',(0.,1.7732126531E-16,-1.)) ;
#6212=DIRECTION('Axis2P3D Direction',(-2.50608166305E-32,-1.,-1.7732126531E-16)) ;
#6219=DIRECTION('Vector Direction',(0.,-1.,-1.77321268779E-16)) ;
#6224=DIRECTION('Vector Direction',(0.,-1.,-1.77321268779E-16)) ;
#6239=DIRECTION('Axis2P3D Direction',(-2.50608166305E-32,-1.,-1.7732126531E-16)) ;
#6264=DIRECTION('Axis2P3D Direction',(-2.50608166305E-32,-1.,-1.7732126531E-16)) ;
#6265=DIRECTION('Axis2P3D XDirection',(0.,1.7732126531E-16,-1.)) ;
#6281=DIRECTION('Axis2P3D Direction',(-2.50608166305E-32,-1.,-1.7732126531E-16)) ;
#6288=DIRECTION('Vector Direction',(0.,-1.,-1.77321268779E-16)) ;
#6293=DIRECTION('Vector Direction',(0.,-1.,-1.77321268779E-16)) ;
#6308=DIRECTION('Axis2P3D Direction',(-2.50608166305E-32,-1.,-1.7732126531E-16)) ;
#6333=DIRECTION('Axis2P3D Direction',(-2.50608166305E-32,-1.,-1.7732126531E-16)) ;
#6334=DIRECTION('Axis2P3D XDirection',(0.,1.7732126531E-16,-1.)) ;
#6350=DIRECTION('Axis2P3D Direction',(-2.50608166305E-32,-1.,-1.7732126531E-16)) ;
#6357=DIRECTION('Vector Direction',(0.,-1.,-1.77320202965E-16)) ;
#6362=DIRECTION('Vector Direction',(0.,-1.,-1.77320202965E-16)) ;
#6377=DIRECTION('Axis2P3D Direction',(-2.50608166305E-32,-1.,-1.7732126531E-16)) ;
#6402=DIRECTION('Axis2P3D Direction',(-2.50608166305E-32,-1.,-1.7732126531E-16)) ;
#6403=DIRECTION('Axis2P3D XDirection',(0.,1.7732126531E-16,-1.)) ;
#6419=DIRECTION('Axis2P3D Direction',(-2.50608166305E-32,-1.,-1.7732126531E-16)) ;
#6426=DIRECTION('Vector Direction',(0.,-1.,-1.77320202965E-16)) ;
#6431=DIRECTION('Vector Direction',(0.,-1.,-1.77320202965E-16)) ;
#6446=DIRECTION('Axis2P3D Direction',(-2.50608166305E-32,-1.,-1.7732126531E-16)) ;
#6471=DIRECTION('Axis2P3D Direction',(-2.50608166305E-32,-1.,-1.7732126531E-16)) ;
#6472=DIRECTION('Axis2P3D XDirection',(0.,1.7732126531E-16,-1.)) ;
#6488=DIRECTION('Axis2P3D Direction',(-2.50608166305E-32,-1.,-1.7732126531E-16)) ;
#6495=DIRECTION('Vector Direction',(0.,-1.,-1.77320202965E-16)) ;
#6500=DIRECTION('Vector Direction',(0.,-1.,-1.77320202965E-16)) ;
#6515=DIRECTION('Axis2P3D Direction',(-2.50608166305E-32,-1.,-1.7732126531E-16)) ;
#6540=DIRECTION('Axis2P3D Direction',(-2.50608166305E-32,-1.,-1.7732126531E-16)) ;
#6541=DIRECTION('Axis2P3D XDirection',(0.,1.7732126531E-16,-1.)) ;
#6557=DIRECTION('Axis2P3D Direction',(-2.50608166305E-32,-1.,-1.7732126531E-16)) ;
#6564=DIRECTION('Vector Direction',(0.,-1.,-1.77320202965E-16)) ;
#6569=DIRECTION('Vector Direction',(0.,-1.,-1.77320202965E-16)) ;
#6584=DIRECTION('Axis2P3D Direction',(-2.50608166305E-32,-1.,-1.7732126531E-16)) ;
#6609=DIRECTION('Axis2P3D Direction',(1.,-3.06120240501E-32,-4.18521145769E-48)) ;
#6610=DIRECTION('Axis2P3D XDirection',(3.06120240501E-32,1.,0.)) ;
#6614=DIRECTION('Vector Direction',(0.,0.866025403769,0.500000000026)) ;
#6623=DIRECTION('Vector Direction',(0.,0.,1.)) ;
#6630=DIRECTION('Vector Direction',(0.,0.866025403779,0.500000000009)) ;
#6637=DIRECTION('Axis2P3D Direction',(1.,-3.06120240501E-32,-4.18521145769E-48)) ;
#6644=DIRECTION('Axis2P3D Direction',(1.,-3.06120240501E-32,-4.18521145769E-48)) ;
#6658=DIRECTION('Axis2P3D Direction',(1.,-3.06120240501E-32,-4.18521145769E-48)) ;
#6659=DIRECTION('Axis2P3D XDirection',(3.06120240501E-32,1.,0.)) ;
#6663=DIRECTION('Vector Direction',(0.,0.,1.)) ;
#6672=DIRECTION('Vector Direction',(0.,0.866025403769,0.500000000026)) ;
#6679=DIRECTION('Axis2P3D Direction',(1.,-3.06120240501E-32,-4.18521145769E-48)) ;
#6686=DIRECTION('Axis2P3D Direction',(1.,-3.06120240501E-32,-4.18521145769E-48)) ;
#6693=DIRECTION('Vector Direction',(0.,0.866025403779,0.500000000009)) ;
#6707=DIRECTION('Axis2P3D Direction',(1.,-3.06120240501E-32,-4.18521145769E-48)) ;
#6714=DIRECTION('Axis2P3D Direction',(1.,-3.06120240501E-32,-4.18521145769E-48)) ;
#6726=DIRECTION('Axis2P3D Direction',(1.,-3.06120240501E-32,-4.18521145769E-48)) ;
#6733=DIRECTION('Axis2P3D Direction',(1.,-3.06120240501E-32,-4.18521145769E-48)) ;
#6745=DIRECTION('Vector Direction',(0.,-0.866025403779,0.500000000009)) ;
#6754=DIRECTION('Axis2P3D Direction',(1.,-3.06120240501E-32,-4.18521145769E-48)) ;
#6761=DIRECTION('Axis2P3D Direction',(1.,-3.06120240501E-32,-4.18521145769E-48)) ;
#6768=DIRECTION('Vector Direction',(0.,-0.866025403769,0.500000000026)) ;
#6775=DIRECTION('Vector Direction',(0.,0.,1.)) ;
#6789=DIRECTION('Axis2P3D Direction',(1.,-3.06120240501E-32,-4.18521145769E-48)) ;
#6798=DIRECTION('Vector Direction',(0.,-0.866025403779,0.500000000009)) ;
#6805=DIRECTION('Vector Direction',(0.,0.,1.)) ;
#6812=DIRECTION('Vector Direction',(0.,-0.866025403769,0.500000000026)) ;
#6819=DIRECTION('Axis2P3D Direction',(1.,-3.06120240501E-32,-4.18521145769E-48)) ;
#6833=DIRECTION('Axis2P3D Direction',(-1.,4.93038065763E-32,-1.3671789395E-16)) ;
#6834=DIRECTION('Axis2P3D XDirection',(-1.3671789395E-16,0.,1.)) ;
#6838=DIRECTION('Vector Direction',(-1.,0.,-1.36718369959E-16)) ;
#6845=DIRECTION('Vector Direction',(-1.,0.,-1.36718369959E-16)) ;
#6850=DIRECTION('Axis2P3D Direction',(-1.,4.93038065763E-32,-1.3671789395E-16)) ;
#6865=DIRECTION('Axis2P3D Direction',(-1.,4.93038065763E-32,-1.3671789395E-16)) ;
#6872=DIRECTION('Vector Direction',(-1.,0.,-1.36718369959E-16)) ;
#6877=DIRECTION('Vector Direction',(-1.,0.,-1.36718369959E-16)) ;
#6882=DIRECTION('Vector Direction',(-1.,0.,-1.36718369959E-16)) ;
#6901=DIRECTION('Axis2P3D Direction',(1.,-1.55820775386E-15,-2.13034882445E-31)) ;
#6902=DIRECTION('Axis2P3D XDirection',(1.55820775386E-15,1.,0.)) ;
#6912=DIRECTION('Axis2P3D Direction',(1.,-1.55820775386E-15,-2.13034882445E-31)) ;
#6919=DIRECTION('Axis2P3D Direction',(1.,-1.55820775386E-15,-2.13034882445E-31)) ;
#6926=DIRECTION('Axis2P3D Direction',(1.,-1.55820775386E-15,-2.13034882445E-31)) ;
#6941=DIRECTION('Axis2P3D Direction',(-1.,4.93038065763E-32,-1.3671789395E-16)) ;
#6942=DIRECTION('Axis2P3D XDirection',(-1.3671789395E-16,0.,1.)) ;
#6946=DIRECTION('Vector Direction',(-1.,0.,-1.36718369959E-16)) ;
#6959=DIRECTION('Vector Direction',(-1.,0.,-1.36718369959E-16)) ;
#6964=DIRECTION('Vector Direction',(-1.,0.,-1.36718369959E-16)) ;
#6969=DIRECTION('Vector Direction',(-1.,0.,-1.36718369959E-16)) ;
#6986=DIRECTION('Axis2P3D Direction',(1.,-4.93038065763E-32,1.3671789395E-16)) ;
#6987=DIRECTION('Axis2P3D XDirection',(1.3671789395E-16,0.,-1.)) ;
#6991=DIRECTION('Vector Direction',(1.,0.,1.36718369959E-16)) ;
#6998=DIRECTION('Vector Direction',(1.,0.,1.36718369959E-16)) ;
#7005=DIRECTION('Axis2P3D Direction',(1.,-4.93038065763E-32,1.3671789395E-16)) ;
#7012=DIRECTION('Axis2P3D Direction',(1.,-4.93038065763E-32,1.3671789395E-16)) ;
#7027=DIRECTION('Axis2P3D Direction',(1.,-4.93038065763E-32,1.3671789395E-16)) ;
#7034=DIRECTION('Axis2P3D Direction',(1.,-4.93038065763E-32,1.3671789395E-16)) ;
#7049=DIRECTION('Axis2P3D Direction',(1.,-4.93038065763E-32,1.3671789395E-16)) ;
#7050=DIRECTION('Axis2P3D XDirection',(1.3671789395E-16,0.,-1.)) ;
#7054=DIRECTION('Vector Direction',(1.,0.,1.36718369959E-16)) ;
#7061=DIRECTION('Vector Direction',(1.,0.,1.36718369959E-16)) ;
#7068=DIRECTION('Axis2P3D Direction',(1.,-4.93038065763E-32,1.3671789395E-16)) ;
#7103=DIRECTION('Axis2P3D Direction',(1.,-4.93038065763E-32,1.3671789395E-16)) ;
#7118=DIRECTION('Axis2P3D Direction',(1.,-6.82961998416E-17,1.36592399683E-16)) ;
#7119=DIRECTION('Axis2P3D XDirection',(0.,0.,1.)) ;
#7123=DIRECTION('Vector Direction',(0.984807753012,-6.72588822808E-17,0.173648177667)) ;
#7130=DIRECTION('Axis2P3D Direction',(1.,-6.82961998416E-17,1.36592399683E-16)) ;
#7137=DIRECTION('Axis2P3D Direction',(1.,-6.82961998416E-17,1.36592399683E-16)) ;
#7144=DIRECTION('Vector Direction',(0.984807753012,-8.85256031507E-17,-0.173648177667)) ;
#7149=DIRECTION('Axis2P3D Direction',(1.,-6.82961998416E-17,1.36592399683E-16)) ;
#7167=DIRECTION('Axis2P3D Direction',(1.,-6.82961998416E-17,1.36592399683E-16)) ;
#7174=DIRECTION('Axis2P3D Direction',(1.,-6.82961998416E-17,1.36592399683E-16)) ;
#7179=DIRECTION('Axis2P3D Direction',(1.,-6.82961998416E-17,1.36592399683E-16)) ;
#7197=DIRECTION('Axis2P3D Direction',(1.,-1.22460635382E-16,-1.67425601613E-32)) ;
#7198=DIRECTION('Axis2P3D XDirection',(1.22460635382E-16,1.,0.)) ;
#7272=DIRECTION('Axis2P3D Direction',(8.31825646922E-33,1.,2.99781900692E-16)) ;
#7273=DIRECTION('Axis2P3D XDirection',(0.,-2.99781900692E-16,1.)) ;
#7277=DIRECTION('Vector Direction',(0.,1.,2.99782243474E-16)) ;
#7284=DIRECTION('Axis2P3D Direction',(8.31825646922E-33,1.,2.99781900692E-16)) ;
#7291=DIRECTION('Vector Direction',(0.,1.,2.99782243474E-16)) ;
#7331=DIRECTION('Axis2P3D Direction',(1.18401169313E-16,0.5,-0.866025403784)) ;
#7332=DIRECTION('Axis2P3D XDirection',(0.,0.866025403784,0.5)) ;
#7336=DIRECTION('Vector Direction',(0.,0.866025403784,0.5)) ;
#7345=DIRECTION('Vector Direction',(1.,-1.99815167534E-16,1.12396031738E-16)) ;
#7350=DIRECTION('Vector Direction',(1.,0.,9.99075837668E-17)) ;
#7363=DIRECTION('Axis2P3D Direction',(4.44381571462E-48,1.,1.7732126531E-16)) ;
#7364=DIRECTION('Axis2P3D XDirection',(0.,-1.7732126531E-16,1.)) ;
#7368=DIRECTION('Vector Direction',(0.,-1.8699706858E-16,1.)) ;
#7375=DIRECTION('Vector Direction',(1.,0.,0.)) ;
#7400=DIRECTION('Axis2P3D Direction',(1.18401169313E-16,0.5,-0.866025403784)) ;
#7401=DIRECTION('Axis2P3D XDirection',(0.,0.866025403784,0.5)) ;
#7405=DIRECTION('Vector Direction',(1.,0.,1.99815167534E-16)) ;
#7418=DIRECTION('Vector Direction',(0.,-1.8699706858E-16,1.)) ;
#7427=DIRECTION('Vector Direction',(1.,0.,0.)) ;
#7432=DIRECTION('Vector Direction',(1.,0.,0.)) ;
#7457=DIRECTION('Vector Direction',(0.,0.866025403784,0.5)) ;
#7464=DIRECTION('Vector Direction',(1.,0.,9.99075837694E-17)) ;
#7477=DIRECTION('Axis2P3D Direction',(-1.18401169313E-16,0.5,0.866025403784)) ;
#7478=DIRECTION('Axis2P3D XDirection',(0.,-0.866025403784,0.5)) ;
#7482=DIRECTION('Vector Direction',(0.,-0.866025403784,0.5)) ;
#7491=DIRECTION('Vector Direction',(1.,0.,0.)) ;
#7496=DIRECTION('Vector Direction',(1.,9.99075837694E-17,0.)) ;
#7509=DIRECTION('Vector Direction',(0.,-1.8699706858E-16,1.)) ;
#7516=DIRECTION('Vector Direction',(1.,0.,0.)) ;
#7541=DIRECTION('Axis2P3D Direction',(-1.18401169313E-16,0.5,0.866025403784)) ;
#7542=DIRECTION('Axis2P3D XDirection',(0.,-0.866025403784,0.5)) ;
#7546=DIRECTION('Vector Direction',(1.,0.,0.)) ;
#7559=DIRECTION('Vector Direction',(0.,-0.866025403784,0.5)) ;
#7568=DIRECTION('Vector Direction',(1.,0.,3.99630335067E-16)) ;
#7573=DIRECTION('Vector Direction',(1.,1.99815167534E-16,3.99630335067E-16)) ;
#7586=DIRECTION('Vector Direction',(0.,-1.8699706858E-16,1.)) ;
#7593=DIRECTION('Vector Direction',(1.,0.,0.)) ;
#7618=DIRECTION('Axis2P3D Direction',(-1.,4.93038065763E-32,-1.3671789395E-16)) ;
#7619=DIRECTION('Axis2P3D XDirection',(1.3671789395E-16,1.22464679915E-16,-1.)) ;
#7623=DIRECTION('Axis2P3D Direction',(-1.,4.93038065763E-32,-1.3671789395E-16)) ;
#7630=DIRECTION('Vector Direction',(-1.,0.,-1.36718369959E-16)) ;
#7637=DIRECTION('Axis2P3D Direction',(-1.,4.93038065763E-32,-1.3671789395E-16)) ;
#7642=DIRECTION('Axis2P3D Direction',(-1.,4.93038065763E-32,-1.3671789395E-16)) ;
#7649=DIRECTION('Vector Direction',(-1.,0.,-1.36718369959E-16)) ;
#7656=DIRECTION('Axis2P3D Direction',(-1.,4.93038065763E-32,-1.3671789395E-16)) ;
#7686=DIRECTION('Axis2P3D Direction',(-1.,4.93038065763E-32,-1.3671789395E-16)) ;
#7687=DIRECTION('Axis2P3D XDirection',(-1.3671789395E-16,0.,1.)) ;
#7691=DIRECTION('Axis2P3D Direction',(-1.,4.93038065763E-32,-1.3671789395E-16)) ;
#7700=DIRECTION('Axis2P3D Direction',(-1.,4.93038065763E-32,-1.3671789395E-16)) ;
#7707=DIRECTION('Axis2P3D Direction',(-1.,4.93038065763E-32,-1.3671789395E-16)) ;
#7714=DIRECTION('Axis2P3D Direction',(-1.,4.93038065763E-32,-1.3671789395E-16)) ;
#7733=DIRECTION('Axis2P3D Direction',(-1.,4.93038065763E-32,-1.3671789395E-16)) ;
#7734=DIRECTION('Axis2P3D XDirection',(-1.3671789395E-16,0.,1.)) ;
#7744=DIRECTION('Axis2P3D Direction',(-1.,4.93038065763E-32,-1.3671789395E-16)) ;
#7753=DIRECTION('Axis2P3D Direction',(-1.,4.93038065763E-32,-1.3671789395E-16)) ;
#7760=DIRECTION('Axis2P3D Direction',(-1.,4.93038065763E-32,-1.3671789395E-16)) ;
#7767=DIRECTION('Axis2P3D Direction',(-1.,4.93038065763E-32,-1.3671789395E-16)) ;
#7780=DIRECTION('Axis2P3D Direction',(-1.,3.32746673565E-32,-1.28985788668E-16)) ;
#7781=DIRECTION('Axis2P3D XDirection',(1.43753596388E-16,0.,-1.)) ;
#7785=DIRECTION('Vector Direction',(-0.235889894354,0.,-0.971779788708)) ;
#7792=DIRECTION('Vector Direction',(-0.235889894354,-1.19008906279E-16,0.971779788708)) ;
#7799=DIRECTION('Axis2P3D Direction',(-1.,3.32746673565E-32,-1.28985788668E-16)) ;
#7806=DIRECTION('Axis2P3D Direction',(-1.,3.32746673565E-32,-1.28985788668E-16)) ;
#7821=DIRECTION('Axis2P3D Direction',(-1.,3.32746673565E-32,-1.28985788668E-16)) ;
#7847=DIRECTION('Axis2P3D Direction',(-1.,3.32746673565E-32,-1.28985788668E-16)) ;
#7863=DIRECTION('Axis2P3D Direction',(1.,-4.93038065763E-32,1.3671789395E-16)) ;
#7864=DIRECTION('Axis2P3D XDirection',(1.3671789395E-16,0.,-1.)) ;
#7868=DIRECTION('Vector Direction',(1.,0.,1.36718369959E-16)) ;
#7875=DIRECTION('Axis2P3D Direction',(1.,-4.93038065763E-32,1.3671789395E-16)) ;
#7882=DIRECTION('Axis2P3D Direction',(1.,-4.93038065763E-32,1.3671789395E-16)) ;
#7889=DIRECTION('Axis2P3D Direction',(1.,-4.93038065763E-32,1.3671789395E-16)) ;
#7896=DIRECTION('Vector Direction',(1.,0.,1.36718369959E-16)) ;
#7913=DIRECTION('Axis2P3D Direction',(1.,-4.93038065763E-32,1.3671789395E-16)) ;
#7920=DIRECTION('Axis2P3D Direction',(1.,-4.93038065763E-32,1.3671789395E-16)) ;
#7927=DIRECTION('Axis2P3D Direction',(1.,-4.93038065763E-32,1.3671789395E-16)) ;
#7960=DIRECTION('Axis1P Direction',(1.,-2.06064844163E-32,1.3671789395E-16)) ;
#7964=DIRECTION('Axis2P3D Direction',(1.,-2.06064844163E-32,1.3671789395E-16)) ;
#7971=DIRECTION('Axis2P3D Direction',(1.,-2.06064844163E-32,1.3671789395E-16)) ;
#8055=DIRECTION('Axis1P Direction',(1.,-2.06064844163E-32,1.3671789395E-16)) ;
#8097=DIRECTION('Axis2P3D Direction',(1.,-3.06120240501E-32,-4.18521145769E-48)) ;
#8098=DIRECTION('Axis2P3D XDirection',(3.06120240501E-32,1.,0.)) ;
#8102=DIRECTION('Vector Direction',(0.,1.,0.)) ;
#8109=DIRECTION('Vector Direction',(0.,0.,-1.)) ;
#8116=DIRECTION('Vector Direction',(0.,-0.86602540378,-0.500000000007)) ;
#8131=DIRECTION('Axis2P3D Direction',(1.3671789395E-16,-3.85985336969E-15,-1.)) ;
#8132=DIRECTION('Axis2P3D XDirection',(0.,1.,-3.85985336969E-15)) ;
#8136=DIRECTION('Vector Direction',(0.,1.,-3.81465319812E-15)) ;
#8143=DIRECTION('Vector Direction',(1.,0.,1.19889100521E-16)) ;
#8158=DIRECTION('Axis2P3D Direction',(1.,-3.06120240501E-32,-4.18521145769E-48)) ;
#8159=DIRECTION('Axis2P3D XDirection',(3.06120240501E-32,1.,0.)) ;
#8163=DIRECTION('Vector Direction',(0.,-0.86602540378,-0.500000000007)) ;
#8170=DIRECTION('Vector Direction',(0.,0.,-1.)) ;
#8185=DIRECTION('Axis2P3D Direction',(-1.18401169313E-16,-0.5,0.866025403784)) ;
#8186=DIRECTION('Axis2P3D XDirection',(0.,-0.866025403784,-0.5)) ;
#8190=DIRECTION('Vector Direction',(1.,0.,1.39870617284E-16)) ;
#8197=DIRECTION('Vector Direction',(1.,0.,1.39870617243E-16)) ;
#8204=DIRECTION('Vector Direction',(1.,-4.3037113008E-17,1.02213143394E-16)) ;
#8219=DIRECTION('Vector Direction',(0.,0.,-1.)) ;
#8228=DIRECTION('Vector Direction',(0.,0.86602540378,-0.500000000007)) ;
#8233=DIRECTION('Vector Direction',(0.,-1.,0.)) ;
#8248=DIRECTION('Axis2P3D Direction',(2.42429899458E-32,-1.7732126531E-16,1.)) ;
#8249=DIRECTION('Axis2P3D XDirection',(0.,-1.,-1.7732126531E-16)) ;
#8253=DIRECTION('Vector Direction',(0.,1.,0.)) ;
#8260=DIRECTION('Vector Direction',(1.,0.,0.)) ;
#8275=DIRECTION('Vector Direction',(0.,0.86602540378,-0.500000000007)) ;
#8282=DIRECTION('Vector Direction',(0.,0.,-1.)) ;
#8297=DIRECTION('Axis2P3D Direction',(1.18401169313E-16,-0.5,-0.866025403784)) ;
#8298=DIRECTION('Axis2P3D XDirection',(0.,0.866025403784,-0.5)) ;
#8302=DIRECTION('Vector Direction',(1.,0.,0.)) ;
#8309=DIRECTION('Vector Direction',(1.,4.3037113008E-17,1.72148452032E-16)) ;
#8316=DIRECTION('Vector Direction',(1.,0.,0.)) ;
#8331=DIRECTION('Axis2P3D Direction',(1.,-4.93038065763E-32,1.3671789395E-16)) ;
#8332=DIRECTION('Axis2P3D XDirection',(1.3671789395E-16,0.,-1.)) ;
#8336=DIRECTION('Vector Direction',(1.,0.,1.36719791044E-16)) ;
#8341=DIRECTION('Vector Direction',(1.,0.,1.36718369959E-16)) ;
#8376=DIRECTION('Vector Direction',(1.,0.,1.36718369959E-16)) ;
#8393=DIRECTION('Vector Direction',(1.,0.,1.36718369959E-16)) ;
#8406=DIRECTION('Axis2P3D Direction',(1.42030053949E-17,0.0871557427477,-0.996194698092)) ;
#8407=DIRECTION('Axis2P3D XDirection',(0.,0.996194698092,0.0871557427477)) ;
#8411=DIRECTION('Vector Direction',(1.,0.,0.)) ;
#8420=DIRECTION('Vector Direction',(-0.0868265938713,-0.992432509138,-0.0868265938642)) ;
#8425=DIRECTION('Vector Direction',(-0.0868265938713,0.992432509138,0.0868265938642)) ;
#8437=DIRECTION('Axis2P3D Direction',(-1.36197641088E-16,0.0871557427477,0.996194698092)) ;
#8438=DIRECTION('Axis2P3D XDirection',(0.,-0.996194698092,0.0871557427477)) ;
#8442=DIRECTION('Vector Direction',(1.,0.,0.)) ;
#8451=DIRECTION('Vector Direction',(0.0868265938713,-0.992432509138,0.0868265938642)) ;
#8456=DIRECTION('Vector Direction',(0.0868265938713,0.992432509138,-0.0868265938642)) ;
#8469=DIRECTION('Axis2P3D Direction',(-1.32059344683E-16,0.258819045103,0.965925826289)) ;
#8470=DIRECTION('Axis2P3D XDirection',(0.,-0.965925826289,0.258819045103)) ;
#8474=DIRECTION('Vector Direction',(1.,0.,0.)) ;
#8483=DIRECTION('Vector Direction',(0.250562807097,-0.935113126528,0.250562807085)) ;
#8522=DIRECTION('Vector Direction',(0.250562807097,0.935113126528,-0.250562807085)) ;
#8543=DIRECTION('Axis1P Direction',(-1.,1.49397016654E-32,-1.3671789395E-16)) ;
#8547=DIRECTION('Axis2P3D Direction',(-1.3671789395E-16,-1.22464679915E-16,1.)) ;
#8574=DIRECTION('Axis2P3D Direction',(-1.,1.49397016654E-32,-1.3671789395E-16)) ;
#8597=DIRECTION('Axis1P Direction',(-1.,1.49397016654E-32,-1.3671789395E-16)) ;
#8601=DIRECTION('Axis2P3D Direction',(-1.,1.49397016654E-32,-1.3671789395E-16)) ;
#8630=DIRECTION('Axis1P Direction',(-1.,1.49397016654E-32,-1.3671789395E-16)) ;
#8634=DIRECTION('Axis2P3D Direction',(1.3671789395E-16,0.,-1.)) ;
#8653=DIRECTION('Axis1P Direction',(-1.,1.49397016654E-32,-1.3671789395E-16)) ;
#8677=DIRECTION('Axis2P3D Direction',(-1.3671789395E-16,3.21624529935E-16,1.)) ;
#8700=DIRECTION('Axis1P Direction',(-1.,1.49397016654E-32,-1.3671789395E-16)) ;
#8725=DIRECTION('Axis2P3D Direction',(1.37714542631E-17,0.258819045103,-0.965925826289)) ;
#8726=DIRECTION('Axis2P3D XDirection',(0.,0.965925826289,0.258819045103)) ;
#8730=DIRECTION('Vector Direction',(1.,0.,0.)) ;
#8739=DIRECTION('Vector Direction',(-0.250562807097,-0.935113126528,-0.250562807085)) ;
#8744=DIRECTION('Vector Direction',(-0.250562807097,0.935113126528,0.250562807085)) ;
#8757=DIRECTION('Vector Direction',(0.,-1.793213042E-16,1.)) ;
#8764=DIRECTION('Vector Direction',(-1.,0.,0.)) ;
#8771=DIRECTION('Vector Direction',(0.,-1.793213042E-16,1.)) ;
#8788=DIRECTION('Vector Direction',(0.,-2.03448170584E-16,1.)) ;
#8793=DIRECTION('Vector Direction',(0.,-2.03448170584E-16,1.)) ;
#8806=DIRECTION('Vector Direction',(0.,-1.793213042E-16,1.)) ;
#8813=DIRECTION('Vector Direction',(1.,0.,0.)) ;
#8820=DIRECTION('Vector Direction',(0.,-1.793213042E-16,1.)) ;
#8837=DIRECTION('Axis2P3D Direction',(-0.996194698092,0.0871557427477,-1.20743074505E-16)) ;
#8838=DIRECTION('Axis2P3D XDirection',(-0.0871557427477,-0.996194698092,0.)) ;
#8842=DIRECTION('Vector Direction',(-1.39870617276E-16,0.,1.)) ;
#8854=DIRECTION('Axis2P3D Direction',(-2.50608166305E-32,-1.,-1.7732126531E-16)) ;
#8855=DIRECTION('Axis2P3D XDirection',(0.,1.7732126531E-16,-1.)) ;
#8859=DIRECTION('Vector Direction',(0.,-2.79741234547E-16,1.)) ;
#8866=DIRECTION('Vector Direction',(1.,0.,0.)) ;
#8873=DIRECTION('Vector Direction',(0.,-2.79741234547E-16,1.)) ;
#8886=DIRECTION('Axis2P3D Direction',(0.996194698092,0.0871557427477,2.9657571978E-17)) ;
#8887=DIRECTION('Axis2P3D XDirection',(-0.0871557427477,0.996194698092,0.)) ;
#8891=DIRECTION('Vector Direction',(0.,0.,1.)) ;
#8904=DIRECTION('Vector Direction',(0.,-2.79741234547E-16,1.)) ;
#8911=DIRECTION('Vector Direction',(1.,0.,0.)) ;
#8918=DIRECTION('Vector Direction',(0.,-2.79741234547E-16,1.)) ;
#8931=DIRECTION('Axis2P3D Direction',(0.965925826289,0.258819045103,5.9665574827E-17)) ;
#8932=DIRECTION('Axis2P3D XDirection',(-0.258819045103,0.965925826289,0.)) ;
#8936=DIRECTION('Vector Direction',(0.,0.,1.)) ;
#8950=DIRECTION('Vector Direction',(0.,0.,1.)) ;
#8957=DIRECTION('Vector Direction',(1.,0.,0.)) ;
#8964=DIRECTION('Vector Direction',(0.,0.,1.)) ;
#8977=DIRECTION('Axis2P3D Direction',(-0.965925826289,0.258819045103,-8.61652241187E-17)) ;
#8978=DIRECTION('Axis2P3D XDirection',(-0.258819045103,-0.965925826289,0.)) ;
#8982=DIRECTION('Vector Direction',(0.,0.,1.)) ;
#8995=DIRECTION('Vector Direction',(0.,-2.79741234568E-16,1.)) ;
#9002=DIRECTION('Vector Direction',(1.,0.,0.)) ;
#9009=DIRECTION('Vector Direction',(0.,-2.79741234568E-16,1.)) ;
#9022=DIRECTION('Axis2P3D Direction',(7.44736576547E-32,-1.7732126531E-16,1.)) ;
#9023=DIRECTION('Axis2P3D XDirection',(0.,-1.,-1.7732126531E-16)) ;
#9027=DIRECTION('Vector Direction',(1.,0.,0.)) ;
#9036=DIRECTION('Vector Direction',(0.,1.,0.)) ;
#9041=DIRECTION('Vector Direction',(0.,1.,0.)) ;
#9061=DIRECTION('Axis2P3D Direction',(1.,6.12303176911E-17,2.57162935864E-32)) ;
#9062=DIRECTION('Axis2P3D XDirection',(-6.12303176911E-17,1.,0.)) ;
#9066=DIRECTION('Vector Direction',(0.,0.,-1.)) ;
#9073=DIRECTION('Vector Direction',(0.,1.,0.)) ;
#9088=DIRECTION('Axis2P3D Direction',(4.19992816567E-16,1.7732126531E-16,-1.)) ;
#9089=DIRECTION('Axis2P3D XDirection',(-1.,0.,-4.19992816567E-16)) ;
#9093=DIRECTION('Vector Direction',(1.,0.,4.3037113008E-16)) ;
#9100=DIRECTION('Vector Direction',(0.,1.,0.)) ;
#9113=DIRECTION('Axis2P3D Direction',(1.,6.12303176911E-17,2.57162935864E-32)) ;
#9114=DIRECTION('Axis2P3D XDirection',(-6.12303176911E-17,1.,0.)) ;
#9118=DIRECTION('Vector Direction',(0.,0.,-1.)) ;
#9133=DIRECTION('Axis2P3D Direction',(1.42572585682E-17,1.7732126531E-16,-1.)) ;
#9134=DIRECTION('Axis2P3D XDirection',(0.,1.,1.7732126531E-16)) ;
#9138=DIRECTION('Vector Direction',(1.,0.,0.)) ;
#9147=DIRECTION('Vector Direction',(0.,1.,1.39870617284E-16)) ;
#9152=DIRECTION('Vector Direction',(0.,1.,1.39870617284E-16)) ;
#9165=DIRECTION('Axis2P3D Direction',(-1.,4.93038065763E-32,-1.3671789395E-16)) ;
#9166=DIRECTION('Axis2P3D XDirection',(-1.3671789395E-16,0.,1.)) ;
#9170=DIRECTION('Vector Direction',(9.32470781835E-17,0.,-1.)) ;
#9177=DIRECTION('Vector Direction',(0.,-1.,0.)) ;
#9192=DIRECTION('Axis2P3D Direction',(2.42429899458E-32,-1.7732126531E-16,1.)) ;
#9193=DIRECTION('Axis2P3D XDirection',(0.,-1.,-1.7732126531E-16)) ;
#9197=DIRECTION('Vector Direction',(1.,0.,0.)) ;
#9204=DIRECTION('Vector Direction',(0.,1.,0.)) ;
#9217=DIRECTION('Axis2P3D Direction',(1.,-2.73856623378E-32,-3.90444469011E-49)) ;
#9218=DIRECTION('Axis2P3D XDirection',(2.73856623378E-32,1.,0.)) ;
#9222=DIRECTION('Vector Direction',(0.,0.,-1.)) ;
#9237=DIRECTION('Axis2P3D Direction',(2.42429899458E-32,-1.7732126531E-16,1.)) ;
#9238=DIRECTION('Axis2P3D XDirection',(0.,-1.,-1.7732126531E-16)) ;
#9242=DIRECTION('Vector Direction',(1.,0.,0.)) ;
#9251=DIRECTION('Vector Direction',(0.,1.,0.)) ;
#9256=DIRECTION('Vector Direction',(0.,1.,0.)) ;
#9269=DIRECTION('Axis2P3D Direction',(1.,-3.06120240501E-32,-4.18521145769E-48)) ;
#9270=DIRECTION('Axis2P3D XDirection',(3.06120240501E-32,1.,0.)) ;
#9274=DIRECTION('Vector Direction',(0.,0.,-1.)) ;
#9281=DIRECTION('Vector Direction',(0.,1.,0.)) ;
#9296=DIRECTION('Axis2P3D Direction',(1.42572585682E-17,1.7732126531E-16,-1.)) ;
#9297=DIRECTION('Axis2P3D XDirection',(0.,1.,1.7732126531E-16)) ;
#9301=DIRECTION('Vector Direction',(1.,0.,0.)) ;
#9308=DIRECTION('Vector Direction',(0.,1.,0.)) ;
#9321=DIRECTION('Axis2P3D Direction',(-1.,2.75889317597E-32,-1.42572585682E-17)) ;
#9322=DIRECTION('Axis2P3D XDirection',(-1.42572585682E-17,0.,1.)) ;
#9326=DIRECTION('Vector Direction',(0.,0.,-1.)) ;
#9341=DIRECTION('Axis2P3D Direction',(-2.50608166305E-32,-1.,-1.7732126531E-16)) ;
#9342=DIRECTION('Axis2P3D XDirection',(0.,1.7732126531E-16,-1.)) ;
#9346=DIRECTION('Vector Direction',(1.,0.,0.)) ;
#9355=DIRECTION('Vector Direction',(0.,-1.83535985558E-16,1.)) ;
#9362=DIRECTION('Vector Direction',(1.,0.,0.)) ;
#9369=DIRECTION('Vector Direction',(0.,-1.83535985558E-16,1.)) ;
#9735=DIRECTION('Axis2P3D Direction',(0.996194698092,0.0871557427477,1.51652207671E-16)) ;
#9736=DIRECTION('Axis2P3D XDirection',(-0.0871557427477,0.996194698092,0.)) ;
#9740=DIRECTION('Vector Direction',(-1.86494156367E-16,-2.33117695459E-17,1.)) ;
#9749=DIRECTION('Vector Direction',(0.0868265938642,-0.992432509138,-0.086826593875)) ;
#9754=DIRECTION('Vector Direction',(-0.0868265938642,0.992432509138,-0.086826593875)) ;
#9767=DIRECTION('Axis2P3D Direction',(-2.0425907437E-16,0.0871557427477,0.996194698092)) ;
#9768=DIRECTION('Axis2P3D XDirection',(0.,-0.996194698092,0.0871557427477)) ;
#9772=DIRECTION('Vector Direction',(1.,1.4345704336E-17,2.00839860704E-16)) ;
#9779=DIRECTION('Vector Direction',(0.0868265938528,0.99243250914,-0.0868265938643)) ;
#9792=DIRECTION('Axis2P3D Direction',(-0.996194698092,0.0871557427477,-1.20743074505E-16)) ;
#9793=DIRECTION('Axis2P3D XDirection',(-0.0871557427477,-0.996194698092,0.)) ;
#9797=DIRECTION('Vector Direction',(0.,0.,1.)) ;
#9804=DIRECTION('Vector Direction',(0.0868265938642,0.992432509138,0.086826593875)) ;
#9817=DIRECTION('Axis2P3D Direction',(2.0425907437E-16,0.0871557427477,-0.996194698092)) ;
#9818=DIRECTION('Axis2P3D XDirection',(0.,0.996194698092,0.0871557427477)) ;
#9822=DIRECTION('Vector Direction',(-1.,1.4345704336E-17,-2.00839860704E-16)) ;
#9835=DIRECTION('Axis2P3D Direction',(-2.50608166305E-32,-1.,-1.7732126531E-16)) ;
#9836=DIRECTION('Axis2P3D XDirection',(0.,1.7732126531E-16,-1.)) ;
#9840=DIRECTION('Vector Direction',(0.,-1.,-1.77320202965E-16)) ;
#9847=DIRECTION('Axis2P3D Direction',(-2.50608166305E-32,-1.,-1.7732126531E-16)) ;
#9864=DIRECTION('Vector Direction',(0.,-1.,-1.77320202965E-16)) ;
#9889=DIRECTION('Axis2P3D Direction',(-2.50608166305E-32,-1.,-1.7732126531E-16)) ;
#9904=DIRECTION('Axis2P3D Direction',(-2.50608166305E-32,-1.,-1.7732126531E-16)) ;
#9905=DIRECTION('Axis2P3D XDirection',(0.,1.7732126531E-16,-1.)) ;
#9909=DIRECTION('Vector Direction',(0.,-1.,-1.77320913508E-16)) ;
#9916=DIRECTION('Axis2P3D Direction',(-2.50608166305E-32,-1.,-1.7732126531E-16)) ;
#9933=DIRECTION('Vector Direction',(0.,-1.,-1.77320913508E-16)) ;
#9958=DIRECTION('Axis2P3D Direction',(-2.50608166305E-32,-1.,-1.7732126531E-16)) ;
#9973=DIRECTION('Axis2P3D Direction',(-2.50608166305E-32,-1.,-1.7732126531E-16)) ;
#9974=DIRECTION('Axis2P3D XDirection',(0.,1.7732126531E-16,-1.)) ;
#9978=DIRECTION('Vector Direction',(0.,-1.,-1.77320202965E-16)) ;
#9985=DIRECTION('Axis2P3D Direction',(-2.50608166305E-32,-1.,-1.7732126531E-16)) ;
#10002=DIRECTION('Vector Direction',(0.,-1.,-1.77320202965E-16)) ;
#10027=DIRECTION('Axis2P3D Direction',(-2.50608166305E-32,-1.,-1.7732126531E-16)) ;
#10042=DIRECTION('Axis2P3D Direction',(-2.50608166305E-32,-1.,-1.7732126531E-16)) ;
#10043=DIRECTION('Axis2P3D XDirection',(0.,1.7732126531E-16,-1.)) ;
#10047=DIRECTION('Vector Direction',(0.,-1.,-1.77320913508E-16)) ;
#10054=DIRECTION('Axis2P3D Direction',(-2.50608166305E-32,-1.,-1.7732126531E-16)) ;
#10071=DIRECTION('Vector Direction',(0.,-1.,-1.77320913508E-16)) ;
#10096=DIRECTION('Axis2P3D Direction',(-2.50608166305E-32,-1.,-1.7732126531E-16)) ;
#10111=DIRECTION('Axis2P3D Direction',(1.,-3.06120240501E-32,-4.18521145769E-48)) ;
#10112=DIRECTION('Axis2P3D XDirection',(3.06120240501E-32,1.,0.)) ;
#10116=DIRECTION('Vector Direction',(0.,-1.,0.)) ;
#10123=DIRECTION('Vector Direction',(0.,0.,-1.)) ;
#10130=DIRECTION('Vector Direction',(0.,1.,0.)) ;
#10143=DIRECTION('Axis2P3D Direction',(3.63578300383E-32,-1.7732126531E-16,1.)) ;
#10144=DIRECTION('Axis2P3D XDirection',(0.,-1.,-1.7732126531E-16)) ;
#10148=DIRECTION('Vector Direction',(0.,1.,0.)) ;
#10155=DIRECTION('Vector Direction',(1.,0.,0.)) ;
#10168=DIRECTION('Axis2P3D Direction',(-1.,4.93038065763E-32,-1.3671789395E-16)) ;
#10169=DIRECTION('Axis2P3D XDirection',(-1.3671789395E-16,0.,1.)) ;
#10173=DIRECTION('Vector Direction',(0.,1.,0.)) ;
#10180=DIRECTION('Vector Direction',(0.,0.,-1.)) ;
#10193=DIRECTION('Axis2P3D Direction',(1.82265505217E-16,1.7732126531E-16,-1.)) ;
#10194=DIRECTION('Axis2P3D XDirection',(-1.,0.,-1.82265505217E-16)) ;
#10198=DIRECTION('Vector Direction',(1.,0.,1.86494156368E-16)) ;
#10211=DIRECTION('Axis2P3D Direction',(-2.50608166305E-32,-1.,-1.7732126531E-16)) ;
#10212=DIRECTION('Axis2P3D XDirection',(0.,1.7732126531E-16,-1.)) ;
#10327=DIRECTION('Axis2P3D Direction',(4.44381571462E-48,1.,1.7732126531E-16)) ;
#10328=DIRECTION('Axis2P3D XDirection',(0.,-1.7732126531E-16,1.)) ;
#10332=DIRECTION('Axis2P3D Direction',(4.44381571462E-48,1.,1.7732126531E-16)) ;
#10341=DIRECTION('Axis2P3D Direction',(4.44381571462E-48,1.,1.7732126531E-16)) ;
#10348=DIRECTION('Axis2P3D Direction',(4.44381571462E-48,1.,1.7732126531E-16)) ;
#10355=DIRECTION('Axis2P3D Direction',(4.44381571462E-48,1.,1.7732126531E-16)) ;
#10368=DIRECTION('Axis2P3D Direction',(-2.50608166305E-32,-1.,-1.7732126531E-16)) ;
#10369=DIRECTION('Axis2P3D XDirection',(0.,1.7732126531E-16,-1.)) ;
#10373=DIRECTION('Vector Direction',(0.,-1.,-1.77321624051E-16)) ;
#10378=DIRECTION('Vector Direction',(0.,-1.,-1.77321624051E-16)) ;
#10483=DIRECTION('Axis2P3D Direction',(4.44381571462E-48,1.,1.7732126531E-16)) ;
#10492=DIRECTION('Axis2P3D Direction',(4.44381571462E-48,1.,1.7732126531E-16)) ;
#10499=DIRECTION('Axis2P3D Direction',(4.44381571462E-48,1.,1.7732126531E-16)) ;
#10506=DIRECTION('Axis2P3D Direction',(4.44381571462E-48,1.,1.7732126531E-16)) ;
#10519=DIRECTION('Axis2P3D Direction',(-2.50608166305E-32,-1.,-1.7732126531E-16)) ;
#10520=DIRECTION('Axis2P3D XDirection',(0.,1.7732126531E-16,-1.)) ;
#10524=DIRECTION('Vector Direction',(0.,-1.,-1.77321624051E-16)) ;
#10529=DIRECTION('Vector Direction',(0.,-1.,-1.77321624051E-16)) ;
#6=PRODUCT_RELATED_PRODUCT_CATEGORY('part',$,(#16)) ;
#5=PRODUCT_CATEGORY('part','specification') ;
#23=STYLED_ITEM(' ',(#22),#21) ;
#22=PRESENTATION_STYLE_ASSIGNMENT(()) ;
#72=PRESENTATION_STYLE_ASSIGNMENT((#71)) ;
#957=PRESENTATION_STYLE_ASSIGNMENT((#956)) ;
#1982=PRESENTATION_STYLE_ASSIGNMENT((#1981)) ;
#9058=PRESENTATION_STYLE_ASSIGNMENT((#9057)) ;
#9732=PRESENTATION_STYLE_ASSIGNMENT((#9731)) ;
#71=SURFACE_STYLE_USAGE(.BOTH.,#70) ;
#956=SURFACE_STYLE_USAGE(.BOTH.,#955) ;
#1981=SURFACE_STYLE_USAGE(.BOTH.,#1980) ;
#9057=SURFACE_STYLE_USAGE(.BOTH.,#9056) ;
#9731=SURFACE_STYLE_USAGE(.BOTH.,#9730) ;
#70=SURFACE_SIDE_STYLE(' ',(#69)) ;
#955=SURFACE_SIDE_STYLE(' ',(#954)) ;
#1980=SURFACE_SIDE_STYLE(' ',(#1979)) ;
#9056=SURFACE_SIDE_STYLE(' ',(#9055)) ;
#9730=SURFACE_SIDE_STYLE(' ',(#9729)) ;
#69=SURFACE_STYLE_FILL_AREA(#68) ;
#954=SURFACE_STYLE_FILL_AREA(#953) ;
#1979=SURFACE_STYLE_FILL_AREA(#1978) ;
#9055=SURFACE_STYLE_FILL_AREA(#9054) ;
#9729=SURFACE_STYLE_FILL_AREA(#9728) ;
#68=FILL_AREA_STYLE(' ',(#67)) ;
#953=FILL_AREA_STYLE(' ',(#952)) ;
#1978=FILL_AREA_STYLE(' ',(#1977)) ;
#9054=FILL_AREA_STYLE(' ',(#9053)) ;
#9728=FILL_AREA_STYLE(' ',(#9727)) ;
#67=FILL_AREA_STYLE_COLOUR(' ',#66) ;
#952=FILL_AREA_STYLE_COLOUR(' ',#951) ;
#1977=FILL_AREA_STYLE_COLOUR(' ',#1976) ;
#9053=FILL_AREA_STYLE_COLOUR(' ',#9052) ;
#9727=FILL_AREA_STYLE_COLOUR(' ',#9726) ;
#33=VECTOR('Line Direction',#32,1.) ;
#42=VECTOR('Line Direction',#41,1.) ;
#49=VECTOR('Line Direction',#48,1.) ;
#81=VECTOR('Line Direction',#80,1.) ;
#88=VECTOR('Line Direction',#87,1.) ;
#95=VECTOR('Line Direction',#94,1.) ;
#113=VECTOR('Line Direction',#112,1.) ;
#120=VECTOR('Line Direction',#119,1.) ;
#138=VECTOR('Line Direction',#137,1.) ;
#154=VECTOR('Line Direction',#153,1.) ;
#169=VECTOR('Line Direction',#168,1.) ;
#244=VECTOR('Line Direction',#243,1.) ;
#262=VECTOR('Line Direction',#261,1.) ;
#283=VECTOR('Line Direction',#282,1.) ;
#422=VECTOR('Line Direction',#421,1.) ;
#446=VECTOR('Line Direction',#445,1.) ;
#507=VECTOR('Line Direction',#506,1.) ;
#514=VECTOR('Line Direction',#513,1.) ;
#552=VECTOR('Line Direction',#551,1.) ;
#559=VECTOR('Line Direction',#558,1.) ;
#692=VECTOR('Line Direction',#691,1.) ;
#697=VECTOR('Line Direction',#696,1.) ;
#758=VECTOR('Line Direction',#757,1.) ;
#779=VECTOR('Line Direction',#778,1.) ;
#810=VECTOR('Line Direction',#809,1.) ;
#831=VECTOR('Line Direction',#830,1.) ;
#862=VECTOR('Line Direction',#861,1.) ;
#883=VECTOR('Line Direction',#882,1.) ;
#1182=VECTOR('Line Direction',#1181,1.) ;
#1209=VECTOR('Line Direction',#1208,1.) ;
#1273=VECTOR('Line Direction',#1272,1.) ;
#1278=VECTOR('Line Direction',#1277,1.) ;
#1320=VECTOR('Line Direction',#1319,1.) ;
#1348=VECTOR('Line Direction',#1347,1.) ;
#1374=VECTOR('Line Direction',#1373,1.) ;
#1400=VECTOR('Line Direction',#1399,1.) ;
#1441=VECTOR('Line Direction',#1440,1.) ;
#1448=VECTOR('Line Direction',#1447,1.) ;
#1455=VECTOR('Line Direction',#1454,1.) ;
#1480=VECTOR('Line Direction',#1479,1.) ;
#1493=VECTOR('Line Direction',#1492,1.) ;
#1518=VECTOR('Line Direction',#1517,1.) ;
#1525=VECTOR('Line Direction',#1524,1.) ;
#1550=VECTOR('Line Direction',#1549,1.) ;
#1581=VECTOR('Line Direction',#1580,1.) ;
#1588=VECTOR('Line Direction',#1587,1.) ;
#1595=VECTOR('Line Direction',#1594,1.) ;
#1620=VECTOR('Line Direction',#1619,1.) ;
#1633=VECTOR('Line Direction',#1632,1.) ;
#1658=VECTOR('Line Direction',#1657,1.) ;
#1665=VECTOR('Line Direction',#1664,1.) ;
#1690=VECTOR('Line Direction',#1689,1.) ;
#1721=VECTOR('Line Direction',#1720,1.) ;
#1728=VECTOR('Line Direction',#1727,1.) ;
#1735=VECTOR('Line Direction',#1734,1.) ;
#1760=VECTOR('Line Direction',#1759,1.) ;
#1773=VECTOR('Line Direction',#1772,1.) ;
#1798=VECTOR('Line Direction',#1797,1.) ;
#1805=VECTOR('Line Direction',#1804,1.) ;
#1830=VECTOR('Line Direction',#1829,1.) ;
#1937=VECTOR('Line Direction',#1936,1.) ;
#1964=VECTOR('Line Direction',#1963,1.) ;
#2019=VECTOR('Line Direction',#2018,1.) ;
#2028=VECTOR('Line Direction',#2027,1.) ;
#2035=VECTOR('Line Direction',#2034,1.) ;
#2042=VECTOR('Line Direction',#2041,1.) ;
#2060=VECTOR('Line Direction',#2059,1.) ;
#2067=VECTOR('Line Direction',#2066,1.) ;
#2095=VECTOR('Line Direction',#2094,1.) ;
#2102=VECTOR('Line Direction',#2101,1.) ;
#2165=VECTOR('Line Direction',#2164,1.) ;
#2172=VECTOR('Line Direction',#2171,1.) ;
#2179=VECTOR('Line Direction',#2178,1.) ;
#2239=VECTOR('Line Direction',#2238,1.) ;
#2248=VECTOR('Line Direction',#2247,1.) ;
#2274=VECTOR('Line Direction',#2273,1.) ;
#2281=VECTOR('Line Direction',#2280,1.) ;
#2294=VECTOR('Line Direction',#2293,1.) ;
#2322=VECTOR('Line Direction',#2321,1.) ;
#2336=VECTOR('Line Direction',#2335,1.) ;
#2354=VECTOR('Line Direction',#2353,1.) ;
#2361=VECTOR('Line Direction',#2360,1.) ;
#2385=VECTOR('Line Direction',#2384,1.) ;
#2413=VECTOR('Line Direction',#2412,1.) ;
#2420=VECTOR('Line Direction',#2419,1.) ;
#2438=VECTOR('Line Direction',#2437,1.) ;
#2463=VECTOR('Line Direction',#2462,1.) ;
#2470=VECTOR('Line Direction',#2469,1.) ;
#2488=VECTOR('Line Direction',#2487,1.) ;
#2513=VECTOR('Line Direction',#2512,1.) ;
#3695=VECTOR('Line Direction',#3694,1.) ;
#3749=VECTOR('Line Direction',#3748,1.) ;
#3880=VECTOR('Line Direction',#3879,1.) ;
#3917=VECTOR('Line Direction',#3916,1.) ;
#3952=VECTOR('Line Direction',#3951,1.) ;
#3978=VECTOR('Line Direction',#3977,1.) ;
#4025=VECTOR('Line Direction',#4024,1.) ;
#4032=VECTOR('Line Direction',#4031,1.) ;
#4118=VECTOR('Line Direction',#4117,1.) ;
#4123=VECTOR('Line Direction',#4122,1.) ;
#4187=VECTOR('Line Direction',#4186,1.) ;
#4192=VECTOR('Line Direction',#4191,1.) ;
#4256=VECTOR('Line Direction',#4255,1.) ;
#4261=VECTOR('Line Direction',#4260,1.) ;
#4325=VECTOR('Line Direction',#4324,1.) ;
#4330=VECTOR('Line Direction',#4329,1.) ;
#4375=VECTOR('Line Direction',#4374,1.) ;
#4382=VECTOR('Line Direction',#4381,1.) ;
#4450=VECTOR('Line Direction',#4449,1.) ;
#4457=VECTOR('Line Direction',#4456,1.) ;
#4519=VECTOR('Line Direction',#4518,1.) ;
#4540=VECTOR('Line Direction',#4539,1.) ;
#4601=VECTOR('Line Direction',#4600,1.) ;
#4606=VECTOR('Line Direction',#4605,1.) ;
#4670=VECTOR('Line Direction',#4669,1.) ;
#4675=VECTOR('Line Direction',#4674,1.) ;
#4739=VECTOR('Line Direction',#4738,1.) ;
#4744=VECTOR('Line Direction',#4743,1.) ;
#4808=VECTOR('Line Direction',#4807,1.) ;
#4813=VECTOR('Line Direction',#4812,1.) ;
#4858=VECTOR('Line Direction',#4857,1.) ;
#4865=VECTOR('Line Direction',#4864,1.) ;
#5226=VECTOR('Line Direction',#5225,1.) ;
#5233=VECTOR('Line Direction',#5232,1.) ;
#5291=VECTOR('Line Direction',#5290,1.) ;
#5298=VECTOR('Line Direction',#5297,1.) ;
#5384=VECTOR('Line Direction',#5383,1.) ;
#5391=VECTOR('Line Direction',#5390,1.) ;
#5398=VECTOR('Line Direction',#5397,1.) ;
#5416=VECTOR('Line Direction',#5415,1.) ;
#5423=VECTOR('Line Direction',#5422,1.) ;
#5489=VECTOR('Line Direction',#5488,1.) ;
#5503=VECTOR('Line Direction',#5502,1.) ;
#5712=VECTOR('Line Direction',#5711,1.) ;
#5750=VECTOR('Line Direction',#5749,1.) ;
#5805=VECTOR('Line Direction',#5804,1.) ;
#5826=VECTOR('Line Direction',#5825,1.) ;
#5868=VECTOR('Line Direction',#5867,1.) ;
#5916=VECTOR('Line Direction',#5915,1.) ;
#6082=VECTOR('Line Direction',#6081,1.) ;
#6087=VECTOR('Line Direction',#6086,1.) ;
#6151=VECTOR('Line Direction',#6150,1.) ;
#6156=VECTOR('Line Direction',#6155,1.) ;
#6220=VECTOR('Line Direction',#6219,1.) ;
#6225=VECTOR('Line Direction',#6224,1.) ;
#6289=VECTOR('Line Direction',#6288,1.) ;
#6294=VECTOR('Line Direction',#6293,1.) ;
#6358=VECTOR('Line Direction',#6357,1.) ;
#6363=VECTOR('Line Direction',#6362,1.) ;
#6427=VECTOR('Line Direction',#6426,1.) ;
#6432=VECTOR('Line Direction',#6431,1.) ;
#6496=VECTOR('Line Direction',#6495,1.) ;
#6501=VECTOR('Line Direction',#6500,1.) ;
#6565=VECTOR('Line Direction',#6564,1.) ;
#6570=VECTOR('Line Direction',#6569,1.) ;
#6615=VECTOR('Line Direction',#6614,1.) ;
#6624=VECTOR('Line Direction',#6623,1.) ;
#6631=VECTOR('Line Direction',#6630,1.) ;
#6664=VECTOR('Line Direction',#6663,1.) ;
#6673=VECTOR('Line Direction',#6672,1.) ;
#6694=VECTOR('Line Direction',#6693,1.) ;
#6746=VECTOR('Line Direction',#6745,1.) ;
#6769=VECTOR('Line Direction',#6768,1.) ;
#6776=VECTOR('Line Direction',#6775,1.) ;
#6799=VECTOR('Line Direction',#6798,1.) ;
#6806=VECTOR('Line Direction',#6805,1.) ;
#6813=VECTOR('Line Direction',#6812,1.) ;
#6839=VECTOR('Line Direction',#6838,1.) ;
#6846=VECTOR('Line Direction',#6845,1.) ;
#6873=VECTOR('Line Direction',#6872,1.) ;
#6878=VECTOR('Line Direction',#6877,1.) ;
#6883=VECTOR('Line Direction',#6882,1.) ;
#6947=VECTOR('Line Direction',#6946,1.) ;
#6960=VECTOR('Line Direction',#6959,1.) ;
#6965=VECTOR('Line Direction',#6964,1.) ;
#6970=VECTOR('Line Direction',#6969,1.) ;
#6992=VECTOR('Line Direction',#6991,1.) ;
#6999=VECTOR('Line Direction',#6998,1.) ;
#7055=VECTOR('Line Direction',#7054,1.) ;
#7062=VECTOR('Line Direction',#7061,1.) ;
#7124=VECTOR('Line Direction',#7123,1.) ;
#7145=VECTOR('Line Direction',#7144,1.) ;
#7278=VECTOR('Line Direction',#7277,1.) ;
#7292=VECTOR('Line Direction',#7291,1.) ;
#7337=VECTOR('Line Direction',#7336,1.) ;
#7346=VECTOR('Line Direction',#7345,1.) ;
#7351=VECTOR('Line Direction',#7350,1.) ;
#7369=VECTOR('Line Direction',#7368,1.) ;
#7376=VECTOR('Line Direction',#7375,1.) ;
#7406=VECTOR('Line Direction',#7405,1.) ;
#7419=VECTOR('Line Direction',#7418,1.) ;
#7428=VECTOR('Line Direction',#7427,1.) ;
#7433=VECTOR('Line Direction',#7432,1.) ;
#7458=VECTOR('Line Direction',#7457,1.) ;
#7465=VECTOR('Line Direction',#7464,1.) ;
#7483=VECTOR('Line Direction',#7482,1.) ;
#7492=VECTOR('Line Direction',#7491,1.) ;
#7497=VECTOR('Line Direction',#7496,1.) ;
#7510=VECTOR('Line Direction',#7509,1.) ;
#7517=VECTOR('Line Direction',#7516,1.) ;
#7547=VECTOR('Line Direction',#7546,1.) ;
#7560=VECTOR('Line Direction',#7559,1.) ;
#7569=VECTOR('Line Direction',#7568,1.) ;
#7574=VECTOR('Line Direction',#7573,1.) ;
#7587=VECTOR('Line Direction',#7586,1.) ;
#7594=VECTOR('Line Direction',#7593,1.) ;
#7631=VECTOR('Line Direction',#7630,1.) ;
#7650=VECTOR('Line Direction',#7649,1.) ;
#7786=VECTOR('Line Direction',#7785,1.) ;
#7793=VECTOR('Line Direction',#7792,1.) ;
#7869=VECTOR('Line Direction',#7868,1.) ;
#7897=VECTOR('Line Direction',#7896,1.) ;
#8103=VECTOR('Line Direction',#8102,1.) ;
#8110=VECTOR('Line Direction',#8109,1.) ;
#8117=VECTOR('Line Direction',#8116,1.) ;
#8137=VECTOR('Line Direction',#8136,1.) ;
#8144=VECTOR('Line Direction',#8143,1.) ;
#8164=VECTOR('Line Direction',#8163,1.) ;
#8171=VECTOR('Line Direction',#8170,1.) ;
#8191=VECTOR('Line Direction',#8190,1.) ;
#8198=VECTOR('Line Direction',#8197,1.) ;
#8205=VECTOR('Line Direction',#8204,1.) ;
#8220=VECTOR('Line Direction',#8219,1.) ;
#8229=VECTOR('Line Direction',#8228,1.) ;
#8234=VECTOR('Line Direction',#8233,1.) ;
#8254=VECTOR('Line Direction',#8253,1.) ;
#8261=VECTOR('Line Direction',#8260,1.) ;
#8276=VECTOR('Line Direction',#8275,1.) ;
#8283=VECTOR('Line Direction',#8282,1.) ;
#8303=VECTOR('Line Direction',#8302,1.) ;
#8310=VECTOR('Line Direction',#8309,1.) ;
#8317=VECTOR('Line Direction',#8316,1.) ;
#8337=VECTOR('Line Direction',#8336,1.) ;
#8342=VECTOR('Line Direction',#8341,1.) ;
#8377=VECTOR('Line Direction',#8376,1.) ;
#8394=VECTOR('Line Direction',#8393,1.) ;
#8412=VECTOR('Line Direction',#8411,1.) ;
#8421=VECTOR('Line Direction',#8420,1.) ;
#8426=VECTOR('Line Direction',#8425,1.) ;
#8443=VECTOR('Line Direction',#8442,1.) ;
#8452=VECTOR('Line Direction',#8451,1.) ;
#8457=VECTOR('Line Direction',#8456,1.) ;
#8475=VECTOR('Line Direction',#8474,1.) ;
#8484=VECTOR('Line Direction',#8483,1.) ;
#8523=VECTOR('Line Direction',#8522,1.) ;
#8731=VECTOR('Line Direction',#8730,1.) ;
#8740=VECTOR('Line Direction',#8739,1.) ;
#8745=VECTOR('Line Direction',#8744,1.) ;
#8758=VECTOR('Line Direction',#8757,1.) ;
#8765=VECTOR('Line Direction',#8764,1.) ;
#8772=VECTOR('Line Direction',#8771,1.) ;
#8789=VECTOR('Line Direction',#8788,1.) ;
#8794=VECTOR('Line Direction',#8793,1.) ;
#8807=VECTOR('Line Direction',#8806,1.) ;
#8814=VECTOR('Line Direction',#8813,1.) ;
#8821=VECTOR('Line Direction',#8820,1.) ;
#8843=VECTOR('Line Direction',#8842,1.) ;
#8860=VECTOR('Line Direction',#8859,1.) ;
#8867=VECTOR('Line Direction',#8866,1.) ;
#8874=VECTOR('Line Direction',#8873,1.) ;
#8892=VECTOR('Line Direction',#8891,1.) ;
#8905=VECTOR('Line Direction',#8904,1.) ;
#8912=VECTOR('Line Direction',#8911,1.) ;
#8919=VECTOR('Line Direction',#8918,1.) ;
#8937=VECTOR('Line Direction',#8936,1.) ;
#8951=VECTOR('Line Direction',#8950,1.) ;
#8958=VECTOR('Line Direction',#8957,1.) ;
#8965=VECTOR('Line Direction',#8964,1.) ;
#8983=VECTOR('Line Direction',#8982,1.) ;
#8996=VECTOR('Line Direction',#8995,1.) ;
#9003=VECTOR('Line Direction',#9002,1.) ;
#9010=VECTOR('Line Direction',#9009,1.) ;
#9028=VECTOR('Line Direction',#9027,1.) ;
#9037=VECTOR('Line Direction',#9036,1.) ;
#9042=VECTOR('Line Direction',#9041,1.) ;
#9067=VECTOR('Line Direction',#9066,1.) ;
#9074=VECTOR('Line Direction',#9073,1.) ;
#9094=VECTOR('Line Direction',#9093,1.) ;
#9101=VECTOR('Line Direction',#9100,1.) ;
#9119=VECTOR('Line Direction',#9118,1.) ;
#9139=VECTOR('Line Direction',#9138,1.) ;
#9148=VECTOR('Line Direction',#9147,1.) ;
#9153=VECTOR('Line Direction',#9152,1.) ;
#9171=VECTOR('Line Direction',#9170,1.) ;
#9178=VECTOR('Line Direction',#9177,1.) ;
#9198=VECTOR('Line Direction',#9197,1.) ;
#9205=VECTOR('Line Direction',#9204,1.) ;
#9223=VECTOR('Line Direction',#9222,1.) ;
#9243=VECTOR('Line Direction',#9242,1.) ;
#9252=VECTOR('Line Direction',#9251,1.) ;
#9257=VECTOR('Line Direction',#9256,1.) ;
#9275=VECTOR('Line Direction',#9274,1.) ;
#9282=VECTOR('Line Direction',#9281,1.) ;
#9302=VECTOR('Line Direction',#9301,1.) ;
#9309=VECTOR('Line Direction',#9308,1.) ;
#9327=VECTOR('Line Direction',#9326,1.) ;
#9347=VECTOR('Line Direction',#9346,1.) ;
#9356=VECTOR('Line Direction',#9355,1.) ;
#9363=VECTOR('Line Direction',#9362,1.) ;
#9370=VECTOR('Line Direction',#9369,1.) ;
#9741=VECTOR('Line Direction',#9740,1.) ;
#9750=VECTOR('Line Direction',#9749,1.) ;
#9755=VECTOR('Line Direction',#9754,1.) ;
#9773=VECTOR('Line Direction',#9772,1.) ;
#9780=VECTOR('Line Direction',#9779,1.) ;
#9798=VECTOR('Line Direction',#9797,1.) ;
#9805=VECTOR('Line Direction',#9804,1.) ;
#9823=VECTOR('Line Direction',#9822,1.) ;
#9841=VECTOR('Line Direction',#9840,1.) ;
#9865=VECTOR('Line Direction',#9864,1.) ;
#9910=VECTOR('Line Direction',#9909,1.) ;
#9934=VECTOR('Line Direction',#9933,1.) ;
#9979=VECTOR('Line Direction',#9978,1.) ;
#10003=VECTOR('Line Direction',#10002,1.) ;
#10048=VECTOR('Line Direction',#10047,1.) ;
#10072=VECTOR('Line Direction',#10071,1.) ;
#10117=VECTOR('Line Direction',#10116,1.) ;
#10124=VECTOR('Line Direction',#10123,1.) ;
#10131=VECTOR('Line Direction',#10130,1.) ;
#10149=VECTOR('Line Direction',#10148,1.) ;
#10156=VECTOR('Line Direction',#10155,1.) ;
#10174=VECTOR('Line Direction',#10173,1.) ;
#10181=VECTOR('Line Direction',#10180,1.) ;
#10199=VECTOR('Line Direction',#10198,1.) ;
#10374=VECTOR('Line Direction',#10373,1.) ;
#10379=VECTOR('Line Direction',#10378,1.) ;
#10525=VECTOR('Line Direction',#10524,1.) ;
#10530=VECTOR('Line Direction',#10529,1.) ;
#11=UNCERTAINTY_MEASURE_WITH_UNIT(LENGTH_MEASURE(0.005),#8,'distance_accuracy_value','CONFUSED CURVE UNCERTAINTY') ;
#914=AXIS1_PLACEMENT('Revolution Surface Axis1P',#912,#913) ;
#977=AXIS1_PLACEMENT('Revolution Surface Axis1P',#975,#976) ;
#1052=AXIS1_PLACEMENT('Revolution Surface Axis1P',#1050,#1051) ;
#1090=AXIS1_PLACEMENT('Revolution Surface Axis1P',#1088,#1089) ;
#1862=AXIS1_PLACEMENT('Revolution Surface Axis1P',#1860,#1861) ;
#1907=AXIS1_PLACEMENT('Revolution Surface Axis1P',#1905,#1906) ;
#7961=AXIS1_PLACEMENT('Revolution Surface Axis1P',#7959,#7960) ;
#8056=AXIS1_PLACEMENT('Revolution Surface Axis1P',#8054,#8055) ;
#8544=AXIS1_PLACEMENT('Revolution Surface Axis1P',#8542,#8543) ;
#8598=AXIS1_PLACEMENT('Revolution Surface Axis1P',#8596,#8597) ;
#8631=AXIS1_PLACEMENT('Revolution Surface Axis1P',#8629,#8630) ;
#8654=AXIS1_PLACEMENT('Revolution Surface Axis1P',#8652,#8653) ;
#8701=AXIS1_PLACEMENT('Revolution Surface Axis1P',#8699,#8700) ;
#60=ORIENTED_EDGE('',*,*,#39,.F.) ;
#61=ORIENTED_EDGE('',*,*,#46,.F.) ;
#62=ORIENTED_EDGE('',*,*,#53,.F.) ;
#63=ORIENTED_EDGE('',*,*,#58,.F.) ;
#99=ORIENTED_EDGE('',*,*,#46,.T.) ;
#100=ORIENTED_EDGE('',*,*,#85,.F.) ;
#101=ORIENTED_EDGE('',*,*,#92,.T.) ;
#102=ORIENTED_EDGE('',*,*,#97,.F.) ;
#124=ORIENTED_EDGE('',*,*,#53,.T.) ;
#125=ORIENTED_EDGE('',*,*,#97,.T.) ;
#126=ORIENTED_EDGE('',*,*,#117,.T.) ;
#127=ORIENTED_EDGE('',*,*,#122,.F.) ;
#187=ORIENTED_EDGE('',*,*,#144,.T.) ;
#188=ORIENTED_EDGE('',*,*,#151,.T.) ;
#189=ORIENTED_EDGE('',*,*,#156,.F.) ;
#190=ORIENTED_EDGE('',*,*,#58,.T.) ;
#191=ORIENTED_EDGE('',*,*,#122,.T.) ;
#192=ORIENTED_EDGE('',*,*,#166,.T.) ;
#193=ORIENTED_EDGE('',*,*,#173,.T.) ;
#194=ORIENTED_EDGE('',*,*,#180,.F.) ;
#195=ORIENTED_EDGE('',*,*,#185,.F.) ;
#229=ORIENTED_EDGE('',*,*,#173,.F.) ;
#230=ORIENTED_EDGE('',*,*,#215,.T.) ;
#231=ORIENTED_EDGE('',*,*,#144,.F.) ;
#232=ORIENTED_EDGE('',*,*,#222,.F.) ;
#233=ORIENTED_EDGE('',*,*,#227,.F.) ;
#248=ORIENTED_EDGE('',*,*,#39,.T.) ;
#249=ORIENTED_EDGE('',*,*,#156,.T.) ;
#250=ORIENTED_EDGE('',*,*,#246,.T.) ;
#251=ORIENTED_EDGE('',*,*,#85,.T.) ;
#287=ORIENTED_EDGE('',*,*,#266,.T.) ;
#288=ORIENTED_EDGE('',*,*,#273,.F.) ;
#289=ORIENTED_EDGE('',*,*,#280,.F.) ;
#290=ORIENTED_EDGE('',*,*,#285,.T.) ;
#291=ORIENTED_EDGE('',*,*,#227,.T.) ;
#292=ORIENTED_EDGE('',*,*,#222,.T.) ;
#309=ORIENTED_EDGE('',*,*,#285,.F.) ;
#310=ORIENTED_EDGE('',*,*,#302,.F.) ;
#311=ORIENTED_EDGE('',*,*,#307,.F.) ;
#312=ORIENTED_EDGE('',*,*,#266,.F.) ;
#313=ORIENTED_EDGE('',*,*,#185,.T.) ;
#314=ORIENTED_EDGE('',*,*,#180,.T.) ;
#400=ORIENTED_EDGE('',*,*,#343,.F.) ;
#401=ORIENTED_EDGE('',*,*,#362,.F.) ;
#402=ORIENTED_EDGE('',*,*,#381,.F.) ;
#403=ORIENTED_EDGE('',*,*,#398,.F.) ;
#406=ORIENTED_EDGE('',*,*,#151,.F.) ;
#407=ORIENTED_EDGE('',*,*,#215,.F.) ;
#408=ORIENTED_EDGE('',*,*,#166,.F.) ;
#409=ORIENTED_EDGE('',*,*,#117,.F.) ;
#410=ORIENTED_EDGE('',*,*,#92,.F.) ;
#411=ORIENTED_EDGE('',*,*,#246,.F.) ;
#450=ORIENTED_EDGE('',*,*,#426,.T.) ;
#451=ORIENTED_EDGE('',*,*,#436,.F.) ;
#452=ORIENTED_EDGE('',*,*,#443,.F.) ;
#453=ORIENTED_EDGE('',*,*,#448,.T.) ;
#454=ORIENTED_EDGE('',*,*,#307,.T.) ;
#455=ORIENTED_EDGE('',*,*,#302,.T.) ;
#475=ORIENTED_EDGE('',*,*,#448,.F.) ;
#476=ORIENTED_EDGE('',*,*,#465,.F.) ;
#477=ORIENTED_EDGE('',*,*,#473,.F.) ;
#478=ORIENTED_EDGE('',*,*,#426,.F.) ;
#479=ORIENTED_EDGE('',*,*,#280,.T.) ;
#480=ORIENTED_EDGE('',*,*,#273,.T.) ;
#518=ORIENTED_EDGE('',*,*,#497,.T.) ;
#519=ORIENTED_EDGE('',*,*,#504,.T.) ;
#520=ORIENTED_EDGE('',*,*,#511,.F.) ;
#521=ORIENTED_EDGE('',*,*,#516,.F.) ;
#538=ORIENTED_EDGE('',*,*,#531,.T.) ;
#539=ORIENTED_EDGE('',*,*,#536,.T.) ;
#540=ORIENTED_EDGE('',*,*,#516,.T.) ;
#541=ORIENTED_EDGE('',*,*,#511,.T.) ;
#580=ORIENTED_EDGE('',*,*,#556,.T.) ;
#581=ORIENTED_EDGE('',*,*,#343,.T.) ;
#582=ORIENTED_EDGE('',*,*,#398,.T.) ;
#583=ORIENTED_EDGE('',*,*,#563,.T.) ;
#584=ORIENTED_EDGE('',*,*,#573,.T.) ;
#585=ORIENTED_EDGE('',*,*,#578,.T.) ;
#610=ORIENTED_EDGE('',*,*,#563,.F.) ;
#611=ORIENTED_EDGE('',*,*,#381,.T.) ;
#612=ORIENTED_EDGE('',*,*,#362,.T.) ;
#613=ORIENTED_EDGE('',*,*,#556,.F.) ;
#614=ORIENTED_EDGE('',*,*,#600,.T.) ;
#615=ORIENTED_EDGE('',*,*,#608,.T.) ;
#653=ORIENTED_EDGE('',*,*,#632,.F.) ;
#654=ORIENTED_EDGE('',*,*,#639,.F.) ;
#655=ORIENTED_EDGE('',*,*,#646,.F.) ;
#656=ORIENTED_EDGE('',*,*,#651,.F.) ;
#659=ORIENTED_EDGE('',*,*,#436,.T.) ;
#660=ORIENTED_EDGE('',*,*,#473,.T.) ;
#661=ORIENTED_EDGE('',*,*,#465,.T.) ;
#662=ORIENTED_EDGE('',*,*,#443,.T.) ;
#701=ORIENTED_EDGE('',*,*,#679,.T.) ;
#702=ORIENTED_EDGE('',*,*,#689,.T.) ;
#703=ORIENTED_EDGE('',*,*,#694,.F.) ;
#704=ORIENTED_EDGE('',*,*,#536,.F.) ;
#705=ORIENTED_EDGE('',*,*,#531,.F.) ;
#706=ORIENTED_EDGE('',*,*,#699,.F.) ;
#726=ORIENTED_EDGE('',*,*,#719,.T.) ;
#727=ORIENTED_EDGE('',*,*,#724,.T.) ;
#728=ORIENTED_EDGE('',*,*,#699,.T.) ;
#729=ORIENTED_EDGE('',*,*,#504,.F.) ;
#730=ORIENTED_EDGE('',*,*,#497,.F.) ;
#731=ORIENTED_EDGE('',*,*,#694,.T.) ;
#783=ORIENTED_EDGE('',*,*,#748,.T.) ;
#784=ORIENTED_EDGE('',*,*,#755,.T.) ;
#785=ORIENTED_EDGE('',*,*,#762,.T.) ;
#786=ORIENTED_EDGE('',*,*,#769,.T.) ;
#787=ORIENTED_EDGE('',*,*,#776,.T.) ;
#788=ORIENTED_EDGE('',*,*,#781,.T.) ;
#835=ORIENTED_EDGE('',*,*,#800,.T.) ;
#836=ORIENTED_EDGE('',*,*,#807,.T.) ;
#837=ORIENTED_EDGE('',*,*,#814,.T.) ;
#838=ORIENTED_EDGE('',*,*,#821,.T.) ;
#839=ORIENTED_EDGE('',*,*,#828,.T.) ;
#840=ORIENTED_EDGE('',*,*,#833,.T.) ;
#887=ORIENTED_EDGE('',*,*,#852,.T.) ;
#888=ORIENTED_EDGE('',*,*,#859,.T.) ;
#889=ORIENTED_EDGE('',*,*,#866,.T.) ;
#890=ORIENTED_EDGE('',*,*,#873,.T.) ;
#891=ORIENTED_EDGE('',*,*,#880,.T.) ;
#892=ORIENTED_EDGE('',*,*,#885,.T.) ;
#945=ORIENTED_EDGE('',*,*,#924,.T.) ;
#946=ORIENTED_EDGE('',*,*,#931,.T.) ;
#947=ORIENTED_EDGE('',*,*,#938,.T.) ;
#948=ORIENTED_EDGE('',*,*,#943,.T.) ;
#1025=ORIENTED_EDGE('',*,*,#985,.T.) ;
#1026=ORIENTED_EDGE('',*,*,#938,.F.) ;
#1027=ORIENTED_EDGE('',*,*,#990,.T.) ;
#1028=ORIENTED_EDGE('',*,*,#924,.F.) ;
#1029=ORIENTED_EDGE('',*,*,#997,.T.) ;
#1030=ORIENTED_EDGE('',*,*,#1023,.F.) ;
#1065=ORIENTED_EDGE('',*,*,#1058,.T.) ;
#1066=ORIENTED_EDGE('',*,*,#943,.F.) ;
#1067=ORIENTED_EDGE('',*,*,#1063,.T.) ;
#1068=ORIENTED_EDGE('',*,*,#931,.F.) ;
#1119=ORIENTED_EDGE('',*,*,#997,.F.) ;
#1120=ORIENTED_EDGE('',*,*,#1058,.F.) ;
#1121=ORIENTED_EDGE('',*,*,#990,.F.) ;
#1122=ORIENTED_EDGE('',*,*,#1063,.F.) ;
#1123=ORIENTED_EDGE('',*,*,#985,.F.) ;
#1124=ORIENTED_EDGE('',*,*,#1117,.F.) ;
#1162=ORIENTED_EDGE('',*,*,#1141,.F.) ;
#1163=ORIENTED_EDGE('',*,*,#1148,.F.) ;
#1164=ORIENTED_EDGE('',*,*,#1155,.F.) ;
#1165=ORIENTED_EDGE('',*,*,#1160,.F.) ;
#1168=ORIENTED_EDGE('',*,*,#573,.F.) ;
#1169=ORIENTED_EDGE('',*,*,#608,.F.) ;
#1170=ORIENTED_EDGE('',*,*,#600,.F.) ;
#1171=ORIENTED_EDGE('',*,*,#578,.F.) ;
#1213=ORIENTED_EDGE('',*,*,#632,.T.) ;
#1214=ORIENTED_EDGE('',*,*,#651,.T.) ;
#1215=ORIENTED_EDGE('',*,*,#1186,.F.) ;
#1216=ORIENTED_EDGE('',*,*,#1199,.F.) ;
#1217=ORIENTED_EDGE('',*,*,#1206,.F.) ;
#1218=ORIENTED_EDGE('',*,*,#1211,.F.) ;
#1241=ORIENTED_EDGE('',*,*,#646,.T.) ;
#1242=ORIENTED_EDGE('',*,*,#639,.T.) ;
#1243=ORIENTED_EDGE('',*,*,#1211,.T.) ;
#1244=ORIENTED_EDGE('',*,*,#1228,.F.) ;
#1245=ORIENTED_EDGE('',*,*,#1239,.F.) ;
#1246=ORIENTED_EDGE('',*,*,#1186,.T.) ;
#1282=ORIENTED_EDGE('',*,*,#1263,.F.) ;
#1283=ORIENTED_EDGE('',*,*,#1270,.F.) ;
#1284=ORIENTED_EDGE('',*,*,#1275,.F.) ;
#1285=ORIENTED_EDGE('',*,*,#724,.F.) ;
#1286=ORIENTED_EDGE('',*,*,#719,.F.) ;
#1287=ORIENTED_EDGE('',*,*,#1280,.F.) ;
#1304=ORIENTED_EDGE('',*,*,#1297,.F.) ;
#1305=ORIENTED_EDGE('',*,*,#1302,.F.) ;
#1306=ORIENTED_EDGE('',*,*,#1280,.T.) ;
#1307=ORIENTED_EDGE('',*,*,#689,.F.) ;
#1308=ORIENTED_EDGE('',*,*,#679,.F.) ;
#1309=ORIENTED_EDGE('',*,*,#1275,.T.) ;
#1423=ORIENTED_EDGE('',*,*,#1326,.F.) ;
#1424=ORIENTED_EDGE('',*,*,#1345,.F.) ;
#1425=ORIENTED_EDGE('',*,*,#1352,.F.) ;
#1426=ORIENTED_EDGE('',*,*,#1371,.F.) ;
#1427=ORIENTED_EDGE('',*,*,#1378,.F.) ;
#1428=ORIENTED_EDGE('',*,*,#1397,.F.) ;
#1429=ORIENTED_EDGE('',*,*,#1404,.F.) ;
#1430=ORIENTED_EDGE('',*,*,#1421,.F.) ;
#1459=ORIENTED_EDGE('',*,*,#1445,.T.) ;
#1460=ORIENTED_EDGE('',*,*,#1452,.F.) ;
#1461=ORIENTED_EDGE('',*,*,#1457,.T.) ;
#1462=ORIENTED_EDGE('',*,*,#781,.F.) ;
#1484=ORIENTED_EDGE('',*,*,#1477,.F.) ;
#1485=ORIENTED_EDGE('',*,*,#1445,.F.) ;
#1486=ORIENTED_EDGE('',*,*,#776,.F.) ;
#1487=ORIENTED_EDGE('',*,*,#1482,.F.) ;
#1504=ORIENTED_EDGE('',*,*,#769,.F.) ;
#1505=ORIENTED_EDGE('',*,*,#1497,.T.) ;
#1506=ORIENTED_EDGE('',*,*,#1502,.F.) ;
#1507=ORIENTED_EDGE('',*,*,#1482,.T.) ;
#1529=ORIENTED_EDGE('',*,*,#1522,.T.) ;
#1530=ORIENTED_EDGE('',*,*,#1527,.F.) ;
#1531=ORIENTED_EDGE('',*,*,#1497,.F.) ;
#1532=ORIENTED_EDGE('',*,*,#762,.F.) ;
#1554=ORIENTED_EDGE('',*,*,#748,.F.) ;
#1555=ORIENTED_EDGE('',*,*,#1457,.F.) ;
#1556=ORIENTED_EDGE('',*,*,#1547,.F.) ;
#1557=ORIENTED_EDGE('',*,*,#1552,.F.) ;
#1567=ORIENTED_EDGE('',*,*,#1565,.F.) ;
#1568=ORIENTED_EDGE('',*,*,#1522,.F.) ;
#1569=ORIENTED_EDGE('',*,*,#755,.F.) ;
#1570=ORIENTED_EDGE('',*,*,#1552,.T.) ;
#1599=ORIENTED_EDGE('',*,*,#1585,.T.) ;
#1600=ORIENTED_EDGE('',*,*,#1592,.F.) ;
#1601=ORIENTED_EDGE('',*,*,#1597,.T.) ;
#1602=ORIENTED_EDGE('',*,*,#833,.F.) ;
#1624=ORIENTED_EDGE('',*,*,#1617,.F.) ;
#1625=ORIENTED_EDGE('',*,*,#1585,.F.) ;
#1626=ORIENTED_EDGE('',*,*,#828,.F.) ;
#1627=ORIENTED_EDGE('',*,*,#1622,.F.) ;
#1644=ORIENTED_EDGE('',*,*,#821,.F.) ;
#1645=ORIENTED_EDGE('',*,*,#1637,.T.) ;
#1646=ORIENTED_EDGE('',*,*,#1642,.F.) ;
#1647=ORIENTED_EDGE('',*,*,#1622,.T.) ;
#1669=ORIENTED_EDGE('',*,*,#1662,.T.) ;
#1670=ORIENTED_EDGE('',*,*,#1667,.F.) ;
#1671=ORIENTED_EDGE('',*,*,#1637,.F.) ;
#1672=ORIENTED_EDGE('',*,*,#814,.F.) ;
#1694=ORIENTED_EDGE('',*,*,#800,.F.) ;
#1695=ORIENTED_EDGE('',*,*,#1597,.F.) ;
#1696=ORIENTED_EDGE('',*,*,#1687,.F.) ;
#1697=ORIENTED_EDGE('',*,*,#1692,.F.) ;
#1707=ORIENTED_EDGE('',*,*,#1705,.F.) ;
#1708=ORIENTED_EDGE('',*,*,#1662,.F.) ;
#1709=ORIENTED_EDGE('',*,*,#807,.F.) ;
#1710=ORIENTED_EDGE('',*,*,#1692,.T.) ;
#1739=ORIENTED_EDGE('',*,*,#1725,.T.) ;
#1740=ORIENTED_EDGE('',*,*,#1732,.F.) ;
#1741=ORIENTED_EDGE('',*,*,#1737,.T.) ;
#1742=ORIENTED_EDGE('',*,*,#885,.F.) ;
#1764=ORIENTED_EDGE('',*,*,#1757,.F.) ;
#1765=ORIENTED_EDGE('',*,*,#1725,.F.) ;
#1766=ORIENTED_EDGE('',*,*,#880,.F.) ;
#1767=ORIENTED_EDGE('',*,*,#1762,.F.) ;
#1784=ORIENTED_EDGE('',*,*,#873,.F.) ;
#1785=ORIENTED_EDGE('',*,*,#1777,.T.) ;
#1786=ORIENTED_EDGE('',*,*,#1782,.F.) ;
#1787=ORIENTED_EDGE('',*,*,#1762,.T.) ;
#1809=ORIENTED_EDGE('',*,*,#1802,.T.) ;
#1810=ORIENTED_EDGE('',*,*,#1807,.F.) ;
#1811=ORIENTED_EDGE('',*,*,#1777,.F.) ;
#1812=ORIENTED_EDGE('',*,*,#866,.F.) ;
#1834=ORIENTED_EDGE('',*,*,#852,.F.) ;
#1835=ORIENTED_EDGE('',*,*,#1737,.F.) ;
#1836=ORIENTED_EDGE('',*,*,#1827,.F.) ;
#1837=ORIENTED_EDGE('',*,*,#1832,.F.) ;
#1847=ORIENTED_EDGE('',*,*,#1845,.F.) ;
#1848=ORIENTED_EDGE('',*,*,#1802,.F.) ;
#1849=ORIENTED_EDGE('',*,*,#859,.F.) ;
#1850=ORIENTED_EDGE('',*,*,#1832,.T.) ;
#1891=ORIENTED_EDGE('',*,*,#1870,.T.) ;
#1892=ORIENTED_EDGE('',*,*,#1117,.T.) ;
#1893=ORIENTED_EDGE('',*,*,#1877,.T.) ;
#1894=ORIENTED_EDGE('',*,*,#1884,.F.) ;
#1895=ORIENTED_EDGE('',*,*,#1889,.F.) ;
#1922=ORIENTED_EDGE('',*,*,#1877,.F.) ;
#1923=ORIENTED_EDGE('',*,*,#1023,.T.) ;
#1924=ORIENTED_EDGE('',*,*,#1870,.F.) ;
#1925=ORIENTED_EDGE('',*,*,#1915,.F.) ;
#1926=ORIENTED_EDGE('',*,*,#1920,.F.) ;
#1968=ORIENTED_EDGE('',*,*,#1941,.T.) ;
#1969=ORIENTED_EDGE('',*,*,#1948,.T.) ;
#1970=ORIENTED_EDGE('',*,*,#1961,.T.) ;
#1971=ORIENTED_EDGE('',*,*,#1966,.T.) ;
#1972=ORIENTED_EDGE('',*,*,#1141,.T.) ;
#1973=ORIENTED_EDGE('',*,*,#1160,.T.) ;
#2003=ORIENTED_EDGE('',*,*,#1966,.F.) ;
#2004=ORIENTED_EDGE('',*,*,#1996,.T.) ;
#2005=ORIENTED_EDGE('',*,*,#2001,.T.) ;
#2006=ORIENTED_EDGE('',*,*,#1941,.F.) ;
#2007=ORIENTED_EDGE('',*,*,#1155,.T.) ;
#2008=ORIENTED_EDGE('',*,*,#1148,.T.) ;
#2046=ORIENTED_EDGE('',*,*,#2025,.T.) ;
#2047=ORIENTED_EDGE('',*,*,#2032,.T.) ;
#2048=ORIENTED_EDGE('',*,*,#2039,.T.) ;
#2049=ORIENTED_EDGE('',*,*,#2044,.F.) ;
#2081=ORIENTED_EDGE('',*,*,#2064,.F.) ;
#2082=ORIENTED_EDGE('',*,*,#2039,.F.) ;
#2083=ORIENTED_EDGE('',*,*,#2071,.T.) ;
#2084=ORIENTED_EDGE('',*,*,#2079,.F.) ;
#2116=ORIENTED_EDGE('',*,*,#2099,.T.) ;
#2117=ORIENTED_EDGE('',*,*,#2025,.F.) ;
#2118=ORIENTED_EDGE('',*,*,#2106,.F.) ;
#2119=ORIENTED_EDGE('',*,*,#2114,.F.) ;
#2218=ORIENTED_EDGE('',*,*,#2106,.T.) ;
#2219=ORIENTED_EDGE('',*,*,#2044,.T.) ;
#2220=ORIENTED_EDGE('',*,*,#2064,.T.) ;
#2221=ORIENTED_EDGE('',*,*,#2146,.F.) ;
#2222=ORIENTED_EDGE('',*,*,#2162,.F.) ;
#2223=ORIENTED_EDGE('',*,*,#2169,.T.) ;
#2224=ORIENTED_EDGE('',*,*,#2176,.F.) ;
#2225=ORIENTED_EDGE('',*,*,#2183,.T.) ;
#2226=ORIENTED_EDGE('',*,*,#2202,.F.) ;
#2227=ORIENTED_EDGE('',*,*,#2216,.F.) ;
#2230=ORIENTED_EDGE('',*,*,#1199,.T.) ;
#2231=ORIENTED_EDGE('',*,*,#1239,.T.) ;
#2232=ORIENTED_EDGE('',*,*,#1228,.T.) ;
#2233=ORIENTED_EDGE('',*,*,#1206,.T.) ;
#2260=ORIENTED_EDGE('',*,*,#2245,.T.) ;
#2261=ORIENTED_EDGE('',*,*,#2250,.F.) ;
#2262=ORIENTED_EDGE('',*,*,#2169,.F.) ;
#2263=ORIENTED_EDGE('',*,*,#2258,.F.) ;
#2285=ORIENTED_EDGE('',*,*,#2278,.T.) ;
#2286=ORIENTED_EDGE('',*,*,#2283,.T.) ;
#2287=ORIENTED_EDGE('',*,*,#2176,.T.) ;
#2288=ORIENTED_EDGE('',*,*,#2250,.T.) ;
#2308=ORIENTED_EDGE('',*,*,#2183,.F.) ;
#2309=ORIENTED_EDGE('',*,*,#2283,.F.) ;
#2310=ORIENTED_EDGE('',*,*,#2298,.T.) ;
#2311=ORIENTED_EDGE('',*,*,#2306,.F.) ;
#2340=ORIENTED_EDGE('',*,*,#1421,.T.) ;
#2341=ORIENTED_EDGE('',*,*,#2326,.F.) ;
#2342=ORIENTED_EDGE('',*,*,#2333,.F.) ;
#2343=ORIENTED_EDGE('',*,*,#2338,.F.) ;
#2365=ORIENTED_EDGE('',*,*,#1404,.T.) ;
#2366=ORIENTED_EDGE('',*,*,#2358,.F.) ;
#2367=ORIENTED_EDGE('',*,*,#2363,.F.) ;
#2368=ORIENTED_EDGE('',*,*,#2326,.T.) ;
#2371=ORIENTED_EDGE('',*,*,#1297,.T.) ;
#2372=ORIENTED_EDGE('',*,*,#1270,.T.) ;
#2373=ORIENTED_EDGE('',*,*,#1263,.T.) ;
#2374=ORIENTED_EDGE('',*,*,#1302,.T.) ;
#2399=ORIENTED_EDGE('',*,*,#1397,.T.) ;
#2400=ORIENTED_EDGE('',*,*,#2389,.F.) ;
#2401=ORIENTED_EDGE('',*,*,#2397,.F.) ;
#2402=ORIENTED_EDGE('',*,*,#2358,.T.) ;
#2424=ORIENTED_EDGE('',*,*,#1378,.T.) ;
#2425=ORIENTED_EDGE('',*,*,#2417,.F.) ;
#2426=ORIENTED_EDGE('',*,*,#2422,.F.) ;
#2427=ORIENTED_EDGE('',*,*,#2389,.T.) ;
#2449=ORIENTED_EDGE('',*,*,#1371,.T.) ;
#2450=ORIENTED_EDGE('',*,*,#2442,.F.) ;
#2451=ORIENTED_EDGE('',*,*,#2447,.F.) ;
#2452=ORIENTED_EDGE('',*,*,#2417,.T.) ;
#2474=ORIENTED_EDGE('',*,*,#1352,.T.) ;
#2475=ORIENTED_EDGE('',*,*,#2467,.F.) ;
#2476=ORIENTED_EDGE('',*,*,#2472,.F.) ;
#2477=ORIENTED_EDGE('',*,*,#2442,.T.) ;
#2499=ORIENTED_EDGE('',*,*,#1345,.T.) ;
#2500=ORIENTED_EDGE('',*,*,#2492,.F.) ;
#2501=ORIENTED_EDGE('',*,*,#2497,.F.) ;
#2502=ORIENTED_EDGE('',*,*,#2467,.T.) ;
#2517=ORIENTED_EDGE('',*,*,#1326,.T.) ;
#2518=ORIENTED_EDGE('',*,*,#2338,.T.) ;
#2519=ORIENTED_EDGE('',*,*,#2515,.F.) ;
#2520=ORIENTED_EDGE('',*,*,#2492,.T.) ;
#2606=ORIENTED_EDGE('',*,*,#2549,.F.) ;
#2607=ORIENTED_EDGE('',*,*,#2568,.F.) ;
#2608=ORIENTED_EDGE('',*,*,#2587,.F.) ;
#2609=ORIENTED_EDGE('',*,*,#2604,.F.) ;
#2612=ORIENTED_EDGE('',*,*,#1807,.T.) ;
#2613=ORIENTED_EDGE('',*,*,#1845,.T.) ;
#2614=ORIENTED_EDGE('',*,*,#1827,.T.) ;
#2615=ORIENTED_EDGE('',*,*,#1732,.T.) ;
#2616=ORIENTED_EDGE('',*,*,#1757,.T.) ;
#2617=ORIENTED_EDGE('',*,*,#1782,.T.) ;
#2620=ORIENTED_EDGE('',*,*,#1667,.T.) ;
#2621=ORIENTED_EDGE('',*,*,#1705,.T.) ;
#2622=ORIENTED_EDGE('',*,*,#1687,.T.) ;
#2623=ORIENTED_EDGE('',*,*,#1592,.T.) ;
#2624=ORIENTED_EDGE('',*,*,#1617,.T.) ;
#2625=ORIENTED_EDGE('',*,*,#1642,.T.) ;
#2628=ORIENTED_EDGE('',*,*,#1527,.T.) ;
#2629=ORIENTED_EDGE('',*,*,#1565,.T.) ;
#2630=ORIENTED_EDGE('',*,*,#1547,.T.) ;
#2631=ORIENTED_EDGE('',*,*,#1452,.T.) ;
#2632=ORIENTED_EDGE('',*,*,#1477,.T.) ;
#2633=ORIENTED_EDGE('',*,*,#1502,.T.) ;
#2671=ORIENTED_EDGE('',*,*,#2650,.F.) ;
#2672=ORIENTED_EDGE('',*,*,#2657,.F.) ;
#2673=ORIENTED_EDGE('',*,*,#2664,.F.) ;
#2674=ORIENTED_EDGE('',*,*,#2669,.F.) ;
#2677=ORIENTED_EDGE('',*,*,#1884,.T.) ;
#2678=ORIENTED_EDGE('',*,*,#1920,.T.) ;
#2679=ORIENTED_EDGE('',*,*,#1915,.T.) ;
#2680=ORIENTED_EDGE('',*,*,#1889,.T.) ;
#2690=ORIENTED_EDGE('',*,*,#1948,.F.) ;
#2691=ORIENTED_EDGE('',*,*,#2001,.F.) ;
#2692=ORIENTED_EDGE('',*,*,#1996,.F.) ;
#2693=ORIENTED_EDGE('',*,*,#1961,.F.) ;
#2772=ORIENTED_EDGE('',*,*,#2715,.F.) ;
#2773=ORIENTED_EDGE('',*,*,#2734,.F.) ;
#2774=ORIENTED_EDGE('',*,*,#2753,.F.) ;
#2775=ORIENTED_EDGE('',*,*,#2770,.F.) ;
#2861=ORIENTED_EDGE('',*,*,#2804,.F.) ;
#2862=ORIENTED_EDGE('',*,*,#2823,.F.) ;
#2863=ORIENTED_EDGE('',*,*,#2842,.F.) ;
#2864=ORIENTED_EDGE('',*,*,#2859,.F.) ;
#2943=ORIENTED_EDGE('',*,*,#2886,.T.) ;
#2944=ORIENTED_EDGE('',*,*,#2905,.T.) ;
#2945=ORIENTED_EDGE('',*,*,#2924,.T.) ;
#2946=ORIENTED_EDGE('',*,*,#2941,.T.) ;
#3025=ORIENTED_EDGE('',*,*,#2968,.T.) ;
#3026=ORIENTED_EDGE('',*,*,#2987,.T.) ;
#3027=ORIENTED_EDGE('',*,*,#3006,.T.) ;
#3028=ORIENTED_EDGE('',*,*,#3023,.T.) ;
#3107=ORIENTED_EDGE('',*,*,#3050,.T.) ;
#3108=ORIENTED_EDGE('',*,*,#3069,.T.) ;
#3109=ORIENTED_EDGE('',*,*,#3088,.T.) ;
#3110=ORIENTED_EDGE('',*,*,#3105,.T.) ;
#3189=ORIENTED_EDGE('',*,*,#3132,.T.) ;
#3190=ORIENTED_EDGE('',*,*,#3151,.T.) ;
#3191=ORIENTED_EDGE('',*,*,#3170,.T.) ;
#3192=ORIENTED_EDGE('',*,*,#3187,.T.) ;
#3230=ORIENTED_EDGE('',*,*,#3209,.F.) ;
#3231=ORIENTED_EDGE('',*,*,#3216,.F.) ;
#3232=ORIENTED_EDGE('',*,*,#3223,.F.) ;
#3233=ORIENTED_EDGE('',*,*,#3228,.F.) ;
#3264=ORIENTED_EDGE('',*,*,#3243,.F.) ;
#3265=ORIENTED_EDGE('',*,*,#3250,.F.) ;
#3266=ORIENTED_EDGE('',*,*,#3257,.F.) ;
#3267=ORIENTED_EDGE('',*,*,#3262,.F.) ;
#3353=ORIENTED_EDGE('',*,*,#3296,.F.) ;
#3354=ORIENTED_EDGE('',*,*,#3315,.F.) ;
#3355=ORIENTED_EDGE('',*,*,#3334,.F.) ;
#3356=ORIENTED_EDGE('',*,*,#3351,.F.) ;
#3435=ORIENTED_EDGE('',*,*,#3378,.T.) ;
#3436=ORIENTED_EDGE('',*,*,#3397,.T.) ;
#3437=ORIENTED_EDGE('',*,*,#3416,.T.) ;
#3438=ORIENTED_EDGE('',*,*,#3433,.T.) ;
#3517=ORIENTED_EDGE('',*,*,#3460,.T.) ;
#3518=ORIENTED_EDGE('',*,*,#3479,.T.) ;
#3519=ORIENTED_EDGE('',*,*,#3498,.T.) ;
#3520=ORIENTED_EDGE('',*,*,#3515,.T.) ;
#3599=ORIENTED_EDGE('',*,*,#3542,.T.) ;
#3600=ORIENTED_EDGE('',*,*,#3561,.T.) ;
#3601=ORIENTED_EDGE('',*,*,#3580,.T.) ;
#3602=ORIENTED_EDGE('',*,*,#3597,.T.) ;
#3681=ORIENTED_EDGE('',*,*,#3624,.T.) ;
#3682=ORIENTED_EDGE('',*,*,#3643,.T.) ;
#3683=ORIENTED_EDGE('',*,*,#3662,.T.) ;
#3684=ORIENTED_EDGE('',*,*,#3679,.T.) ;
#3706=ORIENTED_EDGE('',*,*,#3699,.T.) ;
#3707=ORIENTED_EDGE('',*,*,#2146,.T.) ;
#3708=ORIENTED_EDGE('',*,*,#2079,.T.) ;
#3709=ORIENTED_EDGE('',*,*,#3704,.F.) ;
#3719=ORIENTED_EDGE('',*,*,#3699,.F.) ;
#3720=ORIENTED_EDGE('',*,*,#3717,.F.) ;
#3721=ORIENTED_EDGE('',*,*,#2258,.T.) ;
#3722=ORIENTED_EDGE('',*,*,#2162,.T.) ;
#3740=ORIENTED_EDGE('',*,*,#3738,.F.) ;
#3741=ORIENTED_EDGE('',*,*,#2071,.F.) ;
#3742=ORIENTED_EDGE('',*,*,#2032,.F.) ;
#3743=ORIENTED_EDGE('',*,*,#2099,.F.) ;
#3760=ORIENTED_EDGE('',*,*,#3753,.T.) ;
#3761=ORIENTED_EDGE('',*,*,#3758,.F.) ;
#3762=ORIENTED_EDGE('',*,*,#2114,.T.) ;
#3763=ORIENTED_EDGE('',*,*,#2216,.T.) ;
#3773=ORIENTED_EDGE('',*,*,#3753,.F.) ;
#3774=ORIENTED_EDGE('',*,*,#2202,.T.) ;
#3775=ORIENTED_EDGE('',*,*,#2306,.T.) ;
#3776=ORIENTED_EDGE('',*,*,#3771,.F.) ;
#3789=ORIENTED_EDGE('',*,*,#3787,.F.) ;
#3790=ORIENTED_EDGE('',*,*,#2298,.F.) ;
#3791=ORIENTED_EDGE('',*,*,#2278,.F.) ;
#3792=ORIENTED_EDGE('',*,*,#2245,.F.) ;
#3802=ORIENTED_EDGE('',*,*,#2497,.T.) ;
#3803=ORIENTED_EDGE('',*,*,#2515,.T.) ;
#3804=ORIENTED_EDGE('',*,*,#2333,.T.) ;
#3805=ORIENTED_EDGE('',*,*,#2363,.T.) ;
#3806=ORIENTED_EDGE('',*,*,#2397,.T.) ;
#3807=ORIENTED_EDGE('',*,*,#2422,.T.) ;
#3808=ORIENTED_EDGE('',*,*,#2447,.T.) ;
#3809=ORIENTED_EDGE('',*,*,#2472,.T.) ;
#3868=ORIENTED_EDGE('',*,*,#3840,.T.) ;
#3869=ORIENTED_EDGE('',*,*,#3866,.T.) ;
#3921=ORIENTED_EDGE('',*,*,#3884,.T.) ;
#3922=ORIENTED_EDGE('',*,*,#3891,.F.) ;
#3923=ORIENTED_EDGE('',*,*,#3907,.T.) ;
#3924=ORIENTED_EDGE('',*,*,#3914,.F.) ;
#3925=ORIENTED_EDGE('',*,*,#3919,.T.) ;
#3926=ORIENTED_EDGE('',*,*,#2587,.T.) ;
#3927=ORIENTED_EDGE('',*,*,#2568,.T.) ;
#3937=ORIENTED_EDGE('',*,*,#3919,.F.) ;
#3938=ORIENTED_EDGE('',*,*,#3935,.F.) ;
#3939=ORIENTED_EDGE('',*,*,#3884,.F.) ;
#3940=ORIENTED_EDGE('',*,*,#2549,.T.) ;
#3941=ORIENTED_EDGE('',*,*,#2604,.T.) ;
#3982=ORIENTED_EDGE('',*,*,#3956,.T.) ;
#3983=ORIENTED_EDGE('',*,*,#3975,.F.) ;
#3984=ORIENTED_EDGE('',*,*,#3980,.T.) ;
#3985=ORIENTED_EDGE('',*,*,#2650,.T.) ;
#3986=ORIENTED_EDGE('',*,*,#2669,.T.) ;
#4009=ORIENTED_EDGE('',*,*,#3980,.F.) ;
#4010=ORIENTED_EDGE('',*,*,#3999,.F.) ;
#4011=ORIENTED_EDGE('',*,*,#4007,.F.) ;
#4012=ORIENTED_EDGE('',*,*,#3956,.F.) ;
#4013=ORIENTED_EDGE('',*,*,#2664,.T.) ;
#4014=ORIENTED_EDGE('',*,*,#2657,.T.) ;
#4053=ORIENTED_EDGE('',*,*,#4029,.T.) ;
#4054=ORIENTED_EDGE('',*,*,#2715,.T.) ;
#4055=ORIENTED_EDGE('',*,*,#2770,.T.) ;
#4056=ORIENTED_EDGE('',*,*,#4036,.T.) ;
#4057=ORIENTED_EDGE('',*,*,#4043,.T.) ;
#4058=ORIENTED_EDGE('',*,*,#4051,.T.) ;
#4083=ORIENTED_EDGE('',*,*,#4036,.F.) ;
#4084=ORIENTED_EDGE('',*,*,#2753,.T.) ;
#4085=ORIENTED_EDGE('',*,*,#2734,.T.) ;
#4086=ORIENTED_EDGE('',*,*,#4029,.F.) ;
#4087=ORIENTED_EDGE('',*,*,#4076,.T.) ;
#4088=ORIENTED_EDGE('',*,*,#4081,.T.) ;
#4127=ORIENTED_EDGE('',*,*,#4108,.T.) ;
#4128=ORIENTED_EDGE('',*,*,#4115,.T.) ;
#4129=ORIENTED_EDGE('',*,*,#4120,.F.) ;
#4130=ORIENTED_EDGE('',*,*,#3132,.F.) ;
#4131=ORIENTED_EDGE('',*,*,#3187,.F.) ;
#4132=ORIENTED_EDGE('',*,*,#4125,.F.) ;
#4152=ORIENTED_EDGE('',*,*,#4142,.T.) ;
#4153=ORIENTED_EDGE('',*,*,#4150,.T.) ;
#4154=ORIENTED_EDGE('',*,*,#4125,.T.) ;
#4155=ORIENTED_EDGE('',*,*,#3170,.F.) ;
#4156=ORIENTED_EDGE('',*,*,#3151,.F.) ;
#4157=ORIENTED_EDGE('',*,*,#4120,.T.) ;
#4196=ORIENTED_EDGE('',*,*,#4177,.T.) ;
#4197=ORIENTED_EDGE('',*,*,#4184,.T.) ;
#4198=ORIENTED_EDGE('',*,*,#4189,.F.) ;
#4199=ORIENTED_EDGE('',*,*,#3050,.F.) ;
#4200=ORIENTED_EDGE('',*,*,#3105,.F.) ;
#4201=ORIENTED_EDGE('',*,*,#4194,.F.) ;
#4221=ORIENTED_EDGE('',*,*,#4211,.T.) ;
#4222=ORIENTED_EDGE('',*,*,#4219,.T.) ;
#4223=ORIENTED_EDGE('',*,*,#4194,.T.) ;
#4224=ORIENTED_EDGE('',*,*,#3088,.F.) ;
#4225=ORIENTED_EDGE('',*,*,#3069,.F.) ;
#4226=ORIENTED_EDGE('',*,*,#4189,.T.) ;
#4265=ORIENTED_EDGE('',*,*,#4246,.T.) ;
#4266=ORIENTED_EDGE('',*,*,#4253,.T.) ;
#4267=ORIENTED_EDGE('',*,*,#4258,.F.) ;
#4268=ORIENTED_EDGE('',*,*,#2968,.F.) ;
#4269=ORIENTED_EDGE('',*,*,#3023,.F.) ;
#4270=ORIENTED_EDGE('',*,*,#4263,.F.) ;
#4290=ORIENTED_EDGE('',*,*,#4280,.T.) ;
#4291=ORIENTED_EDGE('',*,*,#4288,.T.) ;
#4292=ORIENTED_EDGE('',*,*,#4263,.T.) ;
#4293=ORIENTED_EDGE('',*,*,#3006,.F.) ;
#4294=ORIENTED_EDGE('',*,*,#2987,.F.) ;
#4295=ORIENTED_EDGE('',*,*,#4258,.T.) ;
#4334=ORIENTED_EDGE('',*,*,#4315,.T.) ;
#4335=ORIENTED_EDGE('',*,*,#4322,.T.) ;
#4336=ORIENTED_EDGE('',*,*,#4327,.F.) ;
#4337=ORIENTED_EDGE('',*,*,#2886,.F.) ;
#4338=ORIENTED_EDGE('',*,*,#2941,.F.) ;
#4339=ORIENTED_EDGE('',*,*,#4332,.F.) ;
#4359=ORIENTED_EDGE('',*,*,#4349,.T.) ;
#4360=ORIENTED_EDGE('',*,*,#4357,.T.) ;
#4361=ORIENTED_EDGE('',*,*,#4332,.T.) ;
#4362=ORIENTED_EDGE('',*,*,#2924,.F.) ;
#4363=ORIENTED_EDGE('',*,*,#2905,.F.) ;
#4364=ORIENTED_EDGE('',*,*,#4327,.T.) ;
#4406=ORIENTED_EDGE('',*,*,#4379,.T.) ;
#4407=ORIENTED_EDGE('',*,*,#2804,.T.) ;
#4408=ORIENTED_EDGE('',*,*,#2859,.T.) ;
#4409=ORIENTED_EDGE('',*,*,#4386,.T.) ;
#4410=ORIENTED_EDGE('',*,*,#4393,.T.) ;
#4411=ORIENTED_EDGE('',*,*,#4404,.T.) ;
#4434=ORIENTED_EDGE('',*,*,#4386,.F.) ;
#4435=ORIENTED_EDGE('',*,*,#2842,.T.) ;
#4436=ORIENTED_EDGE('',*,*,#2823,.T.) ;
#4437=ORIENTED_EDGE('',*,*,#4379,.F.) ;
#4438=ORIENTED_EDGE('',*,*,#4427,.T.) ;
#4439=ORIENTED_EDGE('',*,*,#4432,.T.) ;
#4478=ORIENTED_EDGE('',*,*,#4454,.T.) ;
#4479=ORIENTED_EDGE('',*,*,#3243,.T.) ;
#4480=ORIENTED_EDGE('',*,*,#3262,.T.) ;
#4481=ORIENTED_EDGE('',*,*,#4461,.T.) ;
#4482=ORIENTED_EDGE('',*,*,#4468,.T.) ;
#4483=ORIENTED_EDGE('',*,*,#4476,.T.) ;
#4503=ORIENTED_EDGE('',*,*,#4461,.F.) ;
#4504=ORIENTED_EDGE('',*,*,#3257,.T.) ;
#4505=ORIENTED_EDGE('',*,*,#3250,.T.) ;
#4506=ORIENTED_EDGE('',*,*,#4454,.F.) ;
#4507=ORIENTED_EDGE('',*,*,#4496,.T.) ;
#4508=ORIENTED_EDGE('',*,*,#4501,.T.) ;
#4544=ORIENTED_EDGE('',*,*,#4523,.T.) ;
#4545=ORIENTED_EDGE('',*,*,#4530,.F.) ;
#4546=ORIENTED_EDGE('',*,*,#4537,.F.) ;
#4547=ORIENTED_EDGE('',*,*,#4542,.T.) ;
#4548=ORIENTED_EDGE('',*,*,#3209,.T.) ;
#4549=ORIENTED_EDGE('',*,*,#3228,.T.) ;
#4566=ORIENTED_EDGE('',*,*,#4542,.F.) ;
#4567=ORIENTED_EDGE('',*,*,#4559,.F.) ;
#4568=ORIENTED_EDGE('',*,*,#4564,.F.) ;
#4569=ORIENTED_EDGE('',*,*,#4523,.F.) ;
#4570=ORIENTED_EDGE('',*,*,#3223,.T.) ;
#4571=ORIENTED_EDGE('',*,*,#3216,.T.) ;
#4610=ORIENTED_EDGE('',*,*,#4591,.T.) ;
#4611=ORIENTED_EDGE('',*,*,#4598,.T.) ;
#4612=ORIENTED_EDGE('',*,*,#4603,.F.) ;
#4613=ORIENTED_EDGE('',*,*,#3624,.F.) ;
#4614=ORIENTED_EDGE('',*,*,#3679,.F.) ;
#4615=ORIENTED_EDGE('',*,*,#4608,.F.) ;
#4635=ORIENTED_EDGE('',*,*,#4625,.T.) ;
#4636=ORIENTED_EDGE('',*,*,#4633,.T.) ;
#4637=ORIENTED_EDGE('',*,*,#4608,.T.) ;
#4638=ORIENTED_EDGE('',*,*,#3662,.F.) ;
#4639=ORIENTED_EDGE('',*,*,#3643,.F.) ;
#4640=ORIENTED_EDGE('',*,*,#4603,.T.) ;
#4679=ORIENTED_EDGE('',*,*,#4660,.T.) ;
#4680=ORIENTED_EDGE('',*,*,#4667,.T.) ;
#4681=ORIENTED_EDGE('',*,*,#4672,.F.) ;
#4682=ORIENTED_EDGE('',*,*,#3542,.F.) ;
#4683=ORIENTED_EDGE('',*,*,#3597,.F.) ;
#4684=ORIENTED_EDGE('',*,*,#4677,.F.) ;
#4704=ORIENTED_EDGE('',*,*,#4694,.T.) ;
#4705=ORIENTED_EDGE('',*,*,#4702,.T.) ;
#4706=ORIENTED_EDGE('',*,*,#4677,.T.) ;
#4707=ORIENTED_EDGE('',*,*,#3580,.F.) ;
#4708=ORIENTED_EDGE('',*,*,#3561,.F.) ;
#4709=ORIENTED_EDGE('',*,*,#4672,.T.) ;
#4748=ORIENTED_EDGE('',*,*,#4729,.T.) ;
#4749=ORIENTED_EDGE('',*,*,#4736,.T.) ;
#4750=ORIENTED_EDGE('',*,*,#4741,.F.) ;
#4751=ORIENTED_EDGE('',*,*,#3460,.F.) ;
#4752=ORIENTED_EDGE('',*,*,#3515,.F.) ;
#4753=ORIENTED_EDGE('',*,*,#4746,.F.) ;
#4773=ORIENTED_EDGE('',*,*,#4763,.T.) ;
#4774=ORIENTED_EDGE('',*,*,#4771,.T.) ;
#4775=ORIENTED_EDGE('',*,*,#4746,.T.) ;
#4776=ORIENTED_EDGE('',*,*,#3498,.F.) ;
#4777=ORIENTED_EDGE('',*,*,#3479,.F.) ;
#4778=ORIENTED_EDGE('',*,*,#4741,.T.) ;
#4817=ORIENTED_EDGE('',*,*,#4798,.T.) ;
#4818=ORIENTED_EDGE('',*,*,#4805,.T.) ;
#4819=ORIENTED_EDGE('',*,*,#4810,.F.) ;
#4820=ORIENTED_EDGE('',*,*,#3378,.F.) ;
#4821=ORIENTED_EDGE('',*,*,#3433,.F.) ;
#4822=ORIENTED_EDGE('',*,*,#4815,.F.) ;
#4842=ORIENTED_EDGE('',*,*,#4832,.T.) ;
#4843=ORIENTED_EDGE('',*,*,#4840,.T.) ;
#4844=ORIENTED_EDGE('',*,*,#4815,.T.) ;
#4845=ORIENTED_EDGE('',*,*,#3416,.F.) ;
#4846=ORIENTED_EDGE('',*,*,#3397,.F.) ;
#4847=ORIENTED_EDGE('',*,*,#4810,.T.) ;
#4889=ORIENTED_EDGE('',*,*,#4862,.T.) ;
#4890=ORIENTED_EDGE('',*,*,#3296,.T.) ;
#4891=ORIENTED_EDGE('',*,*,#3351,.T.) ;
#4892=ORIENTED_EDGE('',*,*,#4869,.T.) ;
#4893=ORIENTED_EDGE('',*,*,#4876,.T.) ;
#4894=ORIENTED_EDGE('',*,*,#4887,.T.) ;
#4917=ORIENTED_EDGE('',*,*,#4869,.F.) ;
#4918=ORIENTED_EDGE('',*,*,#3334,.T.) ;
#4919=ORIENTED_EDGE('',*,*,#3315,.T.) ;
#4920=ORIENTED_EDGE('',*,*,#4862,.F.) ;
#4921=ORIENTED_EDGE('',*,*,#4910,.T.) ;
#4922=ORIENTED_EDGE('',*,*,#4915,.T.) ;
#4960=ORIENTED_EDGE('',*,*,#4939,.T.) ;
#4961=ORIENTED_EDGE('',*,*,#4946,.T.) ;
#4962=ORIENTED_EDGE('',*,*,#4953,.T.) ;
#4963=ORIENTED_EDGE('',*,*,#4958,.T.) ;
#4996=ORIENTED_EDGE('',*,*,#4975,.T.) ;
#4997=ORIENTED_EDGE('',*,*,#4982,.T.) ;
#4998=ORIENTED_EDGE('',*,*,#4989,.T.) ;
#4999=ORIENTED_EDGE('',*,*,#4994,.T.) ;
#5032=ORIENTED_EDGE('',*,*,#5011,.T.) ;
#5033=ORIENTED_EDGE('',*,*,#5018,.T.) ;
#5034=ORIENTED_EDGE('',*,*,#5025,.T.) ;
#5035=ORIENTED_EDGE('',*,*,#5030,.T.) ;
#5068=ORIENTED_EDGE('',*,*,#5047,.T.) ;
#5069=ORIENTED_EDGE('',*,*,#5054,.T.) ;
#5070=ORIENTED_EDGE('',*,*,#5061,.T.) ;
#5071=ORIENTED_EDGE('',*,*,#5066,.T.) ;
#5104=ORIENTED_EDGE('',*,*,#5083,.T.) ;
#5105=ORIENTED_EDGE('',*,*,#5090,.T.) ;
#5106=ORIENTED_EDGE('',*,*,#5097,.T.) ;
#5107=ORIENTED_EDGE('',*,*,#5102,.T.) ;
#5140=ORIENTED_EDGE('',*,*,#5119,.T.) ;
#5141=ORIENTED_EDGE('',*,*,#5126,.T.) ;
#5142=ORIENTED_EDGE('',*,*,#5133,.T.) ;
#5143=ORIENTED_EDGE('',*,*,#5138,.T.) ;
#5176=ORIENTED_EDGE('',*,*,#5155,.T.) ;
#5177=ORIENTED_EDGE('',*,*,#5162,.T.) ;
#5178=ORIENTED_EDGE('',*,*,#5169,.T.) ;
#5179=ORIENTED_EDGE('',*,*,#5174,.T.) ;
#5212=ORIENTED_EDGE('',*,*,#5191,.T.) ;
#5213=ORIENTED_EDGE('',*,*,#5198,.T.) ;
#5214=ORIENTED_EDGE('',*,*,#5205,.T.) ;
#5215=ORIENTED_EDGE('',*,*,#5210,.T.) ;
#5251=ORIENTED_EDGE('',*,*,#5230,.T.) ;
#5252=ORIENTED_EDGE('',*,*,#3771,.T.) ;
#5253=ORIENTED_EDGE('',*,*,#3787,.T.) ;
#5254=ORIENTED_EDGE('',*,*,#3717,.T.) ;
#5255=ORIENTED_EDGE('',*,*,#5237,.T.) ;
#5256=ORIENTED_EDGE('',*,*,#5244,.F.) ;
#5257=ORIENTED_EDGE('',*,*,#5249,.F.) ;
#5274=ORIENTED_EDGE('',*,*,#5237,.F.) ;
#5275=ORIENTED_EDGE('',*,*,#3704,.T.) ;
#5276=ORIENTED_EDGE('',*,*,#3738,.T.) ;
#5277=ORIENTED_EDGE('',*,*,#3758,.T.) ;
#5278=ORIENTED_EDGE('',*,*,#5230,.F.) ;
#5279=ORIENTED_EDGE('',*,*,#5267,.F.) ;
#5280=ORIENTED_EDGE('',*,*,#5272,.F.) ;
#5321=ORIENTED_EDGE('',*,*,#5295,.T.) ;
#5322=ORIENTED_EDGE('',*,*,#3840,.F.) ;
#5323=ORIENTED_EDGE('',*,*,#5302,.T.) ;
#5324=ORIENTED_EDGE('',*,*,#5319,.F.) ;
#5346=ORIENTED_EDGE('',*,*,#5302,.F.) ;
#5347=ORIENTED_EDGE('',*,*,#3866,.F.) ;
#5348=ORIENTED_EDGE('',*,*,#5295,.F.) ;
#5349=ORIENTED_EDGE('',*,*,#5344,.F.) ;
#5371=ORIENTED_EDGE('',*,*,#5364,.F.) ;
#5372=ORIENTED_EDGE('',*,*,#5369,.F.) ;
#5373=ORIENTED_EDGE('',*,*,#5249,.T.) ;
#5402=ORIENTED_EDGE('',*,*,#5388,.F.) ;
#5403=ORIENTED_EDGE('',*,*,#5395,.F.) ;
#5404=ORIENTED_EDGE('',*,*,#5400,.F.) ;
#5405=ORIENTED_EDGE('',*,*,#3907,.F.) ;
#5446=ORIENTED_EDGE('',*,*,#5420,.T.) ;
#5447=ORIENTED_EDGE('',*,*,#3935,.T.) ;
#5448=ORIENTED_EDGE('',*,*,#5427,.T.) ;
#5449=ORIENTED_EDGE('',*,*,#5444,.F.) ;
#5459=ORIENTED_EDGE('',*,*,#5427,.F.) ;
#5460=ORIENTED_EDGE('',*,*,#3914,.T.) ;
#5461=ORIENTED_EDGE('',*,*,#5400,.T.) ;
#5462=ORIENTED_EDGE('',*,*,#5457,.F.) ;
#5475=ORIENTED_EDGE('',*,*,#5420,.F.) ;
#5476=ORIENTED_EDGE('',*,*,#5473,.F.) ;
#5477=ORIENTED_EDGE('',*,*,#5388,.T.) ;
#5478=ORIENTED_EDGE('',*,*,#3891,.T.) ;
#5514=ORIENTED_EDGE('',*,*,#5493,.F.) ;
#5515=ORIENTED_EDGE('',*,*,#5364,.T.) ;
#5516=ORIENTED_EDGE('',*,*,#5500,.F.) ;
#5517=ORIENTED_EDGE('',*,*,#5507,.F.) ;
#5518=ORIENTED_EDGE('',*,*,#5512,.F.) ;
#5521=ORIENTED_EDGE('',*,*,#3999,.T.) ;
#5522=ORIENTED_EDGE('',*,*,#3975,.T.) ;
#5523=ORIENTED_EDGE('',*,*,#4007,.T.) ;
#5533=ORIENTED_EDGE('',*,*,#5531,.F.) ;
#5534=ORIENTED_EDGE('',*,*,#5500,.T.) ;
#5535=ORIENTED_EDGE('',*,*,#5244,.T.) ;
#5545=ORIENTED_EDGE('',*,*,#4043,.F.) ;
#5546=ORIENTED_EDGE('',*,*,#4081,.F.) ;
#5547=ORIENTED_EDGE('',*,*,#4076,.F.) ;
#5548=ORIENTED_EDGE('',*,*,#4051,.F.) ;
#5579=ORIENTED_EDGE('',*,*,#5558,.F.) ;
#5580=ORIENTED_EDGE('',*,*,#5565,.F.) ;
#5581=ORIENTED_EDGE('',*,*,#5572,.F.) ;
#5582=ORIENTED_EDGE('',*,*,#5577,.F.) ;
#5592=ORIENTED_EDGE('',*,*,#4393,.F.) ;
#5593=ORIENTED_EDGE('',*,*,#4432,.F.) ;
#5594=ORIENTED_EDGE('',*,*,#4427,.F.) ;
#5595=ORIENTED_EDGE('',*,*,#4404,.F.) ;
#5674=ORIENTED_EDGE('',*,*,#5617,.F.) ;
#5675=ORIENTED_EDGE('',*,*,#5636,.F.) ;
#5676=ORIENTED_EDGE('',*,*,#5655,.F.) ;
#5677=ORIENTED_EDGE('',*,*,#5672,.F.) ;
#5680=ORIENTED_EDGE('',*,*,#4315,.F.) ;
#5681=ORIENTED_EDGE('',*,*,#4357,.F.) ;
#5682=ORIENTED_EDGE('',*,*,#4349,.F.) ;
#5683=ORIENTED_EDGE('',*,*,#4322,.F.) ;
#5686=ORIENTED_EDGE('',*,*,#4246,.F.) ;
#5687=ORIENTED_EDGE('',*,*,#4288,.F.) ;
#5688=ORIENTED_EDGE('',*,*,#4280,.F.) ;
#5689=ORIENTED_EDGE('',*,*,#4253,.F.) ;
#5692=ORIENTED_EDGE('',*,*,#4177,.F.) ;
#5693=ORIENTED_EDGE('',*,*,#4219,.F.) ;
#5694=ORIENTED_EDGE('',*,*,#4211,.F.) ;
#5695=ORIENTED_EDGE('',*,*,#4184,.F.) ;
#5698=ORIENTED_EDGE('',*,*,#4108,.F.) ;
#5699=ORIENTED_EDGE('',*,*,#4150,.F.) ;
#5700=ORIENTED_EDGE('',*,*,#4142,.F.) ;
#5701=ORIENTED_EDGE('',*,*,#4115,.F.) ;
#5783=ORIENTED_EDGE('',*,*,#5718,.T.) ;
#5784=ORIENTED_EDGE('',*,*,#5731,.F.) ;
#5785=ORIENTED_EDGE('',*,*,#5747,.F.) ;
#5786=ORIENTED_EDGE('',*,*,#5754,.T.) ;
#5787=ORIENTED_EDGE('',*,*,#5767,.F.) ;
#5788=ORIENTED_EDGE('',*,*,#5781,.F.) ;
#5791=ORIENTED_EDGE('',*,*,#4468,.F.) ;
#5792=ORIENTED_EDGE('',*,*,#4501,.F.) ;
#5793=ORIENTED_EDGE('',*,*,#4496,.F.) ;
#5794=ORIENTED_EDGE('',*,*,#4476,.F.) ;
#5830=ORIENTED_EDGE('',*,*,#5809,.T.) ;
#5831=ORIENTED_EDGE('',*,*,#5816,.T.) ;
#5832=ORIENTED_EDGE('',*,*,#5823,.T.) ;
#5833=ORIENTED_EDGE('',*,*,#5828,.T.) ;
#5834=ORIENTED_EDGE('',*,*,#4564,.T.) ;
#5835=ORIENTED_EDGE('',*,*,#4559,.T.) ;
#5852=ORIENTED_EDGE('',*,*,#5828,.F.) ;
#5853=ORIENTED_EDGE('',*,*,#5845,.T.) ;
#5854=ORIENTED_EDGE('',*,*,#5850,.T.) ;
#5855=ORIENTED_EDGE('',*,*,#5809,.F.) ;
#5856=ORIENTED_EDGE('',*,*,#4537,.T.) ;
#5857=ORIENTED_EDGE('',*,*,#4530,.T.) ;
#5892=ORIENTED_EDGE('',*,*,#5874,.T.) ;
#5893=ORIENTED_EDGE('',*,*,#5882,.F.) ;
#5894=ORIENTED_EDGE('',*,*,#5718,.F.) ;
#5895=ORIENTED_EDGE('',*,*,#5890,.F.) ;
#5930=ORIENTED_EDGE('',*,*,#5754,.F.) ;
#5931=ORIENTED_EDGE('',*,*,#5913,.F.) ;
#5932=ORIENTED_EDGE('',*,*,#5920,.T.) ;
#5933=ORIENTED_EDGE('',*,*,#5928,.F.) ;
#5943=ORIENTED_EDGE('',*,*,#4876,.F.) ;
#5944=ORIENTED_EDGE('',*,*,#4915,.F.) ;
#5945=ORIENTED_EDGE('',*,*,#4910,.F.) ;
#5946=ORIENTED_EDGE('',*,*,#4887,.F.) ;
#6025=ORIENTED_EDGE('',*,*,#5968,.F.) ;
#6026=ORIENTED_EDGE('',*,*,#5987,.F.) ;
#6027=ORIENTED_EDGE('',*,*,#6006,.F.) ;
#6028=ORIENTED_EDGE('',*,*,#6023,.F.) ;
#6031=ORIENTED_EDGE('',*,*,#4798,.F.) ;
#6032=ORIENTED_EDGE('',*,*,#4840,.F.) ;
#6033=ORIENTED_EDGE('',*,*,#4832,.F.) ;
#6034=ORIENTED_EDGE('',*,*,#4805,.F.) ;
#6037=ORIENTED_EDGE('',*,*,#4729,.F.) ;
#6038=ORIENTED_EDGE('',*,*,#4771,.F.) ;
#6039=ORIENTED_EDGE('',*,*,#4763,.F.) ;
#6040=ORIENTED_EDGE('',*,*,#4736,.F.) ;
#6043=ORIENTED_EDGE('',*,*,#4660,.F.) ;
#6044=ORIENTED_EDGE('',*,*,#4702,.F.) ;
#6045=ORIENTED_EDGE('',*,*,#4694,.F.) ;
#6046=ORIENTED_EDGE('',*,*,#4667,.F.) ;
#6049=ORIENTED_EDGE('',*,*,#4591,.F.) ;
#6050=ORIENTED_EDGE('',*,*,#4633,.F.) ;
#6051=ORIENTED_EDGE('',*,*,#4625,.F.) ;
#6052=ORIENTED_EDGE('',*,*,#4598,.F.) ;
#6091=ORIENTED_EDGE('',*,*,#6072,.F.) ;
#6092=ORIENTED_EDGE('',*,*,#6079,.F.) ;
#6093=ORIENTED_EDGE('',*,*,#6084,.F.) ;
#6094=ORIENTED_EDGE('',*,*,#4939,.F.) ;
#6095=ORIENTED_EDGE('',*,*,#4958,.F.) ;
#6096=ORIENTED_EDGE('',*,*,#6089,.F.) ;
#6116=ORIENTED_EDGE('',*,*,#6106,.F.) ;
#6117=ORIENTED_EDGE('',*,*,#6114,.F.) ;
#6118=ORIENTED_EDGE('',*,*,#6089,.T.) ;
#6119=ORIENTED_EDGE('',*,*,#4953,.F.) ;
#6120=ORIENTED_EDGE('',*,*,#4946,.F.) ;
#6121=ORIENTED_EDGE('',*,*,#6084,.T.) ;
#6160=ORIENTED_EDGE('',*,*,#6141,.F.) ;
#6161=ORIENTED_EDGE('',*,*,#6148,.F.) ;
#6162=ORIENTED_EDGE('',*,*,#6153,.F.) ;
#6163=ORIENTED_EDGE('',*,*,#4975,.F.) ;
#6164=ORIENTED_EDGE('',*,*,#4994,.F.) ;
#6165=ORIENTED_EDGE('',*,*,#6158,.F.) ;
#6185=ORIENTED_EDGE('',*,*,#6175,.F.) ;
#6186=ORIENTED_EDGE('',*,*,#6183,.F.) ;
#6187=ORIENTED_EDGE('',*,*,#6158,.T.) ;
#6188=ORIENTED_EDGE('',*,*,#4989,.F.) ;
#6189=ORIENTED_EDGE('',*,*,#4982,.F.) ;
#6190=ORIENTED_EDGE('',*,*,#6153,.T.) ;
#6229=ORIENTED_EDGE('',*,*,#6210,.F.) ;
#6230=ORIENTED_EDGE('',*,*,#6217,.F.) ;
#6231=ORIENTED_EDGE('',*,*,#6222,.F.) ;
#6232=ORIENTED_EDGE('',*,*,#5011,.F.) ;
#6233=ORIENTED_EDGE('',*,*,#5030,.F.) ;
#6234=ORIENTED_EDGE('',*,*,#6227,.F.) ;
#6254=ORIENTED_EDGE('',*,*,#6244,.F.) ;
#6255=ORIENTED_EDGE('',*,*,#6252,.F.) ;
#6256=ORIENTED_EDGE('',*,*,#6227,.T.) ;
#6257=ORIENTED_EDGE('',*,*,#5025,.F.) ;
#6258=ORIENTED_EDGE('',*,*,#5018,.F.) ;
#6259=ORIENTED_EDGE('',*,*,#6222,.T.) ;
#6298=ORIENTED_EDGE('',*,*,#6279,.F.) ;
#6299=ORIENTED_EDGE('',*,*,#6286,.F.) ;
#6300=ORIENTED_EDGE('',*,*,#6291,.F.) ;
#6301=ORIENTED_EDGE('',*,*,#5047,.F.) ;
#6302=ORIENTED_EDGE('',*,*,#5066,.F.) ;
#6303=ORIENTED_EDGE('',*,*,#6296,.F.) ;
#6323=ORIENTED_EDGE('',*,*,#6313,.F.) ;
#6324=ORIENTED_EDGE('',*,*,#6321,.F.) ;
#6325=ORIENTED_EDGE('',*,*,#6296,.T.) ;
#6326=ORIENTED_EDGE('',*,*,#5061,.F.) ;
#6327=ORIENTED_EDGE('',*,*,#5054,.F.) ;
#6328=ORIENTED_EDGE('',*,*,#6291,.T.) ;
#6367=ORIENTED_EDGE('',*,*,#6348,.F.) ;
#6368=ORIENTED_EDGE('',*,*,#6355,.F.) ;
#6369=ORIENTED_EDGE('',*,*,#6360,.F.) ;
#6370=ORIENTED_EDGE('',*,*,#5083,.F.) ;
#6371=ORIENTED_EDGE('',*,*,#5102,.F.) ;
#6372=ORIENTED_EDGE('',*,*,#6365,.F.) ;
#6392=ORIENTED_EDGE('',*,*,#6382,.F.) ;
#6393=ORIENTED_EDGE('',*,*,#6390,.F.) ;
#6394=ORIENTED_EDGE('',*,*,#6365,.T.) ;
#6395=ORIENTED_EDGE('',*,*,#5097,.F.) ;
#6396=ORIENTED_EDGE('',*,*,#5090,.F.) ;
#6397=ORIENTED_EDGE('',*,*,#6360,.T.) ;
#6436=ORIENTED_EDGE('',*,*,#6417,.F.) ;
#6437=ORIENTED_EDGE('',*,*,#6424,.F.) ;
#6438=ORIENTED_EDGE('',*,*,#6429,.F.) ;
#6439=ORIENTED_EDGE('',*,*,#5119,.F.) ;
#6440=ORIENTED_EDGE('',*,*,#5138,.F.) ;
#6441=ORIENTED_EDGE('',*,*,#6434,.F.) ;
#6461=ORIENTED_EDGE('',*,*,#6451,.F.) ;
#6462=ORIENTED_EDGE('',*,*,#6459,.F.) ;
#6463=ORIENTED_EDGE('',*,*,#6434,.T.) ;
#6464=ORIENTED_EDGE('',*,*,#5133,.F.) ;
#6465=ORIENTED_EDGE('',*,*,#5126,.F.) ;
#6466=ORIENTED_EDGE('',*,*,#6429,.T.) ;
#6505=ORIENTED_EDGE('',*,*,#6486,.F.) ;
#6506=ORIENTED_EDGE('',*,*,#6493,.F.) ;
#6507=ORIENTED_EDGE('',*,*,#6498,.F.) ;
#6508=ORIENTED_EDGE('',*,*,#5155,.F.) ;
#6509=ORIENTED_EDGE('',*,*,#5174,.F.) ;
#6510=ORIENTED_EDGE('',*,*,#6503,.F.) ;
#6530=ORIENTED_EDGE('',*,*,#6520,.F.) ;
#6531=ORIENTED_EDGE('',*,*,#6528,.F.) ;
#6532=ORIENTED_EDGE('',*,*,#6503,.T.) ;
#6533=ORIENTED_EDGE('',*,*,#5169,.F.) ;
#6534=ORIENTED_EDGE('',*,*,#5162,.F.) ;
#6535=ORIENTED_EDGE('',*,*,#6498,.T.) ;
#6574=ORIENTED_EDGE('',*,*,#6555,.F.) ;
#6575=ORIENTED_EDGE('',*,*,#6562,.F.) ;
#6576=ORIENTED_EDGE('',*,*,#6567,.F.) ;
#6577=ORIENTED_EDGE('',*,*,#5191,.F.) ;
#6578=ORIENTED_EDGE('',*,*,#5210,.F.) ;
#6579=ORIENTED_EDGE('',*,*,#6572,.F.) ;
#6599=ORIENTED_EDGE('',*,*,#6589,.F.) ;
#6600=ORIENTED_EDGE('',*,*,#6597,.F.) ;
#6601=ORIENTED_EDGE('',*,*,#6572,.T.) ;
#6602=ORIENTED_EDGE('',*,*,#5205,.F.) ;
#6603=ORIENTED_EDGE('',*,*,#5198,.F.) ;
#6604=ORIENTED_EDGE('',*,*,#6567,.T.) ;
#6649=ORIENTED_EDGE('',*,*,#6621,.F.) ;
#6650=ORIENTED_EDGE('',*,*,#6628,.F.) ;
#6651=ORIENTED_EDGE('',*,*,#6635,.F.) ;
#6652=ORIENTED_EDGE('',*,*,#6642,.F.) ;
#6653=ORIENTED_EDGE('',*,*,#6647,.F.) ;
#6698=ORIENTED_EDGE('',*,*,#6670,.F.) ;
#6699=ORIENTED_EDGE('',*,*,#6677,.F.) ;
#6700=ORIENTED_EDGE('',*,*,#6684,.F.) ;
#6701=ORIENTED_EDGE('',*,*,#6691,.F.) ;
#6702=ORIENTED_EDGE('',*,*,#6696,.F.) ;
#6719=ORIENTED_EDGE('',*,*,#6712,.F.) ;
#6720=ORIENTED_EDGE('',*,*,#6717,.F.) ;
#6721=ORIENTED_EDGE('',*,*,#5272,.T.) ;
#6738=ORIENTED_EDGE('',*,*,#6731,.F.) ;
#6739=ORIENTED_EDGE('',*,*,#6736,.F.) ;
#6740=ORIENTED_EDGE('',*,*,#5267,.T.) ;
#6780=ORIENTED_EDGE('',*,*,#6752,.F.) ;
#6781=ORIENTED_EDGE('',*,*,#6759,.F.) ;
#6782=ORIENTED_EDGE('',*,*,#6766,.F.) ;
#6783=ORIENTED_EDGE('',*,*,#6773,.F.) ;
#6784=ORIENTED_EDGE('',*,*,#6778,.F.) ;
#6824=ORIENTED_EDGE('',*,*,#6796,.F.) ;
#6825=ORIENTED_EDGE('',*,*,#6803,.F.) ;
#6826=ORIENTED_EDGE('',*,*,#6810,.F.) ;
#6827=ORIENTED_EDGE('',*,*,#6817,.F.) ;
#6828=ORIENTED_EDGE('',*,*,#6822,.F.) ;
#6855=ORIENTED_EDGE('',*,*,#6843,.T.) ;
#6856=ORIENTED_EDGE('',*,*,#5319,.T.) ;
#6857=ORIENTED_EDGE('',*,*,#6848,.T.) ;
#6858=ORIENTED_EDGE('',*,*,#5369,.T.) ;
#6859=ORIENTED_EDGE('',*,*,#5493,.T.) ;
#6860=ORIENTED_EDGE('',*,*,#6853,.F.) ;
#6887=ORIENTED_EDGE('',*,*,#6848,.F.) ;
#6888=ORIENTED_EDGE('',*,*,#5344,.T.) ;
#6889=ORIENTED_EDGE('',*,*,#6843,.F.) ;
#6890=ORIENTED_EDGE('',*,*,#6870,.F.) ;
#6891=ORIENTED_EDGE('',*,*,#6875,.F.) ;
#6892=ORIENTED_EDGE('',*,*,#6822,.T.) ;
#6893=ORIENTED_EDGE('',*,*,#6880,.F.) ;
#6894=ORIENTED_EDGE('',*,*,#6766,.T.) ;
#6895=ORIENTED_EDGE('',*,*,#6885,.F.) ;
#6896=ORIENTED_EDGE('',*,*,#6731,.T.) ;
#6906=ORIENTED_EDGE('',*,*,#5395,.T.) ;
#6907=ORIENTED_EDGE('',*,*,#5473,.T.) ;
#6908=ORIENTED_EDGE('',*,*,#5444,.T.) ;
#6909=ORIENTED_EDGE('',*,*,#5457,.T.) ;
#6931=ORIENTED_EDGE('',*,*,#6917,.F.) ;
#6932=ORIENTED_EDGE('',*,*,#6870,.T.) ;
#6933=ORIENTED_EDGE('',*,*,#6853,.T.) ;
#6934=ORIENTED_EDGE('',*,*,#5512,.T.) ;
#6935=ORIENTED_EDGE('',*,*,#6924,.F.) ;
#6936=ORIENTED_EDGE('',*,*,#6929,.F.) ;
#6951=ORIENTED_EDGE('',*,*,#6949,.T.) ;
#6952=ORIENTED_EDGE('',*,*,#6924,.T.) ;
#6953=ORIENTED_EDGE('',*,*,#5507,.T.) ;
#6954=ORIENTED_EDGE('',*,*,#5531,.T.) ;
#6974=ORIENTED_EDGE('',*,*,#6949,.F.) ;
#6975=ORIENTED_EDGE('',*,*,#6717,.T.) ;
#6976=ORIENTED_EDGE('',*,*,#6962,.F.) ;
#6977=ORIENTED_EDGE('',*,*,#6684,.T.) ;
#6978=ORIENTED_EDGE('',*,*,#6967,.F.) ;
#6979=ORIENTED_EDGE('',*,*,#6647,.T.) ;
#6980=ORIENTED_EDGE('',*,*,#6972,.F.) ;
#6981=ORIENTED_EDGE('',*,*,#6929,.T.) ;
#7017=ORIENTED_EDGE('',*,*,#6996,.T.) ;
#7018=ORIENTED_EDGE('',*,*,#5558,.T.) ;
#7019=ORIENTED_EDGE('',*,*,#5577,.T.) ;
#7020=ORIENTED_EDGE('',*,*,#7003,.T.) ;
#7021=ORIENTED_EDGE('',*,*,#7010,.F.) ;
#7022=ORIENTED_EDGE('',*,*,#7015,.F.) ;
#7039=ORIENTED_EDGE('',*,*,#7003,.F.) ;
#7040=ORIENTED_EDGE('',*,*,#5572,.T.) ;
#7041=ORIENTED_EDGE('',*,*,#5565,.T.) ;
#7042=ORIENTED_EDGE('',*,*,#6996,.F.) ;
#7043=ORIENTED_EDGE('',*,*,#7032,.F.) ;
#7044=ORIENTED_EDGE('',*,*,#7037,.F.) ;
#7083=ORIENTED_EDGE('',*,*,#7059,.T.) ;
#7084=ORIENTED_EDGE('',*,*,#5617,.T.) ;
#7085=ORIENTED_EDGE('',*,*,#5672,.T.) ;
#7086=ORIENTED_EDGE('',*,*,#7066,.T.) ;
#7087=ORIENTED_EDGE('',*,*,#7073,.F.) ;
#7088=ORIENTED_EDGE('',*,*,#7081,.F.) ;
#7108=ORIENTED_EDGE('',*,*,#7066,.F.) ;
#7109=ORIENTED_EDGE('',*,*,#5655,.T.) ;
#7110=ORIENTED_EDGE('',*,*,#5636,.T.) ;
#7111=ORIENTED_EDGE('',*,*,#7059,.F.) ;
#7112=ORIENTED_EDGE('',*,*,#7101,.F.) ;
#7113=ORIENTED_EDGE('',*,*,#7106,.F.) ;
#7154=ORIENTED_EDGE('',*,*,#7128,.T.) ;
#7155=ORIENTED_EDGE('',*,*,#7135,.F.) ;
#7156=ORIENTED_EDGE('',*,*,#7142,.F.) ;
#7157=ORIENTED_EDGE('',*,*,#7147,.T.) ;
#7158=ORIENTED_EDGE('',*,*,#5731,.T.) ;
#7159=ORIENTED_EDGE('',*,*,#5882,.T.) ;
#7160=ORIENTED_EDGE('',*,*,#7152,.F.) ;
#7161=ORIENTED_EDGE('',*,*,#5890,.T.) ;
#7162=ORIENTED_EDGE('',*,*,#5781,.T.) ;
#7184=ORIENTED_EDGE('',*,*,#7147,.F.) ;
#7185=ORIENTED_EDGE('',*,*,#7172,.F.) ;
#7186=ORIENTED_EDGE('',*,*,#7177,.F.) ;
#7187=ORIENTED_EDGE('',*,*,#7128,.F.) ;
#7188=ORIENTED_EDGE('',*,*,#5767,.T.) ;
#7189=ORIENTED_EDGE('',*,*,#5928,.T.) ;
#7190=ORIENTED_EDGE('',*,*,#7182,.F.) ;
#7191=ORIENTED_EDGE('',*,*,#5913,.T.) ;
#7192=ORIENTED_EDGE('',*,*,#5747,.T.) ;
#7256=ORIENTED_EDGE('',*,*,#5920,.F.) ;
#7257=ORIENTED_EDGE('',*,*,#7213,.F.) ;
#7258=ORIENTED_EDGE('',*,*,#7227,.F.) ;
#7259=ORIENTED_EDGE('',*,*,#5874,.F.) ;
#7260=ORIENTED_EDGE('',*,*,#7240,.F.) ;
#7261=ORIENTED_EDGE('',*,*,#7254,.F.) ;
#7264=ORIENTED_EDGE('',*,*,#5845,.F.) ;
#7265=ORIENTED_EDGE('',*,*,#5823,.F.) ;
#7266=ORIENTED_EDGE('',*,*,#5816,.F.) ;
#7267=ORIENTED_EDGE('',*,*,#5850,.F.) ;
#7296=ORIENTED_EDGE('',*,*,#7282,.T.) ;
#7297=ORIENTED_EDGE('',*,*,#7289,.F.) ;
#7298=ORIENTED_EDGE('',*,*,#7294,.T.) ;
#7299=ORIENTED_EDGE('',*,*,#5968,.T.) ;
#7300=ORIENTED_EDGE('',*,*,#6023,.T.) ;
#7322=ORIENTED_EDGE('',*,*,#7294,.F.) ;
#7323=ORIENTED_EDGE('',*,*,#7320,.F.) ;
#7324=ORIENTED_EDGE('',*,*,#7282,.F.) ;
#7325=ORIENTED_EDGE('',*,*,#6006,.T.) ;
#7326=ORIENTED_EDGE('',*,*,#5987,.T.) ;
#7355=ORIENTED_EDGE('',*,*,#7343,.T.) ;
#7356=ORIENTED_EDGE('',*,*,#7348,.F.) ;
#7357=ORIENTED_EDGE('',*,*,#6635,.T.) ;
#7358=ORIENTED_EDGE('',*,*,#7353,.F.) ;
#7380=ORIENTED_EDGE('',*,*,#7373,.T.) ;
#7381=ORIENTED_EDGE('',*,*,#7353,.T.) ;
#7382=ORIENTED_EDGE('',*,*,#6628,.T.) ;
#7383=ORIENTED_EDGE('',*,*,#7378,.F.) ;
#7386=ORIENTED_EDGE('',*,*,#6141,.T.) ;
#7387=ORIENTED_EDGE('',*,*,#6183,.T.) ;
#7388=ORIENTED_EDGE('',*,*,#6175,.T.) ;
#7389=ORIENTED_EDGE('',*,*,#6148,.T.) ;
#7392=ORIENTED_EDGE('',*,*,#6072,.T.) ;
#7393=ORIENTED_EDGE('',*,*,#6114,.T.) ;
#7394=ORIENTED_EDGE('',*,*,#6106,.T.) ;
#7395=ORIENTED_EDGE('',*,*,#6079,.T.) ;
#7410=ORIENTED_EDGE('',*,*,#7408,.F.) ;
#7411=ORIENTED_EDGE('',*,*,#6621,.T.) ;
#7412=ORIENTED_EDGE('',*,*,#6967,.T.) ;
#7413=ORIENTED_EDGE('',*,*,#6677,.T.) ;
#7437=ORIENTED_EDGE('',*,*,#7425,.F.) ;
#7438=ORIENTED_EDGE('',*,*,#7430,.F.) ;
#7439=ORIENTED_EDGE('',*,*,#6670,.T.) ;
#7440=ORIENTED_EDGE('',*,*,#7435,.F.) ;
#7443=ORIENTED_EDGE('',*,*,#6279,.T.) ;
#7444=ORIENTED_EDGE('',*,*,#6321,.T.) ;
#7445=ORIENTED_EDGE('',*,*,#6313,.T.) ;
#7446=ORIENTED_EDGE('',*,*,#6286,.T.) ;
#7449=ORIENTED_EDGE('',*,*,#6210,.T.) ;
#7450=ORIENTED_EDGE('',*,*,#6252,.T.) ;
#7451=ORIENTED_EDGE('',*,*,#6244,.T.) ;
#7452=ORIENTED_EDGE('',*,*,#6217,.T.) ;
#7469=ORIENTED_EDGE('',*,*,#7462,.F.) ;
#7470=ORIENTED_EDGE('',*,*,#7435,.T.) ;
#7471=ORIENTED_EDGE('',*,*,#6696,.T.) ;
#7472=ORIENTED_EDGE('',*,*,#7467,.F.) ;
#7501=ORIENTED_EDGE('',*,*,#7489,.F.) ;
#7502=ORIENTED_EDGE('',*,*,#7494,.F.) ;
#7503=ORIENTED_EDGE('',*,*,#6752,.T.) ;
#7504=ORIENTED_EDGE('',*,*,#7499,.F.) ;
#7521=ORIENTED_EDGE('',*,*,#7514,.F.) ;
#7522=ORIENTED_EDGE('',*,*,#7499,.T.) ;
#7523=ORIENTED_EDGE('',*,*,#6778,.T.) ;
#7524=ORIENTED_EDGE('',*,*,#7519,.F.) ;
#7527=ORIENTED_EDGE('',*,*,#6417,.T.) ;
#7528=ORIENTED_EDGE('',*,*,#6459,.T.) ;
#7529=ORIENTED_EDGE('',*,*,#6451,.T.) ;
#7530=ORIENTED_EDGE('',*,*,#6424,.T.) ;
#7533=ORIENTED_EDGE('',*,*,#6348,.T.) ;
#7534=ORIENTED_EDGE('',*,*,#6390,.T.) ;
#7535=ORIENTED_EDGE('',*,*,#6382,.T.) ;
#7536=ORIENTED_EDGE('',*,*,#6355,.T.) ;
#7551=ORIENTED_EDGE('',*,*,#7549,.F.) ;
#7552=ORIENTED_EDGE('',*,*,#6773,.T.) ;
#7553=ORIENTED_EDGE('',*,*,#6880,.T.) ;
#7554=ORIENTED_EDGE('',*,*,#6817,.T.) ;
#7578=ORIENTED_EDGE('',*,*,#7566,.T.) ;
#7579=ORIENTED_EDGE('',*,*,#7571,.F.) ;
#7580=ORIENTED_EDGE('',*,*,#6803,.T.) ;
#7581=ORIENTED_EDGE('',*,*,#7576,.F.) ;
#7598=ORIENTED_EDGE('',*,*,#7591,.T.) ;
#7599=ORIENTED_EDGE('',*,*,#7596,.F.) ;
#7600=ORIENTED_EDGE('',*,*,#6810,.T.) ;
#7601=ORIENTED_EDGE('',*,*,#7571,.T.) ;
#7604=ORIENTED_EDGE('',*,*,#6555,.T.) ;
#7605=ORIENTED_EDGE('',*,*,#6597,.T.) ;
#7606=ORIENTED_EDGE('',*,*,#6589,.T.) ;
#7607=ORIENTED_EDGE('',*,*,#6562,.T.) ;
#7610=ORIENTED_EDGE('',*,*,#6486,.T.) ;
#7611=ORIENTED_EDGE('',*,*,#6528,.T.) ;
#7612=ORIENTED_EDGE('',*,*,#6520,.T.) ;
#7613=ORIENTED_EDGE('',*,*,#6493,.T.) ;
#7661=ORIENTED_EDGE('',*,*,#6917,.T.) ;
#7662=ORIENTED_EDGE('',*,*,#6972,.T.) ;
#7663=ORIENTED_EDGE('',*,*,#6642,.T.) ;
#7664=ORIENTED_EDGE('',*,*,#7348,.T.) ;
#7665=ORIENTED_EDGE('',*,*,#7628,.T.) ;
#7666=ORIENTED_EDGE('',*,*,#7635,.F.) ;
#7667=ORIENTED_EDGE('',*,*,#7640,.F.) ;
#7668=ORIENTED_EDGE('',*,*,#7467,.T.) ;
#7669=ORIENTED_EDGE('',*,*,#6691,.T.) ;
#7670=ORIENTED_EDGE('',*,*,#6962,.T.) ;
#7671=ORIENTED_EDGE('',*,*,#6712,.T.) ;
#7672=ORIENTED_EDGE('',*,*,#6736,.T.) ;
#7673=ORIENTED_EDGE('',*,*,#6885,.T.) ;
#7674=ORIENTED_EDGE('',*,*,#6759,.T.) ;
#7675=ORIENTED_EDGE('',*,*,#7494,.T.) ;
#7676=ORIENTED_EDGE('',*,*,#7647,.F.) ;
#7677=ORIENTED_EDGE('',*,*,#7654,.F.) ;
#7678=ORIENTED_EDGE('',*,*,#7659,.T.) ;
#7679=ORIENTED_EDGE('',*,*,#7576,.T.) ;
#7680=ORIENTED_EDGE('',*,*,#6796,.T.) ;
#7681=ORIENTED_EDGE('',*,*,#6875,.T.) ;
#7719=ORIENTED_EDGE('',*,*,#7698,.F.) ;
#7720=ORIENTED_EDGE('',*,*,#7705,.F.) ;
#7721=ORIENTED_EDGE('',*,*,#7712,.F.) ;
#7722=ORIENTED_EDGE('',*,*,#7717,.F.) ;
#7725=ORIENTED_EDGE('',*,*,#7010,.T.) ;
#7726=ORIENTED_EDGE('',*,*,#7037,.T.) ;
#7727=ORIENTED_EDGE('',*,*,#7032,.T.) ;
#7728=ORIENTED_EDGE('',*,*,#7015,.T.) ;
#7738=ORIENTED_EDGE('',*,*,#7172,.T.) ;
#7739=ORIENTED_EDGE('',*,*,#7142,.T.) ;
#7740=ORIENTED_EDGE('',*,*,#7135,.T.) ;
#7741=ORIENTED_EDGE('',*,*,#7177,.T.) ;
#7772=ORIENTED_EDGE('',*,*,#7751,.F.) ;
#7773=ORIENTED_EDGE('',*,*,#7758,.F.) ;
#7774=ORIENTED_EDGE('',*,*,#7765,.F.) ;
#7775=ORIENTED_EDGE('',*,*,#7770,.F.) ;
#7811=ORIENTED_EDGE('',*,*,#7790,.T.) ;
#7812=ORIENTED_EDGE('',*,*,#7106,.T.) ;
#7813=ORIENTED_EDGE('',*,*,#7101,.T.) ;
#7814=ORIENTED_EDGE('',*,*,#7797,.T.) ;
#7815=ORIENTED_EDGE('',*,*,#7804,.F.) ;
#7816=ORIENTED_EDGE('',*,*,#7809,.F.) ;
#7852=ORIENTED_EDGE('',*,*,#7797,.F.) ;
#7853=ORIENTED_EDGE('',*,*,#7081,.T.) ;
#7854=ORIENTED_EDGE('',*,*,#7073,.T.) ;
#7855=ORIENTED_EDGE('',*,*,#7790,.F.) ;
#7856=ORIENTED_EDGE('',*,*,#7826,.F.) ;
#7857=ORIENTED_EDGE('',*,*,#7845,.F.) ;
#7858=ORIENTED_EDGE('',*,*,#7850,.F.) ;
#7901=ORIENTED_EDGE('',*,*,#7873,.T.) ;
#7902=ORIENTED_EDGE('',*,*,#7880,.F.) ;
#7903=ORIENTED_EDGE('',*,*,#7887,.F.) ;
#7904=ORIENTED_EDGE('',*,*,#7894,.F.) ;
#7905=ORIENTED_EDGE('',*,*,#7899,.T.) ;
#7906=ORIENTED_EDGE('',*,*,#7213,.T.) ;
#7907=ORIENTED_EDGE('',*,*,#7182,.T.) ;
#7908=ORIENTED_EDGE('',*,*,#7254,.T.) ;
#7932=ORIENTED_EDGE('',*,*,#7899,.F.) ;
#7933=ORIENTED_EDGE('',*,*,#7918,.F.) ;
#7934=ORIENTED_EDGE('',*,*,#7925,.F.) ;
#7935=ORIENTED_EDGE('',*,*,#7930,.F.) ;
#7936=ORIENTED_EDGE('',*,*,#7873,.F.) ;
#7937=ORIENTED_EDGE('',*,*,#7240,.T.) ;
#7938=ORIENTED_EDGE('',*,*,#7152,.T.) ;
#7939=ORIENTED_EDGE('',*,*,#7227,.T.) ;
#8029=ORIENTED_EDGE('',*,*,#7969,.T.) ;
#8030=ORIENTED_EDGE('',*,*,#7320,.T.) ;
#8031=ORIENTED_EDGE('',*,*,#7976,.T.) ;
#8032=ORIENTED_EDGE('',*,*,#8005,.F.) ;
#8033=ORIENTED_EDGE('',*,*,#8013,.F.) ;
#8034=ORIENTED_EDGE('',*,*,#8027,.F.) ;
#8087=ORIENTED_EDGE('',*,*,#7976,.F.) ;
#8088=ORIENTED_EDGE('',*,*,#7289,.T.) ;
#8089=ORIENTED_EDGE('',*,*,#7969,.F.) ;
#8090=ORIENTED_EDGE('',*,*,#8071,.F.) ;
#8091=ORIENTED_EDGE('',*,*,#7845,.T.) ;
#8092=ORIENTED_EDGE('',*,*,#8085,.F.) ;
#8121=ORIENTED_EDGE('',*,*,#7343,.F.) ;
#8122=ORIENTED_EDGE('',*,*,#7373,.F.) ;
#8123=ORIENTED_EDGE('',*,*,#8107,.F.) ;
#8124=ORIENTED_EDGE('',*,*,#8114,.F.) ;
#8125=ORIENTED_EDGE('',*,*,#8119,.F.) ;
#8126=ORIENTED_EDGE('',*,*,#7628,.F.) ;
#8148=ORIENTED_EDGE('',*,*,#7430,.T.) ;
#8149=ORIENTED_EDGE('',*,*,#8141,.F.) ;
#8150=ORIENTED_EDGE('',*,*,#8146,.F.) ;
#8151=ORIENTED_EDGE('',*,*,#8107,.T.) ;
#8152=ORIENTED_EDGE('',*,*,#7378,.T.) ;
#8153=ORIENTED_EDGE('',*,*,#7408,.T.) ;
#8175=ORIENTED_EDGE('',*,*,#7425,.T.) ;
#8176=ORIENTED_EDGE('',*,*,#7462,.T.) ;
#8177=ORIENTED_EDGE('',*,*,#7640,.T.) ;
#8178=ORIENTED_EDGE('',*,*,#8168,.F.) ;
#8179=ORIENTED_EDGE('',*,*,#8173,.F.) ;
#8180=ORIENTED_EDGE('',*,*,#8141,.T.) ;
#8209=ORIENTED_EDGE('',*,*,#8195,.F.) ;
#8210=ORIENTED_EDGE('',*,*,#8168,.T.) ;
#8211=ORIENTED_EDGE('',*,*,#7635,.T.) ;
#8212=ORIENTED_EDGE('',*,*,#8119,.T.) ;
#8213=ORIENTED_EDGE('',*,*,#8202,.F.) ;
#8214=ORIENTED_EDGE('',*,*,#8207,.F.) ;
#8238=ORIENTED_EDGE('',*,*,#8226,.F.) ;
#8239=ORIENTED_EDGE('',*,*,#8231,.F.) ;
#8240=ORIENTED_EDGE('',*,*,#7647,.T.) ;
#8241=ORIENTED_EDGE('',*,*,#7489,.T.) ;
#8242=ORIENTED_EDGE('',*,*,#7514,.T.) ;
#8243=ORIENTED_EDGE('',*,*,#8236,.F.) ;
#8265=ORIENTED_EDGE('',*,*,#7519,.T.) ;
#8266=ORIENTED_EDGE('',*,*,#7549,.T.) ;
#8267=ORIENTED_EDGE('',*,*,#7596,.T.) ;
#8268=ORIENTED_EDGE('',*,*,#8258,.T.) ;
#8269=ORIENTED_EDGE('',*,*,#8263,.F.) ;
#8270=ORIENTED_EDGE('',*,*,#8236,.T.) ;
#8287=ORIENTED_EDGE('',*,*,#8280,.F.) ;
#8288=ORIENTED_EDGE('',*,*,#8285,.F.) ;
#8289=ORIENTED_EDGE('',*,*,#8258,.F.) ;
#8290=ORIENTED_EDGE('',*,*,#7591,.F.) ;
#8291=ORIENTED_EDGE('',*,*,#7566,.F.) ;
#8292=ORIENTED_EDGE('',*,*,#7659,.F.) ;
#8321=ORIENTED_EDGE('',*,*,#7654,.T.) ;
#8322=ORIENTED_EDGE('',*,*,#8231,.T.) ;
#8323=ORIENTED_EDGE('',*,*,#8307,.F.) ;
#8324=ORIENTED_EDGE('',*,*,#8314,.F.) ;
#8325=ORIENTED_EDGE('',*,*,#8319,.F.) ;
#8326=ORIENTED_EDGE('',*,*,#8280,.T.) ;
#8346=ORIENTED_EDGE('',*,*,#8339,.T.) ;
#8347=ORIENTED_EDGE('',*,*,#7751,.T.) ;
#8348=ORIENTED_EDGE('',*,*,#7770,.T.) ;
#8349=ORIENTED_EDGE('',*,*,#8344,.T.) ;
#8350=ORIENTED_EDGE('',*,*,#7698,.T.) ;
#8351=ORIENTED_EDGE('',*,*,#7717,.T.) ;
#8356=ORIENTED_EDGE('',*,*,#8344,.F.) ;
#8357=ORIENTED_EDGE('',*,*,#7765,.T.) ;
#8358=ORIENTED_EDGE('',*,*,#7758,.T.) ;
#8359=ORIENTED_EDGE('',*,*,#8339,.F.) ;
#8360=ORIENTED_EDGE('',*,*,#7712,.T.) ;
#8361=ORIENTED_EDGE('',*,*,#7705,.T.) ;
#8398=ORIENTED_EDGE('',*,*,#8374,.F.) ;
#8399=ORIENTED_EDGE('',*,*,#8381,.F.) ;
#8400=ORIENTED_EDGE('',*,*,#8391,.F.) ;
#8401=ORIENTED_EDGE('',*,*,#8396,.F.) ;
#8430=ORIENTED_EDGE('',*,*,#8418,.T.) ;
#8431=ORIENTED_EDGE('',*,*,#8423,.F.) ;
#8432=ORIENTED_EDGE('',*,*,#8396,.T.) ;
#8433=ORIENTED_EDGE('',*,*,#8428,.F.) ;
#8461=ORIENTED_EDGE('',*,*,#8449,.T.) ;
#8462=ORIENTED_EDGE('',*,*,#8454,.F.) ;
#8463=ORIENTED_EDGE('',*,*,#8381,.T.) ;
#8464=ORIENTED_EDGE('',*,*,#8459,.F.) ;
#8527=ORIENTED_EDGE('',*,*,#8481,.T.) ;
#8528=ORIENTED_EDGE('',*,*,#8488,.F.) ;
#8529=ORIENTED_EDGE('',*,*,#8504,.F.) ;
#8530=ORIENTED_EDGE('',*,*,#8520,.F.) ;
#8531=ORIENTED_EDGE('',*,*,#8525,.F.) ;
#8579=ORIENTED_EDGE('',*,*,#8552,.T.) ;
#8580=ORIENTED_EDGE('',*,*,#8562,.F.) ;
#8581=ORIENTED_EDGE('',*,*,#8572,.F.) ;
#8582=ORIENTED_EDGE('',*,*,#8577,.T.) ;
#8583=ORIENTED_EDGE('',*,*,#8085,.T.) ;
#8584=ORIENTED_EDGE('',*,*,#7826,.T.) ;
#8585=ORIENTED_EDGE('',*,*,#7809,.T.) ;
#8614=ORIENTED_EDGE('',*,*,#8604,.T.) ;
#8615=ORIENTED_EDGE('',*,*,#8504,.T.) ;
#8616=ORIENTED_EDGE('',*,*,#8612,.F.) ;
#8617=ORIENTED_EDGE('',*,*,#8552,.F.) ;
#8618=ORIENTED_EDGE('',*,*,#7804,.T.) ;
#8619=ORIENTED_EDGE('',*,*,#7850,.T.) ;
#8620=ORIENTED_EDGE('',*,*,#8071,.T.) ;
#8639=ORIENTED_EDGE('',*,*,#8637,.T.) ;
#8640=ORIENTED_EDGE('',*,*,#8013,.T.) ;
#8641=ORIENTED_EDGE('',*,*,#7887,.T.) ;
#8682=ORIENTED_EDGE('',*,*,#8577,.F.) ;
#8683=ORIENTED_EDGE('',*,*,#8665,.F.) ;
#8684=ORIENTED_EDGE('',*,*,#8675,.F.) ;
#8685=ORIENTED_EDGE('',*,*,#8680,.T.) ;
#8686=ORIENTED_EDGE('',*,*,#7918,.T.) ;
#8687=ORIENTED_EDGE('',*,*,#7894,.T.) ;
#8688=ORIENTED_EDGE('',*,*,#8005,.T.) ;
#8712=ORIENTED_EDGE('',*,*,#8637,.F.) ;
#8713=ORIENTED_EDGE('',*,*,#7880,.T.) ;
#8714=ORIENTED_EDGE('',*,*,#7930,.T.) ;
#8715=ORIENTED_EDGE('',*,*,#7925,.T.) ;
#8716=ORIENTED_EDGE('',*,*,#8680,.F.) ;
#8717=ORIENTED_EDGE('',*,*,#8710,.F.) ;
#8718=ORIENTED_EDGE('',*,*,#8520,.T.) ;
#8719=ORIENTED_EDGE('',*,*,#8604,.F.) ;
#8720=ORIENTED_EDGE('',*,*,#8027,.T.) ;
#8749=ORIENTED_EDGE('',*,*,#8737,.T.) ;
#8750=ORIENTED_EDGE('',*,*,#8742,.F.) ;
#8751=ORIENTED_EDGE('',*,*,#8665,.T.) ;
#8752=ORIENTED_EDGE('',*,*,#8572,.T.) ;
#8753=ORIENTED_EDGE('',*,*,#8747,.F.) ;
#8776=ORIENTED_EDGE('',*,*,#8762,.F.) ;
#8777=ORIENTED_EDGE('',*,*,#8769,.F.) ;
#8778=ORIENTED_EDGE('',*,*,#8774,.T.) ;
#8779=ORIENTED_EDGE('',*,*,#8202,.T.) ;
#8780=ORIENTED_EDGE('',*,*,#8114,.T.) ;
#8781=ORIENTED_EDGE('',*,*,#8146,.T.) ;
#8782=ORIENTED_EDGE('',*,*,#8173,.T.) ;
#8783=ORIENTED_EDGE('',*,*,#8195,.T.) ;
#8798=ORIENTED_EDGE('',*,*,#8207,.T.) ;
#8799=ORIENTED_EDGE('',*,*,#8791,.T.) ;
#8800=ORIENTED_EDGE('',*,*,#8314,.T.) ;
#8801=ORIENTED_EDGE('',*,*,#8796,.F.) ;
#8825=ORIENTED_EDGE('',*,*,#8285,.T.) ;
#8826=ORIENTED_EDGE('',*,*,#8319,.T.) ;
#8827=ORIENTED_EDGE('',*,*,#8811,.T.) ;
#8828=ORIENTED_EDGE('',*,*,#8818,.F.) ;
#8829=ORIENTED_EDGE('',*,*,#8823,.F.) ;
#8830=ORIENTED_EDGE('',*,*,#8307,.T.) ;
#8831=ORIENTED_EDGE('',*,*,#8226,.T.) ;
#8832=ORIENTED_EDGE('',*,*,#8263,.T.) ;
#8847=ORIENTED_EDGE('',*,*,#8845,.F.) ;
#8848=ORIENTED_EDGE('',*,*,#8459,.T.) ;
#8849=ORIENTED_EDGE('',*,*,#8374,.T.) ;
#8850=ORIENTED_EDGE('',*,*,#8423,.T.) ;
#8878=ORIENTED_EDGE('',*,*,#8864,.F.) ;
#8879=ORIENTED_EDGE('',*,*,#8871,.F.) ;
#8880=ORIENTED_EDGE('',*,*,#8876,.F.) ;
#8881=ORIENTED_EDGE('',*,*,#8418,.F.) ;
#8896=ORIENTED_EDGE('',*,*,#8894,.F.) ;
#8897=ORIENTED_EDGE('',*,*,#8428,.T.) ;
#8898=ORIENTED_EDGE('',*,*,#8391,.T.) ;
#8899=ORIENTED_EDGE('',*,*,#8454,.T.) ;
#8923=ORIENTED_EDGE('',*,*,#8909,.F.) ;
#8924=ORIENTED_EDGE('',*,*,#8916,.F.) ;
#8925=ORIENTED_EDGE('',*,*,#8921,.F.) ;
#8926=ORIENTED_EDGE('',*,*,#8449,.F.) ;
#8941=ORIENTED_EDGE('',*,*,#8562,.T.) ;
#8942=ORIENTED_EDGE('',*,*,#8612,.T.) ;
#8943=ORIENTED_EDGE('',*,*,#8488,.T.) ;
#8944=ORIENTED_EDGE('',*,*,#8939,.F.) ;
#8945=ORIENTED_EDGE('',*,*,#8747,.T.) ;
#8969=ORIENTED_EDGE('',*,*,#8955,.F.) ;
#8970=ORIENTED_EDGE('',*,*,#8962,.F.) ;
#8971=ORIENTED_EDGE('',*,*,#8967,.F.) ;
#8972=ORIENTED_EDGE('',*,*,#8481,.F.) ;
#8987=ORIENTED_EDGE('',*,*,#8710,.T.) ;
#8988=ORIENTED_EDGE('',*,*,#8675,.T.) ;
#8989=ORIENTED_EDGE('',*,*,#8742,.T.) ;
#8990=ORIENTED_EDGE('',*,*,#8985,.F.) ;
#8991=ORIENTED_EDGE('',*,*,#8525,.T.) ;
#9014=ORIENTED_EDGE('',*,*,#9000,.F.) ;
#9015=ORIENTED_EDGE('',*,*,#9007,.F.) ;
#9016=ORIENTED_EDGE('',*,*,#9012,.F.) ;
#9017=ORIENTED_EDGE('',*,*,#8737,.F.) ;
#9046=ORIENTED_EDGE('',*,*,#9034,.T.) ;
#9047=ORIENTED_EDGE('',*,*,#9039,.F.) ;
#9048=ORIENTED_EDGE('',*,*,#8818,.T.) ;
#9049=ORIENTED_EDGE('',*,*,#9044,.T.) ;
#9078=ORIENTED_EDGE('',*,*,#9071,.T.) ;
#9079=ORIENTED_EDGE('',*,*,#9076,.F.) ;
#9080=ORIENTED_EDGE('',*,*,#8762,.T.) ;
#9081=ORIENTED_EDGE('',*,*,#8796,.T.) ;
#9082=ORIENTED_EDGE('',*,*,#8823,.T.) ;
#9083=ORIENTED_EDGE('',*,*,#9039,.T.) ;
#9105=ORIENTED_EDGE('',*,*,#9098,.T.) ;
#9106=ORIENTED_EDGE('',*,*,#9103,.T.) ;
#9107=ORIENTED_EDGE('',*,*,#8769,.T.) ;
#9108=ORIENTED_EDGE('',*,*,#9076,.T.) ;
#9123=ORIENTED_EDGE('',*,*,#8791,.F.) ;
#9124=ORIENTED_EDGE('',*,*,#8774,.F.) ;
#9125=ORIENTED_EDGE('',*,*,#9103,.F.) ;
#9126=ORIENTED_EDGE('',*,*,#9121,.T.) ;
#9127=ORIENTED_EDGE('',*,*,#9044,.F.) ;
#9128=ORIENTED_EDGE('',*,*,#8811,.F.) ;
#9157=ORIENTED_EDGE('',*,*,#9145,.T.) ;
#9158=ORIENTED_EDGE('',*,*,#9150,.F.) ;
#9159=ORIENTED_EDGE('',*,*,#8871,.T.) ;
#9160=ORIENTED_EDGE('',*,*,#9155,.F.) ;
#9182=ORIENTED_EDGE('',*,*,#9175,.T.) ;
#9183=ORIENTED_EDGE('',*,*,#9180,.F.) ;
#9184=ORIENTED_EDGE('',*,*,#8909,.T.) ;
#9185=ORIENTED_EDGE('',*,*,#8845,.T.) ;
#9186=ORIENTED_EDGE('',*,*,#8876,.T.) ;
#9187=ORIENTED_EDGE('',*,*,#9150,.T.) ;
#9209=ORIENTED_EDGE('',*,*,#9202,.T.) ;
#9210=ORIENTED_EDGE('',*,*,#9207,.F.) ;
#9211=ORIENTED_EDGE('',*,*,#8916,.T.) ;
#9212=ORIENTED_EDGE('',*,*,#9180,.T.) ;
#9227=ORIENTED_EDGE('',*,*,#9225,.T.) ;
#9228=ORIENTED_EDGE('',*,*,#9155,.T.) ;
#9229=ORIENTED_EDGE('',*,*,#8864,.T.) ;
#9230=ORIENTED_EDGE('',*,*,#8894,.T.) ;
#9231=ORIENTED_EDGE('',*,*,#8921,.T.) ;
#9232=ORIENTED_EDGE('',*,*,#9207,.T.) ;
#9261=ORIENTED_EDGE('',*,*,#9249,.T.) ;
#9262=ORIENTED_EDGE('',*,*,#9254,.F.) ;
#9263=ORIENTED_EDGE('',*,*,#8962,.T.) ;
#9264=ORIENTED_EDGE('',*,*,#9259,.F.) ;
#9286=ORIENTED_EDGE('',*,*,#8967,.T.) ;
#9287=ORIENTED_EDGE('',*,*,#9254,.T.) ;
#9288=ORIENTED_EDGE('',*,*,#9279,.T.) ;
#9289=ORIENTED_EDGE('',*,*,#9284,.F.) ;
#9290=ORIENTED_EDGE('',*,*,#9000,.T.) ;
#9291=ORIENTED_EDGE('',*,*,#8939,.T.) ;
#9313=ORIENTED_EDGE('',*,*,#9306,.T.) ;
#9314=ORIENTED_EDGE('',*,*,#9311,.F.) ;
#9315=ORIENTED_EDGE('',*,*,#9007,.T.) ;
#9316=ORIENTED_EDGE('',*,*,#9284,.T.) ;
#9331=ORIENTED_EDGE('',*,*,#9012,.T.) ;
#9332=ORIENTED_EDGE('',*,*,#9311,.T.) ;
#9333=ORIENTED_EDGE('',*,*,#9329,.T.) ;
#9334=ORIENTED_EDGE('',*,*,#9259,.T.) ;
#9335=ORIENTED_EDGE('',*,*,#8955,.T.) ;
#9336=ORIENTED_EDGE('',*,*,#8985,.T.) ;
#9374=ORIENTED_EDGE('',*,*,#9353,.F.) ;
#9375=ORIENTED_EDGE('',*,*,#9360,.F.) ;
#9376=ORIENTED_EDGE('',*,*,#9367,.F.) ;
#9377=ORIENTED_EDGE('',*,*,#9372,.F.) ;
#9456=ORIENTED_EDGE('',*,*,#9399,.T.) ;
#9457=ORIENTED_EDGE('',*,*,#9418,.T.) ;
#9458=ORIENTED_EDGE('',*,*,#9437,.T.) ;
#9459=ORIENTED_EDGE('',*,*,#9454,.T.) ;
#9538=ORIENTED_EDGE('',*,*,#9481,.T.) ;
#9539=ORIENTED_EDGE('',*,*,#9500,.T.) ;
#9540=ORIENTED_EDGE('',*,*,#9519,.T.) ;
#9541=ORIENTED_EDGE('',*,*,#9536,.T.) ;
#9620=ORIENTED_EDGE('',*,*,#9563,.T.) ;
#9621=ORIENTED_EDGE('',*,*,#9582,.T.) ;
#9622=ORIENTED_EDGE('',*,*,#9601,.T.) ;
#9623=ORIENTED_EDGE('',*,*,#9618,.T.) ;
#9626=ORIENTED_EDGE('',*,*,#9306,.F.) ;
#9627=ORIENTED_EDGE('',*,*,#9279,.F.) ;
#9628=ORIENTED_EDGE('',*,*,#9249,.F.) ;
#9629=ORIENTED_EDGE('',*,*,#9329,.F.) ;
#9632=ORIENTED_EDGE('',*,*,#9202,.F.) ;
#9633=ORIENTED_EDGE('',*,*,#9175,.F.) ;
#9634=ORIENTED_EDGE('',*,*,#9145,.F.) ;
#9635=ORIENTED_EDGE('',*,*,#9225,.F.) ;
#9714=ORIENTED_EDGE('',*,*,#9657,.T.) ;
#9715=ORIENTED_EDGE('',*,*,#9676,.T.) ;
#9716=ORIENTED_EDGE('',*,*,#9695,.T.) ;
#9717=ORIENTED_EDGE('',*,*,#9712,.T.) ;
#9720=ORIENTED_EDGE('',*,*,#9098,.F.) ;
#9721=ORIENTED_EDGE('',*,*,#9071,.F.) ;
#9722=ORIENTED_EDGE('',*,*,#9034,.F.) ;
#9723=ORIENTED_EDGE('',*,*,#9121,.F.) ;
#9759=ORIENTED_EDGE('',*,*,#9747,.F.) ;
#9760=ORIENTED_EDGE('',*,*,#9752,.F.) ;
#9761=ORIENTED_EDGE('',*,*,#9360,.T.) ;
#9762=ORIENTED_EDGE('',*,*,#9757,.F.) ;
#9784=ORIENTED_EDGE('',*,*,#9777,.F.) ;
#9785=ORIENTED_EDGE('',*,*,#9757,.T.) ;
#9786=ORIENTED_EDGE('',*,*,#9353,.T.) ;
#9787=ORIENTED_EDGE('',*,*,#9782,.F.) ;
#9809=ORIENTED_EDGE('',*,*,#9802,.F.) ;
#9810=ORIENTED_EDGE('',*,*,#9782,.T.) ;
#9811=ORIENTED_EDGE('',*,*,#9372,.T.) ;
#9812=ORIENTED_EDGE('',*,*,#9807,.F.) ;
#9827=ORIENTED_EDGE('',*,*,#9825,.F.) ;
#9828=ORIENTED_EDGE('',*,*,#9807,.T.) ;
#9829=ORIENTED_EDGE('',*,*,#9367,.T.) ;
#9830=ORIENTED_EDGE('',*,*,#9752,.T.) ;
#9869=ORIENTED_EDGE('',*,*,#9563,.F.) ;
#9870=ORIENTED_EDGE('',*,*,#9618,.F.) ;
#9871=ORIENTED_EDGE('',*,*,#9845,.F.) ;
#9872=ORIENTED_EDGE('',*,*,#9852,.F.) ;
#9873=ORIENTED_EDGE('',*,*,#9862,.F.) ;
#9874=ORIENTED_EDGE('',*,*,#9867,.F.) ;
#9894=ORIENTED_EDGE('',*,*,#9601,.F.) ;
#9895=ORIENTED_EDGE('',*,*,#9582,.F.) ;
#9896=ORIENTED_EDGE('',*,*,#9867,.T.) ;
#9897=ORIENTED_EDGE('',*,*,#9887,.F.) ;
#9898=ORIENTED_EDGE('',*,*,#9892,.F.) ;
#9899=ORIENTED_EDGE('',*,*,#9845,.T.) ;
#9938=ORIENTED_EDGE('',*,*,#9481,.F.) ;
#9939=ORIENTED_EDGE('',*,*,#9536,.F.) ;
#9940=ORIENTED_EDGE('',*,*,#9914,.F.) ;
#9941=ORIENTED_EDGE('',*,*,#9921,.F.) ;
#9942=ORIENTED_EDGE('',*,*,#9931,.F.) ;
#9943=ORIENTED_EDGE('',*,*,#9936,.F.) ;
#9963=ORIENTED_EDGE('',*,*,#9519,.F.) ;
#9964=ORIENTED_EDGE('',*,*,#9500,.F.) ;
#9965=ORIENTED_EDGE('',*,*,#9936,.T.) ;
#9966=ORIENTED_EDGE('',*,*,#9956,.F.) ;
#9967=ORIENTED_EDGE('',*,*,#9961,.F.) ;
#9968=ORIENTED_EDGE('',*,*,#9914,.T.) ;
#10007=ORIENTED_EDGE('',*,*,#9399,.F.) ;
#10008=ORIENTED_EDGE('',*,*,#9454,.F.) ;
#10009=ORIENTED_EDGE('',*,*,#9983,.F.) ;
#10010=ORIENTED_EDGE('',*,*,#9990,.F.) ;
#10011=ORIENTED_EDGE('',*,*,#10000,.F.) ;
#10012=ORIENTED_EDGE('',*,*,#10005,.F.) ;
#10032=ORIENTED_EDGE('',*,*,#9437,.F.) ;
#10033=ORIENTED_EDGE('',*,*,#9418,.F.) ;
#10034=ORIENTED_EDGE('',*,*,#10005,.T.) ;
#10035=ORIENTED_EDGE('',*,*,#10025,.F.) ;
#10036=ORIENTED_EDGE('',*,*,#10030,.F.) ;
#10037=ORIENTED_EDGE('',*,*,#9983,.T.) ;
#10076=ORIENTED_EDGE('',*,*,#9657,.F.) ;
#10077=ORIENTED_EDGE('',*,*,#9712,.F.) ;
#10078=ORIENTED_EDGE('',*,*,#10052,.F.) ;
#10079=ORIENTED_EDGE('',*,*,#10059,.F.) ;
#10080=ORIENTED_EDGE('',*,*,#10069,.F.) ;
#10081=ORIENTED_EDGE('',*,*,#10074,.F.) ;
#10101=ORIENTED_EDGE('',*,*,#9695,.F.) ;
#10102=ORIENTED_EDGE('',*,*,#9676,.F.) ;
#10103=ORIENTED_EDGE('',*,*,#10074,.T.) ;
#10104=ORIENTED_EDGE('',*,*,#10094,.F.) ;
#10105=ORIENTED_EDGE('',*,*,#10099,.F.) ;
#10106=ORIENTED_EDGE('',*,*,#10052,.T.) ;
#10135=ORIENTED_EDGE('',*,*,#9747,.T.) ;
#10136=ORIENTED_EDGE('',*,*,#10121,.F.) ;
#10137=ORIENTED_EDGE('',*,*,#10128,.F.) ;
#10138=ORIENTED_EDGE('',*,*,#10133,.F.) ;
#10160=ORIENTED_EDGE('',*,*,#9777,.T.) ;
#10161=ORIENTED_EDGE('',*,*,#10153,.F.) ;
#10162=ORIENTED_EDGE('',*,*,#10158,.F.) ;
#10163=ORIENTED_EDGE('',*,*,#10121,.T.) ;
#10185=ORIENTED_EDGE('',*,*,#9802,.T.) ;
#10186=ORIENTED_EDGE('',*,*,#10178,.F.) ;
#10187=ORIENTED_EDGE('',*,*,#10183,.F.) ;
#10188=ORIENTED_EDGE('',*,*,#10153,.T.) ;
#10203=ORIENTED_EDGE('',*,*,#9825,.T.) ;
#10204=ORIENTED_EDGE('',*,*,#10133,.T.) ;
#10205=ORIENTED_EDGE('',*,*,#10201,.F.) ;
#10206=ORIENTED_EDGE('',*,*,#10178,.T.) ;
#10216=ORIENTED_EDGE('',*,*,#10183,.T.) ;
#10217=ORIENTED_EDGE('',*,*,#10201,.T.) ;
#10218=ORIENTED_EDGE('',*,*,#10128,.T.) ;
#10219=ORIENTED_EDGE('',*,*,#10158,.T.) ;
#10222=ORIENTED_EDGE('',*,*,#10059,.T.) ;
#10223=ORIENTED_EDGE('',*,*,#10099,.T.) ;
#10224=ORIENTED_EDGE('',*,*,#10094,.T.) ;
#10225=ORIENTED_EDGE('',*,*,#10069,.T.) ;
#10228=ORIENTED_EDGE('',*,*,#9990,.T.) ;
#10229=ORIENTED_EDGE('',*,*,#10030,.T.) ;
#10230=ORIENTED_EDGE('',*,*,#10025,.T.) ;
#10231=ORIENTED_EDGE('',*,*,#10000,.T.) ;
#10234=ORIENTED_EDGE('',*,*,#9921,.T.) ;
#10235=ORIENTED_EDGE('',*,*,#9961,.T.) ;
#10236=ORIENTED_EDGE('',*,*,#9956,.T.) ;
#10237=ORIENTED_EDGE('',*,*,#9931,.T.) ;
#10240=ORIENTED_EDGE('',*,*,#9852,.T.) ;
#10241=ORIENTED_EDGE('',*,*,#9892,.T.) ;
#10242=ORIENTED_EDGE('',*,*,#9887,.T.) ;
#10243=ORIENTED_EDGE('',*,*,#9862,.T.) ;
#10319=ORIENTED_EDGE('',*,*,#10268,.F.) ;
#10320=ORIENTED_EDGE('',*,*,#10284,.F.) ;
#10321=ORIENTED_EDGE('',*,*,#10303,.F.) ;
#10322=ORIENTED_EDGE('',*,*,#10317,.F.) ;
#10360=ORIENTED_EDGE('',*,*,#10339,.F.) ;
#10361=ORIENTED_EDGE('',*,*,#10346,.F.) ;
#10362=ORIENTED_EDGE('',*,*,#10353,.F.) ;
#10363=ORIENTED_EDGE('',*,*,#10358,.F.) ;
#10383=ORIENTED_EDGE('',*,*,#10376,.T.) ;
#10384=ORIENTED_EDGE('',*,*,#10268,.T.) ;
#10385=ORIENTED_EDGE('',*,*,#10317,.T.) ;
#10386=ORIENTED_EDGE('',*,*,#10381,.T.) ;
#10387=ORIENTED_EDGE('',*,*,#10339,.T.) ;
#10388=ORIENTED_EDGE('',*,*,#10358,.T.) ;
#10393=ORIENTED_EDGE('',*,*,#10381,.F.) ;
#10394=ORIENTED_EDGE('',*,*,#10303,.T.) ;
#10395=ORIENTED_EDGE('',*,*,#10284,.T.) ;
#10396=ORIENTED_EDGE('',*,*,#10376,.F.) ;
#10397=ORIENTED_EDGE('',*,*,#10353,.T.) ;
#10398=ORIENTED_EDGE('',*,*,#10346,.T.) ;
#10475=ORIENTED_EDGE('',*,*,#10424,.F.) ;
#10476=ORIENTED_EDGE('',*,*,#10440,.F.) ;
#10477=ORIENTED_EDGE('',*,*,#10459,.F.) ;
#10478=ORIENTED_EDGE('',*,*,#10473,.F.) ;
#10511=ORIENTED_EDGE('',*,*,#10490,.F.) ;
#10512=ORIENTED_EDGE('',*,*,#10497,.F.) ;
#10513=ORIENTED_EDGE('',*,*,#10504,.F.) ;
#10514=ORIENTED_EDGE('',*,*,#10509,.F.) ;
#10534=ORIENTED_EDGE('',*,*,#10527,.T.) ;
#10535=ORIENTED_EDGE('',*,*,#10424,.T.) ;
#10536=ORIENTED_EDGE('',*,*,#10473,.T.) ;
#10537=ORIENTED_EDGE('',*,*,#10532,.T.) ;
#10538=ORIENTED_EDGE('',*,*,#10490,.T.) ;
#10539=ORIENTED_EDGE('',*,*,#10509,.T.) ;
#10544=ORIENTED_EDGE('',*,*,#10532,.F.) ;
#10545=ORIENTED_EDGE('',*,*,#10459,.T.) ;
#10546=ORIENTED_EDGE('',*,*,#10440,.T.) ;
#10547=ORIENTED_EDGE('',*,*,#10527,.F.) ;
#10548=ORIENTED_EDGE('',*,*,#10504,.T.) ;
#10549=ORIENTED_EDGE('',*,*,#10497,.T.) ;
#412=FACE_BOUND('',#405,.T.) ;
#663=FACE_BOUND('',#658,.T.) ;
#1172=FACE_BOUND('',#1167,.T.) ;
#2234=FACE_BOUND('',#2229,.T.) ;
#2375=FACE_BOUND('',#2370,.T.) ;
#2618=FACE_BOUND('',#2611,.T.) ;
#2626=FACE_BOUND('',#2619,.T.) ;
#2634=FACE_BOUND('',#2627,.T.) ;
#2681=FACE_BOUND('',#2676,.T.) ;
#2776=FACE_BOUND('',#2771,.T.) ;
#2947=FACE_BOUND('',#2942,.T.) ;
#3029=FACE_BOUND('',#3024,.T.) ;
#3111=FACE_BOUND('',#3106,.T.) ;
#3193=FACE_BOUND('',#3188,.T.) ;
#3268=FACE_BOUND('',#3263,.T.) ;
#3439=FACE_BOUND('',#3434,.T.) ;
#3521=FACE_BOUND('',#3516,.T.) ;
#3603=FACE_BOUND('',#3598,.T.) ;
#3685=FACE_BOUND('',#3680,.T.) ;
#3870=FACE_BOUND('',#3867,.T.) ;
#5524=FACE_BOUND('',#5520,.T.) ;
#5583=FACE_BOUND('',#5578,.T.) ;
#5678=FACE_BOUND('',#5673,.T.) ;
#5684=FACE_BOUND('',#5679,.T.) ;
#5690=FACE_BOUND('',#5685,.T.) ;
#5696=FACE_BOUND('',#5691,.T.) ;
#5702=FACE_BOUND('',#5697,.T.) ;
#5795=FACE_BOUND('',#5790,.T.) ;
#6029=FACE_BOUND('',#6024,.T.) ;
#6035=FACE_BOUND('',#6030,.T.) ;
#6041=FACE_BOUND('',#6036,.T.) ;
#6047=FACE_BOUND('',#6042,.T.) ;
#6053=FACE_BOUND('',#6048,.T.) ;
#6937=FACE_BOUND('',#6930,.T.) ;
#7268=FACE_BOUND('',#7263,.T.) ;
#7390=FACE_BOUND('',#7385,.T.) ;
#7396=FACE_BOUND('',#7391,.T.) ;
#7447=FACE_BOUND('',#7442,.T.) ;
#7453=FACE_BOUND('',#7448,.T.) ;
#7531=FACE_BOUND('',#7526,.T.) ;
#7537=FACE_BOUND('',#7532,.T.) ;
#7608=FACE_BOUND('',#7603,.T.) ;
#7614=FACE_BOUND('',#7609,.T.) ;
#7729=FACE_BOUND('',#7724,.T.) ;
#7776=FACE_BOUND('',#7771,.T.) ;
#8402=FACE_BOUND('',#8397,.T.) ;
#9460=FACE_BOUND('',#9455,.T.) ;
#9542=FACE_BOUND('',#9537,.T.) ;
#9624=FACE_BOUND('',#9619,.T.) ;
#9630=FACE_BOUND('',#9625,.T.) ;
#9636=FACE_BOUND('',#9631,.T.) ;
#9718=FACE_BOUND('',#9713,.T.) ;
#9724=FACE_BOUND('',#9719,.T.) ;
#10226=FACE_BOUND('',#10221,.T.) ;
#10232=FACE_BOUND('',#10227,.T.) ;
#10238=FACE_BOUND('',#10233,.T.) ;
#10244=FACE_BOUND('',#10239,.T.) ;
#25=CLOSED_SHELL('Closed Shell',(#65,#104,#129,#197,#235,#253,#294,#316,#413,#457,#482,#523,#543,#587,#617,#664,#708,#733,#790,#842,#894,#950,#1032,#1070,#1126,#1173,#1220,#1248,#1289,#1311,#1432,#1464,#1489,#1509,#1534,#1559,#1572,#1604,#1629,#1649,#1674,#1699,#1712,#1744,#1769,#1789,#1814,#1839,#1852,#1897,#1928,#1975,#2010,#2051,#2086,#2121,#2235,#2265,#2290,#2313,#2345,#2376,#2404,#2429,#2454,#2479,#2504,#2522,#2635,#2682,#2777,#3194,#3269,#3686,#3711,#3724,#3745,#3765,#3778,#3794,#3871,#3929,#3943,#3988,#4016,#4060,#4090,#4134,#4159,#4203,#4228,#4272,#4297,#4341,#4366,#4413,#4441,#4485,#4510,#4551,#4573,#4617,#4642,#4686,#4711,#4755,#4780,#4824,#4849,#4896,#4924,#4965,#5001,#5037,#5073,#5109,#5145,#5181,#5217,#5259,#5282,#5326,#5351,#5375,#5407,#5451,#5464,#5480,#5525,#5537,#5584,#5703,#5796,#5837,#5859,#5897,#5935,#6054,#6098,#6123,#6167,#6192,#6236,#6261,#6305,#6330,#6374,#6399,#6443,#6468,#6512,#6537,#6581,#6606,#6655,#6704,#6723,#6742,#6786,#6830,#6862,#6898,#6938,#6956,#6983,#7024,#7046,#7090,#7115,#7164,#7194,#7269,#7302,#7328,#7360,#7397,#7415,#7454,#7474,#7506,#7538,#7556,#7583,#7615,#7683,#7730,#7777,#7818,#7860,#7910,#7941,#8036,#8094,#8128,#8155,#8182,#8216,#8245,#8272,#8294,#8328,#8353,#8403,#8435,#8466,#8533,#8587,#8622,#8643,#8690,#8722,#8755,#8785,#8803,#8834,#8852,#8883,#8901,#8928,#8947,#8974,#8993,#9019,#9051,#9085,#9110,#9130,#9162,#9189,#9214,#9234,#9266,#9293,#9318,#9338,#9725,#9764,#9789,#9814,#9832,#9876,#9901,#9945,#9970,#10014,#10039,#10083,#10108,#10140,#10165,#10190,#10208,#10245)) ;
#10402=CLOSED_SHELL('Oriented Closed Shell',(#10324,#10365,#10390,#10400)) ;
#10553=CLOSED_SHELL('Oriented Closed Shell',(#10480,#10516,#10541,#10551)) ;
#65=ADVANCED_FACE('',(#64),#30,.F.) ;
#104=ADVANCED_FACE('',(#103),#78,.T.) ;
#129=ADVANCED_FACE('',(#128),#110,.T.) ;
#197=ADVANCED_FACE('',(#196),#135,.T.) ;
#235=ADVANCED_FACE('',(#234),#135,.T.) ;
#253=ADVANCED_FACE('',(#252),#241,.T.) ;
#294=ADVANCED_FACE('',(#293),#259,.T.) ;
#316=ADVANCED_FACE('',(#315),#259,.T.) ;
#413=ADVANCED_FACE('',(#404,#412),#322,.F.) ;
#457=ADVANCED_FACE('',(#456),#419,.T.) ;
#482=ADVANCED_FACE('',(#481),#419,.T.) ;
#523=ADVANCED_FACE('',(#522),#488,.F.) ;
#543=ADVANCED_FACE('',(#542),#488,.F.) ;
#587=ADVANCED_FACE('',(#586),#549,.T.) ;
#617=ADVANCED_FACE('',(#616),#593,.T.) ;
#664=ADVANCED_FACE('',(#657,#663),#623,.T.) ;
#708=ADVANCED_FACE('',(#707),#670,.F.) ;
#733=ADVANCED_FACE('',(#732),#670,.F.) ;
#790=ADVANCED_FACE('',(#789),#739,.F.) ;
#842=ADVANCED_FACE('',(#841),#739,.F.) ;
#894=ADVANCED_FACE('',(#893),#739,.F.) ;
#950=ADVANCED_FACE('',(#949),#915,.F.) ;
#1032=ADVANCED_FACE('',(#1031),#978,.F.) ;
#1070=ADVANCED_FACE('',(#1069),#1053,.F.) ;
#1126=ADVANCED_FACE('',(#1125),#1091,.F.) ;
#1173=ADVANCED_FACE('',(#1166,#1172),#1132,.F.) ;
#1220=ADVANCED_FACE('',(#1219),#1179,.F.) ;
#1248=ADVANCED_FACE('',(#1247),#1179,.F.) ;
#1289=ADVANCED_FACE('',(#1288),#1254,.F.) ;
#1311=ADVANCED_FACE('',(#1310),#1254,.F.) ;
#1432=ADVANCED_FACE('',(#1431),#1317,.F.) ;
#1464=ADVANCED_FACE('',(#1463),#1438,.F.) ;
#1489=ADVANCED_FACE('',(#1488),#1470,.F.) ;
#1509=ADVANCED_FACE('',(#1508),#1470,.F.) ;
#1534=ADVANCED_FACE('',(#1533),#1515,.F.) ;
#1559=ADVANCED_FACE('',(#1558),#1540,.F.) ;
#1572=ADVANCED_FACE('',(#1571),#1540,.F.) ;
#1604=ADVANCED_FACE('',(#1603),#1578,.F.) ;
#1629=ADVANCED_FACE('',(#1628),#1610,.F.) ;
#1649=ADVANCED_FACE('',(#1648),#1610,.F.) ;
#1674=ADVANCED_FACE('',(#1673),#1655,.F.) ;
#1699=ADVANCED_FACE('',(#1698),#1680,.F.) ;
#1712=ADVANCED_FACE('',(#1711),#1680,.F.) ;
#1744=ADVANCED_FACE('',(#1743),#1718,.F.) ;
#1769=ADVANCED_FACE('',(#1768),#1750,.F.) ;
#1789=ADVANCED_FACE('',(#1788),#1750,.F.) ;
#1814=ADVANCED_FACE('',(#1813),#1795,.F.) ;
#1839=ADVANCED_FACE('',(#1838),#1820,.F.) ;
#1852=ADVANCED_FACE('',(#1851),#1820,.F.) ;
#1897=ADVANCED_FACE('',(#1896),#1863,.F.) ;
#1928=ADVANCED_FACE('',(#1927),#1908,.F.) ;
#1975=ADVANCED_FACE('',(#1974),#1934,.T.) ;
#2010=ADVANCED_FACE('',(#2009),#1934,.T.) ;
#2051=ADVANCED_FACE('',(#2050),#2016,.F.) ;
#2086=ADVANCED_FACE('',(#2085),#2057,.F.) ;
#2121=ADVANCED_FACE('',(#2120),#2092,.F.) ;
#2235=ADVANCED_FACE('',(#2228,#2234),#2127,.T.) ;
#2265=ADVANCED_FACE('',(#2264),#2057,.F.) ;
#2290=ADVANCED_FACE('',(#2289),#2271,.T.) ;
#2313=ADVANCED_FACE('',(#2312),#2092,.F.) ;
#2345=ADVANCED_FACE('',(#2344),#2319,.T.) ;
#2376=ADVANCED_FACE('',(#2369,#2375),#2351,.T.) ;
#2404=ADVANCED_FACE('',(#2403),#2382,.T.) ;
#2429=ADVANCED_FACE('',(#2428),#2410,.T.) ;
#2454=ADVANCED_FACE('',(#2453),#2435,.T.) ;
#2479=ADVANCED_FACE('',(#2478),#2460,.T.) ;
#2504=ADVANCED_FACE('',(#2503),#2485,.T.) ;
#2522=ADVANCED_FACE('',(#2521),#2510,.T.) ;
#2635=ADVANCED_FACE('',(#2610,#2618,#2626,#2634),#2528,.T.) ;
#2682=ADVANCED_FACE('',(#2675,#2681),#2641,.T.) ;
#2777=ADVANCED_FACE('',(#2694,#2776),#2688,.F.) ;
#3194=ADVANCED_FACE('',(#2865,#2947,#3029,#3111,#3193),#2783,.T.) ;
#3269=ADVANCED_FACE('',(#3234,#3268),#3200,.T.) ;
#3686=ADVANCED_FACE('',(#3357,#3439,#3521,#3603,#3685),#3275,.T.) ;
#3711=ADVANCED_FACE('',(#3710),#3692,.T.) ;
#3724=ADVANCED_FACE('',(#3723),#3692,.T.) ;
#3745=ADVANCED_FACE('',(#3744),#3730,.F.) ;
#3765=ADVANCED_FACE('',(#3764),#3692,.T.) ;
#3778=ADVANCED_FACE('',(#3777),#3692,.T.) ;
#3794=ADVANCED_FACE('',(#3793),#3730,.F.) ;
#3871=ADVANCED_FACE('',(#3810,#3870),#3800,.T.) ;
#3929=ADVANCED_FACE('',(#3928),#3877,.T.) ;
#3943=ADVANCED_FACE('',(#3942),#3877,.T.) ;
#3988=ADVANCED_FACE('',(#3987),#3949,.T.) ;
#4016=ADVANCED_FACE('',(#4015),#3949,.T.) ;
#4060=ADVANCED_FACE('',(#4059),#4022,.T.) ;
#4090=ADVANCED_FACE('',(#4089),#4066,.T.) ;
#4134=ADVANCED_FACE('',(#4133),#4096,.F.) ;
#4159=ADVANCED_FACE('',(#4158),#4096,.F.) ;
#4203=ADVANCED_FACE('',(#4202),#4165,.F.) ;
#4228=ADVANCED_FACE('',(#4227),#4165,.F.) ;
#4272=ADVANCED_FACE('',(#4271),#4234,.F.) ;
#4297=ADVANCED_FACE('',(#4296),#4234,.F.) ;
#4341=ADVANCED_FACE('',(#4340),#4303,.F.) ;
#4366=ADVANCED_FACE('',(#4365),#4303,.F.) ;
#4413=ADVANCED_FACE('',(#4412),#4372,.T.) ;
#4441=ADVANCED_FACE('',(#4440),#4372,.T.) ;
#4485=ADVANCED_FACE('',(#4484),#4447,.T.) ;
#4510=ADVANCED_FACE('',(#4509),#4447,.T.) ;
#4551=ADVANCED_FACE('',(#4550),#4516,.T.) ;
#4573=ADVANCED_FACE('',(#4572),#4516,.T.) ;
#4617=ADVANCED_FACE('',(#4616),#4579,.F.) ;
#4642=ADVANCED_FACE('',(#4641),#4579,.F.) ;
#4686=ADVANCED_FACE('',(#4685),#4648,.F.) ;
#4711=ADVANCED_FACE('',(#4710),#4648,.F.) ;
#4755=ADVANCED_FACE('',(#4754),#4717,.F.) ;
#4780=ADVANCED_FACE('',(#4779),#4717,.F.) ;
#4824=ADVANCED_FACE('',(#4823),#4786,.F.) ;
#4849=ADVANCED_FACE('',(#4848),#4786,.F.) ;
#4896=ADVANCED_FACE('',(#4895),#4855,.T.) ;
#4924=ADVANCED_FACE('',(#4923),#4855,.T.) ;
#4965=ADVANCED_FACE('',(#4964),#4930,.T.) ;
#5001=ADVANCED_FACE('',(#5000),#4930,.T.) ;
#5037=ADVANCED_FACE('',(#5036),#4930,.T.) ;
#5073=ADVANCED_FACE('',(#5072),#4930,.T.) ;
#5109=ADVANCED_FACE('',(#5108),#4930,.T.) ;
#5145=ADVANCED_FACE('',(#5144),#4930,.T.) ;
#5181=ADVANCED_FACE('',(#5180),#4930,.T.) ;
#5217=ADVANCED_FACE('',(#5216),#4930,.T.) ;
#5259=ADVANCED_FACE('',(#5258),#5223,.T.) ;
#5282=ADVANCED_FACE('',(#5281),#5223,.T.) ;
#5326=ADVANCED_FACE('',(#5325),#5288,.T.) ;
#5351=ADVANCED_FACE('',(#5350),#5288,.T.) ;
#5375=ADVANCED_FACE('',(#5374),#5357,.T.) ;
#5407=ADVANCED_FACE('',(#5406),#5381,.F.) ;
#5451=ADVANCED_FACE('',(#5450),#5413,.T.) ;
#5464=ADVANCED_FACE('',(#5463),#5413,.T.) ;
#5480=ADVANCED_FACE('',(#5479),#5413,.T.) ;
#5525=ADVANCED_FACE('',(#5519,#5524),#5486,.T.) ;
#5537=ADVANCED_FACE('',(#5536),#5357,.T.) ;
#5584=ADVANCED_FACE('',(#5549,#5583),#5543,.F.) ;
#5703=ADVANCED_FACE('',(#5596,#5678,#5684,#5690,#5696,#5702),#5590,.F.) ;
#5796=ADVANCED_FACE('',(#5789,#5795),#5709,.F.) ;
#5837=ADVANCED_FACE('',(#5836),#5802,.T.) ;
#5859=ADVANCED_FACE('',(#5858),#5802,.T.) ;
#5897=ADVANCED_FACE('',(#5896),#5865,.F.) ;
#5935=ADVANCED_FACE('',(#5934),#5903,.F.) ;
#6054=ADVANCED_FACE('',(#5947,#6029,#6035,#6041,#6047,#6053),#5941,.F.) ;
#6098=ADVANCED_FACE('',(#6097),#6060,.F.) ;
#6123=ADVANCED_FACE('',(#6122),#6060,.F.) ;
#6167=ADVANCED_FACE('',(#6166),#6129,.F.) ;
#6192=ADVANCED_FACE('',(#6191),#6129,.F.) ;
#6236=ADVANCED_FACE('',(#6235),#6198,.F.) ;
#6261=ADVANCED_FACE('',(#6260),#6198,.F.) ;
#6305=ADVANCED_FACE('',(#6304),#6267,.F.) ;
#6330=ADVANCED_FACE('',(#6329),#6267,.F.) ;
#6374=ADVANCED_FACE('',(#6373),#6336,.F.) ;
#6399=ADVANCED_FACE('',(#6398),#6336,.F.) ;
#6443=ADVANCED_FACE('',(#6442),#6405,.F.) ;
#6468=ADVANCED_FACE('',(#6467),#6405,.F.) ;
#6512=ADVANCED_FACE('',(#6511),#6474,.F.) ;
#6537=ADVANCED_FACE('',(#6536),#6474,.F.) ;
#6581=ADVANCED_FACE('',(#6580),#6543,.F.) ;
#6606=ADVANCED_FACE('',(#6605),#6543,.F.) ;
#6655=ADVANCED_FACE('',(#6654),#6612,.F.) ;
#6704=ADVANCED_FACE('',(#6703),#6661,.T.) ;
#6723=ADVANCED_FACE('',(#6722),#5357,.T.) ;
#6742=ADVANCED_FACE('',(#6741),#5357,.T.) ;
#6786=ADVANCED_FACE('',(#6785),#6661,.T.) ;
#6830=ADVANCED_FACE('',(#6829),#6612,.F.) ;
#6862=ADVANCED_FACE('',(#6861),#6836,.T.) ;
#6898=ADVANCED_FACE('',(#6897),#6836,.T.) ;
#6938=ADVANCED_FACE('',(#6910,#6937),#6904,.T.) ;
#6956=ADVANCED_FACE('',(#6955),#6944,.T.) ;
#6983=ADVANCED_FACE('',(#6982),#6944,.T.) ;
#7024=ADVANCED_FACE('',(#7023),#6989,.T.) ;
#7046=ADVANCED_FACE('',(#7045),#6989,.T.) ;
#7090=ADVANCED_FACE('',(#7089),#7052,.T.) ;
#7115=ADVANCED_FACE('',(#7114),#7052,.T.) ;
#7164=ADVANCED_FACE('',(#7163),#7121,.T.) ;
#7194=ADVANCED_FACE('',(#7193),#7121,.T.) ;
#7269=ADVANCED_FACE('',(#7262,#7268),#7200,.F.) ;
#7302=ADVANCED_FACE('',(#7301),#7275,.T.) ;
#7328=ADVANCED_FACE('',(#7327),#7275,.T.) ;
#7360=ADVANCED_FACE('',(#7359),#7334,.T.) ;
#7397=ADVANCED_FACE('',(#7384,#7390,#7396),#7366,.T.) ;
#7415=ADVANCED_FACE('',(#7414),#7403,.T.) ;
#7454=ADVANCED_FACE('',(#7441,#7447,#7453),#7366,.T.) ;
#7474=ADVANCED_FACE('',(#7473),#7334,.T.) ;
#7506=ADVANCED_FACE('',(#7505),#7480,.T.) ;
#7538=ADVANCED_FACE('',(#7525,#7531,#7537),#7366,.T.) ;
#7556=ADVANCED_FACE('',(#7555),#7544,.T.) ;
#7583=ADVANCED_FACE('',(#7582),#7480,.T.) ;
#7615=ADVANCED_FACE('',(#7602,#7608,#7614),#7366,.T.) ;
#7683=ADVANCED_FACE('',(#7682),#7621,.T.) ;
#7730=ADVANCED_FACE('',(#7723,#7729),#7689,.T.) ;
#7777=ADVANCED_FACE('',(#7742,#7776),#7736,.T.) ;
#7818=ADVANCED_FACE('',(#7817),#7783,.T.) ;
#7860=ADVANCED_FACE('',(#7859),#7783,.T.) ;
#7910=ADVANCED_FACE('',(#7909),#7866,.T.) ;
#7941=ADVANCED_FACE('',(#7940),#7866,.T.) ;
#8036=ADVANCED_FACE('',(#8035),#7962,.F.) ;
#8094=ADVANCED_FACE('',(#8093),#8057,.F.) ;
#8128=ADVANCED_FACE('',(#8127),#8100,.F.) ;
#8155=ADVANCED_FACE('',(#8154),#8134,.T.) ;
#8182=ADVANCED_FACE('',(#8181),#8161,.T.) ;
#8216=ADVANCED_FACE('',(#8215),#8188,.T.) ;
#8245=ADVANCED_FACE('',(#8244),#8161,.T.) ;
#8272=ADVANCED_FACE('',(#8271),#8251,.T.) ;
#8294=ADVANCED_FACE('',(#8293),#8100,.F.) ;
#8328=ADVANCED_FACE('',(#8327),#8300,.T.) ;
#8353=ADVANCED_FACE('',(#8352),#8334,.T.) ;
#8403=ADVANCED_FACE('',(#8362,#8402),#8334,.T.) ;
#8435=ADVANCED_FACE('',(#8434),#8409,.T.) ;
#8466=ADVANCED_FACE('',(#8465),#8440,.T.) ;
#8533=ADVANCED_FACE('',(#8532),#8472,.T.) ;
#8587=ADVANCED_FACE('',(#8586),#8545,.F.) ;
#8622=ADVANCED_FACE('',(#8621),#8599,.F.) ;
#8643=ADVANCED_FACE('',(#8642),#8632,.F.) ;
#8690=ADVANCED_FACE('',(#8689),#8655,.F.) ;
#8722=ADVANCED_FACE('',(#8721),#8702,.F.) ;
#8755=ADVANCED_FACE('',(#8754),#8728,.T.) ;
#8785=ADVANCED_FACE('',(#8784),#4930,.F.) ;
#8803=ADVANCED_FACE('',(#8802),#4930,.T.) ;
#8834=ADVANCED_FACE('',(#8833),#4930,.F.) ;
#8852=ADVANCED_FACE('',(#8851),#8840,.T.) ;
#8883=ADVANCED_FACE('',(#8882),#8857,.F.) ;
#8901=ADVANCED_FACE('',(#8900),#8889,.T.) ;
#8928=ADVANCED_FACE('',(#8927),#8857,.F.) ;
#8947=ADVANCED_FACE('',(#8946),#8934,.T.) ;
#8974=ADVANCED_FACE('',(#8973),#8857,.F.) ;
#8993=ADVANCED_FACE('',(#8992),#8980,.T.) ;
#9019=ADVANCED_FACE('',(#9018),#8857,.F.) ;
#9051=ADVANCED_FACE('',(#9050),#9025,.T.) ;
#9085=ADVANCED_FACE('',(#9084),#9064,.T.) ;
#9110=ADVANCED_FACE('',(#9109),#9091,.T.) ;
#9130=ADVANCED_FACE('',(#9129),#9116,.F.) ;
#9162=ADVANCED_FACE('',(#9161),#9136,.T.) ;
#9189=ADVANCED_FACE('',(#9188),#9168,.T.) ;
#9214=ADVANCED_FACE('',(#9213),#9195,.T.) ;
#9234=ADVANCED_FACE('',(#9233),#9220,.T.) ;
#9266=ADVANCED_FACE('',(#9265),#9240,.T.) ;
#9293=ADVANCED_FACE('',(#9292),#9272,.T.) ;
#9318=ADVANCED_FACE('',(#9317),#9299,.T.) ;
#9338=ADVANCED_FACE('',(#9337),#9324,.T.) ;
#9725=ADVANCED_FACE('',(#9378,#9460,#9542,#9624,#9630,#9636,#9718,#9724),#9344,.F.) ;
#9764=ADVANCED_FACE('',(#9763),#9738,.T.) ;
#9789=ADVANCED_FACE('',(#9788),#9770,.T.) ;
#9814=ADVANCED_FACE('',(#9813),#9795,.T.) ;
#9832=ADVANCED_FACE('',(#9831),#9820,.T.) ;
#9876=ADVANCED_FACE('',(#9875),#9838,.F.) ;
#9901=ADVANCED_FACE('',(#9900),#9838,.F.) ;
#9945=ADVANCED_FACE('',(#9944),#9907,.F.) ;
#9970=ADVANCED_FACE('',(#9969),#9907,.F.) ;
#10014=ADVANCED_FACE('',(#10013),#9976,.F.) ;
#10039=ADVANCED_FACE('',(#10038),#9976,.F.) ;
#10083=ADVANCED_FACE('',(#10082),#10045,.F.) ;
#10108=ADVANCED_FACE('',(#10107),#10045,.F.) ;
#10140=ADVANCED_FACE('',(#10139),#10114,.T.) ;
#10165=ADVANCED_FACE('',(#10164),#10146,.T.) ;
#10190=ADVANCED_FACE('',(#10189),#10171,.T.) ;
#10208=ADVANCED_FACE('',(#10207),#10196,.T.) ;
#10245=ADVANCED_FACE('',(#10220,#10226,#10232,#10238,#10244),#10214,.T.) ;
#10324=ADVANCED_FACE('',(#10323),#9344,.T.) ;
#10365=ADVANCED_FACE('',(#10364),#10330,.T.) ;
#10390=ADVANCED_FACE('',(#10389),#10371,.T.) ;
#10400=ADVANCED_FACE('',(#10399),#10371,.T.) ;
#10480=ADVANCED_FACE('',(#10479),#9344,.T.) ;
#10516=ADVANCED_FACE('',(#10515),#10330,.T.) ;
#10541=ADVANCED_FACE('',(#10540),#10522,.T.) ;
#10551=ADVANCED_FACE('',(#10550),#10522,.T.) ;
#4=APPLICATION_PROTOCOL_DEFINITION('international standard','automotive_design',2001,#1) ;
#157=B_SPLINE_CURVE_WITH_KNOTS('',5,(#158,#159,#160,#161,#162,#163),.UNSPECIFIED.,.F.,.U.,(6,6),(-9.62051123141,9.62051123141),.UNSPECIFIED.) ;
#199=B_SPLINE_CURVE_WITH_KNOTS('',5,(#200,#201,#202,#203,#204,#205,#206,#207,#208,#209,#210,#211,#212,#213,#214),.UNSPECIFIED.,.F.,.U.,(6,3,3,3,6),(-22.4427525191,-11.2213762595,0.,11.2213762595,22.4427525191),.UNSPECIFIED.) ;
#323=B_SPLINE_CURVE_WITH_KNOTS('',5,(#324,#325,#326,#327,#328,#329,#330,#331,#332,#333,#334,#335,#336,#337,#338),.UNSPECIFIED.,.F.,.U.,(6,3,3,3,6),(0.,14.7980168399,29.5960336625,44.394050489,50.0471681513),.UNSPECIFIED.) ;
#344=B_SPLINE_CURVE_WITH_KNOTS('',5,(#345,#346,#347,#348,#349,#350,#351,#352,#353,#354,#355,#356,#357,#358,#359),.UNSPECIFIED.,.F.,.U.,(6,3,3,3,6),(50.0471681513,59.192067317,73.9900841421,88.7881009547,100.094373875),.UNSPECIFIED.) ;
#363=B_SPLINE_CURVE_WITH_KNOTS('',5,(#364,#365,#366,#367,#368,#369,#370,#371,#372,#373,#374,#375,#376,#377,#378),.UNSPECIFIED.,.F.,.U.,(6,3,3,3,6),(0.,14.7980168393,29.5960336618,44.394050488,50.0471681503),.UNSPECIFIED.) ;
#382=B_SPLINE_CURVE_WITH_KNOTS('',5,(#383,#384,#385,#386,#387,#388,#389,#390,#391,#392,#393,#394,#395,#396,#397),.UNSPECIFIED.,.F.,.U.,(6,3,3,3,6),(50.0471681503,59.1920673161,73.9900841417,88.7881009559,100.094373877),.UNSPECIFIED.) ;
#427=B_SPLINE_CURVE_WITH_KNOTS('',5,(#428,#429,#430,#431,#432,#433),.UNSPECIFIED.,.F.,.U.,(6,6),(-13.4656515114,13.4656515114),.UNSPECIFIED.) ;
#466=B_SPLINE_CURVE_WITH_KNOTS('',5,(#467,#468,#469,#470,#471,#472),.UNSPECIFIED.,.F.,.U.,(6,6),(-13.4656515114,13.4656515114),.UNSPECIFIED.) ;
#564=B_SPLINE_CURVE_WITH_KNOTS('',5,(#565,#566,#567,#568,#569,#570),.UNSPECIFIED.,.F.,.U.,(6,6),(-17.6944943572,17.6944943572),.UNSPECIFIED.) ;
#601=B_SPLINE_CURVE_WITH_KNOTS('',5,(#602,#603,#604,#605,#606,#607),.UNSPECIFIED.,.F.,.U.,(6,6),(-17.6944943572,17.6944943572),.UNSPECIFIED.) ;
#680=B_SPLINE_CURVE_WITH_KNOTS('',5,(#681,#682,#683,#684,#685,#686),.UNSPECIFIED.,.F.,.U.,(6,6),(-9.63542174819,9.63542174819),.UNSPECIFIED.) ;
#710=B_SPLINE_CURVE_WITH_KNOTS('',5,(#711,#712,#713,#714,#715,#716),.UNSPECIFIED.,.F.,.U.,(6,6),(-9.63542174819,9.63542174819),.UNSPECIFIED.) ;
#896=B_SPLINE_CURVE_WITH_KNOTS('',5,(#897,#898,#899,#900,#901,#902,#903,#904,#905,#906,#907,#908,#909,#910,#911),.UNSPECIFIED.,.F.,.U.,(6,3,3,3,6),(0.,3.98982267006,7.97964534012,11.9694680102,15.9592906802),.UNSPECIFIED.) ;
#959=B_SPLINE_CURVE_WITH_KNOTS('',5,(#960,#961,#962,#963,#964,#965,#966,#967,#968,#969,#970,#971,#972,#973,#974),.UNSPECIFIED.,.F.,.U.,(6,3,3,3,6),(-5.55111512313E-17,3.98982267006,7.97964534012,11.9694680102,15.9592906802),.UNSPECIFIED.) ;
#998=B_SPLINE_CURVE_WITH_KNOTS('',5,(#999,#1000,#1001,#1002,#1003,#1004,#1005,#1006,#1007,#1008,#1009,#1010,#1011,#1012,#1013,#1014,#1015,#1016,#1017,#1018,#1019,#1020,#1021,#1022),.UNSPECIFIED.,.F.,.U.,(6,3,3,3,3,3,3,6),(0.,3.03970367818,6.79222036001,12.5098570397,15.3797088689,22.5383996781,28.1920525517,32.7544786844),.UNSPECIFIED.) ;
#1034=B_SPLINE_CURVE_WITH_KNOTS('',5,(#1035,#1036,#1037,#1038,#1039,#1040,#1041,#1042,#1043,#1044,#1045,#1046,#1047,#1048,#1049),.UNSPECIFIED.,.F.,.U.,(6,3,3,3,6),(15.9592906802,19.9491133503,23.9389360204,27.9287586904,31.9185813605),.UNSPECIFIED.) ;
#1072=B_SPLINE_CURVE_WITH_KNOTS('',5,(#1073,#1074,#1075,#1076,#1077,#1078,#1079,#1080,#1081,#1082,#1083,#1084,#1085,#1086,#1087),.UNSPECIFIED.,.F.,.U.,(6,3,3,3,6),(15.9592906802,19.9491133503,23.9389360204,27.9287586904,31.9185813605),.UNSPECIFIED.) ;
#1092=B_SPLINE_CURVE_WITH_KNOTS('',5,(#1093,#1094,#1095,#1096,#1097,#1098,#1099,#1100,#1101,#1102,#1103,#1104,#1105,#1106,#1107,#1108,#1109,#1110,#1111,#1112,#1113,#1114,#1115,#1116),.UNSPECIFIED.,.F.,.U.,(6,3,3,3,3,3,3,6),(0.,3.03970367812,6.79222035972,12.5098570393,15.3797088684,22.5383996776,28.1920525512,32.7544786841),.UNSPECIFIED.) ;
#1187=B_SPLINE_CURVE_WITH_KNOTS('',5,(#1188,#1189,#1190,#1191,#1192,#1193,#1194,#1195,#1196),.UNSPECIFIED.,.F.,.U.,(6,3,6),(-28.4274865242,1.7763568394E-15,28.4274865242),.UNSPECIFIED.) ;
#1229=B_SPLINE_CURVE_WITH_KNOTS('',5,(#1230,#1231,#1232,#1233,#1234,#1235,#1236,#1237,#1238),.UNSPECIFIED.,.F.,.U.,(6,3,6),(-28.4274865242,1.7763568394E-15,28.4274865242),.UNSPECIFIED.) ;
#1327=B_SPLINE_CURVE_WITH_KNOTS('',5,(#1328,#1329,#1330,#1331,#1332,#1333,#1334,#1335,#1336,#1337,#1338,#1339,#1340,#1341,#1342),.UNSPECIFIED.,.F.,.U.,(6,3,3,3,6),(0.,8.64144218064,17.2828843355,25.9243264908,28.211277236),.UNSPECIFIED.) ;
#1353=B_SPLINE_CURVE_WITH_KNOTS('',5,(#1354,#1355,#1356,#1357,#1358,#1359,#1360,#1361,#1362,#1363,#1364,#1365,#1366,#1367,#1368),.UNSPECIFIED.,.F.,.U.,(6,3,3,3,6),(0.,8.64144217994,17.2828843344,25.9243264896,28.2112772348),.UNSPECIFIED.) ;
#1379=B_SPLINE_CURVE_WITH_KNOTS('',5,(#1380,#1381,#1382,#1383,#1384,#1385,#1386,#1387,#1388,#1389,#1390,#1391,#1392,#1393,#1394),.UNSPECIFIED.,.F.,.U.,(6,3,3,3,6),(0.,8.64144218214,17.2828843382,25.9243264932,28.2112772385),.UNSPECIFIED.) ;
#1405=B_SPLINE_CURVE_WITH_KNOTS('',5,(#1406,#1407,#1408,#1409,#1410,#1411,#1412,#1413,#1414,#1415,#1416,#1417,#1418,#1419,#1420),.UNSPECIFIED.,.F.,.U.,(6,3,3,3,6),(0.,8.64144218042,17.2828843346,25.9243264903,28.2112772355),.UNSPECIFIED.) ;
#1854=B_SPLINE_CURVE_WITH_KNOTS('',4,(#1855,#1856,#1857,#1858,#1859),.UNSPECIFIED.,.F.,.U.,(5,5),(18.4942594261,23.9389360204),.UNSPECIFIED.) ;
#1899=B_SPLINE_CURVE_WITH_KNOTS('',4,(#1900,#1901,#1902,#1903,#1904),.UNSPECIFIED.,.F.,.U.,(5,5),(18.4942594261,23.9389360204),.UNSPECIFIED.) ;
#1949=B_SPLINE_CURVE_WITH_KNOTS('',5,(#1950,#1951,#1952,#1953,#1954,#1955,#1956,#1957,#1958),.UNSPECIFIED.,.F.,.U.,(6,3,6),(-36.3270918627,0.,36.3270918627),.UNSPECIFIED.) ;
#1984=B_SPLINE_CURVE_WITH_KNOTS('',5,(#1985,#1986,#1987,#1988,#1989,#1990,#1991,#1992,#1993),.UNSPECIFIED.,.F.,.U.,(6,3,6),(-36.3270918627,0.,36.3270918627),.UNSPECIFIED.) ;
#2072=B_SPLINE_CURVE_WITH_KNOTS('',5,(#2073,#2074,#2075,#2076,#2077,#2078),.UNSPECIFIED.,.F.,.U.,(6,6),(0.,29.1889825724),.UNSPECIFIED.) ;
#2107=B_SPLINE_CURVE_WITH_KNOTS('',5,(#2108,#2109,#2110,#2111,#2112,#2113),.UNSPECIFIED.,.F.,.U.,(6,6),(0.,29.1889876831),.UNSPECIFIED.) ;
#2128=B_SPLINE_CURVE_WITH_KNOTS('',5,(#2129,#2130,#2131,#2132,#2133,#2134,#2135,#2136,#2137,#2138,#2139,#2140,#2141,#2142,#2143),.UNSPECIFIED.,.F.,.U.,(6,3,3,3,6),(190.400604379,193.98586528,258.647820382,323.309775474,380.801468798),.UNSPECIFIED.) ;
#2147=B_SPLINE_CURVE_WITH_KNOTS('',5,(#2148,#2149,#2150,#2151,#2152,#2153,#2154,#2155,#2156,#2157,#2158,#2159),.UNSPECIFIED.,.F.,.U.,(6,3,3,6),(0.,64.6619550889,129.323910186,190.400604379),.UNSPECIFIED.) ;
#2184=B_SPLINE_CURVE_WITH_KNOTS('',5,(#2185,#2186,#2187,#2188,#2189,#2190,#2191,#2192,#2193,#2194,#2195,#2196,#2197,#2198,#2199),.UNSPECIFIED.,.F.,.U.,(6,3,3,3,6),(190.400604378,193.985865279,258.647820384,323.309775492,380.801468841),.UNSPECIFIED.) ;
#2203=B_SPLINE_CURVE_WITH_KNOTS('',5,(#2204,#2205,#2206,#2207,#2208,#2209,#2210,#2211,#2212,#2213,#2214,#2215),.UNSPECIFIED.,.F.,.U.,(6,3,3,6),(0.,64.6619550893,129.323910186,190.400604378),.UNSPECIFIED.) ;
#2251=B_SPLINE_CURVE_WITH_KNOTS('',5,(#2252,#2253,#2254,#2255,#2256,#2257),.UNSPECIFIED.,.F.,.U.,(6,6),(0.,29.1889876804),.UNSPECIFIED.) ;
#2299=B_SPLINE_CURVE_WITH_KNOTS('',5,(#2300,#2301,#2302,#2303,#2304,#2305),.UNSPECIFIED.,.F.,.U.,(6,6),(0.,29.1889825803),.UNSPECIFIED.) ;
#2390=B_SPLINE_CURVE_WITH_KNOTS('',5,(#2391,#2392,#2393,#2394,#2395,#2396),.UNSPECIFIED.,.F.,.U.,(6,6),(-9.97455667515,9.97455667515),.UNSPECIFIED.) ;
#2529=B_SPLINE_CURVE_WITH_KNOTS('',5,(#2530,#2531,#2532,#2533,#2534,#2535,#2536,#2537,#2538,#2539,#2540,#2541,#2542,#2543,#2544),.UNSPECIFIED.,.F.,.U.,(6,3,3,3,6),(222.218620476,263.314668603,329.143335741,394.972002885,444.437411318),.UNSPECIFIED.) ;
#2550=B_SPLINE_CURVE_WITH_KNOTS('',5,(#2551,#2552,#2553,#2554,#2555,#2556,#2557,#2558,#2559,#2560,#2561,#2562,#2563,#2564,#2565),.UNSPECIFIED.,.F.,.U.,(6,3,3,3,6),(0.,65.828667167,131.657334313,197.486001446,222.218620476),.UNSPECIFIED.) ;
#2569=B_SPLINE_CURVE_WITH_KNOTS('',5,(#2570,#2571,#2572,#2573,#2574,#2575,#2576,#2577,#2578,#2579,#2580,#2581,#2582,#2583,#2584),.UNSPECIFIED.,.F.,.U.,(6,3,3,3,6),(222.21862049,263.314668612,329.143335766,394.972002922,444.437411348),.UNSPECIFIED.) ;
#2588=B_SPLINE_CURVE_WITH_KNOTS('',5,(#2589,#2590,#2591,#2592,#2593,#2594,#2595,#2596,#2597,#2598,#2599,#2600,#2601,#2602,#2603),.UNSPECIFIED.,.F.,.U.,(6,3,3,3,6),(0.,65.8286671543,131.657334314,197.486001461,222.21862049),.UNSPECIFIED.) ;
#2695=B_SPLINE_CURVE_WITH_KNOTS('',5,(#2696,#2697,#2698,#2699,#2700,#2701,#2702,#2703,#2704,#2705,#2706,#2707,#2708,#2709,#2710),.UNSPECIFIED.,.F.,.U.,(6,3,3,3,6),(50.0471681506,59.1920673164,73.9900841417,88.7881009558,100.094373877),.UNSPECIFIED.) ;
#2716=B_SPLINE_CURVE_WITH_KNOTS('',5,(#2717,#2718,#2719,#2720,#2721,#2722,#2723,#2724,#2725,#2726,#2727,#2728,#2729,#2730,#2731),.UNSPECIFIED.,.F.,.U.,(6,3,3,3,6),(0.,14.7980168393,29.5960336618,44.3940504883,50.0471681506),.UNSPECIFIED.) ;
#2735=B_SPLINE_CURVE_WITH_KNOTS('',5,(#2736,#2737,#2738,#2739,#2740,#2741,#2742,#2743,#2744,#2745,#2746,#2747,#2748,#2749,#2750),.UNSPECIFIED.,.F.,.U.,(6,3,3,3,6),(50.0471681521,59.1920673182,73.9900841432,88.7881009564,100.094373877),.UNSPECIFIED.) ;
#2754=B_SPLINE_CURVE_WITH_KNOTS('',5,(#2755,#2756,#2757,#2758,#2759,#2760,#2761,#2762,#2763,#2764,#2765,#2766,#2767,#2768,#2769),.UNSPECIFIED.,.F.,.U.,(6,3,3,3,6),(0.,14.79801684,29.5960336628,44.3940504897,50.0471681521),.UNSPECIFIED.) ;
#2784=B_SPLINE_CURVE_WITH_KNOTS('',5,(#2785,#2786,#2787,#2788,#2789,#2790,#2791,#2792,#2793,#2794,#2795,#2796,#2797,#2798,#2799),.UNSPECIFIED.,.F.,.U.,(6,3,3,3,6),(141.06037576,165.624692667,207.030865827,248.437039013,282.120850917),.UNSPECIFIED.) ;
#2805=B_SPLINE_CURVE_WITH_KNOTS('',5,(#2806,#2807,#2808,#2809,#2810,#2811,#2812,#2813,#2814,#2815,#2816,#2817,#2818,#2819,#2820),.UNSPECIFIED.,.F.,.U.,(6,3,3,3,6),(0.,41.4061731526,82.8123463274,124.218519509,141.06037576),.UNSPECIFIED.) ;
#2824=B_SPLINE_CURVE_WITH_KNOTS('',5,(#2825,#2826,#2827,#2828,#2829,#2830,#2831,#2832,#2833,#2834,#2835,#2836,#2837,#2838,#2839),.UNSPECIFIED.,.F.,.U.,(6,3,3,3,6),(141.060375807,165.624692712,207.030865861,248.437039031,282.120850877),.UNSPECIFIED.) ;
#2843=B_SPLINE_CURVE_WITH_KNOTS('',5,(#2844,#2845,#2846,#2847,#2848,#2849,#2850,#2851,#2852,#2853,#2854,#2855,#2856,#2857,#2858),.UNSPECIFIED.,.F.,.U.,(6,3,3,3,6),(0.,41.4061731969,82.8123463836,124.218519557,141.060375807),.UNSPECIFIED.) ;
#2866=B_SPLINE_CURVE_WITH_KNOTS('',5,(#2867,#2868,#2869,#2870,#2871,#2872,#2873,#2874,#2875,#2876,#2877,#2878,#2879,#2880,#2881),.UNSPECIFIED.,.F.,.U.,(6,3,3,3,6),(0.,4.36458570371,8.7291714205,13.0937571362,14.1060152637),.UNSPECIFIED.) ;
#2887=B_SPLINE_CURVE_WITH_KNOTS('',5,(#2888,#2889,#2890,#2891,#2892,#2893,#2894,#2895,#2896,#2897,#2898,#2899,#2900,#2901,#2902),.UNSPECIFIED.,.F.,.U.,(6,3,3,3,6),(14.1060152637,17.4583428395,21.8229285437,26.1875142737,28.2120365521),.UNSPECIFIED.) ;
#2906=B_SPLINE_CURVE_WITH_KNOTS('',5,(#2907,#2908,#2909,#2910,#2911,#2912,#2913,#2914,#2915,#2916,#2917,#2918,#2919,#2920,#2921),.UNSPECIFIED.,.F.,.U.,(6,3,3,3,6),(0.,4.36458569631,8.7291714,13.0937571001,14.106015229),.UNSPECIFIED.) ;
#2925=B_SPLINE_CURVE_WITH_KNOTS('',5,(#2926,#2927,#2928,#2929,#2930,#2931,#2932,#2933,#2934,#2935,#2936,#2937,#2938,#2939,#2940),.UNSPECIFIED.,.F.,.U.,(6,3,3,3,6),(14.106015229,17.4583428171,21.8229285344,26.1875142348,28.2120364561),.UNSPECIFIED.) ;
#2948=B_SPLINE_CURVE_WITH_KNOTS('',5,(#2949,#2950,#2951,#2952,#2953,#2954,#2955,#2956,#2957,#2958,#2959,#2960,#2961,#2962,#2963),.UNSPECIFIED.,.F.,.U.,(6,3,3,3,6),(0.,4.36458570007,8.72917140649,13.0937571079,14.1060152366),.UNSPECIFIED.) ;
#2969=B_SPLINE_CURVE_WITH_KNOTS('',5,(#2970,#2971,#2972,#2973,#2974,#2975,#2976,#2977,#2978,#2979,#2980,#2981,#2982,#2983,#2984),.UNSPECIFIED.,.F.,.U.,(6,3,3,3,6),(14.1060152366,17.4583428243,21.8229285394,26.1875142625,28.2120365371),.UNSPECIFIED.) ;
#2988=B_SPLINE_CURVE_WITH_KNOTS('',5,(#2989,#2990,#2991,#2992,#2993,#2994,#2995,#2996,#2997,#2998,#2999,#3000,#3001,#3002,#3003),.UNSPECIFIED.,.F.,.U.,(6,3,3,3,6),(0.,4.3645857,8.72917141365,13.0937571281,14.1060152559),.UNSPECIFIED.) ;
#3007=B_SPLINE_CURVE_WITH_KNOTS('',5,(#3008,#3009,#3010,#3011,#3012,#3013,#3014,#3015,#3016,#3017,#3018,#3019,#3020,#3021,#3022),.UNSPECIFIED.,.F.,.U.,(6,3,3,3,6),(14.1060152559,17.4583428318,21.8229285381,26.1875142453,28.2120364703),.UNSPECIFIED.) ;
#3030=B_SPLINE_CURVE_WITH_KNOTS('',5,(#3031,#3032,#3033,#3034,#3035,#3036,#3037,#3038,#3039,#3040,#3041,#3042,#3043,#3044,#3045),.UNSPECIFIED.,.F.,.U.,(6,3,3,3,6),(0.,4.36458574047,8.72917145752,13.0937571537,14.1060152833),.UNSPECIFIED.) ;
#3051=B_SPLINE_CURVE_WITH_KNOTS('',5,(#3052,#3053,#3054,#3055,#3056,#3057,#3058,#3059,#3060,#3061,#3062,#3063,#3064,#3065,#3066),.UNSPECIFIED.,.F.,.U.,(6,3,3,3,6),(14.1060152833,17.4583428721,21.822928596,26.1875143067,28.2120365527),.UNSPECIFIED.) ;
#3070=B_SPLINE_CURVE_WITH_KNOTS('',5,(#3071,#3072,#3073,#3074,#3075,#3076,#3077,#3078,#3079,#3080,#3081,#3082,#3083,#3084,#3085),.UNSPECIFIED.,.F.,.U.,(6,3,3,3,6),(0.,4.36458571467,8.72917143985,13.0937571598,14.1060152867),.UNSPECIFIED.) ;
#3089=B_SPLINE_CURVE_WITH_KNOTS('',5,(#3090,#3091,#3092,#3093,#3094,#3095,#3096,#3097,#3098,#3099,#3100,#3101,#3102,#3103,#3104),.UNSPECIFIED.,.F.,.U.,(6,3,3,3,6),(14.1060152867,17.4583428615,21.8229285588,26.1875142779,28.2120365933),.UNSPECIFIED.) ;
#3112=B_SPLINE_CURVE_WITH_KNOTS('',5,(#3113,#3114,#3115,#3116,#3117,#3118,#3119,#3120,#3121,#3122,#3123,#3124,#3125,#3126,#3127),.UNSPECIFIED.,.F.,.U.,(6,3,3,3,6),(0.,4.36458574413,8.72917147114,13.0937571816,14.1060153101),.UNSPECIFIED.) ;
#3133=B_SPLINE_CURVE_WITH_KNOTS('',5,(#3134,#3135,#3136,#3137,#3138,#3139,#3140,#3141,#3142,#3143,#3144,#3145,#3146,#3147,#3148),.UNSPECIFIED.,.F.,.U.,(6,3,3,3,6),(14.1060153101,17.458342887,21.8229286,26.1875143175,28.2120365672),.UNSPECIFIED.) ;
#3152=B_SPLINE_CURVE_WITH_KNOTS('',5,(#3153,#3154,#3155,#3156,#3157,#3158,#3159,#3160,#3161,#3162,#3163,#3164,#3165,#3166,#3167),.UNSPECIFIED.,.F.,.U.,(6,3,3,3,6),(0.,4.36458571097,8.72917142618,13.0937571317,14.1060152598),.UNSPECIFIED.) ;
#3171=B_SPLINE_CURVE_WITH_KNOTS('',5,(#3172,#3173,#3174,#3175,#3176,#3177,#3178,#3179,#3180,#3181,#3182,#3183,#3184,#3185,#3186),.UNSPECIFIED.,.F.,.U.,(6,3,3,3,6),(14.1060152598,17.4583428468,21.8229285552,26.1875142673,28.212036579),.UNSPECIFIED.) ;
#3276=B_SPLINE_CURVE_WITH_KNOTS('',5,(#3277,#3278,#3279,#3280,#3281,#3282,#3283,#3284,#3285,#3286,#3287,#3288,#3289,#3290,#3291),.UNSPECIFIED.,.F.,.U.,(6,3,3,3,6),(119.901281605,142.518469379,178.148086733,213.777704061,239.802655525),.UNSPECIFIED.) ;
#3297=B_SPLINE_CURVE_WITH_KNOTS('',5,(#3298,#3299,#3300,#3301,#3302,#3303,#3304,#3305,#3306,#3307,#3308,#3309,#3310,#3311,#3312),.UNSPECIFIED.,.F.,.U.,(6,3,3,3,6),(0.,35.6296173498,71.2592346972,106.888852037,119.901281605),.UNSPECIFIED.) ;
#3316=B_SPLINE_CURVE_WITH_KNOTS('',5,(#3317,#3318,#3319,#3320,#3321,#3322,#3323,#3324,#3325,#3326,#3327,#3328,#3329,#3330,#3331),.UNSPECIFIED.,.F.,.U.,(6,3,3,3,6),(119.901281589,142.518469359,178.148086712,213.777704045,239.802655508),.UNSPECIFIED.) ;
#3335=B_SPLINE_CURVE_WITH_KNOTS('',5,(#3336,#3337,#3338,#3339,#3340,#3341,#3342,#3343,#3344,#3345,#3346,#3347,#3348,#3349,#3350),.UNSPECIFIED.,.F.,.U.,(6,3,3,3,6),(0.,35.6296173451,71.2592346875,106.888852023,119.901281589),.UNSPECIFIED.) ;
#3358=B_SPLINE_CURVE_WITH_KNOTS('',5,(#3359,#3360,#3361,#3362,#3363,#3364,#3365,#3366,#3367,#3368,#3369,#3370,#3371,#3372,#3373),.UNSPECIFIED.,.F.,.U.,(6,3,3,3,6),(0.,4.36458573806,8.72917146034,13.0937571696,14.1060152985),.UNSPECIFIED.) ;
#3379=B_SPLINE_CURVE_WITH_KNOTS('',5,(#3380,#3381,#3382,#3383,#3384,#3385,#3386,#3387,#3388,#3389,#3390,#3391,#3392,#3393,#3394),.UNSPECIFIED.,.F.,.U.,(6,3,3,3,6),(14.1060152985,17.4583428766,21.8229285943,26.1875143186,28.2120365828),.UNSPECIFIED.) ;
#3398=B_SPLINE_CURVE_WITH_KNOTS('',5,(#3399,#3400,#3401,#3402,#3403,#3404,#3405,#3406,#3407,#3408,#3409,#3410,#3411,#3412,#3413),.UNSPECIFIED.,.F.,.U.,(6,3,3,3,6),(0.,4.36458571699,8.72917143654,13.0937571438,14.1060152713),.UNSPECIFIED.) ;
#3417=B_SPLINE_CURVE_WITH_KNOTS('',5,(#3418,#3419,#3420,#3421,#3422,#3423,#3424,#3425,#3426,#3427,#3428,#3429,#3430,#3431,#3432),.UNSPECIFIED.,.F.,.U.,(6,3,3,3,6),(14.1060152713,17.4583428569,21.8229285605,26.1875142666,28.2120365637),.UNSPECIFIED.) ;
#3440=B_SPLINE_CURVE_WITH_KNOTS('',5,(#3441,#3442,#3443,#3444,#3445,#3446,#3447,#3448,#3449,#3450,#3451,#3452,#3453,#3454,#3455),.UNSPECIFIED.,.F.,.U.,(6,3,3,3,6),(0.,4.3645857339,8.72917144478,13.0937571379,14.1060152678),.UNSPECIFIED.) ;
#3461=B_SPLINE_CURVE_WITH_KNOTS('',5,(#3462,#3463,#3464,#3465,#3466,#3467,#3468,#3469,#3470,#3471,#3472,#3473,#3474,#3475,#3476),.UNSPECIFIED.,.F.,.U.,(6,3,3,3,6),(14.1060152678,17.4583428566,21.8229285835,26.1875143,28.2120365601),.UNSPECIFIED.) ;
#3480=B_SPLINE_CURVE_WITH_KNOTS('',5,(#3481,#3482,#3483,#3484,#3485,#3486,#3487,#3488,#3489,#3490,#3491,#3492,#3493,#3494,#3495),.UNSPECIFIED.,.F.,.U.,(6,3,3,3,6),(0.,4.36458572114,8.72917145211,13.0937571753,14.1060153019),.UNSPECIFIED.) ;
#3499=B_SPLINE_CURVE_WITH_KNOTS('',5,(#3500,#3501,#3502,#3503,#3504,#3505,#3506,#3507,#3508,#3509,#3510,#3511,#3512,#3513,#3514),.UNSPECIFIED.,.F.,.U.,(6,3,3,3,6),(14.1060153019,17.4583428771,21.8229285716,26.1875142855,28.2120365868),.UNSPECIFIED.) ;
#3522=B_SPLINE_CURVE_WITH_KNOTS('',5,(#3523,#3524,#3525,#3526,#3527,#3528,#3529,#3530,#3531,#3532,#3533,#3534,#3535,#3536,#3537),.UNSPECIFIED.,.F.,.U.,(6,3,3,3,6),(0.,4.36458571727,8.72917143666,13.0937571437,14.1060152713),.UNSPECIFIED.) ;
#3543=B_SPLINE_CURVE_WITH_KNOTS('',5,(#3544,#3545,#3546,#3547,#3548,#3549,#3550,#3551,#3552,#3553,#3554,#3555,#3556,#3557,#3558),.UNSPECIFIED.,.F.,.U.,(6,3,3,3,6),(14.1060152713,17.4583428572,21.8229285609,26.1875142669,28.212036564),.UNSPECIFIED.) ;
#3562=B_SPLINE_CURVE_WITH_KNOTS('',5,(#3563,#3564,#3565,#3566,#3567,#3568,#3569,#3570,#3571,#3572,#3573,#3574,#3575,#3576,#3577),.UNSPECIFIED.,.F.,.U.,(6,3,3,3,6),(0.,4.36458573811,8.72917146095,13.0937571702,14.1060152991),.UNSPECIFIED.) ;
#3581=B_SPLINE_CURVE_WITH_KNOTS('',5,(#3582,#3583,#3584,#3585,#3586,#3587,#3588,#3589,#3590,#3591,#3592,#3593,#3594,#3595,#3596),.UNSPECIFIED.,.F.,.U.,(6,3,3,3,6),(14.1060152991,17.4583428772,21.8229285949,26.1875143186,28.2120365828),.UNSPECIFIED.) ;
#3604=B_SPLINE_CURVE_WITH_KNOTS('',5,(#3605,#3606,#3607,#3608,#3609,#3610,#3611,#3612,#3613,#3614,#3615,#3616,#3617,#3618,#3619),.UNSPECIFIED.,.F.,.U.,(6,3,3,3,6),(0.,4.36458572142,8.7291714522,13.0937571753,14.1060153019),.UNSPECIFIED.) ;
#3625=B_SPLINE_CURVE_WITH_KNOTS('',5,(#3626,#3627,#3628,#3629,#3630,#3631,#3632,#3633,#3634,#3635,#3636,#3637,#3638,#3639,#3640),.UNSPECIFIED.,.F.,.U.,(6,3,3,3,6),(14.1060153019,17.4583428772,21.8229285718,26.1875142854,28.2120365868),.UNSPECIFIED.) ;
#3644=B_SPLINE_CURVE_WITH_KNOTS('',5,(#3645,#3646,#3647,#3648,#3649,#3650,#3651,#3652,#3653,#3654,#3655,#3656,#3657,#3658,#3659),.UNSPECIFIED.,.F.,.U.,(6,3,3,3,6),(0.,4.36458573397,8.72917144541,13.0937571387,14.1060152686),.UNSPECIFIED.) ;
#3663=B_SPLINE_CURVE_WITH_KNOTS('',5,(#3664,#3665,#3666,#3667,#3668,#3669,#3670,#3671,#3672,#3673,#3674,#3675,#3676,#3677,#3678),.UNSPECIFIED.,.F.,.U.,(6,3,3,3,6),(14.1060152686,17.4583428571,21.8229285838,26.1875142998,28.2120365598),.UNSPECIFIED.) ;
#3731=B_SPLINE_CURVE_WITH_KNOTS('',5,(#3732,#3733,#3734,#3735,#3736,#3737),.UNSPECIFIED.,.F.,.U.,(6,6),(0.,22.9103628377),.UNSPECIFIED.) ;
#3780=B_SPLINE_CURVE_WITH_KNOTS('',5,(#3781,#3782,#3783,#3784,#3785,#3786),.UNSPECIFIED.,.F.,.U.,(6,6),(0.,22.910362839),.UNSPECIFIED.) ;
#3811=B_SPLINE_CURVE_WITH_KNOTS('',5,(#3812,#3813,#3814,#3815,#3816,#3817,#3818,#3819,#3820,#3821,#3822,#3823,#3824,#3825,#3826,#3827,#3828,#3829,#3830,#3831,#3832,#3833,#3834,#3835),.UNSPECIFIED.,.F.,.U.,(6,3,3,3,3,3,3,6),(0.,17.974483472,35.9489669726,53.923450476,71.8979339568,89.8724174289,107.846900916,119.61916743),.UNSPECIFIED.) ;
#3841=B_SPLINE_CURVE_WITH_KNOTS('',5,(#3842,#3843,#3844,#3845,#3846,#3847,#3848,#3849,#3850,#3851,#3852,#3853,#3854,#3855,#3856,#3857,#3858,#3859,#3860,#3861,#3862,#3863,#3864,#3865),.UNSPECIFIED.,.F.,.U.,(6,3,3,3,3,3,3,6),(0.,17.9744834726,35.9489669736,53.9234504772,71.8979339571,89.8724174297,107.846900918,119.619167433),.UNSPECIFIED.) ;
#3892=B_SPLINE_CURVE_WITH_KNOTS('',5,(#3893,#3894,#3895,#3896,#3897,#3898,#3899,#3900,#3901,#3902,#3903,#3904),.UNSPECIFIED.,.F.,.U.,(6,3,3,6),(0.,54.5633502202,85.1760945536,127.520551869),.UNSPECIFIED.) ;
#3957=B_SPLINE_CURVE_WITH_KNOTS('',5,(#3958,#3959,#3960,#3961,#3962,#3963,#3964,#3965,#3966,#3967,#3968,#3969,#3970,#3971,#3972),.UNSPECIFIED.,.F.,.U.,(6,3,3,3,6),(0.,16.0616439192,24.1035416075,40.1745065077,53.6206143389),.UNSPECIFIED.) ;
#3990=B_SPLINE_CURVE_WITH_KNOTS('',5,(#3991,#3992,#3993,#3994,#3995,#3996),.UNSPECIFIED.,.F.,.U.,(6,6),(0.,26.8103040769),.UNSPECIFIED.) ;
#4000=B_SPLINE_CURVE_WITH_KNOTS('',5,(#4001,#4002,#4003,#4004,#4005,#4006),.UNSPECIFIED.,.F.,.U.,(6,6),(0.,26.8103062284),.UNSPECIFIED.) ;
#4044=B_SPLINE_CURVE_WITH_KNOTS('',5,(#4045,#4046,#4047,#4048,#4049,#4050),.UNSPECIFIED.,.F.,.U.,(6,6),(-17.6944943572,17.6944943572),.UNSPECIFIED.) ;
#4067=B_SPLINE_CURVE_WITH_KNOTS('',5,(#4068,#4069,#4070,#4071,#4072,#4073),.UNSPECIFIED.,.F.,.U.,(6,6),(-17.6944943572,17.6944943572),.UNSPECIFIED.) ;
#4097=B_SPLINE_CURVE_WITH_KNOTS('',5,(#4098,#4099,#4100,#4101,#4102,#4103),.UNSPECIFIED.,.F.,.U.,(6,6),(-4.98727833757,4.98727833757),.UNSPECIFIED.) ;
#4143=B_SPLINE_CURVE_WITH_KNOTS('',5,(#4144,#4145,#4146,#4147,#4148,#4149),.UNSPECIFIED.,.F.,.U.,(6,6),(-4.98727833757,4.98727833757),.UNSPECIFIED.) ;
#4166=B_SPLINE_CURVE_WITH_KNOTS('',5,(#4167,#4168,#4169,#4170,#4171,#4172),.UNSPECIFIED.,.F.,.U.,(6,6),(-4.98727833757,4.98727833757),.UNSPECIFIED.) ;
#4212=B_SPLINE_CURVE_WITH_KNOTS('',5,(#4213,#4214,#4215,#4216,#4217,#4218),.UNSPECIFIED.,.F.,.U.,(6,6),(-4.98727833757,4.98727833757),.UNSPECIFIED.) ;
#4235=B_SPLINE_CURVE_WITH_KNOTS('',5,(#4236,#4237,#4238,#4239,#4240,#4241),.UNSPECIFIED.,.F.,.U.,(6,6),(-4.98727833757,4.98727833757),.UNSPECIFIED.) ;
#4281=B_SPLINE_CURVE_WITH_KNOTS('',5,(#4282,#4283,#4284,#4285,#4286,#4287),.UNSPECIFIED.,.F.,.U.,(6,6),(-4.98727833757,4.98727833757),.UNSPECIFIED.) ;
#4304=B_SPLINE_CURVE_WITH_KNOTS('',5,(#4305,#4306,#4307,#4308,#4309,#4310),.UNSPECIFIED.,.F.,.U.,(6,6),(-4.98727833757,4.98727833757),.UNSPECIFIED.) ;
#4350=B_SPLINE_CURVE_WITH_KNOTS('',5,(#4351,#4352,#4353,#4354,#4355,#4356),.UNSPECIFIED.,.F.,.U.,(6,6),(-4.98727833757,4.98727833757),.UNSPECIFIED.) ;
#4394=B_SPLINE_CURVE_WITH_KNOTS('',5,(#4395,#4396,#4397,#4398,#4399,#4400,#4401,#4402,#4403),.UNSPECIFIED.,.F.,.U.,(6,3,6),(-49.8727833757,0.,49.8727833757),.UNSPECIFIED.) ;
#4415=B_SPLINE_CURVE_WITH_KNOTS('',5,(#4416,#4417,#4418,#4419,#4420,#4421,#4422,#4423,#4424),.UNSPECIFIED.,.F.,.U.,(6,3,6),(-49.8727833757,0.,49.8727833757),.UNSPECIFIED.) ;
#4469=B_SPLINE_CURVE_WITH_KNOTS('',5,(#4470,#4471,#4472,#4473,#4474,#4475),.UNSPECIFIED.,.F.,.U.,(6,6),(-9.97455667515,9.97455667515),.UNSPECIFIED.) ;
#4487=B_SPLINE_CURVE_WITH_KNOTS('',5,(#4488,#4489,#4490,#4491,#4492,#4493),.UNSPECIFIED.,.F.,.U.,(6,6),(-9.97455667515,9.97455667515),.UNSPECIFIED.) ;
#4580=B_SPLINE_CURVE_WITH_KNOTS('',5,(#4581,#4582,#4583,#4584,#4585,#4586),.UNSPECIFIED.,.F.,.U.,(6,6),(-4.98727833757,4.98727833757),.UNSPECIFIED.) ;
#4626=B_SPLINE_CURVE_WITH_KNOTS('',5,(#4627,#4628,#4629,#4630,#4631,#4632),.UNSPECIFIED.,.F.,.U.,(6,6),(-4.98727833757,4.98727833757),.UNSPECIFIED.) ;
#4649=B_SPLINE_CURVE_WITH_KNOTS('',5,(#4650,#4651,#4652,#4653,#4654,#4655),.UNSPECIFIED.,.F.,.U.,(6,6),(-4.98727833757,4.98727833757),.UNSPECIFIED.) ;
#4695=B_SPLINE_CURVE_WITH_KNOTS('',5,(#4696,#4697,#4698,#4699,#4700,#4701),.UNSPECIFIED.,.F.,.U.,(6,6),(-4.98727833757,4.98727833757),.UNSPECIFIED.) ;
#4718=B_SPLINE_CURVE_WITH_KNOTS('',5,(#4719,#4720,#4721,#4722,#4723,#4724),.UNSPECIFIED.,.F.,.U.,(6,6),(-4.98727833757,4.98727833757),.UNSPECIFIED.) ;
#4764=B_SPLINE_CURVE_WITH_KNOTS('',5,(#4765,#4766,#4767,#4768,#4769,#4770),.UNSPECIFIED.,.F.,.U.,(6,6),(-4.98727833757,4.98727833757),.UNSPECIFIED.) ;
#4787=B_SPLINE_CURVE_WITH_KNOTS('',5,(#4788,#4789,#4790,#4791,#4792,#4793),.UNSPECIFIED.,.F.,.U.,(6,6),(-4.98727833757,4.98727833757),.UNSPECIFIED.) ;
#4833=B_SPLINE_CURVE_WITH_KNOTS('',5,(#4834,#4835,#4836,#4837,#4838,#4839),.UNSPECIFIED.,.F.,.U.,(6,6),(-4.98727833757,4.98727833757),.UNSPECIFIED.) ;
#4877=B_SPLINE_CURVE_WITH_KNOTS('',5,(#4878,#4879,#4880,#4881,#4882,#4883,#4884,#4885,#4886),.UNSPECIFIED.,.F.,.U.,(6,3,6),(-42.3918658694,-3.5527136788E-15,42.3918658694),.UNSPECIFIED.) ;
#4898=B_SPLINE_CURVE_WITH_KNOTS('',5,(#4899,#4900,#4901,#4902,#4903,#4904,#4905,#4906,#4907),.UNSPECIFIED.,.F.,.U.,(6,3,6),(-42.3918658694,-3.5527136788E-15,42.3918658694),.UNSPECIFIED.) ;
#5303=B_SPLINE_CURVE_WITH_KNOTS('',5,(#5304,#5305,#5306,#5307,#5308,#5309,#5310,#5311,#5312,#5313,#5314,#5315,#5316,#5317,#5318),.UNSPECIFIED.,.F.,.U.,(6,3,3,3,6),(0.,31.1605471806,62.2191218463,90.8712390385,119.817641373),.UNSPECIFIED.) ;
#5328=B_SPLINE_CURVE_WITH_KNOTS('',5,(#5329,#5330,#5331,#5332,#5333,#5334,#5335,#5336,#5337,#5338,#5339,#5340,#5341,#5342,#5343),.UNSPECIFIED.,.F.,.U.,(6,3,3,3,6),(0.,31.1605471813,62.2191218464,90.8712390345,119.817641366),.UNSPECIFIED.) ;
#5428=B_SPLINE_CURVE_WITH_KNOTS('',5,(#5429,#5430,#5431,#5432,#5433,#5434,#5435,#5436,#5437,#5438,#5439,#5440,#5441,#5442,#5443),.UNSPECIFIED.,.F.,.U.,(6,3,3,3,6),(-189.516576828,-94.7582884139,-1.42108547152E-14,94.7582884139,189.516576828),.UNSPECIFIED.) ;
#5466=B_SPLINE_CURVE_WITH_KNOTS('',5,(#5467,#5468,#5469,#5470,#5471,#5472),.UNSPECIFIED.,.F.,.U.,(6,6),(-70.4644552705,70.4644552705),.UNSPECIFIED.) ;
#5597=B_SPLINE_CURVE_WITH_KNOTS('',5,(#5598,#5599,#5600,#5601,#5602,#5603,#5604,#5605,#5606,#5607,#5608,#5609,#5610,#5611,#5612),.UNSPECIFIED.,.F.,.U.,(6,3,3,3,6),(53.6027991831,68.0650788153,85.0813485623,102.097618295,107.203224797),.UNSPECIFIED.) ;
#5618=B_SPLINE_CURVE_WITH_KNOTS('',5,(#5619,#5620,#5621,#5622,#5623,#5624,#5625,#5626,#5627,#5628,#5629,#5630,#5631,#5632,#5633),.UNSPECIFIED.,.F.,.U.,(6,3,3,3,6),(0.,17.016269704,34.0325393938,51.0488090985,53.6027991831),.UNSPECIFIED.) ;
#5637=B_SPLINE_CURVE_WITH_KNOTS('',5,(#5638,#5639,#5640,#5641,#5642,#5643,#5644,#5645,#5646,#5647,#5648,#5649,#5650,#5651,#5652),.UNSPECIFIED.,.F.,.U.,(6,3,3,3,6),(53.6027992365,68.0650788646,85.081348583,102.097618299,107.203224801),.UNSPECIFIED.) ;
#5656=B_SPLINE_CURVE_WITH_KNOTS('',5,(#5657,#5658,#5659,#5660,#5661,#5662,#5663,#5664,#5665,#5666,#5667,#5668,#5669,#5670,#5671),.UNSPECIFIED.,.F.,.U.,(6,3,3,3,6),(0.,17.0162697196,34.0325394421,51.0488091515,53.6027992365),.UNSPECIFIED.) ;
#5719=B_SPLINE_CURVE_WITH_KNOTS('',5,(#5720,#5721,#5722,#5723,#5724,#5725,#5726,#5727,#5728),.UNSPECIFIED.,.F.,.U.,(6,3,6),(0.,58.5469897877,110.253075493),.UNSPECIFIED.) ;
#5732=B_SPLINE_CURVE_WITH_KNOTS('',5,(#5733,#5734,#5735,#5736,#5737,#5738,#5739,#5740,#5741,#5742,#5743,#5744),.UNSPECIFIED.,.F.,.U.,(6,3,3,6),(110.253075493,117.093979592,175.640969387,220.506521304),.UNSPECIFIED.) ;
#5755=B_SPLINE_CURVE_WITH_KNOTS('',5,(#5756,#5757,#5758,#5759,#5760,#5761,#5762,#5763,#5764),.UNSPECIFIED.,.F.,.U.,(6,3,6),(0.,58.5469898008,110.253075506),.UNSPECIFIED.) ;
#5768=B_SPLINE_CURVE_WITH_KNOTS('',5,(#5769,#5770,#5771,#5772,#5773,#5774,#5775,#5776,#5777,#5778,#5779,#5780),.UNSPECIFIED.,.F.,.U.,(6,3,3,6),(110.253075506,117.093979606,175.640969394,220.50652129),.UNSPECIFIED.) ;
#5875=B_SPLINE_CURVE_WITH_KNOTS('',5,(#5876,#5877,#5878,#5879,#5880,#5881),.UNSPECIFIED.,.F.,.U.,(6,6),(0.,109.547390112),.UNSPECIFIED.) ;
#5883=B_SPLINE_CURVE_WITH_KNOTS('',5,(#5884,#5885,#5886,#5887,#5888,#5889),.UNSPECIFIED.,.F.,.U.,(6,6),(0.,109.547401851),.UNSPECIFIED.) ;
#5904=B_SPLINE_CURVE_WITH_KNOTS('',5,(#5905,#5906,#5907,#5908,#5909,#5910),.UNSPECIFIED.,.F.,.U.,(6,6),(0.,109.547401898),.UNSPECIFIED.) ;
#5921=B_SPLINE_CURVE_WITH_KNOTS('',5,(#5922,#5923,#5924,#5925,#5926,#5927),.UNSPECIFIED.,.F.,.U.,(6,6),(0.,109.547390063),.UNSPECIFIED.) ;
#5948=B_SPLINE_CURVE_WITH_KNOTS('',5,(#5949,#5950,#5951,#5952,#5953,#5954,#5955,#5956,#5957,#5958,#5959,#5960,#5961,#5962,#5963),.UNSPECIFIED.,.F.,.U.,(6,3,3,3,6),(56.4240602796,69.83337112,87.291713891,104.750056661,112.848145609),.UNSPECIFIED.) ;
#5969=B_SPLINE_CURVE_WITH_KNOTS('',5,(#5970,#5971,#5972,#5973,#5974,#5975,#5976,#5977,#5978,#5979,#5980,#5981,#5982,#5983,#5984),.UNSPECIFIED.,.F.,.U.,(6,3,3,3,6),(0.,17.4583427647,34.9166855327,52.3750283206,56.4240602796),.UNSPECIFIED.) ;
#5988=B_SPLINE_CURVE_WITH_KNOTS('',5,(#5989,#5990,#5991,#5992,#5993,#5994,#5995,#5996,#5997,#5998,#5999,#6000,#6001,#6002,#6003),.UNSPECIFIED.,.F.,.U.,(6,3,3,3,6),(56.4240602469,69.833371055,87.2917138199,104.750056598,112.848145551),.UNSPECIFIED.) ;
#6007=B_SPLINE_CURVE_WITH_KNOTS('',5,(#6008,#6009,#6010,#6011,#6012,#6013,#6014,#6015,#6016,#6017,#6018,#6019,#6020,#6021,#6022),.UNSPECIFIED.,.F.,.U.,(6,3,3,3,6),(0.,17.4583427705,34.9166855348,52.3750282908,56.4240602469),.UNSPECIFIED.) ;
#6061=B_SPLINE_CURVE_WITH_KNOTS('',5,(#6062,#6063,#6064,#6065,#6066,#6067),.UNSPECIFIED.,.F.,.U.,(6,6),(-4.38880493706,4.38880493706),.UNSPECIFIED.) ;
#6107=B_SPLINE_CURVE_WITH_KNOTS('',5,(#6108,#6109,#6110,#6111,#6112,#6113),.UNSPECIFIED.,.F.,.U.,(6,6),(-4.38880493706,4.38880493706),.UNSPECIFIED.) ;
#6130=B_SPLINE_CURVE_WITH_KNOTS('',5,(#6131,#6132,#6133,#6134,#6135,#6136),.UNSPECIFIED.,.F.,.U.,(6,6),(-4.38880493706,4.38880493706),.UNSPECIFIED.) ;
#6176=B_SPLINE_CURVE_WITH_KNOTS('',5,(#6177,#6178,#6179,#6180,#6181,#6182),.UNSPECIFIED.,.F.,.U.,(6,6),(-4.38880493706,4.38880493706),.UNSPECIFIED.) ;
#6199=B_SPLINE_CURVE_WITH_KNOTS('',5,(#6200,#6201,#6202,#6203,#6204,#6205),.UNSPECIFIED.,.F.,.U.,(6,6),(-4.38880493706,4.38880493706),.UNSPECIFIED.) ;
#6245=B_SPLINE_CURVE_WITH_KNOTS('',5,(#6246,#6247,#6248,#6249,#6250,#6251),.UNSPECIFIED.,.F.,.U.,(6,6),(-4.38880493706,4.38880493706),.UNSPECIFIED.) ;
#6268=B_SPLINE_CURVE_WITH_KNOTS('',5,(#6269,#6270,#6271,#6272,#6273,#6274),.UNSPECIFIED.,.F.,.U.,(6,6),(-4.38880493706,4.38880493706),.UNSPECIFIED.) ;
#6314=B_SPLINE_CURVE_WITH_KNOTS('',5,(#6315,#6316,#6317,#6318,#6319,#6320),.UNSPECIFIED.,.F.,.U.,(6,6),(-4.38880493706,4.38880493706),.UNSPECIFIED.) ;
#6337=B_SPLINE_CURVE_WITH_KNOTS('',5,(#6338,#6339,#6340,#6341,#6342,#6343),.UNSPECIFIED.,.F.,.U.,(6,6),(-4.38880493706,4.38880493706),.UNSPECIFIED.) ;
#6383=B_SPLINE_CURVE_WITH_KNOTS('',5,(#6384,#6385,#6386,#6387,#6388,#6389),.UNSPECIFIED.,.F.,.U.,(6,6),(-4.38880493706,4.38880493706),.UNSPECIFIED.) ;
#6406=B_SPLINE_CURVE_WITH_KNOTS('',5,(#6407,#6408,#6409,#6410,#6411,#6412),.UNSPECIFIED.,.F.,.U.,(6,6),(-4.38880493706,4.38880493706),.UNSPECIFIED.) ;
#6452=B_SPLINE_CURVE_WITH_KNOTS('',5,(#6453,#6454,#6455,#6456,#6457,#6458),.UNSPECIFIED.,.F.,.U.,(6,6),(-4.38880493706,4.38880493706),.UNSPECIFIED.) ;
#6475=B_SPLINE_CURVE_WITH_KNOTS('',5,(#6476,#6477,#6478,#6479,#6480,#6481),.UNSPECIFIED.,.F.,.U.,(6,6),(-4.38880493706,4.38880493706),.UNSPECIFIED.) ;
#6521=B_SPLINE_CURVE_WITH_KNOTS('',5,(#6522,#6523,#6524,#6525,#6526,#6527),.UNSPECIFIED.,.F.,.U.,(6,6),(-4.38880493706,4.38880493706),.UNSPECIFIED.) ;
#6544=B_SPLINE_CURVE_WITH_KNOTS('',5,(#6545,#6546,#6547,#6548,#6549,#6550),.UNSPECIFIED.,.F.,.U.,(6,6),(-4.38880493706,4.38880493706),.UNSPECIFIED.) ;
#6590=B_SPLINE_CURVE_WITH_KNOTS('',5,(#6591,#6592,#6593,#6594,#6595,#6596),.UNSPECIFIED.,.F.,.U.,(6,6),(-4.38880493706,4.38880493706),.UNSPECIFIED.) ;
#7074=B_SPLINE_CURVE_WITH_KNOTS('',5,(#7075,#7076,#7077,#7078,#7079,#7080),.UNSPECIFIED.,.F.,.U.,(6,6),(-18.9516576828,18.9516576828),.UNSPECIFIED.) ;
#7092=B_SPLINE_CURVE_WITH_KNOTS('',5,(#7093,#7094,#7095,#7096,#7097,#7098),.UNSPECIFIED.,.F.,.U.,(6,6),(-18.9516576828,18.9516576828),.UNSPECIFIED.) ;
#7201=B_SPLINE_CURVE_WITH_KNOTS('',5,(#7202,#7203,#7204,#7205,#7206,#7207,#7208,#7209,#7210),.UNSPECIFIED.,.F.,.U.,(6,3,6),(0.,66.3418240124,121.85193148),.UNSPECIFIED.) ;
#7214=B_SPLINE_CURVE_WITH_KNOTS('',5,(#7215,#7216,#7217,#7218,#7219,#7220,#7221,#7222,#7223,#7224,#7225,#7226),.UNSPECIFIED.,.F.,.U.,(6,3,3,6),(121.85193148,132.683648,199.025471969,243.704306775),.UNSPECIFIED.) ;
#7228=B_SPLINE_CURVE_WITH_KNOTS('',5,(#7229,#7230,#7231,#7232,#7233,#7234,#7235,#7236,#7237),.UNSPECIFIED.,.F.,.U.,(6,3,6),(0.,66.341823992,121.851931456),.UNSPECIFIED.) ;
#7241=B_SPLINE_CURVE_WITH_KNOTS('',5,(#7242,#7243,#7244,#7245,#7246,#7247,#7248,#7249,#7250,#7251,#7252,#7253),.UNSPECIFIED.,.F.,.U.,(6,3,3,6),(121.851931456,132.683647974,199.025471964,243.704306813),.UNSPECIFIED.) ;
#7304=B_SPLINE_CURVE_WITH_KNOTS('',5,(#7305,#7306,#7307,#7308,#7309,#7310,#7311,#7312,#7313,#7314,#7315,#7316,#7317,#7318,#7319),.UNSPECIFIED.,.F.,.U.,(6,3,3,3,6),(-39.8982267006,-19.9491133503,1.42108547152E-14,19.9491133503,39.8982267006),.UNSPECIFIED.) ;
#7827=B_SPLINE_CURVE_WITH_KNOTS('',5,(#7828,#7829,#7830,#7831,#7832,#7833,#7834,#7835,#7836,#7837,#7838,#7839,#7840,#7841,#7842),.UNSPECIFIED.,.F.,.U.,(6,3,3,3,6),(0.,6.3465239234,9.93896050393,15.7565962938,19.2858585464),.UNSPECIFIED.) ;
#7943=B_SPLINE_CURVE_WITH_KNOTS('',5,(#7944,#7945,#7946,#7947,#7948,#7949,#7950,#7951,#7952,#7953,#7954,#7955,#7956,#7957,#7958),.UNSPECIFIED.,.F.,.U.,(6,3,3,3,6),(0.,19.9491133503,39.8982267006,59.8473400509,79.7964534013),.UNSPECIFIED.) ;
#7977=B_SPLINE_CURVE_WITH_KNOTS('',5,(#7978,#7979,#7980,#7981,#7982,#7983,#7984,#7985,#7986,#7987,#7988,#7989,#7990,#7991,#7992,#7993,#7994,#7995,#7996,#7997,#7998,#7999,#8000,#8001,#8002,#8003,#8004),.UNSPECIFIED.,.F.,.U.,(6,3,3,3,3,3,3,3,6),(0.,11.4213597352,22.8427194704,31.7953373071,40.7479551438,42.4744364766,44.2009178094,44.9431783751,45.6854389409),.UNSPECIFIED.) ;
#8006=B_SPLINE_CURVE_WITH_KNOTS('',3,(#8007,#8008,#8009,#8010),.UNSPECIFIED.,.F.,.U.,(4,4),(0.,4.3739223689),.UNSPECIFIED.) ;
#8014=B_SPLINE_CURVE_WITH_KNOTS('',5,(#8015,#8016,#8017,#8018,#8019,#8020,#8021,#8022,#8023,#8024,#8025,#8026),.UNSPECIFIED.,.F.,.U.,(6,3,3,6),(0.,24.1531723331,40.7630029718,61.1104956244),.UNSPECIFIED.) ;
#8038=B_SPLINE_CURVE_WITH_KNOTS('',5,(#8039,#8040,#8041,#8042,#8043,#8044,#8045,#8046,#8047,#8048,#8049,#8050,#8051,#8052,#8053),.UNSPECIFIED.,.F.,.U.,(6,3,3,3,6),(79.7964534012,99.7455667515,119.694680102,139.643793452,159.592906803),.UNSPECIFIED.) ;
#8058=B_SPLINE_CURVE_WITH_KNOTS('',5,(#8059,#8060,#8061,#8062,#8063,#8064,#8065,#8066,#8067,#8068,#8069,#8070),.UNSPECIFIED.,.F.,.U.,(6,3,3,6),(0.,19.914023784,36.311016795,55.4965669715),.UNSPECIFIED.) ;
#8072=B_SPLINE_CURVE_WITH_KNOTS('',5,(#8073,#8074,#8075,#8076,#8077,#8078,#8079,#8080,#8081,#8082,#8083,#8084),.UNSPECIFIED.,.F.,.U.,(6,3,3,6),(0.,13.8830554658,25.5290304016,52.8101134953),.UNSPECIFIED.) ;
#8363=B_SPLINE_CURVE_WITH_KNOTS('',5,(#8364,#8365,#8366,#8367,#8368,#8369),.UNSPECIFIED.,.F.,.U.,(6,6),(0.,138.526307302),.UNSPECIFIED.) ;
#8382=B_SPLINE_CURVE_WITH_KNOTS('',5,(#8383,#8384,#8385,#8386,#8387,#8388),.UNSPECIFIED.,.F.,.U.,(6,6),(0.,138.526307314),.UNSPECIFIED.) ;
#8489=B_SPLINE_CURVE_WITH_KNOTS('',5,(#8490,#8491,#8492,#8493,#8494,#8495,#8496,#8497,#8498,#8499,#8500,#8501),.UNSPECIFIED.,.F.,.U.,(6,3,3,6),(0.,14.4889994565,28.0556563812,30.3211954679),.UNSPECIFIED.) ;
#8505=B_SPLINE_CURVE_WITH_KNOTS('',5,(#8506,#8507,#8508,#8509,#8510,#8511,#8512,#8513,#8514,#8515,#8516,#8517),.UNSPECIFIED.,.F.,.U.,(6,3,3,6),(0.,13.7452545439,27.1883258995,30.3213494634),.UNSPECIFIED.) ;
#8535=B_SPLINE_CURVE_WITH_KNOTS('',5,(#8536,#8537,#8538,#8539,#8540,#8541),.UNSPECIFIED.,.F.,.U.,(6,6),(0.,33.8496179418),.UNSPECIFIED.) ;
#8553=B_SPLINE_CURVE_WITH_KNOTS('',5,(#8554,#8555,#8556,#8557,#8558,#8559),.UNSPECIFIED.,.F.,.U.,(6,6),(0.,96.7892798202),.UNSPECIFIED.) ;
#8563=B_SPLINE_CURVE_WITH_KNOTS('',5,(#8564,#8565,#8566,#8567,#8568,#8569),.UNSPECIFIED.,.F.,.U.,(6,6),(0.,30.3211954676),.UNSPECIFIED.) ;
#8589=B_SPLINE_CURVE_WITH_KNOTS('',5,(#8590,#8591,#8592,#8593,#8594,#8595),.UNSPECIFIED.,.F.,.U.,(6,6),(-2.22044604925E-16,33.8496179418),.UNSPECIFIED.) ;
#8605=B_SPLINE_CURVE_WITH_KNOTS('',5,(#8606,#8607,#8608,#8609,#8610,#8611),.UNSPECIFIED.,.F.,.U.,(6,6),(0.,96.789063351),.UNSPECIFIED.) ;
#8624=B_SPLINE_CURVE_WITH_KNOTS('',3,(#8625,#8626,#8627,#8628),.UNSPECIFIED.,.F.,.U.,(4,4),(119.694680102,123.119852388),.UNSPECIFIED.) ;
#8645=B_SPLINE_CURVE_WITH_KNOTS('',5,(#8646,#8647,#8648,#8649,#8650,#8651),.UNSPECIFIED.,.F.,.U.,(6,6),(119.694680102,159.592906803),.UNSPECIFIED.) ;
#8656=B_SPLINE_CURVE_WITH_KNOTS('',5,(#8657,#8658,#8659,#8660,#8661,#8662),.UNSPECIFIED.,.F.,.U.,(6,6),(0.,30.3213494646),.UNSPECIFIED.) ;
#8666=B_SPLINE_CURVE_WITH_KNOTS('',5,(#8667,#8668,#8669,#8670,#8671,#8672),.UNSPECIFIED.,.F.,.U.,(6,6),(0.,96.7890633543),.UNSPECIFIED.) ;
#8692=B_SPLINE_CURVE_WITH_KNOTS('',5,(#8693,#8694,#8695,#8696,#8697,#8698),.UNSPECIFIED.,.F.,.U.,(6,6),(119.694680102,159.592906803),.UNSPECIFIED.) ;
#8703=B_SPLINE_CURVE_WITH_KNOTS('',5,(#8704,#8705,#8706,#8707,#8708,#8709),.UNSPECIFIED.,.F.,.U.,(6,6),(0.,96.7892798135),.UNSPECIFIED.) ;
#9379=B_SPLINE_CURVE_WITH_KNOTS('',5,(#9380,#9381,#9382,#9383,#9384,#9385,#9386,#9387,#9388,#9389,#9390,#9391,#9392,#9393,#9394),.UNSPECIFIED.,.F.,.U.,(6,3,3,3,6),(21.1590377091,25.6584388031,32.0730484993,38.4876582029,42.3180892366),.UNSPECIFIED.) ;
#9400=B_SPLINE_CURVE_WITH_KNOTS('',5,(#9401,#9402,#9403,#9404,#9405,#9406,#9407,#9408,#9409,#9410,#9411,#9412,#9413,#9414,#9415),.UNSPECIFIED.,.F.,.U.,(6,3,3,3,6),(0.,6.41460970371,12.8292194225,19.2438291225,21.1590377091),.UNSPECIFIED.) ;
#9419=B_SPLINE_CURVE_WITH_KNOTS('',5,(#9420,#9421,#9422,#9423,#9424,#9425,#9426,#9427,#9428,#9429,#9430,#9431,#9432,#9433,#9434),.UNSPECIFIED.,.F.,.U.,(6,3,3,3,6),(21.1590377528,25.6584388664,32.0730485574,38.4876582438,42.3180892762),.UNSPECIFIED.) ;
#9438=B_SPLINE_CURVE_WITH_KNOTS('',5,(#9439,#9440,#9441,#9442,#9443,#9444,#9445,#9446,#9447,#9448,#9449,#9450,#9451,#9452,#9453),.UNSPECIFIED.,.F.,.U.,(6,3,3,3,6),(0.,6.4146097077,12.8292194407,19.2438291625,21.1590377528),.UNSPECIFIED.) ;
#9461=B_SPLINE_CURVE_WITH_KNOTS('',5,(#9462,#9463,#9464,#9465,#9466,#9467,#9468,#9469,#9470,#9471,#9472,#9473,#9474,#9475,#9476),.UNSPECIFIED.,.F.,.U.,(6,3,3,3,6),(21.1590376943,25.6584388038,32.0730484964,38.4876582045,42.3180892551),.UNSPECIFIED.) ;
#9482=B_SPLINE_CURVE_WITH_KNOTS('',5,(#9483,#9484,#9485,#9486,#9487,#9488,#9489,#9490,#9491,#9492,#9493,#9494,#9495,#9496,#9497),.UNSPECIFIED.,.F.,.U.,(6,3,3,3,6),(0.,6.41460968963,12.829219392,19.2438291043,21.1590376943),.UNSPECIFIED.) ;
#9501=B_SPLINE_CURVE_WITH_KNOTS('',5,(#9502,#9503,#9504,#9505,#9506,#9507,#9508,#9509,#9510,#9511,#9512,#9513,#9514,#9515,#9516),.UNSPECIFIED.,.F.,.U.,(6,3,3,3,6),(21.1590376344,25.6584387578,32.073048452,38.4876581345,42.3180891502),.UNSPECIFIED.) ;
#9520=B_SPLINE_CURVE_WITH_KNOTS('',5,(#9521,#9522,#9523,#9524,#9525,#9526,#9527,#9528,#9529,#9530,#9531,#9532,#9533,#9534,#9535),.UNSPECIFIED.,.F.,.U.,(6,3,3,3,6),(0.,6.4146096851,12.8292193518,19.2438290403,21.1590376344),.UNSPECIFIED.) ;
#9543=B_SPLINE_CURVE_WITH_KNOTS('',5,(#9544,#9545,#9546,#9547,#9548,#9549,#9550,#9551,#9552,#9553,#9554,#9555,#9556,#9557,#9558),.UNSPECIFIED.,.F.,.U.,(6,3,3,3,6),(21.1590376853,25.6584387798,32.0730484823,38.487658196,42.3180892494),.UNSPECIFIED.) ;
#9564=B_SPLINE_CURVE_WITH_KNOTS('',5,(#9565,#9566,#9567,#9568,#9569,#9570,#9571,#9572,#9573,#9574,#9575,#9576,#9577,#9578,#9579),.UNSPECIFIED.,.F.,.U.,(6,3,3,3,6),(0.,6.41460969239,12.8292194023,19.2438290981,21.1590376853),.UNSPECIFIED.) ;
#9583=B_SPLINE_CURVE_WITH_KNOTS('',5,(#9584,#9585,#9586,#9587,#9588,#9589,#9590,#9591,#9592,#9593,#9594,#9595,#9596,#9597,#9598),.UNSPECIFIED.,.F.,.U.,(6,3,3,3,6),(21.1590376853,25.658438799,32.0730484837,38.48765816,42.3180891729),.UNSPECIFIED.) ;
#9602=B_SPLINE_CURVE_WITH_KNOTS('',5,(#9603,#9604,#9605,#9606,#9607,#9608,#9609,#9610,#9611,#9612,#9613,#9614,#9615,#9616,#9617),.UNSPECIFIED.,.F.,.U.,(6,3,3,3,6),(0.,6.41460969078,12.8292193885,19.2438290931,21.1590376853),.UNSPECIFIED.) ;
#9637=B_SPLINE_CURVE_WITH_KNOTS('',5,(#9638,#9639,#9640,#9641,#9642,#9643,#9644,#9645,#9646,#9647,#9648,#9649,#9650,#9651,#9652),.UNSPECIFIED.,.F.,.U.,(6,3,3,3,6),(21.1590377181,25.6584388271,32.0730485134,38.4876582114,42.3180892423),.UNSPECIFIED.) ;
#9658=B_SPLINE_CURVE_WITH_KNOTS('',5,(#9659,#9660,#9661,#9662,#9663,#9664,#9665,#9666,#9667,#9668,#9669,#9670,#9671,#9672,#9673),.UNSPECIFIED.,.F.,.U.,(6,3,3,3,6),(0.,6.41460970095,12.8292194121,19.2438291287,21.1590377181),.UNSPECIFIED.) ;
#9677=B_SPLINE_CURVE_WITH_KNOTS('',5,(#9678,#9679,#9680,#9681,#9682,#9683,#9684,#9685,#9686,#9687,#9688,#9689,#9690,#9691,#9692),.UNSPECIFIED.,.F.,.U.,(6,3,3,3,6),(21.159037705,25.6584388294,32.0730485299,38.4876582225,42.3180892576),.UNSPECIFIED.) ;
#9696=B_SPLINE_CURVE_WITH_KNOTS('',5,(#9697,#9698,#9699,#9700,#9701,#9702,#9703,#9704,#9705,#9706,#9707,#9708,#9709,#9710,#9711),.UNSPECIFIED.,.F.,.U.,(6,3,3,3,6),(0.,6.41460970499,12.8292194069,19.2438291128,21.159037705),.UNSPECIFIED.) ;
#9853=B_SPLINE_CURVE_WITH_KNOTS('',5,(#9854,#9855,#9856,#9857,#9858,#9859),.UNSPECIFIED.,.F.,.U.,(6,6),(-7.48091750636,7.48091750636),.UNSPECIFIED.) ;
#9878=B_SPLINE_CURVE_WITH_KNOTS('',5,(#9879,#9880,#9881,#9882,#9883,#9884),.UNSPECIFIED.,.F.,.U.,(6,6),(-7.48091750636,7.48091750636),.UNSPECIFIED.) ;
#9922=B_SPLINE_CURVE_WITH_KNOTS('',5,(#9923,#9924,#9925,#9926,#9927,#9928),.UNSPECIFIED.,.F.,.U.,(6,6),(-7.48091750636,7.48091750636),.UNSPECIFIED.) ;
#9947=B_SPLINE_CURVE_WITH_KNOTS('',5,(#9948,#9949,#9950,#9951,#9952,#9953),.UNSPECIFIED.,.F.,.U.,(6,6),(-7.48091750636,7.48091750636),.UNSPECIFIED.) ;
#9991=B_SPLINE_CURVE_WITH_KNOTS('',5,(#9992,#9993,#9994,#9995,#9996,#9997),.UNSPECIFIED.,.F.,.U.,(6,6),(-7.48091750636,7.48091750636),.UNSPECIFIED.) ;
#10016=B_SPLINE_CURVE_WITH_KNOTS('',5,(#10017,#10018,#10019,#10020,#10021,#10022),.UNSPECIFIED.,.F.,.U.,(6,6),(-7.48091750636,7.48091750636),.UNSPECIFIED.) ;
#10060=B_SPLINE_CURVE_WITH_KNOTS('',5,(#10061,#10062,#10063,#10064,#10065,#10066),.UNSPECIFIED.,.F.,.U.,(6,6),(-7.48091750636,7.48091750636),.UNSPECIFIED.) ;
#10085=B_SPLINE_CURVE_WITH_KNOTS('',5,(#10086,#10087,#10088,#10089,#10090,#10091),.UNSPECIFIED.,.F.,.U.,(6,6),(-7.48091750636,7.48091750636),.UNSPECIFIED.) ;
#10248=B_SPLINE_CURVE_WITH_KNOTS('',5,(#10249,#10250,#10251,#10252,#10253,#10254,#10255,#10256,#10257,#10258,#10259,#10260,#10261,#10262,#10263),.UNSPECIFIED.,.F.,.U.,(6,3,3,3,6),(1.76323924789,1.85172567507,2.46896758056,3.08620948225,3.52648602404),.UNSPECIFIED.) ;
#10269=B_SPLINE_CURVE_WITH_KNOTS('',5,(#10270,#10271,#10272,#10273,#10274,#10275,#10276,#10277,#10278,#10279,#10280,#10281),.UNSPECIFIED.,.F.,.U.,(6,3,3,6),(0.,0.61724189645,1.23448378586,1.76323924789),.UNSPECIFIED.) ;
#10285=B_SPLINE_CURVE_WITH_KNOTS('',5,(#10286,#10287,#10288,#10289,#10290,#10291,#10292,#10293,#10294,#10295,#10296,#10297,#10298,#10299,#10300),.UNSPECIFIED.,.F.,.U.,(6,3,3,3,6),(1.76323925222,1.85172568007,2.46896756321,3.08620944491,3.52648596731),.UNSPECIFIED.) ;
#10304=B_SPLINE_CURVE_WITH_KNOTS('',5,(#10305,#10306,#10307,#10308,#10309,#10310,#10311,#10312,#10313,#10314,#10315,#10316),.UNSPECIFIED.,.F.,.U.,(6,3,3,6),(0.,0.617241882859,1.23448378418,1.76323925222),.UNSPECIFIED.) ;
#10404=B_SPLINE_CURVE_WITH_KNOTS('',5,(#10405,#10406,#10407,#10408,#10409,#10410,#10411,#10412,#10413,#10414,#10415,#10416,#10417,#10418,#10419),.UNSPECIFIED.,.F.,.U.,(6,3,3,3,6),(1.76323922999,1.8517256566,2.46896756558,3.08620947517,3.52648603089),.UNSPECIFIED.) ;
#10425=B_SPLINE_CURVE_WITH_KNOTS('',5,(#10426,#10427,#10428,#10429,#10430,#10431,#10432,#10433,#10434,#10435,#10436,#10437),.UNSPECIFIED.,.F.,.U.,(6,3,3,6),(0.,0.61724188677,1.23448376936,1.76323922999),.UNSPECIFIED.) ;
#10441=B_SPLINE_CURVE_WITH_KNOTS('',5,(#10442,#10443,#10444,#10445,#10446,#10447,#10448,#10449,#10450,#10451,#10452,#10453,#10454,#10455,#10456),.UNSPECIFIED.,.F.,.U.,(6,3,3,3,6),(1.76323927012,1.85172569854,2.46896758689,3.08620948009,3.52648598856),.UNSPECIFIED.) ;
#10460=B_SPLINE_CURVE_WITH_KNOTS('',5,(#10461,#10462,#10463,#10464,#10465,#10466,#10467,#10468,#10469,#10470,#10471,#10472),.UNSPECIFIED.,.F.,.U.,(6,3,3,6),(0.,0.617241892539,1.23448380069,1.76323927012),.UNSPECIFIED.) ;
#21=BREP_WITH_VOIDS('',#25,(#10247,#10403)) ;
#10247=ORIENTED_CLOSED_SHELL('Oriented Closed Shell',*,#10402,.F.) ;
#10403=ORIENTED_CLOSED_SHELL('Oriented Closed Shell',*,#10553,.F.) ;
#57=CIRCLE('generated circle',#56,14.2874999983) ;
#148=CIRCLE('generated circle',#147,14.2875) ;
#177=CIRCLE('generated circle',#176,14.2875) ;
#184=CIRCLE('generated circle',#183,14.2875) ;
#219=CIRCLE('generated circle',#218,14.2875) ;
#226=CIRCLE('generated circle',#225,14.2875) ;
#270=CIRCLE('generated circle',#269,17.145) ;
#277=CIRCLE('generated circle',#276,17.145) ;
#299=CIRCLE('generated circle',#298,17.145) ;
#306=CIRCLE('generated circle',#305,17.145) ;
#440=CIRCLE('generated circle',#439,17.145) ;
#462=CIRCLE('generated circle',#461,17.145) ;
#492=CIRCLE('generated circle',#491,12.2682) ;
#501=CIRCLE('generated circle',#500,12.2682) ;
#528=CIRCLE('generated circle',#527,12.2682) ;
#535=CIRCLE('generated circle',#534,12.2682) ;
#577=CIRCLE('generated circle',#576,22.5293299397) ;
#597=CIRCLE('generated circle',#596,22.5293299397) ;
#627=CIRCLE('generated circle',#626,36.1950000003) ;
#636=CIRCLE('generated circle',#635,36.1950000003) ;
#643=CIRCLE('generated circle',#642,36.1950000003) ;
#650=CIRCLE('generated circle',#649,36.1950000003) ;
#674=CIRCLE('generated circle',#673,12.2682) ;
#723=CIRCLE('generated circle',#722,12.2682) ;
#743=CIRCLE('generated circle',#742,7.23900000006) ;
#752=CIRCLE('generated circle',#751,7.23900000006) ;
#766=CIRCLE('generated circle',#765,7.23900000006) ;
#773=CIRCLE('generated circle',#772,7.23900000006) ;
#795=CIRCLE('generated circle',#794,7.23900000006) ;
#804=CIRCLE('generated circle',#803,7.23900000006) ;
#818=CIRCLE('generated circle',#817,7.23900000006) ;
#825=CIRCLE('generated circle',#824,7.23900000006) ;
#847=CIRCLE('generated circle',#846,7.23900000006) ;
#856=CIRCLE('generated circle',#855,7.23900000006) ;
#870=CIRCLE('generated circle',#869,7.23900000006) ;
#877=CIRCLE('generated circle',#876,7.23900000006) ;
#919=CIRCLE('generated circle',#918,5.08) ;
#928=CIRCLE('generated circle',#927,15.24) ;
#935=CIRCLE('generated circle',#934,5.08) ;
#942=CIRCLE('generated circle',#941,25.4) ;
#982=CIRCLE('generated circle',#981,25.4) ;
#989=CIRCLE('generated circle',#988,15.24) ;
#994=CIRCLE('generated circle',#993,25.4) ;
#1057=CIRCLE('generated circle',#1056,5.08) ;
#1062=CIRCLE('generated circle',#1061,5.08) ;
#1136=CIRCLE('generated circle',#1135,46.2530899048) ;
#1145=CIRCLE('generated circle',#1144,46.2530899048) ;
#1152=CIRCLE('generated circle',#1151,46.2530899048) ;
#1159=CIRCLE('generated circle',#1158,46.2530899048) ;
#1203=CIRCLE('generated circle',#1202,36.195) ;
#1225=CIRCLE('generated circle',#1224,36.195) ;
#1258=CIRCLE('generated circle',#1257,12.7) ;
#1267=CIRCLE('generated circle',#1266,12.7) ;
#1294=CIRCLE('generated circle',#1293,12.7) ;
#1301=CIRCLE('generated circle',#1300,12.7) ;
#1474=CIRCLE('generated circle',#1473,7.239) ;
#1501=CIRCLE('generated circle',#1500,7.239) ;
#1544=CIRCLE('generated circle',#1543,7.239) ;
#1564=CIRCLE('generated circle',#1563,7.239) ;
#1614=CIRCLE('generated circle',#1613,7.239) ;
#1641=CIRCLE('generated circle',#1640,7.239) ;
#1684=CIRCLE('generated circle',#1683,7.239) ;
#1704=CIRCLE('generated circle',#1703,7.239) ;
#1754=CIRCLE('generated circle',#1753,7.239) ;
#1781=CIRCLE('generated circle',#1780,7.239) ;
#1824=CIRCLE('generated circle',#1823,7.239) ;
#1844=CIRCLE('generated circle',#1843,7.239) ;
#1867=CIRCLE('generated circle',#1866,5.08) ;
#1874=CIRCLE('generated circle',#1873,5.08) ;
#1881=CIRCLE('generated circle',#1880,8.89) ;
#1888=CIRCLE('generated circle',#1887,8.89) ;
#1912=CIRCLE('generated circle',#1911,8.89) ;
#1919=CIRCLE('generated circle',#1918,8.89) ;
#1945=CIRCLE('generated circle',#1944,46.2530899049) ;
#2000=CIRCLE('generated circle',#1999,46.2530899049) ;
#2330=CIRCLE('generated circle',#2329,12.7) ;
#2446=CIRCLE('generated circle',#2445,12.7) ;
#2496=CIRCLE('generated circle',#2495,12.7) ;
#2645=CIRCLE('generated circle',#2644,12.0649999995) ;
#2654=CIRCLE('generated circle',#2653,12.0649999995) ;
#2661=CIRCLE('generated circle',#2660,12.0649999995) ;
#2668=CIRCLE('generated circle',#2667,12.0649999995) ;
#3204=CIRCLE('generated circle',#3203,39.3836782249) ;
#3213=CIRCLE('generated circle',#3212,39.3836782249) ;
#3220=CIRCLE('generated circle',#3219,39.3836782249) ;
#3227=CIRCLE('generated circle',#3226,39.3836782249) ;
#3238=CIRCLE('generated circle',#3237,12.7000000002) ;
#3247=CIRCLE('generated circle',#3246,12.7000000002) ;
#3254=CIRCLE('generated circle',#3253,12.7000000002) ;
#3261=CIRCLE('generated circle',#3260,12.7000000002) ;
#3703=CIRCLE('generated circle',#3702,106.172) ;
#3716=CIRCLE('generated circle',#3715,106.172) ;
#3757=CIRCLE('generated circle',#3756,106.172) ;
#3770=CIRCLE('generated circle',#3769,106.172) ;
#3888=CIRCLE('generated circle',#3887,120.65) ;
#3911=CIRCLE('generated circle',#3910,120.65) ;
#3934=CIRCLE('generated circle',#3933,120.65) ;
#4040=CIRCLE('generated circle',#4039,22.5293299397) ;
#4080=CIRCLE('generated circle',#4079,22.5293299397) ;
#4112=CIRCLE('generated circle',#4111,6.35) ;
#4139=CIRCLE('generated circle',#4138,6.35) ;
#4181=CIRCLE('generated circle',#4180,6.35) ;
#4208=CIRCLE('generated circle',#4207,6.35) ;
#4250=CIRCLE('generated circle',#4249,6.35) ;
#4277=CIRCLE('generated circle',#4276,6.35) ;
#4319=CIRCLE('generated circle',#4318,6.35) ;
#4346=CIRCLE('generated circle',#4345,6.35) ;
#4390=CIRCLE('generated circle',#4389,63.5) ;
#4431=CIRCLE('generated circle',#4430,63.5) ;
#4465=CIRCLE('generated circle',#4464,12.7) ;
#4500=CIRCLE('generated circle',#4499,12.7) ;
#4527=CIRCLE('generated circle',#4526,39.3836782243) ;
#4534=CIRCLE('generated circle',#4533,39.3836782243) ;
#4556=CIRCLE('generated circle',#4555,39.3836782243) ;
#4563=CIRCLE('generated circle',#4562,39.3836782243) ;
#4595=CIRCLE('generated circle',#4594,6.35) ;
#4622=CIRCLE('generated circle',#4621,6.35) ;
#4664=CIRCLE('generated circle',#4663,6.35) ;
#4691=CIRCLE('generated circle',#4690,6.35) ;
#4733=CIRCLE('generated circle',#4732,6.35) ;
#4760=CIRCLE('generated circle',#4759,6.35) ;
#4802=CIRCLE('generated circle',#4801,6.35) ;
#4829=CIRCLE('generated circle',#4828,6.35) ;
#4873=CIRCLE('generated circle',#4872,53.975) ;
#4914=CIRCLE('generated circle',#4913,53.975) ;
#4934=CIRCLE('generated circle',#4933,5.58799999952) ;
#4943=CIRCLE('generated circle',#4942,5.58799999952) ;
#4950=CIRCLE('generated circle',#4949,5.58799999952) ;
#4957=CIRCLE('generated circle',#4956,5.58799999952) ;
#4970=CIRCLE('generated circle',#4969,5.58800000045) ;
#4979=CIRCLE('generated circle',#4978,5.58800000045) ;
#4986=CIRCLE('generated circle',#4985,5.58800000045) ;
#4993=CIRCLE('generated circle',#4992,5.58800000045) ;
#5006=CIRCLE('generated circle',#5005,5.58800000045) ;
#5015=CIRCLE('generated circle',#5014,5.58800000045) ;
#5022=CIRCLE('generated circle',#5021,5.58800000045) ;
#5029=CIRCLE('generated circle',#5028,5.58800000045) ;
#5042=CIRCLE('generated circle',#5041,5.58799999952) ;
#5051=CIRCLE('generated circle',#5050,5.58799999952) ;
#5058=CIRCLE('generated circle',#5057,5.58799999952) ;
#5065=CIRCLE('generated circle',#5064,5.58799999952) ;
#5078=CIRCLE('generated circle',#5077,5.58799999952) ;
#5087=CIRCLE('generated circle',#5086,5.58799999952) ;
#5094=CIRCLE('generated circle',#5093,5.58799999952) ;
#5101=CIRCLE('generated circle',#5100,5.58799999952) ;
#5114=CIRCLE('generated circle',#5113,5.58800000045) ;
#5123=CIRCLE('generated circle',#5122,5.58800000045) ;
#5130=CIRCLE('generated circle',#5129,5.58800000045) ;
#5137=CIRCLE('generated circle',#5136,5.58800000045) ;
#5150=CIRCLE('generated circle',#5149,5.58799999952) ;
#5159=CIRCLE('generated circle',#5158,5.58799999952) ;
#5166=CIRCLE('generated circle',#5165,5.58799999952) ;
#5173=CIRCLE('generated circle',#5172,5.58799999952) ;
#5186=CIRCLE('generated circle',#5185,5.58800000045) ;
#5195=CIRCLE('generated circle',#5194,5.58800000045) ;
#5202=CIRCLE('generated circle',#5201,5.58800000045) ;
#5209=CIRCLE('generated circle',#5208,5.58800000045) ;
#5241=CIRCLE('generated circle',#5240,106.172) ;
#5248=CIRCLE('generated circle',#5247,106.172) ;
#5264=CIRCLE('generated circle',#5263,106.172) ;
#5271=CIRCLE('generated circle',#5270,106.172) ;
#5361=CIRCLE('generated circle',#5360,166.163064447) ;
#5368=CIRCLE('generated circle',#5367,166.163064447) ;
#5456=CIRCLE('generated circle',#5455,120.65) ;
#5497=CIRCLE('generated circle',#5496,166.163064437) ;
#5511=CIRCLE('generated circle',#5510,166.163064437) ;
#5530=CIRCLE('generated circle',#5529,166.163064447) ;
#5553=CIRCLE('generated circle',#5552,12.6999999993) ;
#5562=CIRCLE('generated circle',#5561,12.6999999993) ;
#5569=CIRCLE('generated circle',#5568,12.6999999993) ;
#5576=CIRCLE('generated circle',#5575,12.6999999993) ;
#5813=CIRCLE('generated circle',#5812,57.15) ;
#5820=CIRCLE('generated circle',#5819,57.15) ;
#5842=CIRCLE('generated circle',#5841,57.15) ;
#5849=CIRCLE('generated circle',#5848,57.15) ;
#6076=CIRCLE('generated circle',#6075,5.588) ;
#6103=CIRCLE('generated circle',#6102,5.588) ;
#6145=CIRCLE('generated circle',#6144,5.588) ;
#6172=CIRCLE('generated circle',#6171,5.588) ;
#6214=CIRCLE('generated circle',#6213,5.588) ;
#6241=CIRCLE('generated circle',#6240,5.588) ;
#6283=CIRCLE('generated circle',#6282,5.588) ;
#6310=CIRCLE('generated circle',#6309,5.588) ;
#6352=CIRCLE('generated circle',#6351,5.588) ;
#6379=CIRCLE('generated circle',#6378,5.588) ;
#6421=CIRCLE('generated circle',#6420,5.588) ;
#6448=CIRCLE('generated circle',#6447,5.588) ;
#6490=CIRCLE('generated circle',#6489,5.588) ;
#6517=CIRCLE('generated circle',#6516,5.588) ;
#6559=CIRCLE('generated circle',#6558,5.588) ;
#6586=CIRCLE('generated circle',#6585,5.588) ;
#6639=CIRCLE('generated circle',#6638,166.163064658) ;
#6646=CIRCLE('generated circle',#6645,166.163064183) ;
#6681=CIRCLE('generated circle',#6680,166.163064183) ;
#6688=CIRCLE('generated circle',#6687,166.163064658) ;
#6709=CIRCLE('generated circle',#6708,166.163064447) ;
#6716=CIRCLE('generated circle',#6715,166.163064447) ;
#6728=CIRCLE('generated circle',#6727,166.163064447) ;
#6735=CIRCLE('generated circle',#6734,166.163064447) ;
#6756=CIRCLE('generated circle',#6755,166.163064658) ;
#6763=CIRCLE('generated circle',#6762,166.163064183) ;
#6791=CIRCLE('generated circle',#6790,166.163064658) ;
#6821=CIRCLE('generated circle',#6820,166.163064183) ;
#6852=CIRCLE('generated circle',#6851,166.163064437) ;
#6867=CIRCLE('generated circle',#6866,166.163064437) ;
#6914=CIRCLE('generated circle',#6913,166.163064427) ;
#6921=CIRCLE('generated circle',#6920,166.16306443) ;
#6928=CIRCLE('generated circle',#6927,166.16306443) ;
#7007=CIRCLE('generated circle',#7006,12.7) ;
#7014=CIRCLE('generated circle',#7013,12.7) ;
#7029=CIRCLE('generated circle',#7028,12.7) ;
#7036=CIRCLE('generated circle',#7035,12.7) ;
#7070=CIRCLE('generated circle',#7069,24.13) ;
#7105=CIRCLE('generated circle',#7104,24.13) ;
#7132=CIRCLE('generated circle',#7131,83.68517876) ;
#7139=CIRCLE('generated circle',#7138,83.68517876) ;
#7151=CIRCLE('generated circle',#7150,101.6) ;
#7169=CIRCLE('generated circle',#7168,83.68517876) ;
#7176=CIRCLE('generated circle',#7175,83.68517876) ;
#7181=CIRCLE('generated circle',#7180,101.6) ;
#7286=CIRCLE('generated circle',#7285,25.4) ;
#7625=CIRCLE('generated circle',#7624,166.163064437) ;
#7639=CIRCLE('generated circle',#7638,166.163064437) ;
#7644=CIRCLE('generated circle',#7643,166.163064437) ;
#7658=CIRCLE('generated circle',#7657,166.163064437) ;
#7693=CIRCLE('generated circle',#7692,79.375) ;
#7702=CIRCLE('generated circle',#7701,79.375) ;
#7709=CIRCLE('generated circle',#7708,79.375) ;
#7716=CIRCLE('generated circle',#7715,79.375) ;
#7746=CIRCLE('generated circle',#7745,79.375) ;
#7755=CIRCLE('generated circle',#7754,79.375) ;
#7762=CIRCLE('generated circle',#7761,79.375) ;
#7769=CIRCLE('generated circle',#7768,79.375) ;
#7801=CIRCLE('generated circle',#7800,107.591603317) ;
#7808=CIRCLE('generated circle',#7807,107.591603317) ;
#7823=CIRCLE('generated circle',#7822,107.591603317) ;
#7849=CIRCLE('generated circle',#7848,107.591603317) ;
#7877=CIRCLE('generated circle',#7876,101.6) ;
#7884=CIRCLE('generated circle',#7883,101.6) ;
#7891=CIRCLE('generated circle',#7890,101.6) ;
#7915=CIRCLE('generated circle',#7914,101.6) ;
#7922=CIRCLE('generated circle',#7921,101.6) ;
#7929=CIRCLE('generated circle',#7928,101.6) ;
#7966=CIRCLE('generated circle',#7965,184.15) ;
#7973=CIRCLE('generated circle',#7972,133.35) ;
#8549=CIRCLE('generated circle',#8548,25.4) ;
#8576=CIRCLE('generated circle',#8575,127.) ;
#8603=CIRCLE('generated circle',#8602,127.) ;
#8636=CIRCLE('generated circle',#8635,25.4) ;
#8679=CIRCLE('generated circle',#8678,25.4) ;
#9849=CIRCLE('generated circle',#9848,9.525) ;
#9891=CIRCLE('generated circle',#9890,9.525) ;
#9918=CIRCLE('generated circle',#9917,9.525) ;
#9960=CIRCLE('generated circle',#9959,9.525) ;
#9987=CIRCLE('generated circle',#9986,9.525) ;
#10029=CIRCLE('generated circle',#10028,9.525) ;
#10056=CIRCLE('generated circle',#10055,9.525) ;
#10098=CIRCLE('generated circle',#10097,9.525) ;
#10334=CIRCLE('generated circle',#10333,0.793749999255) ;
#10343=CIRCLE('generated circle',#10342,0.793749999255) ;
#10350=CIRCLE('generated circle',#10349,0.793749999255) ;
#10357=CIRCLE('generated circle',#10356,0.793749999255) ;
#10485=CIRCLE('generated circle',#10484,0.793749999255) ;
#10494=CIRCLE('generated circle',#10493,0.793749999255) ;
#10501=CIRCLE('generated circle',#10500,0.793749999255) ;
#10508=CIRCLE('generated circle',#10507,0.793749999255) ;
#66=COLOUR_RGB('Colour',0.752941176471,0.752941176471,0.752941176471) ;
#951=COLOUR_RGB('Colour',0.,0.501960784314,1.) ;
#9052=COLOUR_RGB('Colour',0.509803921569,0.509803921569,0.588235294118) ;
#259=CONICAL_SURFACE('Cone',#258,17.145,0.422853926133) ;
#488=CONICAL_SURFACE('Cone',#487,12.2681999999,1.0471975512) ;
#1254=CONICAL_SURFACE('Cone',#1253,12.7,0.785398163397) ;
#3692=CONICAL_SURFACE('Cone',#3691,106.172,0.564569393668) ;
#3877=CONICAL_SURFACE('Cone',#3876,120.65,1.0471975512) ;
#5802=CONICAL_SURFACE('Cone',#5801,57.15,0.436332312999) ;
#7121=CONICAL_SURFACE('Cone',#7120,101.6,0.174532925199) ;
#7783=CONICAL_SURFACE('Cone',#7782,107.591603317,1.33266212369) ;
#73=OVER_RIDING_STYLED_ITEM(' ',(#72),#65,#23) ;
#105=OVER_RIDING_STYLED_ITEM(' ',(#72),#104,#23) ;
#130=OVER_RIDING_STYLED_ITEM(' ',(#72),#129,#23) ;
#198=OVER_RIDING_STYLED_ITEM(' ',(#72),#197,#23) ;
#236=OVER_RIDING_STYLED_ITEM(' ',(#72),#235,#23) ;
#254=OVER_RIDING_STYLED_ITEM(' ',(#72),#253,#23) ;
#295=OVER_RIDING_STYLED_ITEM(' ',(#72),#294,#23) ;
#317=OVER_RIDING_STYLED_ITEM(' ',(#72),#316,#23) ;
#414=OVER_RIDING_STYLED_ITEM(' ',(#72),#413,#23) ;
#458=OVER_RIDING_STYLED_ITEM(' ',(#72),#457,#23) ;
#483=OVER_RIDING_STYLED_ITEM(' ',(#72),#482,#23) ;
#524=OVER_RIDING_STYLED_ITEM(' ',(#72),#523,#23) ;
#544=OVER_RIDING_STYLED_ITEM(' ',(#72),#543,#23) ;
#588=OVER_RIDING_STYLED_ITEM(' ',(#72),#587,#23) ;
#618=OVER_RIDING_STYLED_ITEM(' ',(#72),#617,#23) ;
#665=OVER_RIDING_STYLED_ITEM(' ',(#72),#664,#23) ;
#709=OVER_RIDING_STYLED_ITEM(' ',(#72),#708,#23) ;
#734=OVER_RIDING_STYLED_ITEM(' ',(#72),#733,#23) ;
#791=OVER_RIDING_STYLED_ITEM(' ',(#72),#790,#23) ;
#843=OVER_RIDING_STYLED_ITEM(' ',(#72),#842,#23) ;
#895=OVER_RIDING_STYLED_ITEM(' ',(#72),#894,#23) ;
#958=OVER_RIDING_STYLED_ITEM(' ',(#957),#950,#23) ;
#1033=OVER_RIDING_STYLED_ITEM(' ',(#957),#1032,#23) ;
#1071=OVER_RIDING_STYLED_ITEM(' ',(#957),#1070,#23) ;
#1127=OVER_RIDING_STYLED_ITEM(' ',(#957),#1126,#23) ;
#1174=OVER_RIDING_STYLED_ITEM(' ',(#72),#1173,#23) ;
#1221=OVER_RIDING_STYLED_ITEM(' ',(#72),#1220,#23) ;
#1249=OVER_RIDING_STYLED_ITEM(' ',(#72),#1248,#23) ;
#1290=OVER_RIDING_STYLED_ITEM(' ',(#72),#1289,#23) ;
#1312=OVER_RIDING_STYLED_ITEM(' ',(#72),#1311,#23) ;
#1433=OVER_RIDING_STYLED_ITEM(' ',(#957),#1432,#23) ;
#1465=OVER_RIDING_STYLED_ITEM(' ',(#72),#1464,#23) ;
#1490=OVER_RIDING_STYLED_ITEM(' ',(#72),#1489,#23) ;
#1510=OVER_RIDING_STYLED_ITEM(' ',(#72),#1509,#23) ;
#1535=OVER_RIDING_STYLED_ITEM(' ',(#72),#1534,#23) ;
#1560=OVER_RIDING_STYLED_ITEM(' ',(#72),#1559,#23) ;
#1573=OVER_RIDING_STYLED_ITEM(' ',(#72),#1572,#23) ;
#1605=OVER_RIDING_STYLED_ITEM(' ',(#72),#1604,#23) ;
#1630=OVER_RIDING_STYLED_ITEM(' ',(#72),#1629,#23) ;
#1650=OVER_RIDING_STYLED_ITEM(' ',(#72),#1649,#23) ;
#1675=OVER_RIDING_STYLED_ITEM(' ',(#72),#1674,#23) ;
#1700=OVER_RIDING_STYLED_ITEM(' ',(#72),#1699,#23) ;
#1713=OVER_RIDING_STYLED_ITEM(' ',(#72),#1712,#23) ;
#1745=OVER_RIDING_STYLED_ITEM(' ',(#72),#1744,#23) ;
#1770=OVER_RIDING_STYLED_ITEM(' ',(#72),#1769,#23) ;
#1790=OVER_RIDING_STYLED_ITEM(' ',(#72),#1789,#23) ;
#1815=OVER_RIDING_STYLED_ITEM(' ',(#72),#1814,#23) ;
#1840=OVER_RIDING_STYLED_ITEM(' ',(#72),#1839,#23) ;
#1853=OVER_RIDING_STYLED_ITEM(' ',(#72),#1852,#23) ;
#1898=OVER_RIDING_STYLED_ITEM(' ',(#72),#1897,#23) ;
#1929=OVER_RIDING_STYLED_ITEM(' ',(#72),#1928,#23) ;
#1983=OVER_RIDING_STYLED_ITEM(' ',(#1982),#1975,#23) ;
#2011=OVER_RIDING_STYLED_ITEM(' ',(#1982),#2010,#23) ;
#2052=OVER_RIDING_STYLED_ITEM(' ',(#72),#2051,#23) ;
#2087=OVER_RIDING_STYLED_ITEM(' ',(#72),#2086,#23) ;
#2122=OVER_RIDING_STYLED_ITEM(' ',(#72),#2121,#23) ;
#2236=OVER_RIDING_STYLED_ITEM(' ',(#957),#2235,#23) ;
#2266=OVER_RIDING_STYLED_ITEM(' ',(#72),#2265,#23) ;
#2291=OVER_RIDING_STYLED_ITEM(' ',(#72),#2290,#23) ;
#2314=OVER_RIDING_STYLED_ITEM(' ',(#72),#2313,#23) ;
#2346=OVER_RIDING_STYLED_ITEM(' ',(#957),#2345,#23) ;
#2377=OVER_RIDING_STYLED_ITEM(' ',(#957),#2376,#23) ;
#2405=OVER_RIDING_STYLED_ITEM(' ',(#957),#2404,#23) ;
#2430=OVER_RIDING_STYLED_ITEM(' ',(#957),#2429,#23) ;
#2455=OVER_RIDING_STYLED_ITEM(' ',(#957),#2454,#23) ;
#2480=OVER_RIDING_STYLED_ITEM(' ',(#957),#2479,#23) ;
#2505=OVER_RIDING_STYLED_ITEM(' ',(#957),#2504,#23) ;
#2523=OVER_RIDING_STYLED_ITEM(' ',(#957),#2522,#23) ;
#2636=OVER_RIDING_STYLED_ITEM(' ',(#957),#2635,#23) ;
#2683=OVER_RIDING_STYLED_ITEM(' ',(#72),#2682,#23) ;
#2778=OVER_RIDING_STYLED_ITEM(' ',(#72),#2777,#23) ;
#3195=OVER_RIDING_STYLED_ITEM(' ',(#957),#3194,#23) ;
#3270=OVER_RIDING_STYLED_ITEM(' ',(#72),#3269,#23) ;
#3687=OVER_RIDING_STYLED_ITEM(' ',(#957),#3686,#23) ;
#3712=OVER_RIDING_STYLED_ITEM(' ',(#957),#3711,#23) ;
#3725=OVER_RIDING_STYLED_ITEM(' ',(#957),#3724,#23) ;
#3746=OVER_RIDING_STYLED_ITEM(' ',(#72),#3745,#23) ;
#3766=OVER_RIDING_STYLED_ITEM(' ',(#957),#3765,#23) ;
#3779=OVER_RIDING_STYLED_ITEM(' ',(#957),#3778,#23) ;
#3795=OVER_RIDING_STYLED_ITEM(' ',(#72),#3794,#23) ;
#3872=OVER_RIDING_STYLED_ITEM(' ',(#72),#3871,#23) ;
#3930=OVER_RIDING_STYLED_ITEM(' ',(#957),#3929,#23) ;
#3944=OVER_RIDING_STYLED_ITEM(' ',(#957),#3943,#23) ;
#3989=OVER_RIDING_STYLED_ITEM(' ',(#957),#3988,#23) ;
#4017=OVER_RIDING_STYLED_ITEM(' ',(#957),#4016,#23) ;
#4061=OVER_RIDING_STYLED_ITEM(' ',(#72),#4060,#23) ;
#4091=OVER_RIDING_STYLED_ITEM(' ',(#72),#4090,#23) ;
#4135=OVER_RIDING_STYLED_ITEM(' ',(#72),#4134,#23) ;
#4160=OVER_RIDING_STYLED_ITEM(' ',(#72),#4159,#23) ;
#4204=OVER_RIDING_STYLED_ITEM(' ',(#72),#4203,#23) ;
#4229=OVER_RIDING_STYLED_ITEM(' ',(#72),#4228,#23) ;
#4273=OVER_RIDING_STYLED_ITEM(' ',(#72),#4272,#23) ;
#4298=OVER_RIDING_STYLED_ITEM(' ',(#72),#4297,#23) ;
#4342=OVER_RIDING_STYLED_ITEM(' ',(#72),#4341,#23) ;
#4367=OVER_RIDING_STYLED_ITEM(' ',(#72),#4366,#23) ;
#4414=OVER_RIDING_STYLED_ITEM(' ',(#957),#4413,#23) ;
#4442=OVER_RIDING_STYLED_ITEM(' ',(#957),#4441,#23) ;
#4486=OVER_RIDING_STYLED_ITEM(' ',(#72),#4485,#23) ;
#4511=OVER_RIDING_STYLED_ITEM(' ',(#72),#4510,#23) ;
#4552=OVER_RIDING_STYLED_ITEM(' ',(#72),#4551,#23) ;
#4574=OVER_RIDING_STYLED_ITEM(' ',(#72),#4573,#23) ;
#4618=OVER_RIDING_STYLED_ITEM(' ',(#72),#4617,#23) ;
#4643=OVER_RIDING_STYLED_ITEM(' ',(#72),#4642,#23) ;
#4687=OVER_RIDING_STYLED_ITEM(' ',(#72),#4686,#23) ;
#4712=OVER_RIDING_STYLED_ITEM(' ',(#72),#4711,#23) ;
#4756=OVER_RIDING_STYLED_ITEM(' ',(#72),#4755,#23) ;
#4781=OVER_RIDING_STYLED_ITEM(' ',(#72),#4780,#23) ;
#4825=OVER_RIDING_STYLED_ITEM(' ',(#72),#4824,#23) ;
#4850=OVER_RIDING_STYLED_ITEM(' ',(#72),#4849,#23) ;
#4897=OVER_RIDING_STYLED_ITEM(' ',(#957),#4896,#23) ;
#4925=OVER_RIDING_STYLED_ITEM(' ',(#957),#4924,#23) ;
#4966=OVER_RIDING_STYLED_ITEM(' ',(#72),#4965,#23) ;
#5002=OVER_RIDING_STYLED_ITEM(' ',(#72),#5001,#23) ;
#5038=OVER_RIDING_STYLED_ITEM(' ',(#72),#5037,#23) ;
#5074=OVER_RIDING_STYLED_ITEM(' ',(#72),#5073,#23) ;
#5110=OVER_RIDING_STYLED_ITEM(' ',(#72),#5109,#23) ;
#5146=OVER_RIDING_STYLED_ITEM(' ',(#72),#5145,#23) ;
#5182=OVER_RIDING_STYLED_ITEM(' ',(#72),#5181,#23) ;
#5218=OVER_RIDING_STYLED_ITEM(' ',(#72),#5217,#23) ;
#5260=OVER_RIDING_STYLED_ITEM(' ',(#957),#5259,#23) ;
#5283=OVER_RIDING_STYLED_ITEM(' ',(#957),#5282,#23) ;
#5327=OVER_RIDING_STYLED_ITEM(' ',(#72),#5326,#23) ;
#5352=OVER_RIDING_STYLED_ITEM(' ',(#72),#5351,#23) ;
#5376=OVER_RIDING_STYLED_ITEM(' ',(#72),#5375,#23) ;
#5408=OVER_RIDING_STYLED_ITEM(' ',(#72),#5407,#23) ;
#5452=OVER_RIDING_STYLED_ITEM(' ',(#957),#5451,#23) ;
#5465=OVER_RIDING_STYLED_ITEM(' ',(#957),#5464,#23) ;
#5481=OVER_RIDING_STYLED_ITEM(' ',(#957),#5480,#23) ;
#5526=OVER_RIDING_STYLED_ITEM(' ',(#957),#5525,#23) ;
#5538=OVER_RIDING_STYLED_ITEM(' ',(#72),#5537,#23) ;
#5585=OVER_RIDING_STYLED_ITEM(' ',(#72),#5584,#23) ;
#5704=OVER_RIDING_STYLED_ITEM(' ',(#957),#5703,#23) ;
#5797=OVER_RIDING_STYLED_ITEM(' ',(#957),#5796,#23) ;
#5838=OVER_RIDING_STYLED_ITEM(' ',(#1982),#5837,#23) ;
#5860=OVER_RIDING_STYLED_ITEM(' ',(#1982),#5859,#23) ;
#5898=OVER_RIDING_STYLED_ITEM(' ',(#72),#5897,#23) ;
#5936=OVER_RIDING_STYLED_ITEM(' ',(#72),#5935,#23) ;
#6055=OVER_RIDING_STYLED_ITEM(' ',(#957),#6054,#23) ;
#6099=OVER_RIDING_STYLED_ITEM(' ',(#72),#6098,#23) ;
#6124=OVER_RIDING_STYLED_ITEM(' ',(#72),#6123,#23) ;
#6168=OVER_RIDING_STYLED_ITEM(' ',(#72),#6167,#23) ;
#6193=OVER_RIDING_STYLED_ITEM(' ',(#72),#6192,#23) ;
#6237=OVER_RIDING_STYLED_ITEM(' ',(#72),#6236,#23) ;
#6262=OVER_RIDING_STYLED_ITEM(' ',(#72),#6261,#23) ;
#6306=OVER_RIDING_STYLED_ITEM(' ',(#72),#6305,#23) ;
#6331=OVER_RIDING_STYLED_ITEM(' ',(#72),#6330,#23) ;
#6375=OVER_RIDING_STYLED_ITEM(' ',(#72),#6374,#23) ;
#6400=OVER_RIDING_STYLED_ITEM(' ',(#72),#6399,#23) ;
#6444=OVER_RIDING_STYLED_ITEM(' ',(#72),#6443,#23) ;
#6469=OVER_RIDING_STYLED_ITEM(' ',(#72),#6468,#23) ;
#6513=OVER_RIDING_STYLED_ITEM(' ',(#72),#6512,#23) ;
#6538=OVER_RIDING_STYLED_ITEM(' ',(#72),#6537,#23) ;
#6582=OVER_RIDING_STYLED_ITEM(' ',(#72),#6581,#23) ;
#6607=OVER_RIDING_STYLED_ITEM(' ',(#72),#6606,#23) ;
#6656=OVER_RIDING_STYLED_ITEM(' ',(#72),#6655,#23) ;
#6705=OVER_RIDING_STYLED_ITEM(' ',(#72),#6704,#23) ;
#6724=OVER_RIDING_STYLED_ITEM(' ',(#72),#6723,#23) ;
#6743=OVER_RIDING_STYLED_ITEM(' ',(#72),#6742,#23) ;
#6787=OVER_RIDING_STYLED_ITEM(' ',(#72),#6786,#23) ;
#6831=OVER_RIDING_STYLED_ITEM(' ',(#72),#6830,#23) ;
#6863=OVER_RIDING_STYLED_ITEM(' ',(#957),#6862,#23) ;
#6899=OVER_RIDING_STYLED_ITEM(' ',(#957),#6898,#23) ;
#6939=OVER_RIDING_STYLED_ITEM(' ',(#957),#6938,#23) ;
#6957=OVER_RIDING_STYLED_ITEM(' ',(#957),#6956,#23) ;
#6984=OVER_RIDING_STYLED_ITEM(' ',(#957),#6983,#23) ;
#7025=OVER_RIDING_STYLED_ITEM(' ',(#72),#7024,#23) ;
#7047=OVER_RIDING_STYLED_ITEM(' ',(#72),#7046,#23) ;
#7091=OVER_RIDING_STYLED_ITEM(' ',(#957),#7090,#23) ;
#7116=OVER_RIDING_STYLED_ITEM(' ',(#957),#7115,#23) ;
#7165=OVER_RIDING_STYLED_ITEM(' ',(#957),#7164,#23) ;
#7195=OVER_RIDING_STYLED_ITEM(' ',(#957),#7194,#23) ;
#7270=OVER_RIDING_STYLED_ITEM(' ',(#72),#7269,#23) ;
#7303=OVER_RIDING_STYLED_ITEM(' ',(#957),#7302,#23) ;
#7329=OVER_RIDING_STYLED_ITEM(' ',(#957),#7328,#23) ;
#7361=OVER_RIDING_STYLED_ITEM(' ',(#72),#7360,#23) ;
#7398=OVER_RIDING_STYLED_ITEM(' ',(#72),#7397,#23) ;
#7416=OVER_RIDING_STYLED_ITEM(' ',(#72),#7415,#23) ;
#7455=OVER_RIDING_STYLED_ITEM(' ',(#72),#7454,#23) ;
#7475=OVER_RIDING_STYLED_ITEM(' ',(#72),#7474,#23) ;
#7507=OVER_RIDING_STYLED_ITEM(' ',(#72),#7506,#23) ;
#7539=OVER_RIDING_STYLED_ITEM(' ',(#72),#7538,#23) ;
#7557=OVER_RIDING_STYLED_ITEM(' ',(#72),#7556,#23) ;
#7584=OVER_RIDING_STYLED_ITEM(' ',(#72),#7583,#23) ;
#7616=OVER_RIDING_STYLED_ITEM(' ',(#72),#7615,#23) ;
#7684=OVER_RIDING_STYLED_ITEM(' ',(#72),#7683,#23) ;
#7731=OVER_RIDING_STYLED_ITEM(' ',(#957),#7730,#23) ;
#7778=OVER_RIDING_STYLED_ITEM(' ',(#72),#7777,#23) ;
#7819=OVER_RIDING_STYLED_ITEM(' ',(#957),#7818,#23) ;
#7861=OVER_RIDING_STYLED_ITEM(' ',(#957),#7860,#23) ;
#7911=OVER_RIDING_STYLED_ITEM(' ',(#957),#7910,#23) ;
#7942=OVER_RIDING_STYLED_ITEM(' ',(#957),#7941,#23) ;
#8037=OVER_RIDING_STYLED_ITEM(' ',(#957),#8036,#23) ;
#8095=OVER_RIDING_STYLED_ITEM(' ',(#957),#8094,#23) ;
#8129=OVER_RIDING_STYLED_ITEM(' ',(#72),#8128,#23) ;
#8156=OVER_RIDING_STYLED_ITEM(' ',(#72),#8155,#23) ;
#8183=OVER_RIDING_STYLED_ITEM(' ',(#72),#8182,#23) ;
#8217=OVER_RIDING_STYLED_ITEM(' ',(#72),#8216,#23) ;
#8246=OVER_RIDING_STYLED_ITEM(' ',(#72),#8245,#23) ;
#8273=OVER_RIDING_STYLED_ITEM(' ',(#72),#8272,#23) ;
#8295=OVER_RIDING_STYLED_ITEM(' ',(#72),#8294,#23) ;
#8329=OVER_RIDING_STYLED_ITEM(' ',(#72),#8328,#23) ;
#8354=OVER_RIDING_STYLED_ITEM(' ',(#957),#8353,#23) ;
#8404=OVER_RIDING_STYLED_ITEM(' ',(#957),#8403,#23) ;
#8467=OVER_RIDING_STYLED_ITEM(' ',(#72),#8466,#23) ;
#8534=OVER_RIDING_STYLED_ITEM(' ',(#72),#8533,#23) ;
#8588=OVER_RIDING_STYLED_ITEM(' ',(#957),#8587,#23) ;
#8623=OVER_RIDING_STYLED_ITEM(' ',(#957),#8622,#23) ;
#8644=OVER_RIDING_STYLED_ITEM(' ',(#957),#8643,#23) ;
#8691=OVER_RIDING_STYLED_ITEM(' ',(#957),#8690,#23) ;
#8723=OVER_RIDING_STYLED_ITEM(' ',(#957),#8722,#23) ;
#8786=OVER_RIDING_STYLED_ITEM(' ',(#72),#8785,#23) ;
#8804=OVER_RIDING_STYLED_ITEM(' ',(#72),#8803,#23) ;
#8835=OVER_RIDING_STYLED_ITEM(' ',(#72),#8834,#23) ;
#8884=OVER_RIDING_STYLED_ITEM(' ',(#72),#8883,#23) ;
#8902=OVER_RIDING_STYLED_ITEM(' ',(#72),#8901,#23) ;
#8929=OVER_RIDING_STYLED_ITEM(' ',(#72),#8928,#23) ;
#8948=OVER_RIDING_STYLED_ITEM(' ',(#72),#8947,#23) ;
#8975=OVER_RIDING_STYLED_ITEM(' ',(#72),#8974,#23) ;
#9020=OVER_RIDING_STYLED_ITEM(' ',(#72),#9019,#23) ;
#9059=OVER_RIDING_STYLED_ITEM(' ',(#9058),#9051,#23) ;
#9086=OVER_RIDING_STYLED_ITEM(' ',(#9058),#9085,#23) ;
#9111=OVER_RIDING_STYLED_ITEM(' ',(#72),#9110,#23) ;
#9131=OVER_RIDING_STYLED_ITEM(' ',(#9058),#9130,#23) ;
#9163=OVER_RIDING_STYLED_ITEM(' ',(#72),#9162,#23) ;
#9190=OVER_RIDING_STYLED_ITEM(' ',(#72),#9189,#23) ;
#9215=OVER_RIDING_STYLED_ITEM(' ',(#72),#9214,#23) ;
#9235=OVER_RIDING_STYLED_ITEM(' ',(#72),#9234,#23) ;
#9267=OVER_RIDING_STYLED_ITEM(' ',(#72),#9266,#23) ;
#9294=OVER_RIDING_STYLED_ITEM(' ',(#72),#9293,#23) ;
#9319=OVER_RIDING_STYLED_ITEM(' ',(#72),#9318,#23) ;
#9339=OVER_RIDING_STYLED_ITEM(' ',(#72),#9338,#23) ;
#9733=OVER_RIDING_STYLED_ITEM(' ',(#9732),#9725,#23) ;
#9765=OVER_RIDING_STYLED_ITEM(' ',(#9732),#9764,#23) ;
#9790=OVER_RIDING_STYLED_ITEM(' ',(#9732),#9789,#23) ;
#9815=OVER_RIDING_STYLED_ITEM(' ',(#9732),#9814,#23) ;
#9833=OVER_RIDING_STYLED_ITEM(' ',(#9732),#9832,#23) ;
#9877=OVER_RIDING_STYLED_ITEM(' ',(#72),#9876,#23) ;
#9902=OVER_RIDING_STYLED_ITEM(' ',(#72),#9901,#23) ;
#9946=OVER_RIDING_STYLED_ITEM(' ',(#72),#9945,#23) ;
#9971=OVER_RIDING_STYLED_ITEM(' ',(#72),#9970,#23) ;
#10015=OVER_RIDING_STYLED_ITEM(' ',(#72),#10014,#23) ;
#10040=OVER_RIDING_STYLED_ITEM(' ',(#72),#10039,#23) ;
#10084=OVER_RIDING_STYLED_ITEM(' ',(#72),#10083,#23) ;
#10109=OVER_RIDING_STYLED_ITEM(' ',(#72),#10108,#23) ;
#10141=OVER_RIDING_STYLED_ITEM(' ',(#72),#10140,#23) ;
#10166=OVER_RIDING_STYLED_ITEM(' ',(#72),#10165,#23) ;
#10191=OVER_RIDING_STYLED_ITEM(' ',(#72),#10190,#23) ;
#10209=OVER_RIDING_STYLED_ITEM(' ',(#72),#10208,#23) ;
#10246=OVER_RIDING_STYLED_ITEM(' ',(#72),#10245,#23) ;
#10325=OVER_RIDING_STYLED_ITEM(' ',(#72),#10324,#23) ;
#10366=OVER_RIDING_STYLED_ITEM(' ',(#72),#10365,#23) ;
#10391=OVER_RIDING_STYLED_ITEM(' ',(#72),#10390,#23) ;
#10401=OVER_RIDING_STYLED_ITEM(' ',(#72),#10400,#23) ;
#10481=OVER_RIDING_STYLED_ITEM(' ',(#72),#10480,#23) ;
#10517=OVER_RIDING_STYLED_ITEM(' ',(#72),#10516,#23) ;
#10542=OVER_RIDING_STYLED_ITEM(' ',(#72),#10541,#23) ;
#10552=OVER_RIDING_STYLED_ITEM(' ',(#72),#10551,#23) ;
#135=CYLINDRICAL_SURFACE('generated cylinder',#134,14.2875) ;
#419=CYLINDRICAL_SURFACE('generated cylinder',#418,17.145) ;
#549=CYLINDRICAL_SURFACE('generated cylinder',#548,22.5293299397) ;
#593=CYLINDRICAL_SURFACE('generated cylinder',#592,22.5293299397) ;
#670=CYLINDRICAL_SURFACE('generated cylinder',#669,12.2682) ;
#1179=CYLINDRICAL_SURFACE('generated cylinder',#1178,36.195) ;
#1470=CYLINDRICAL_SURFACE('generated cylinder',#1469,7.239) ;
#1540=CYLINDRICAL_SURFACE('generated cylinder',#1539,7.239) ;
#1610=CYLINDRICAL_SURFACE('generated cylinder',#1609,7.239) ;
#1680=CYLINDRICAL_SURFACE('generated cylinder',#1679,7.239) ;
#1750=CYLINDRICAL_SURFACE('generated cylinder',#1749,7.239) ;
#1820=CYLINDRICAL_SURFACE('generated cylinder',#1819,7.239) ;
#1934=CYLINDRICAL_SURFACE('generated cylinder',#1933,46.2530899049) ;
#2319=CYLINDRICAL_SURFACE('generated cylinder',#2318,12.7) ;
#2382=CYLINDRICAL_SURFACE('generated cylinder',#2381,12.7) ;
#2435=CYLINDRICAL_SURFACE('generated cylinder',#2434,12.7) ;
#2485=CYLINDRICAL_SURFACE('generated cylinder',#2484,12.7) ;
#3949=CYLINDRICAL_SURFACE('generated cylinder',#3948,12.065) ;
#4022=CYLINDRICAL_SURFACE('generated cylinder',#4021,22.5293299397) ;
#4066=CYLINDRICAL_SURFACE('generated cylinder',#4065,22.5293299397) ;
#4096=CYLINDRICAL_SURFACE('generated cylinder',#4095,6.35) ;
#4165=CYLINDRICAL_SURFACE('generated cylinder',#4164,6.35) ;
#4234=CYLINDRICAL_SURFACE('generated cylinder',#4233,6.35) ;
#4303=CYLINDRICAL_SURFACE('generated cylinder',#4302,6.35) ;
#4372=CYLINDRICAL_SURFACE('generated cylinder',#4371,63.5) ;
#4447=CYLINDRICAL_SURFACE('generated cylinder',#4446,12.7) ;
#4516=CYLINDRICAL_SURFACE('generated cylinder',#4515,39.3836782243) ;
#4579=CYLINDRICAL_SURFACE('generated cylinder',#4578,6.35) ;
#4648=CYLINDRICAL_SURFACE('generated cylinder',#4647,6.35) ;
#4717=CYLINDRICAL_SURFACE('generated cylinder',#4716,6.35) ;
#4786=CYLINDRICAL_SURFACE('generated cylinder',#4785,6.35) ;
#4855=CYLINDRICAL_SURFACE('generated cylinder',#4854,53.975) ;
#5223=CYLINDRICAL_SURFACE('generated cylinder',#5222,106.172) ;
#5288=CYLINDRICAL_SURFACE('generated cylinder',#5287,26.924) ;
#5413=CYLINDRICAL_SURFACE('generated cylinder',#5412,120.65) ;
#5486=CYLINDRICAL_SURFACE('generated cylinder',#5485,166.163064437) ;
#6060=CYLINDRICAL_SURFACE('generated cylinder',#6059,5.588) ;
#6129=CYLINDRICAL_SURFACE('generated cylinder',#6128,5.588) ;
#6198=CYLINDRICAL_SURFACE('generated cylinder',#6197,5.588) ;
#6267=CYLINDRICAL_SURFACE('generated cylinder',#6266,5.588) ;
#6336=CYLINDRICAL_SURFACE('generated cylinder',#6335,5.588) ;
#6405=CYLINDRICAL_SURFACE('generated cylinder',#6404,5.588) ;
#6474=CYLINDRICAL_SURFACE('generated cylinder',#6473,5.588) ;
#6543=CYLINDRICAL_SURFACE('generated cylinder',#6542,5.588) ;
#6836=CYLINDRICAL_SURFACE('generated cylinder',#6835,166.163064437) ;
#6944=CYLINDRICAL_SURFACE('generated cylinder',#6943,166.163064437) ;
#6989=CYLINDRICAL_SURFACE('generated cylinder',#6988,12.7) ;
#7052=CYLINDRICAL_SURFACE('generated cylinder',#7051,24.13) ;
#7275=CYLINDRICAL_SURFACE('generated cylinder',#7274,25.4) ;
#7621=CYLINDRICAL_SURFACE('generated cylinder',#7620,166.163064437) ;
#7866=CYLINDRICAL_SURFACE('generated cylinder',#7865,101.6) ;
#8334=CYLINDRICAL_SURFACE('generated cylinder',#8333,79.375) ;
#9838=CYLINDRICAL_SURFACE('generated cylinder',#9837,9.525) ;
#9907=CYLINDRICAL_SURFACE('generated cylinder',#9906,9.525) ;
#9976=CYLINDRICAL_SURFACE('generated cylinder',#9975,9.525) ;
#10045=CYLINDRICAL_SURFACE('generated cylinder',#10044,9.525) ;
#10371=CYLINDRICAL_SURFACE('generated cylinder',#10370,0.79375) ;
#10522=CYLINDRICAL_SURFACE('generated cylinder',#10521,0.79375) ;
#1976=DRAUGHTING_PRE_DEFINED_COLOUR('yellow') ;
#9726=DRAUGHTING_PRE_DEFINED_COLOUR('blue') ;
#39=EDGE_CURVE('',#36,#38,#34,.T.) ;
#46=EDGE_CURVE('',#45,#36,#43,.T.) ;
#53=EDGE_CURVE('',#52,#45,#50,.T.) ;
#58=EDGE_CURVE('',#38,#52,#57,.F.) ;
#85=EDGE_CURVE('',#84,#36,#82,.F.) ;
#92=EDGE_CURVE('',#84,#91,#89,.F.) ;
#97=EDGE_CURVE('',#45,#91,#96,.T.) ;
#117=EDGE_CURVE('',#91,#116,#114,.F.) ;
#122=EDGE_CURVE('',#52,#116,#121,.T.) ;
#144=EDGE_CURVE('',#141,#143,#139,.F.) ;
#151=EDGE_CURVE('',#143,#150,#148,.T.) ;
#156=EDGE_CURVE('',#38,#150,#155,.F.) ;
#166=EDGE_CURVE('',#116,#165,#157,.F.) ;
#173=EDGE_CURVE('',#165,#172,#170,.T.) ;
#180=EDGE_CURVE('',#179,#172,#177,.T.) ;
#185=EDGE_CURVE('',#141,#179,#184,.T.) ;
#215=EDGE_CURVE('',#165,#143,#199,.F.) ;
#222=EDGE_CURVE('',#221,#141,#219,.T.) ;
#227=EDGE_CURVE('',#172,#221,#226,.T.) ;
#246=EDGE_CURVE('',#150,#84,#245,.T.) ;
#266=EDGE_CURVE('',#141,#265,#263,.T.) ;
#273=EDGE_CURVE('',#272,#265,#270,.T.) ;
#280=EDGE_CURVE('',#279,#272,#277,.T.) ;
#285=EDGE_CURVE('',#279,#172,#284,.F.) ;
#302=EDGE_CURVE('',#301,#279,#299,.T.) ;
#307=EDGE_CURVE('',#265,#301,#306,.T.) ;
#343=EDGE_CURVE('',#340,#342,#323,.F.) ;
#362=EDGE_CURVE('',#361,#340,#344,.F.) ;
#381=EDGE_CURVE('',#380,#361,#363,.F.) ;
#398=EDGE_CURVE('',#342,#380,#382,.F.) ;
#426=EDGE_CURVE('',#279,#425,#423,.T.) ;
#436=EDGE_CURVE('',#435,#425,#427,.F.) ;
#443=EDGE_CURVE('',#442,#435,#440,.T.) ;
#448=EDGE_CURVE('',#442,#265,#447,.F.) ;
#465=EDGE_CURVE('',#464,#442,#462,.T.) ;
#473=EDGE_CURVE('',#425,#464,#466,.F.) ;
#497=EDGE_CURVE('',#494,#496,#492,.T.) ;
#504=EDGE_CURVE('',#496,#503,#501,.T.) ;
#511=EDGE_CURVE('',#510,#503,#508,.T.) ;
#516=EDGE_CURVE('',#494,#510,#515,.F.) ;
#531=EDGE_CURVE('',#503,#530,#528,.T.) ;
#536=EDGE_CURVE('',#530,#494,#535,.T.) ;
#556=EDGE_CURVE('',#555,#340,#553,.F.) ;
#563=EDGE_CURVE('',#380,#562,#560,.T.) ;
#573=EDGE_CURVE('',#562,#572,#564,.T.) ;
#578=EDGE_CURVE('',#572,#555,#577,.F.) ;
#600=EDGE_CURVE('',#555,#599,#597,.F.) ;
#608=EDGE_CURVE('',#599,#562,#601,.T.) ;
#632=EDGE_CURVE('',#629,#631,#627,.F.) ;
#639=EDGE_CURVE('',#638,#629,#636,.F.) ;
#646=EDGE_CURVE('',#645,#638,#643,.F.) ;
#651=EDGE_CURVE('',#631,#645,#650,.F.) ;
#679=EDGE_CURVE('',#676,#678,#674,.T.) ;
#689=EDGE_CURVE('',#678,#688,#680,.T.) ;
#694=EDGE_CURVE('',#494,#688,#693,.T.) ;
#699=EDGE_CURVE('',#676,#503,#698,.F.) ;
#719=EDGE_CURVE('',#688,#718,#710,.T.) ;
#724=EDGE_CURVE('',#718,#676,#723,.T.) ;
#748=EDGE_CURVE('',#745,#747,#743,.F.) ;
#755=EDGE_CURVE('',#747,#754,#752,.F.) ;
#762=EDGE_CURVE('',#754,#761,#759,.F.) ;
#769=EDGE_CURVE('',#761,#768,#766,.F.) ;
#776=EDGE_CURVE('',#768,#775,#773,.F.) ;
#781=EDGE_CURVE('',#775,#745,#780,.F.) ;
#800=EDGE_CURVE('',#797,#799,#795,.F.) ;
#807=EDGE_CURVE('',#799,#806,#804,.F.) ;
#814=EDGE_CURVE('',#806,#813,#811,.F.) ;
#821=EDGE_CURVE('',#813,#820,#818,.F.) ;
#828=EDGE_CURVE('',#820,#827,#825,.F.) ;
#833=EDGE_CURVE('',#827,#797,#832,.F.) ;
#852=EDGE_CURVE('',#849,#851,#847,.F.) ;
#859=EDGE_CURVE('',#851,#858,#856,.F.) ;
#866=EDGE_CURVE('',#858,#865,#863,.F.) ;
#873=EDGE_CURVE('',#865,#872,#870,.F.) ;
#880=EDGE_CURVE('',#872,#879,#877,.F.) ;
#885=EDGE_CURVE('',#879,#849,#884,.F.) ;
#924=EDGE_CURVE('',#921,#923,#919,.T.) ;
#931=EDGE_CURVE('',#923,#930,#928,.T.) ;
#938=EDGE_CURVE('',#930,#937,#935,.F.) ;
#943=EDGE_CURVE('',#937,#921,#942,.F.) ;
#985=EDGE_CURVE('',#984,#937,#982,.F.) ;
#990=EDGE_CURVE('',#930,#923,#989,.T.) ;
#997=EDGE_CURVE('',#921,#996,#994,.F.) ;
#1023=EDGE_CURVE('',#984,#996,#998,.T.) ;
#1058=EDGE_CURVE('',#923,#921,#1057,.T.) ;
#1063=EDGE_CURVE('',#937,#930,#1062,.F.) ;
#1117=EDGE_CURVE('',#996,#984,#1092,.T.) ;
#1141=EDGE_CURVE('',#1138,#1140,#1136,.T.) ;
#1148=EDGE_CURVE('',#1147,#1138,#1145,.T.) ;
#1155=EDGE_CURVE('',#1154,#1147,#1152,.T.) ;
#1160=EDGE_CURVE('',#1140,#1154,#1159,.T.) ;
#1186=EDGE_CURVE('',#1185,#645,#1183,.T.) ;
#1199=EDGE_CURVE('',#1198,#1185,#1187,.F.) ;
#1206=EDGE_CURVE('',#1205,#1198,#1203,.T.) ;
#1211=EDGE_CURVE('',#629,#1205,#1210,.F.) ;
#1228=EDGE_CURVE('',#1227,#1205,#1225,.T.) ;
#1239=EDGE_CURVE('',#1185,#1227,#1229,.F.) ;
#1263=EDGE_CURVE('',#1260,#1262,#1258,.F.) ;
#1270=EDGE_CURVE('',#1269,#1260,#1267,.F.) ;
#1275=EDGE_CURVE('',#676,#1269,#1274,.T.) ;
#1280=EDGE_CURVE('',#1262,#688,#1279,.F.) ;
#1297=EDGE_CURVE('',#1296,#1269,#1294,.F.) ;
#1302=EDGE_CURVE('',#1262,#1296,#1301,.F.) ;
#1326=EDGE_CURVE('',#1323,#1325,#1321,.F.) ;
#1345=EDGE_CURVE('',#1344,#1323,#1327,.F.) ;
#1352=EDGE_CURVE('',#1351,#1344,#1349,.T.) ;
#1371=EDGE_CURVE('',#1370,#1351,#1353,.F.) ;
#1378=EDGE_CURVE('',#1377,#1370,#1375,.T.) ;
#1397=EDGE_CURVE('',#1396,#1377,#1379,.F.) ;
#1404=EDGE_CURVE('',#1403,#1396,#1401,.F.) ;
#1421=EDGE_CURVE('',#1325,#1403,#1405,.F.) ;
#1445=EDGE_CURVE('',#775,#1444,#1442,.F.) ;
#1452=EDGE_CURVE('',#1451,#1444,#1449,.T.) ;
#1457=EDGE_CURVE('',#1451,#745,#1456,.T.) ;
#1477=EDGE_CURVE('',#1444,#1476,#1474,.F.) ;
#1482=EDGE_CURVE('',#1476,#768,#1481,.F.) ;
#1497=EDGE_CURVE('',#761,#1496,#1494,.T.) ;
#1502=EDGE_CURVE('',#1476,#1496,#1501,.F.) ;
#1522=EDGE_CURVE('',#754,#1521,#1519,.F.) ;
#1527=EDGE_CURVE('',#1496,#1521,#1526,.F.) ;
#1547=EDGE_CURVE('',#1546,#1451,#1544,.F.) ;
#1552=EDGE_CURVE('',#747,#1546,#1551,.T.) ;
#1565=EDGE_CURVE('',#1521,#1546,#1564,.F.) ;
#1585=EDGE_CURVE('',#827,#1584,#1582,.F.) ;
#1592=EDGE_CURVE('',#1591,#1584,#1589,.T.) ;
#1597=EDGE_CURVE('',#1591,#797,#1596,.T.) ;
#1617=EDGE_CURVE('',#1584,#1616,#1614,.F.) ;
#1622=EDGE_CURVE('',#1616,#820,#1621,.F.) ;
#1637=EDGE_CURVE('',#813,#1636,#1634,.T.) ;
#1642=EDGE_CURVE('',#1616,#1636,#1641,.F.) ;
#1662=EDGE_CURVE('',#806,#1661,#1659,.F.) ;
#1667=EDGE_CURVE('',#1636,#1661,#1666,.F.) ;
#1687=EDGE_CURVE('',#1686,#1591,#1684,.F.) ;
#1692=EDGE_CURVE('',#799,#1686,#1691,.T.) ;
#1705=EDGE_CURVE('',#1661,#1686,#1704,.F.) ;
#1725=EDGE_CURVE('',#879,#1724,#1722,.F.) ;
#1732=EDGE_CURVE('',#1731,#1724,#1729,.T.) ;
#1737=EDGE_CURVE('',#1731,#849,#1736,.T.) ;
#1757=EDGE_CURVE('',#1724,#1756,#1754,.F.) ;
#1762=EDGE_CURVE('',#1756,#872,#1761,.F.) ;
#1777=EDGE_CURVE('',#865,#1776,#1774,.T.) ;
#1782=EDGE_CURVE('',#1756,#1776,#1781,.F.) ;
#1802=EDGE_CURVE('',#858,#1801,#1799,.F.) ;
#1807=EDGE_CURVE('',#1776,#1801,#1806,.F.) ;
#1827=EDGE_CURVE('',#1826,#1731,#1824,.F.) ;
#1832=EDGE_CURVE('',#851,#1826,#1831,.T.) ;
#1845=EDGE_CURVE('',#1801,#1826,#1844,.F.) ;
#1870=EDGE_CURVE('',#1869,#996,#1867,.F.) ;
#1877=EDGE_CURVE('',#984,#1876,#1874,.T.) ;
#1884=EDGE_CURVE('',#1883,#1876,#1881,.F.) ;
#1889=EDGE_CURVE('',#1869,#1883,#1888,.F.) ;
#1915=EDGE_CURVE('',#1914,#1869,#1912,.F.) ;
#1920=EDGE_CURVE('',#1876,#1914,#1919,.F.) ;
#1941=EDGE_CURVE('',#1154,#1940,#1938,.F.) ;
#1948=EDGE_CURVE('',#1940,#1947,#1945,.T.) ;
#1961=EDGE_CURVE('',#1947,#1960,#1949,.F.) ;
#1966=EDGE_CURVE('',#1960,#1138,#1965,.T.) ;
#1996=EDGE_CURVE('',#1960,#1995,#1984,.F.) ;
#2001=EDGE_CURVE('',#1995,#1940,#2000,.T.) ;
#2025=EDGE_CURVE('',#2022,#2024,#2020,.F.) ;
#2032=EDGE_CURVE('',#2024,#2031,#2029,.F.) ;
#2039=EDGE_CURVE('',#2031,#2038,#2036,.F.) ;
#2044=EDGE_CURVE('',#2022,#2038,#2043,.F.) ;
#2064=EDGE_CURVE('',#2038,#2063,#2061,.F.) ;
#2071=EDGE_CURVE('',#2031,#2070,#2068,.F.) ;
#2079=EDGE_CURVE('',#2063,#2070,#2072,.T.) ;
#2099=EDGE_CURVE('',#2098,#2024,#2096,.T.) ;
#2106=EDGE_CURVE('',#2105,#2022,#2103,.T.) ;
#2114=EDGE_CURVE('',#2098,#2105,#2107,.T.) ;
#2146=EDGE_CURVE('',#2145,#2063,#2128,.T.) ;
#2162=EDGE_CURVE('',#2161,#2145,#2147,.T.) ;
#2169=EDGE_CURVE('',#2161,#2168,#2166,.F.) ;
#2176=EDGE_CURVE('',#2175,#2168,#2173,.F.) ;
#2183=EDGE_CURVE('',#2175,#2182,#2180,.T.) ;
#2202=EDGE_CURVE('',#2201,#2182,#2184,.T.) ;
#2216=EDGE_CURVE('',#2105,#2201,#2203,.T.) ;
#2245=EDGE_CURVE('',#2242,#2244,#2240,.F.) ;
#2250=EDGE_CURVE('',#2168,#2244,#2249,.T.) ;
#2258=EDGE_CURVE('',#2242,#2161,#2251,.T.) ;
#2278=EDGE_CURVE('',#2244,#2277,#2275,.T.) ;
#2283=EDGE_CURVE('',#2277,#2175,#2282,.T.) ;
#2298=EDGE_CURVE('',#2277,#2297,#2295,.T.) ;
#2306=EDGE_CURVE('',#2182,#2297,#2299,.T.) ;
#2326=EDGE_CURVE('',#2325,#1403,#2323,.F.) ;
#2333=EDGE_CURVE('',#2332,#2325,#2330,.T.) ;
#2338=EDGE_CURVE('',#1325,#2332,#2337,.T.) ;
#2358=EDGE_CURVE('',#2357,#1396,#2355,.T.) ;
#2363=EDGE_CURVE('',#2325,#2357,#2362,.F.) ;
#2389=EDGE_CURVE('',#2388,#1377,#2386,.F.) ;
#2397=EDGE_CURVE('',#2357,#2388,#2390,.F.) ;
#2417=EDGE_CURVE('',#2416,#1370,#2414,.T.) ;
#2422=EDGE_CURVE('',#2388,#2416,#2421,.T.) ;
#2442=EDGE_CURVE('',#2441,#1351,#2439,.F.) ;
#2447=EDGE_CURVE('',#2416,#2441,#2446,.T.) ;
#2467=EDGE_CURVE('',#2466,#1344,#2464,.T.) ;
#2472=EDGE_CURVE('',#2441,#2466,#2471,.T.) ;
#2492=EDGE_CURVE('',#2491,#1323,#2489,.F.) ;
#2497=EDGE_CURVE('',#2466,#2491,#2496,.T.) ;
#2515=EDGE_CURVE('',#2491,#2332,#2514,.F.) ;
#2549=EDGE_CURVE('',#2546,#2548,#2529,.T.) ;
#2568=EDGE_CURVE('',#2567,#2546,#2550,.T.) ;
#2587=EDGE_CURVE('',#2586,#2567,#2569,.T.) ;
#2604=EDGE_CURVE('',#2548,#2586,#2588,.T.) ;
#2650=EDGE_CURVE('',#2647,#2649,#2645,.F.) ;
#2657=EDGE_CURVE('',#2656,#2647,#2654,.F.) ;
#2664=EDGE_CURVE('',#2663,#2656,#2661,.F.) ;
#2669=EDGE_CURVE('',#2649,#2663,#2668,.F.) ;
#2715=EDGE_CURVE('',#2712,#2714,#2695,.T.) ;
#2734=EDGE_CURVE('',#2733,#2712,#2716,.T.) ;
#2753=EDGE_CURVE('',#2752,#2733,#2735,.T.) ;
#2770=EDGE_CURVE('',#2714,#2752,#2754,.T.) ;
#2804=EDGE_CURVE('',#2801,#2803,#2784,.T.) ;
#2823=EDGE_CURVE('',#2822,#2801,#2805,.T.) ;
#2842=EDGE_CURVE('',#2841,#2822,#2824,.T.) ;
#2859=EDGE_CURVE('',#2803,#2841,#2843,.T.) ;
#2886=EDGE_CURVE('',#2883,#2885,#2866,.T.) ;
#2905=EDGE_CURVE('',#2885,#2904,#2887,.T.) ;
#2924=EDGE_CURVE('',#2904,#2923,#2906,.T.) ;
#2941=EDGE_CURVE('',#2923,#2883,#2925,.T.) ;
#2968=EDGE_CURVE('',#2965,#2967,#2948,.T.) ;
#2987=EDGE_CURVE('',#2967,#2986,#2969,.T.) ;
#3006=EDGE_CURVE('',#2986,#3005,#2988,.T.) ;
#3023=EDGE_CURVE('',#3005,#2965,#3007,.T.) ;
#3050=EDGE_CURVE('',#3047,#3049,#3030,.T.) ;
#3069=EDGE_CURVE('',#3049,#3068,#3051,.T.) ;
#3088=EDGE_CURVE('',#3068,#3087,#3070,.T.) ;
#3105=EDGE_CURVE('',#3087,#3047,#3089,.T.) ;
#3132=EDGE_CURVE('',#3129,#3131,#3112,.T.) ;
#3151=EDGE_CURVE('',#3131,#3150,#3133,.T.) ;
#3170=EDGE_CURVE('',#3150,#3169,#3152,.T.) ;
#3187=EDGE_CURVE('',#3169,#3129,#3171,.T.) ;
#3209=EDGE_CURVE('',#3206,#3208,#3204,.F.) ;
#3216=EDGE_CURVE('',#3215,#3206,#3213,.F.) ;
#3223=EDGE_CURVE('',#3222,#3215,#3220,.F.) ;
#3228=EDGE_CURVE('',#3208,#3222,#3227,.F.) ;
#3243=EDGE_CURVE('',#3240,#3242,#3238,.T.) ;
#3250=EDGE_CURVE('',#3249,#3240,#3247,.T.) ;
#3257=EDGE_CURVE('',#3256,#3249,#3254,.T.) ;
#3262=EDGE_CURVE('',#3242,#3256,#3261,.T.) ;
#3296=EDGE_CURVE('',#3293,#3295,#3276,.T.) ;
#3315=EDGE_CURVE('',#3314,#3293,#3297,.T.) ;
#3334=EDGE_CURVE('',#3333,#3314,#3316,.T.) ;
#3351=EDGE_CURVE('',#3295,#3333,#3335,.T.) ;
#3378=EDGE_CURVE('',#3375,#3377,#3358,.T.) ;
#3397=EDGE_CURVE('',#3377,#3396,#3379,.T.) ;
#3416=EDGE_CURVE('',#3396,#3415,#3398,.T.) ;
#3433=EDGE_CURVE('',#3415,#3375,#3417,.T.) ;
#3460=EDGE_CURVE('',#3457,#3459,#3440,.T.) ;
#3479=EDGE_CURVE('',#3459,#3478,#3461,.T.) ;
#3498=EDGE_CURVE('',#3478,#3497,#3480,.T.) ;
#3515=EDGE_CURVE('',#3497,#3457,#3499,.T.) ;
#3542=EDGE_CURVE('',#3539,#3541,#3522,.T.) ;
#3561=EDGE_CURVE('',#3541,#3560,#3543,.T.) ;
#3580=EDGE_CURVE('',#3560,#3579,#3562,.T.) ;
#3597=EDGE_CURVE('',#3579,#3539,#3581,.T.) ;
#3624=EDGE_CURVE('',#3621,#3623,#3604,.T.) ;
#3643=EDGE_CURVE('',#3623,#3642,#3625,.T.) ;
#3662=EDGE_CURVE('',#3642,#3661,#3644,.T.) ;
#3679=EDGE_CURVE('',#3661,#3621,#3663,.T.) ;
#3699=EDGE_CURVE('',#3698,#2145,#3696,.F.) ;
#3704=EDGE_CURVE('',#3698,#2070,#3703,.T.) ;
#3717=EDGE_CURVE('',#2242,#3698,#3716,.T.) ;
#3738=EDGE_CURVE('',#2070,#2098,#3731,.F.) ;
#3753=EDGE_CURVE('',#2201,#3752,#3750,.T.) ;
#3758=EDGE_CURVE('',#2098,#3752,#3757,.T.) ;
#3771=EDGE_CURVE('',#3752,#2297,#3770,.T.) ;
#3787=EDGE_CURVE('',#2297,#2242,#3780,.F.) ;
#3840=EDGE_CURVE('',#3837,#3839,#3811,.T.) ;
#3866=EDGE_CURVE('',#3839,#3837,#3841,.T.) ;
#3884=EDGE_CURVE('',#2546,#3883,#3881,.T.) ;
#3891=EDGE_CURVE('',#3890,#3883,#3888,.T.) ;
#3907=EDGE_CURVE('',#3890,#3906,#3892,.T.) ;
#3914=EDGE_CURVE('',#3913,#3906,#3911,.T.) ;
#3919=EDGE_CURVE('',#3913,#2586,#3918,.F.) ;
#3935=EDGE_CURVE('',#3883,#3913,#3934,.T.) ;
#3956=EDGE_CURVE('',#2663,#3955,#3953,.T.) ;
#3975=EDGE_CURVE('',#3974,#3955,#3957,.T.) ;
#3980=EDGE_CURVE('',#3974,#2647,#3979,.F.) ;
#3999=EDGE_CURVE('',#3998,#3974,#3990,.T.) ;
#4007=EDGE_CURVE('',#3955,#3998,#4000,.T.) ;
#4029=EDGE_CURVE('',#4028,#2712,#4026,.T.) ;
#4036=EDGE_CURVE('',#2752,#4035,#4033,.F.) ;
#4043=EDGE_CURVE('',#4035,#4042,#4040,.T.) ;
#4051=EDGE_CURVE('',#4042,#4028,#4044,.F.) ;
#4076=EDGE_CURVE('',#4028,#4075,#4067,.F.) ;
#4081=EDGE_CURVE('',#4075,#4035,#4080,.T.) ;
#4108=EDGE_CURVE('',#4105,#4107,#4097,.T.) ;
#4115=EDGE_CURVE('',#4107,#4114,#4112,.F.) ;
#4120=EDGE_CURVE('',#3131,#4114,#4119,.F.) ;
#4125=EDGE_CURVE('',#4105,#3169,#4124,.T.) ;
#4142=EDGE_CURVE('',#4114,#4141,#4139,.F.) ;
#4150=EDGE_CURVE('',#4141,#4105,#4143,.T.) ;
#4177=EDGE_CURVE('',#4174,#4176,#4166,.T.) ;
#4184=EDGE_CURVE('',#4176,#4183,#4181,.F.) ;
#4189=EDGE_CURVE('',#3049,#4183,#4188,.F.) ;
#4194=EDGE_CURVE('',#4174,#3087,#4193,.T.) ;
#4211=EDGE_CURVE('',#4183,#4210,#4208,.F.) ;
#4219=EDGE_CURVE('',#4210,#4174,#4212,.T.) ;
#4246=EDGE_CURVE('',#4243,#4245,#4235,.T.) ;
#4253=EDGE_CURVE('',#4245,#4252,#4250,.F.) ;
#4258=EDGE_CURVE('',#2967,#4252,#4257,.F.) ;
#4263=EDGE_CURVE('',#4243,#3005,#4262,.T.) ;
#4280=EDGE_CURVE('',#4252,#4279,#4277,.F.) ;
#4288=EDGE_CURVE('',#4279,#4243,#4281,.T.) ;
#4315=EDGE_CURVE('',#4312,#4314,#4304,.T.) ;
#4322=EDGE_CURVE('',#4314,#4321,#4319,.F.) ;
#4327=EDGE_CURVE('',#2885,#4321,#4326,.F.) ;
#4332=EDGE_CURVE('',#4312,#2923,#4331,.T.) ;
#4349=EDGE_CURVE('',#4321,#4348,#4346,.F.) ;
#4357=EDGE_CURVE('',#4348,#4312,#4350,.T.) ;
#4379=EDGE_CURVE('',#4378,#2801,#4376,.T.) ;
#4386=EDGE_CURVE('',#2841,#4385,#4383,.F.) ;
#4393=EDGE_CURVE('',#4385,#4392,#4390,.T.) ;
#4404=EDGE_CURVE('',#4392,#4378,#4394,.F.) ;
#4427=EDGE_CURVE('',#4378,#4426,#4415,.F.) ;
#4432=EDGE_CURVE('',#4426,#4385,#4431,.T.) ;
#4454=EDGE_CURVE('',#4453,#3240,#4451,.T.) ;
#4461=EDGE_CURVE('',#3256,#4460,#4458,.F.) ;
#4468=EDGE_CURVE('',#4460,#4467,#4465,.T.) ;
#4476=EDGE_CURVE('',#4467,#4453,#4469,.F.) ;
#4496=EDGE_CURVE('',#4453,#4495,#4487,.F.) ;
#4501=EDGE_CURVE('',#4495,#4460,#4500,.T.) ;
#4523=EDGE_CURVE('',#3222,#4522,#4520,.T.) ;
#4530=EDGE_CURVE('',#4529,#4522,#4527,.T.) ;
#4537=EDGE_CURVE('',#4536,#4529,#4534,.T.) ;
#4542=EDGE_CURVE('',#4536,#3206,#4541,.F.) ;
#4559=EDGE_CURVE('',#4558,#4536,#4556,.T.) ;
#4564=EDGE_CURVE('',#4522,#4558,#4563,.T.) ;
#4591=EDGE_CURVE('',#4588,#4590,#4580,.T.) ;
#4598=EDGE_CURVE('',#4590,#4597,#4595,.F.) ;
#4603=EDGE_CURVE('',#3623,#4597,#4602,.F.) ;
#4608=EDGE_CURVE('',#4588,#3661,#4607,.T.) ;
#4625=EDGE_CURVE('',#4597,#4624,#4622,.F.) ;
#4633=EDGE_CURVE('',#4624,#4588,#4626,.T.) ;
#4660=EDGE_CURVE('',#4657,#4659,#4649,.T.) ;
#4667=EDGE_CURVE('',#4659,#4666,#4664,.F.) ;
#4672=EDGE_CURVE('',#3541,#4666,#4671,.F.) ;
#4677=EDGE_CURVE('',#4657,#3579,#4676,.T.) ;
#4694=EDGE_CURVE('',#4666,#4693,#4691,.F.) ;
#4702=EDGE_CURVE('',#4693,#4657,#4695,.T.) ;
#4729=EDGE_CURVE('',#4726,#4728,#4718,.T.) ;
#4736=EDGE_CURVE('',#4728,#4735,#4733,.F.) ;
#4741=EDGE_CURVE('',#3459,#4735,#4740,.F.) ;
#4746=EDGE_CURVE('',#4726,#3497,#4745,.T.) ;
#4763=EDGE_CURVE('',#4735,#4762,#4760,.F.) ;
#4771=EDGE_CURVE('',#4762,#4726,#4764,.T.) ;
#4798=EDGE_CURVE('',#4795,#4797,#4787,.T.) ;
#4805=EDGE_CURVE('',#4797,#4804,#4802,.F.) ;
#4810=EDGE_CURVE('',#3377,#4804,#4809,.F.) ;
#4815=EDGE_CURVE('',#4795,#3415,#4814,.T.) ;
#4832=EDGE_CURVE('',#4804,#4831,#4829,.F.) ;
#4840=EDGE_CURVE('',#4831,#4795,#4833,.T.) ;
#4862=EDGE_CURVE('',#4861,#3293,#4859,.T.) ;
#4869=EDGE_CURVE('',#3333,#4868,#4866,.F.) ;
#4876=EDGE_CURVE('',#4868,#4875,#4873,.T.) ;
#4887=EDGE_CURVE('',#4875,#4861,#4877,.F.) ;
#4910=EDGE_CURVE('',#4861,#4909,#4898,.F.) ;
#4915=EDGE_CURVE('',#4909,#4868,#4914,.T.) ;
#4939=EDGE_CURVE('',#4936,#4938,#4934,.T.) ;
#4946=EDGE_CURVE('',#4938,#4945,#4943,.T.) ;
#4953=EDGE_CURVE('',#4945,#4952,#4950,.T.) ;
#4958=EDGE_CURVE('',#4952,#4936,#4957,.T.) ;
#4975=EDGE_CURVE('',#4972,#4974,#4970,.T.) ;
#4982=EDGE_CURVE('',#4974,#4981,#4979,.T.) ;
#4989=EDGE_CURVE('',#4981,#4988,#4986,.T.) ;
#4994=EDGE_CURVE('',#4988,#4972,#4993,.T.) ;
#5011=EDGE_CURVE('',#5008,#5010,#5006,.T.) ;
#5018=EDGE_CURVE('',#5010,#5017,#5015,.T.) ;
#5025=EDGE_CURVE('',#5017,#5024,#5022,.T.) ;
#5030=EDGE_CURVE('',#5024,#5008,#5029,.T.) ;
#5047=EDGE_CURVE('',#5044,#5046,#5042,.T.) ;
#5054=EDGE_CURVE('',#5046,#5053,#5051,.T.) ;
#5061=EDGE_CURVE('',#5053,#5060,#5058,.T.) ;
#5066=EDGE_CURVE('',#5060,#5044,#5065,.T.) ;
#5083=EDGE_CURVE('',#5080,#5082,#5078,.T.) ;
#5090=EDGE_CURVE('',#5082,#5089,#5087,.T.) ;
#5097=EDGE_CURVE('',#5089,#5096,#5094,.T.) ;
#5102=EDGE_CURVE('',#5096,#5080,#5101,.T.) ;
#5119=EDGE_CURVE('',#5116,#5118,#5114,.T.) ;
#5126=EDGE_CURVE('',#5118,#5125,#5123,.T.) ;
#5133=EDGE_CURVE('',#5125,#5132,#5130,.T.) ;
#5138=EDGE_CURVE('',#5132,#5116,#5137,.T.) ;
#5155=EDGE_CURVE('',#5152,#5154,#5150,.T.) ;
#5162=EDGE_CURVE('',#5154,#5161,#5159,.T.) ;
#5169=EDGE_CURVE('',#5161,#5168,#5166,.T.) ;
#5174=EDGE_CURVE('',#5168,#5152,#5173,.T.) ;
#5191=EDGE_CURVE('',#5188,#5190,#5186,.T.) ;
#5198=EDGE_CURVE('',#5190,#5197,#5195,.T.) ;
#5205=EDGE_CURVE('',#5197,#5204,#5202,.T.) ;
#5210=EDGE_CURVE('',#5204,#5188,#5209,.T.) ;
#5230=EDGE_CURVE('',#5229,#3752,#5227,.F.) ;
#5237=EDGE_CURVE('',#3698,#5236,#5234,.T.) ;
#5244=EDGE_CURVE('',#5243,#5236,#5241,.T.) ;
#5249=EDGE_CURVE('',#5229,#5243,#5248,.T.) ;
#5267=EDGE_CURVE('',#5266,#5229,#5264,.T.) ;
#5272=EDGE_CURVE('',#5236,#5266,#5271,.T.) ;
#5295=EDGE_CURVE('',#5294,#3839,#5292,.F.) ;
#5302=EDGE_CURVE('',#3837,#5301,#5299,.T.) ;
#5319=EDGE_CURVE('',#5294,#5301,#5303,.T.) ;
#5344=EDGE_CURVE('',#5301,#5294,#5328,.T.) ;
#5364=EDGE_CURVE('',#5363,#5243,#5361,.F.) ;
#5369=EDGE_CURVE('',#5229,#5363,#5368,.F.) ;
#5388=EDGE_CURVE('',#5387,#3890,#5385,.F.) ;
#5395=EDGE_CURVE('',#5394,#5387,#5392,.F.) ;
#5400=EDGE_CURVE('',#3906,#5394,#5399,.T.) ;
#5420=EDGE_CURVE('',#5419,#3883,#5417,.T.) ;
#5427=EDGE_CURVE('',#3913,#5426,#5424,.F.) ;
#5444=EDGE_CURVE('',#5419,#5426,#5428,.T.) ;
#5457=EDGE_CURVE('',#5426,#5394,#5456,.F.) ;
#5473=EDGE_CURVE('',#5387,#5419,#5466,.T.) ;
#5493=EDGE_CURVE('',#5363,#5492,#5490,.T.) ;
#5500=EDGE_CURVE('',#5499,#5243,#5497,.F.) ;
#5507=EDGE_CURVE('',#5506,#5499,#5504,.F.) ;
#5512=EDGE_CURVE('',#5492,#5506,#5511,.T.) ;
#5531=EDGE_CURVE('',#5499,#5236,#5530,.F.) ;
#5558=EDGE_CURVE('',#5555,#5557,#5553,.F.) ;
#5565=EDGE_CURVE('',#5564,#5555,#5562,.F.) ;
#5572=EDGE_CURVE('',#5571,#5564,#5569,.F.) ;
#5577=EDGE_CURVE('',#5557,#5571,#5576,.F.) ;
#5617=EDGE_CURVE('',#5614,#5616,#5597,.T.) ;
#5636=EDGE_CURVE('',#5635,#5614,#5618,.T.) ;
#5655=EDGE_CURVE('',#5654,#5635,#5637,.T.) ;
#5672=EDGE_CURVE('',#5616,#5654,#5656,.T.) ;
#5718=EDGE_CURVE('',#5715,#5717,#5713,.F.) ;
#5731=EDGE_CURVE('',#5730,#5717,#5719,.F.) ;
#5747=EDGE_CURVE('',#5746,#5730,#5732,.F.) ;
#5754=EDGE_CURVE('',#5746,#5753,#5751,.T.) ;
#5767=EDGE_CURVE('',#5766,#5753,#5755,.F.) ;
#5781=EDGE_CURVE('',#5715,#5766,#5768,.F.) ;
#5809=EDGE_CURVE('',#4536,#5808,#5806,.T.) ;
#5816=EDGE_CURVE('',#5808,#5815,#5813,.F.) ;
#5823=EDGE_CURVE('',#5815,#5822,#5820,.F.) ;
#5828=EDGE_CURVE('',#5822,#4522,#5827,.F.) ;
#5845=EDGE_CURVE('',#5822,#5844,#5842,.F.) ;
#5850=EDGE_CURVE('',#5844,#5808,#5849,.F.) ;
#5874=EDGE_CURVE('',#5871,#5873,#5869,.F.) ;
#5882=EDGE_CURVE('',#5717,#5873,#5875,.T.) ;
#5890=EDGE_CURVE('',#5871,#5715,#5883,.T.) ;
#5913=EDGE_CURVE('',#5912,#5746,#5904,.T.) ;
#5920=EDGE_CURVE('',#5912,#5919,#5917,.T.) ;
#5928=EDGE_CURVE('',#5753,#5919,#5921,.T.) ;
#5968=EDGE_CURVE('',#5965,#5967,#5948,.T.) ;
#5987=EDGE_CURVE('',#5986,#5965,#5969,.T.) ;
#6006=EDGE_CURVE('',#6005,#5986,#5988,.T.) ;
#6023=EDGE_CURVE('',#5967,#6005,#6007,.T.) ;
#6072=EDGE_CURVE('',#6069,#6071,#6061,.F.) ;
#6079=EDGE_CURVE('',#6078,#6069,#6076,.T.) ;
#6084=EDGE_CURVE('',#4938,#6078,#6083,.F.) ;
#6089=EDGE_CURVE('',#6071,#4952,#6088,.T.) ;
#6106=EDGE_CURVE('',#6105,#6078,#6103,.T.) ;
#6114=EDGE_CURVE('',#6071,#6105,#6107,.F.) ;
#6141=EDGE_CURVE('',#6138,#6140,#6130,.F.) ;
#6148=EDGE_CURVE('',#6147,#6138,#6145,.T.) ;
#6153=EDGE_CURVE('',#4974,#6147,#6152,.F.) ;
#6158=EDGE_CURVE('',#6140,#4988,#6157,.T.) ;
#6175=EDGE_CURVE('',#6174,#6147,#6172,.T.) ;
#6183=EDGE_CURVE('',#6140,#6174,#6176,.F.) ;
#6210=EDGE_CURVE('',#6207,#6209,#6199,.F.) ;
#6217=EDGE_CURVE('',#6216,#6207,#6214,.T.) ;
#6222=EDGE_CURVE('',#5010,#6216,#6221,.F.) ;
#6227=EDGE_CURVE('',#6209,#5024,#6226,.T.) ;
#6244=EDGE_CURVE('',#6243,#6216,#6241,.T.) ;
#6252=EDGE_CURVE('',#6209,#6243,#6245,.F.) ;
#6279=EDGE_CURVE('',#6276,#6278,#6268,.F.) ;
#6286=EDGE_CURVE('',#6285,#6276,#6283,.T.) ;
#6291=EDGE_CURVE('',#5046,#6285,#6290,.F.) ;
#6296=EDGE_CURVE('',#6278,#5060,#6295,.T.) ;
#6313=EDGE_CURVE('',#6312,#6285,#6310,.T.) ;
#6321=EDGE_CURVE('',#6278,#6312,#6314,.F.) ;
#6348=EDGE_CURVE('',#6345,#6347,#6337,.F.) ;
#6355=EDGE_CURVE('',#6354,#6345,#6352,.T.) ;
#6360=EDGE_CURVE('',#5082,#6354,#6359,.F.) ;
#6365=EDGE_CURVE('',#6347,#5096,#6364,.T.) ;
#6382=EDGE_CURVE('',#6381,#6354,#6379,.T.) ;
#6390=EDGE_CURVE('',#6347,#6381,#6383,.F.) ;
#6417=EDGE_CURVE('',#6414,#6416,#6406,.F.) ;
#6424=EDGE_CURVE('',#6423,#6414,#6421,.T.) ;
#6429=EDGE_CURVE('',#5118,#6423,#6428,.F.) ;
#6434=EDGE_CURVE('',#6416,#5132,#6433,.T.) ;
#6451=EDGE_CURVE('',#6450,#6423,#6448,.T.) ;
#6459=EDGE_CURVE('',#6416,#6450,#6452,.F.) ;
#6486=EDGE_CURVE('',#6483,#6485,#6475,.F.) ;
#6493=EDGE_CURVE('',#6492,#6483,#6490,.T.) ;
#6498=EDGE_CURVE('',#5154,#6492,#6497,.F.) ;
#6503=EDGE_CURVE('',#6485,#5168,#6502,.T.) ;
#6520=EDGE_CURVE('',#6519,#6492,#6517,.T.) ;
#6528=EDGE_CURVE('',#6485,#6519,#6521,.F.) ;
#6555=EDGE_CURVE('',#6552,#6554,#6544,.F.) ;
#6562=EDGE_CURVE('',#6561,#6552,#6559,.T.) ;
#6567=EDGE_CURVE('',#5190,#6561,#6566,.F.) ;
#6572=EDGE_CURVE('',#6554,#5204,#6571,.T.) ;
#6589=EDGE_CURVE('',#6588,#6561,#6586,.T.) ;
#6597=EDGE_CURVE('',#6554,#6588,#6590,.F.) ;
#6621=EDGE_CURVE('',#6618,#6620,#6616,.T.) ;
#6628=EDGE_CURVE('',#6627,#6618,#6625,.F.) ;
#6635=EDGE_CURVE('',#6634,#6627,#6632,.F.) ;
#6642=EDGE_CURVE('',#6641,#6634,#6639,.F.) ;
#6647=EDGE_CURVE('',#6620,#6641,#6646,.F.) ;
#6670=EDGE_CURVE('',#6667,#6669,#6665,.T.) ;
#6677=EDGE_CURVE('',#6676,#6667,#6674,.F.) ;
#6684=EDGE_CURVE('',#6683,#6676,#6681,.T.) ;
#6691=EDGE_CURVE('',#6690,#6683,#6688,.T.) ;
#6696=EDGE_CURVE('',#6669,#6690,#6695,.T.) ;
#6712=EDGE_CURVE('',#6711,#5266,#6709,.F.) ;
#6717=EDGE_CURVE('',#5236,#6711,#6716,.F.) ;
#6731=EDGE_CURVE('',#6730,#5229,#6728,.F.) ;
#6736=EDGE_CURVE('',#5266,#6730,#6735,.F.) ;
#6752=EDGE_CURVE('',#6749,#6751,#6747,.T.) ;
#6759=EDGE_CURVE('',#6758,#6749,#6756,.T.) ;
#6766=EDGE_CURVE('',#6765,#6758,#6763,.T.) ;
#6773=EDGE_CURVE('',#6772,#6765,#6770,.F.) ;
#6778=EDGE_CURVE('',#6751,#6772,#6777,.T.) ;
#6796=EDGE_CURVE('',#6793,#6795,#6791,.F.) ;
#6803=EDGE_CURVE('',#6802,#6793,#6800,.F.) ;
#6810=EDGE_CURVE('',#6809,#6802,#6807,.F.) ;
#6817=EDGE_CURVE('',#6816,#6809,#6814,.T.) ;
#6822=EDGE_CURVE('',#6795,#6816,#6821,.F.) ;
#6843=EDGE_CURVE('',#6842,#5294,#6840,.F.) ;
#6848=EDGE_CURVE('',#5301,#5229,#6847,.F.) ;
#6853=EDGE_CURVE('',#6842,#5492,#6852,.T.) ;
#6870=EDGE_CURVE('',#6869,#6842,#6867,.T.) ;
#6875=EDGE_CURVE('',#6795,#6869,#6874,.T.) ;
#6880=EDGE_CURVE('',#6765,#6816,#6879,.T.) ;
#6885=EDGE_CURVE('',#6730,#6758,#6884,.T.) ;
#6917=EDGE_CURVE('',#6869,#6916,#6914,.T.) ;
#6924=EDGE_CURVE('',#6923,#5506,#6921,.T.) ;
#6929=EDGE_CURVE('',#6916,#6923,#6928,.T.) ;
#6949=EDGE_CURVE('',#5236,#6923,#6948,.T.) ;
#6962=EDGE_CURVE('',#6683,#6711,#6961,.F.) ;
#6967=EDGE_CURVE('',#6620,#6676,#6966,.F.) ;
#6972=EDGE_CURVE('',#6916,#6641,#6971,.F.) ;
#6996=EDGE_CURVE('',#6995,#5555,#6993,.F.) ;
#7003=EDGE_CURVE('',#5571,#7002,#7000,.T.) ;
#7010=EDGE_CURVE('',#7009,#7002,#7007,.T.) ;
#7015=EDGE_CURVE('',#6995,#7009,#7014,.T.) ;
#7032=EDGE_CURVE('',#7031,#6995,#7029,.T.) ;
#7037=EDGE_CURVE('',#7002,#7031,#7036,.T.) ;
#7059=EDGE_CURVE('',#7058,#5614,#7056,.T.) ;
#7066=EDGE_CURVE('',#5654,#7065,#7063,.F.) ;
#7073=EDGE_CURVE('',#7072,#7065,#7070,.F.) ;
#7081=EDGE_CURVE('',#7058,#7072,#7074,.T.) ;
#7101=EDGE_CURVE('',#7100,#7058,#7092,.T.) ;
#7106=EDGE_CURVE('',#7065,#7100,#7105,.F.) ;
#7128=EDGE_CURVE('',#5766,#7127,#7125,.F.) ;
#7135=EDGE_CURVE('',#7134,#7127,#7132,.F.) ;
#7142=EDGE_CURVE('',#7141,#7134,#7139,.F.) ;
#7147=EDGE_CURVE('',#7141,#5730,#7146,.T.) ;
#7152=EDGE_CURVE('',#5871,#5873,#7151,.T.) ;
#7172=EDGE_CURVE('',#7171,#7141,#7169,.F.) ;
#7177=EDGE_CURVE('',#7127,#7171,#7176,.F.) ;
#7182=EDGE_CURVE('',#5912,#5919,#7181,.T.) ;
#7213=EDGE_CURVE('',#7212,#5912,#7201,.F.) ;
#7227=EDGE_CURVE('',#5873,#7212,#7214,.F.) ;
#7240=EDGE_CURVE('',#7239,#5871,#7228,.F.) ;
#7254=EDGE_CURVE('',#5919,#7239,#7241,.F.) ;
#7282=EDGE_CURVE('',#6005,#7281,#7279,.F.) ;
#7289=EDGE_CURVE('',#7288,#7281,#7286,.F.) ;
#7294=EDGE_CURVE('',#7288,#5965,#7293,.T.) ;
#7320=EDGE_CURVE('',#7281,#7288,#7304,.T.) ;
#7343=EDGE_CURVE('',#7340,#7342,#7338,.T.) ;
#7348=EDGE_CURVE('',#6634,#7342,#7347,.F.) ;
#7353=EDGE_CURVE('',#7340,#6627,#7352,.T.) ;
#7373=EDGE_CURVE('',#7372,#7340,#7370,.T.) ;
#7378=EDGE_CURVE('',#7372,#6618,#7377,.T.) ;
#7408=EDGE_CURVE('',#6618,#6667,#7407,.T.) ;
#7425=EDGE_CURVE('',#7422,#7424,#7420,.T.) ;
#7430=EDGE_CURVE('',#6667,#7422,#7429,.T.) ;
#7435=EDGE_CURVE('',#7424,#6669,#7434,.F.) ;
#7462=EDGE_CURVE('',#7424,#7461,#7459,.T.) ;
#7467=EDGE_CURVE('',#7461,#6690,#7466,.F.) ;
#7489=EDGE_CURVE('',#7486,#7488,#7484,.T.) ;
#7494=EDGE_CURVE('',#6749,#7486,#7493,.T.) ;
#7499=EDGE_CURVE('',#7488,#6751,#7498,.F.) ;
#7514=EDGE_CURVE('',#7488,#7513,#7511,.T.) ;
#7519=EDGE_CURVE('',#7513,#6772,#7518,.F.) ;
#7549=EDGE_CURVE('',#6772,#6809,#7548,.F.) ;
#7566=EDGE_CURVE('',#7563,#7565,#7561,.T.) ;
#7571=EDGE_CURVE('',#6802,#7565,#7570,.F.) ;
#7576=EDGE_CURVE('',#7563,#6793,#7575,.T.) ;
#7591=EDGE_CURVE('',#7565,#7590,#7588,.T.) ;
#7596=EDGE_CURVE('',#6809,#7590,#7595,.F.) ;
#7628=EDGE_CURVE('',#7342,#7627,#7625,.T.) ;
#7635=EDGE_CURVE('',#7634,#7627,#7632,.T.) ;
#7640=EDGE_CURVE('',#7461,#7634,#7639,.T.) ;
#7647=EDGE_CURVE('',#7646,#7486,#7644,.T.) ;
#7654=EDGE_CURVE('',#7653,#7646,#7651,.F.) ;
#7659=EDGE_CURVE('',#7653,#7563,#7658,.T.) ;
#7698=EDGE_CURVE('',#7695,#7697,#7693,.F.) ;
#7705=EDGE_CURVE('',#7704,#7695,#7702,.F.) ;
#7712=EDGE_CURVE('',#7711,#7704,#7709,.F.) ;
#7717=EDGE_CURVE('',#7697,#7711,#7716,.F.) ;
#7751=EDGE_CURVE('',#7748,#7750,#7746,.T.) ;
#7758=EDGE_CURVE('',#7757,#7748,#7755,.T.) ;
#7765=EDGE_CURVE('',#7764,#7757,#7762,.T.) ;
#7770=EDGE_CURVE('',#7750,#7764,#7769,.T.) ;
#7790=EDGE_CURVE('',#7789,#7065,#7787,.F.) ;
#7797=EDGE_CURVE('',#7058,#7796,#7794,.T.) ;
#7804=EDGE_CURVE('',#7803,#7796,#7801,.T.) ;
#7809=EDGE_CURVE('',#7789,#7803,#7808,.T.) ;
#7826=EDGE_CURVE('',#7825,#7789,#7823,.T.) ;
#7845=EDGE_CURVE('',#7844,#7825,#7827,.T.) ;
#7850=EDGE_CURVE('',#7796,#7844,#7849,.T.) ;
#7873=EDGE_CURVE('',#7239,#7872,#7870,.T.) ;
#7880=EDGE_CURVE('',#7879,#7872,#7877,.T.) ;
#7887=EDGE_CURVE('',#7886,#7879,#7884,.T.) ;
#7894=EDGE_CURVE('',#7893,#7886,#7891,.T.) ;
#7899=EDGE_CURVE('',#7893,#7212,#7898,.F.) ;
#7918=EDGE_CURVE('',#7917,#7893,#7915,.T.) ;
#7925=EDGE_CURVE('',#7924,#7917,#7922,.T.) ;
#7930=EDGE_CURVE('',#7872,#7924,#7929,.T.) ;
#7969=EDGE_CURVE('',#7968,#7281,#7966,.F.) ;
#7976=EDGE_CURVE('',#7288,#7975,#7973,.T.) ;
#8005=EDGE_CURVE('',#7886,#7975,#7977,.F.) ;
#8013=EDGE_CURVE('',#8012,#7886,#8006,.F.) ;
#8027=EDGE_CURVE('',#7968,#8012,#8014,.F.) ;
#8071=EDGE_CURVE('',#7844,#7968,#8058,.T.) ;
#8085=EDGE_CURVE('',#7975,#7825,#8072,.T.) ;
#8107=EDGE_CURVE('',#8106,#7372,#8104,.T.) ;
#8114=EDGE_CURVE('',#8113,#8106,#8111,.T.) ;
#8119=EDGE_CURVE('',#7627,#8113,#8118,.T.) ;
#8141=EDGE_CURVE('',#8140,#7422,#8138,.T.) ;
#8146=EDGE_CURVE('',#8106,#8140,#8145,.T.) ;
#8168=EDGE_CURVE('',#8167,#7634,#8165,.F.) ;
#8173=EDGE_CURVE('',#8140,#8167,#8172,.F.) ;
#8195=EDGE_CURVE('',#8167,#8194,#8192,.F.) ;
#8202=EDGE_CURVE('',#8201,#8113,#8199,.F.) ;
#8207=EDGE_CURVE('',#8194,#8201,#8206,.F.) ;
#8226=EDGE_CURVE('',#8223,#8225,#8221,.F.) ;
#8231=EDGE_CURVE('',#7646,#8223,#8230,.F.) ;
#8236=EDGE_CURVE('',#8225,#7513,#8235,.F.) ;
#8258=EDGE_CURVE('',#7590,#8257,#8255,.F.) ;
#8263=EDGE_CURVE('',#8225,#8257,#8262,.F.) ;
#8280=EDGE_CURVE('',#8279,#7653,#8277,.T.) ;
#8285=EDGE_CURVE('',#8257,#8279,#8284,.T.) ;
#8307=EDGE_CURVE('',#8306,#8223,#8304,.T.) ;
#8314=EDGE_CURVE('',#8313,#8306,#8311,.T.) ;
#8319=EDGE_CURVE('',#8279,#8313,#8318,.T.) ;
#8339=EDGE_CURVE('',#7711,#7748,#8338,.T.) ;
#8344=EDGE_CURVE('',#7764,#7695,#8343,.F.) ;
#8374=EDGE_CURVE('',#8371,#8373,#8363,.F.) ;
#8381=EDGE_CURVE('',#8380,#8371,#8378,.F.) ;
#8391=EDGE_CURVE('',#8390,#8380,#8382,.F.) ;
#8396=EDGE_CURVE('',#8373,#8390,#8395,.T.) ;
#8418=EDGE_CURVE('',#8415,#8417,#8413,.F.) ;
#8423=EDGE_CURVE('',#8373,#8417,#8422,.T.) ;
#8428=EDGE_CURVE('',#8415,#8390,#8427,.T.) ;
#8449=EDGE_CURVE('',#8446,#8448,#8444,.T.) ;
#8454=EDGE_CURVE('',#8380,#8448,#8453,.T.) ;
#8459=EDGE_CURVE('',#8446,#8371,#8458,.T.) ;
#8481=EDGE_CURVE('',#8478,#8480,#8476,.T.) ;
#8488=EDGE_CURVE('',#8487,#8480,#8485,.T.) ;
#8504=EDGE_CURVE('',#8503,#8487,#8489,.T.) ;
#8520=EDGE_CURVE('',#8519,#8503,#8505,.T.) ;
#8525=EDGE_CURVE('',#8478,#8519,#8524,.T.) ;
#8552=EDGE_CURVE('',#7803,#8551,#8549,.F.) ;
#8562=EDGE_CURVE('',#8561,#8551,#8553,.T.) ;
#8572=EDGE_CURVE('',#8571,#8561,#8563,.T.) ;
#8577=EDGE_CURVE('',#8571,#7975,#8576,.F.) ;
#8604=EDGE_CURVE('',#7968,#8503,#8603,.F.) ;
#8612=EDGE_CURVE('',#8551,#8487,#8605,.T.) ;
#8637=EDGE_CURVE('',#7879,#8012,#8636,.T.) ;
#8665=EDGE_CURVE('',#8664,#8571,#8656,.T.) ;
#8675=EDGE_CURVE('',#8674,#8664,#8666,.T.) ;
#8680=EDGE_CURVE('',#8674,#7917,#8679,.F.) ;
#8710=EDGE_CURVE('',#8519,#8674,#8703,.T.) ;
#8737=EDGE_CURVE('',#8734,#8736,#8732,.F.) ;
#8742=EDGE_CURVE('',#8664,#8736,#8741,.T.) ;
#8747=EDGE_CURVE('',#8734,#8561,#8746,.T.) ;
#8762=EDGE_CURVE('',#8761,#8194,#8759,.T.) ;
#8769=EDGE_CURVE('',#8768,#8761,#8766,.F.) ;
#8774=EDGE_CURVE('',#8768,#8201,#8773,.T.) ;
#8791=EDGE_CURVE('',#8201,#8313,#8790,.T.) ;
#8796=EDGE_CURVE('',#8194,#8306,#8795,.T.) ;
#8811=EDGE_CURVE('',#8313,#8810,#8808,.T.) ;
#8818=EDGE_CURVE('',#8817,#8810,#8815,.F.) ;
#8823=EDGE_CURVE('',#8306,#8817,#8822,.T.) ;
#8845=EDGE_CURVE('',#8446,#8417,#8844,.F.) ;
#8864=EDGE_CURVE('',#8863,#8415,#8861,.T.) ;
#8871=EDGE_CURVE('',#8870,#8863,#8868,.T.) ;
#8876=EDGE_CURVE('',#8417,#8870,#8875,.F.) ;
#8894=EDGE_CURVE('',#8415,#8448,#8893,.T.) ;
#8909=EDGE_CURVE('',#8908,#8446,#8906,.F.) ;
#8916=EDGE_CURVE('',#8915,#8908,#8913,.F.) ;
#8921=EDGE_CURVE('',#8448,#8915,#8920,.T.) ;
#8939=EDGE_CURVE('',#8734,#8480,#8938,.T.) ;
#8955=EDGE_CURVE('',#8954,#8478,#8952,.F.) ;
#8962=EDGE_CURVE('',#8961,#8954,#8959,.F.) ;
#8967=EDGE_CURVE('',#8480,#8961,#8966,.T.) ;
#8985=EDGE_CURVE('',#8478,#8736,#8984,.F.) ;
#9000=EDGE_CURVE('',#8999,#8734,#8997,.T.) ;
#9007=EDGE_CURVE('',#9006,#8999,#9004,.T.) ;
#9012=EDGE_CURVE('',#8736,#9006,#9011,.F.) ;
#9034=EDGE_CURVE('',#9031,#9033,#9029,.T.) ;
#9039=EDGE_CURVE('',#8817,#9033,#9038,.F.) ;
#9044=EDGE_CURVE('',#8810,#9031,#9043,.F.) ;
#9071=EDGE_CURVE('',#9033,#9070,#9068,.T.) ;
#9076=EDGE_CURVE('',#8761,#9070,#9075,.F.) ;
#9098=EDGE_CURVE('',#9070,#9097,#9095,.F.) ;
#9103=EDGE_CURVE('',#9097,#8768,#9102,.T.) ;
#9121=EDGE_CURVE('',#9097,#9031,#9120,.F.) ;
#9145=EDGE_CURVE('',#9142,#9144,#9140,.F.) ;
#9150=EDGE_CURVE('',#8870,#9144,#9149,.F.) ;
#9155=EDGE_CURVE('',#9142,#8863,#9154,.T.) ;
#9175=EDGE_CURVE('',#9144,#9174,#9172,.F.) ;
#9180=EDGE_CURVE('',#8908,#9174,#9179,.T.) ;
#9202=EDGE_CURVE('',#9174,#9201,#9199,.T.) ;
#9207=EDGE_CURVE('',#8915,#9201,#9206,.F.) ;
#9225=EDGE_CURVE('',#9201,#9142,#9224,.T.) ;
#9249=EDGE_CURVE('',#9246,#9248,#9244,.T.) ;
#9254=EDGE_CURVE('',#8961,#9248,#9253,.F.) ;
#9259=EDGE_CURVE('',#9246,#8954,#9258,.T.) ;
#9279=EDGE_CURVE('',#9248,#9278,#9276,.T.) ;
#9284=EDGE_CURVE('',#8999,#9278,#9283,.F.) ;
#9306=EDGE_CURVE('',#9278,#9305,#9303,.F.) ;
#9311=EDGE_CURVE('',#9006,#9305,#9310,.F.) ;
#9329=EDGE_CURVE('',#9305,#9246,#9328,.F.) ;
#9353=EDGE_CURVE('',#9350,#9352,#9348,.F.) ;
#9360=EDGE_CURVE('',#9359,#9350,#9357,.T.) ;
#9367=EDGE_CURVE('',#9366,#9359,#9364,.T.) ;
#9372=EDGE_CURVE('',#9352,#9366,#9371,.F.) ;
#9399=EDGE_CURVE('',#9396,#9398,#9379,.F.) ;
#9418=EDGE_CURVE('',#9398,#9417,#9400,.F.) ;
#9437=EDGE_CURVE('',#9417,#9436,#9419,.F.) ;
#9454=EDGE_CURVE('',#9436,#9396,#9438,.F.) ;
#9481=EDGE_CURVE('',#9478,#9480,#9461,.F.) ;
#9500=EDGE_CURVE('',#9480,#9499,#9482,.F.) ;
#9519=EDGE_CURVE('',#9499,#9518,#9501,.F.) ;
#9536=EDGE_CURVE('',#9518,#9478,#9520,.F.) ;
#9563=EDGE_CURVE('',#9560,#9562,#9543,.F.) ;
#9582=EDGE_CURVE('',#9562,#9581,#9564,.F.) ;
#9601=EDGE_CURVE('',#9581,#9600,#9583,.F.) ;
#9618=EDGE_CURVE('',#9600,#9560,#9602,.F.) ;
#9657=EDGE_CURVE('',#9654,#9656,#9637,.F.) ;
#9676=EDGE_CURVE('',#9656,#9675,#9658,.F.) ;
#9695=EDGE_CURVE('',#9675,#9694,#9677,.F.) ;
#9712=EDGE_CURVE('',#9694,#9654,#9696,.F.) ;
#9747=EDGE_CURVE('',#9744,#9746,#9742,.T.) ;
#9752=EDGE_CURVE('',#9359,#9744,#9751,.T.) ;
#9757=EDGE_CURVE('',#9746,#9350,#9756,.T.) ;
#9777=EDGE_CURVE('',#9746,#9776,#9774,.F.) ;
#9782=EDGE_CURVE('',#9776,#9352,#9781,.T.) ;
#9802=EDGE_CURVE('',#9776,#9801,#9799,.F.) ;
#9807=EDGE_CURVE('',#9801,#9366,#9806,.T.) ;
#9825=EDGE_CURVE('',#9801,#9744,#9824,.F.) ;
#9845=EDGE_CURVE('',#9844,#9600,#9842,.F.) ;
#9852=EDGE_CURVE('',#9851,#9844,#9849,.F.) ;
#9862=EDGE_CURVE('',#9861,#9851,#9853,.T.) ;
#9867=EDGE_CURVE('',#9562,#9861,#9866,.T.) ;
#9887=EDGE_CURVE('',#9886,#9861,#9878,.T.) ;
#9892=EDGE_CURVE('',#9844,#9886,#9891,.F.) ;
#9914=EDGE_CURVE('',#9913,#9518,#9911,.F.) ;
#9921=EDGE_CURVE('',#9920,#9913,#9918,.F.) ;
#9931=EDGE_CURVE('',#9930,#9920,#9922,.T.) ;
#9936=EDGE_CURVE('',#9480,#9930,#9935,.T.) ;
#9956=EDGE_CURVE('',#9955,#9930,#9947,.T.) ;
#9961=EDGE_CURVE('',#9913,#9955,#9960,.F.) ;
#9983=EDGE_CURVE('',#9982,#9436,#9980,.F.) ;
#9990=EDGE_CURVE('',#9989,#9982,#9987,.F.) ;
#10000=EDGE_CURVE('',#9999,#9989,#9991,.T.) ;
#10005=EDGE_CURVE('',#9398,#9999,#10004,.T.) ;
#10025=EDGE_CURVE('',#10024,#9999,#10016,.T.) ;
#10030=EDGE_CURVE('',#9982,#10024,#10029,.F.) ;
#10052=EDGE_CURVE('',#10051,#9694,#10049,.F.) ;
#10059=EDGE_CURVE('',#10058,#10051,#10056,.F.) ;
#10069=EDGE_CURVE('',#10068,#10058,#10060,.T.) ;
#10074=EDGE_CURVE('',#9656,#10068,#10073,.T.) ;
#10094=EDGE_CURVE('',#10093,#10068,#10085,.T.) ;
#10099=EDGE_CURVE('',#10051,#10093,#10098,.F.) ;
#10121=EDGE_CURVE('',#10120,#9746,#10118,.F.) ;
#10128=EDGE_CURVE('',#10127,#10120,#10125,.F.) ;
#10133=EDGE_CURVE('',#9744,#10127,#10132,.F.) ;
#10153=EDGE_CURVE('',#10152,#9776,#10150,.T.) ;
#10158=EDGE_CURVE('',#10120,#10152,#10157,.F.) ;
#10178=EDGE_CURVE('',#10177,#9801,#10175,.T.) ;
#10183=EDGE_CURVE('',#10152,#10177,#10182,.T.) ;
#10201=EDGE_CURVE('',#10177,#10127,#10200,.T.) ;
#10268=EDGE_CURVE('',#10265,#10267,#10248,.T.) ;
#10284=EDGE_CURVE('',#10283,#10265,#10269,.T.) ;
#10303=EDGE_CURVE('',#10302,#10283,#10285,.T.) ;
#10317=EDGE_CURVE('',#10267,#10302,#10304,.T.) ;
#10339=EDGE_CURVE('',#10336,#10338,#10334,.F.) ;
#10346=EDGE_CURVE('',#10345,#10336,#10343,.F.) ;
#10353=EDGE_CURVE('',#10352,#10345,#10350,.F.) ;
#10358=EDGE_CURVE('',#10338,#10352,#10357,.F.) ;
#10376=EDGE_CURVE('',#10352,#10265,#10375,.T.) ;
#10381=EDGE_CURVE('',#10302,#10336,#10380,.F.) ;
#10424=EDGE_CURVE('',#10421,#10423,#10404,.T.) ;
#10440=EDGE_CURVE('',#10439,#10421,#10425,.T.) ;
#10459=EDGE_CURVE('',#10458,#10439,#10441,.T.) ;
#10473=EDGE_CURVE('',#10423,#10458,#10460,.T.) ;
#10490=EDGE_CURVE('',#10487,#10489,#10485,.F.) ;
#10497=EDGE_CURVE('',#10496,#10487,#10494,.F.) ;
#10504=EDGE_CURVE('',#10503,#10496,#10501,.F.) ;
#10509=EDGE_CURVE('',#10489,#10503,#10508,.F.) ;
#10527=EDGE_CURVE('',#10503,#10421,#10526,.T.) ;
#10532=EDGE_CURVE('',#10458,#10487,#10531,.F.) ;
#59=EDGE_LOOP('',(#60,#61,#62,#63)) ;
#98=EDGE_LOOP('',(#99,#100,#101,#102)) ;
#123=EDGE_LOOP('',(#124,#125,#126,#127)) ;
#186=EDGE_LOOP('',(#187,#188,#189,#190,#191,#192,#193,#194,#195)) ;
#228=EDGE_LOOP('',(#229,#230,#231,#232,#233)) ;
#247=EDGE_LOOP('',(#248,#249,#250,#251)) ;
#286=EDGE_LOOP('',(#287,#288,#289,#290,#291,#292)) ;
#308=EDGE_LOOP('',(#309,#310,#311,#312,#313,#314)) ;
#399=EDGE_LOOP('',(#400,#401,#402,#403)) ;
#405=EDGE_LOOP('',(#406,#407,#408,#409,#410,#411)) ;
#449=EDGE_LOOP('',(#450,#451,#452,#453,#454,#455)) ;
#474=EDGE_LOOP('',(#475,#476,#477,#478,#479,#480)) ;
#517=EDGE_LOOP('',(#518,#519,#520,#521)) ;
#537=EDGE_LOOP('',(#538,#539,#540,#541)) ;
#579=EDGE_LOOP('',(#580,#581,#582,#583,#584,#585)) ;
#609=EDGE_LOOP('',(#610,#611,#612,#613,#614,#615)) ;
#652=EDGE_LOOP('',(#653,#654,#655,#656)) ;
#658=EDGE_LOOP('',(#659,#660,#661,#662)) ;
#700=EDGE_LOOP('',(#701,#702,#703,#704,#705,#706)) ;
#725=EDGE_LOOP('',(#726,#727,#728,#729,#730,#731)) ;
#782=EDGE_LOOP('',(#783,#784,#785,#786,#787,#788)) ;
#834=EDGE_LOOP('',(#835,#836,#837,#838,#839,#840)) ;
#886=EDGE_LOOP('',(#887,#888,#889,#890,#891,#892)) ;
#944=EDGE_LOOP('',(#945,#946,#947,#948)) ;
#1024=EDGE_LOOP('',(#1025,#1026,#1027,#1028,#1029,#1030)) ;
#1064=EDGE_LOOP('',(#1065,#1066,#1067,#1068)) ;
#1118=EDGE_LOOP('',(#1119,#1120,#1121,#1122,#1123,#1124)) ;
#1161=EDGE_LOOP('',(#1162,#1163,#1164,#1165)) ;
#1167=EDGE_LOOP('',(#1168,#1169,#1170,#1171)) ;
#1212=EDGE_LOOP('',(#1213,#1214,#1215,#1216,#1217,#1218)) ;
#1240=EDGE_LOOP('',(#1241,#1242,#1243,#1244,#1245,#1246)) ;
#1281=EDGE_LOOP('',(#1282,#1283,#1284,#1285,#1286,#1287)) ;
#1303=EDGE_LOOP('',(#1304,#1305,#1306,#1307,#1308,#1309)) ;
#1422=EDGE_LOOP('',(#1423,#1424,#1425,#1426,#1427,#1428,#1429,#1430)) ;
#1458=EDGE_LOOP('',(#1459,#1460,#1461,#1462)) ;
#1483=EDGE_LOOP('',(#1484,#1485,#1486,#1487)) ;
#1503=EDGE_LOOP('',(#1504,#1505,#1506,#1507)) ;
#1528=EDGE_LOOP('',(#1529,#1530,#1531,#1532)) ;
#1553=EDGE_LOOP('',(#1554,#1555,#1556,#1557)) ;
#1566=EDGE_LOOP('',(#1567,#1568,#1569,#1570)) ;
#1598=EDGE_LOOP('',(#1599,#1600,#1601,#1602)) ;
#1623=EDGE_LOOP('',(#1624,#1625,#1626,#1627)) ;
#1643=EDGE_LOOP('',(#1644,#1645,#1646,#1647)) ;
#1668=EDGE_LOOP('',(#1669,#1670,#1671,#1672)) ;
#1693=EDGE_LOOP('',(#1694,#1695,#1696,#1697)) ;
#1706=EDGE_LOOP('',(#1707,#1708,#1709,#1710)) ;
#1738=EDGE_LOOP('',(#1739,#1740,#1741,#1742)) ;
#1763=EDGE_LOOP('',(#1764,#1765,#1766,#1767)) ;
#1783=EDGE_LOOP('',(#1784,#1785,#1786,#1787)) ;
#1808=EDGE_LOOP('',(#1809,#1810,#1811,#1812)) ;
#1833=EDGE_LOOP('',(#1834,#1835,#1836,#1837)) ;
#1846=EDGE_LOOP('',(#1847,#1848,#1849,#1850)) ;
#1890=EDGE_LOOP('',(#1891,#1892,#1893,#1894,#1895)) ;
#1921=EDGE_LOOP('',(#1922,#1923,#1924,#1925,#1926)) ;
#1967=EDGE_LOOP('',(#1968,#1969,#1970,#1971,#1972,#1973)) ;
#2002=EDGE_LOOP('',(#2003,#2004,#2005,#2006,#2007,#2008)) ;
#2045=EDGE_LOOP('',(#2046,#2047,#2048,#2049)) ;
#2080=EDGE_LOOP('',(#2081,#2082,#2083,#2084)) ;
#2115=EDGE_LOOP('',(#2116,#2117,#2118,#2119)) ;
#2217=EDGE_LOOP('',(#2218,#2219,#2220,#2221,#2222,#2223,#2224,#2225,#2226,#2227)) ;
#2229=EDGE_LOOP('',(#2230,#2231,#2232,#2233)) ;
#2259=EDGE_LOOP('',(#2260,#2261,#2262,#2263)) ;
#2284=EDGE_LOOP('',(#2285,#2286,#2287,#2288)) ;
#2307=EDGE_LOOP('',(#2308,#2309,#2310,#2311)) ;
#2339=EDGE_LOOP('',(#2340,#2341,#2342,#2343)) ;
#2364=EDGE_LOOP('',(#2365,#2366,#2367,#2368)) ;
#2370=EDGE_LOOP('',(#2371,#2372,#2373,#2374)) ;
#2398=EDGE_LOOP('',(#2399,#2400,#2401,#2402)) ;
#2423=EDGE_LOOP('',(#2424,#2425,#2426,#2427)) ;
#2448=EDGE_LOOP('',(#2449,#2450,#2451,#2452)) ;
#2473=EDGE_LOOP('',(#2474,#2475,#2476,#2477)) ;
#2498=EDGE_LOOP('',(#2499,#2500,#2501,#2502)) ;
#2516=EDGE_LOOP('',(#2517,#2518,#2519,#2520)) ;
#2605=EDGE_LOOP('',(#2606,#2607,#2608,#2609)) ;
#2611=EDGE_LOOP('',(#2612,#2613,#2614,#2615,#2616,#2617)) ;
#2619=EDGE_LOOP('',(#2620,#2621,#2622,#2623,#2624,#2625)) ;
#2627=EDGE_LOOP('',(#2628,#2629,#2630,#2631,#2632,#2633)) ;
#2670=EDGE_LOOP('',(#2671,#2672,#2673,#2674)) ;
#2676=EDGE_LOOP('',(#2677,#2678,#2679,#2680)) ;
#2689=EDGE_LOOP('',(#2690,#2691,#2692,#2693)) ;
#2771=EDGE_LOOP('',(#2772,#2773,#2774,#2775)) ;
#2860=EDGE_LOOP('',(#2861,#2862,#2863,#2864)) ;
#2942=EDGE_LOOP('',(#2943,#2944,#2945,#2946)) ;
#3024=EDGE_LOOP('',(#3025,#3026,#3027,#3028)) ;
#3106=EDGE_LOOP('',(#3107,#3108,#3109,#3110)) ;
#3188=EDGE_LOOP('',(#3189,#3190,#3191,#3192)) ;
#3229=EDGE_LOOP('',(#3230,#3231,#3232,#3233)) ;
#3263=EDGE_LOOP('',(#3264,#3265,#3266,#3267)) ;
#3352=EDGE_LOOP('',(#3353,#3354,#3355,#3356)) ;
#3434=EDGE_LOOP('',(#3435,#3436,#3437,#3438)) ;
#3516=EDGE_LOOP('',(#3517,#3518,#3519,#3520)) ;
#3598=EDGE_LOOP('',(#3599,#3600,#3601,#3602)) ;
#3680=EDGE_LOOP('',(#3681,#3682,#3683,#3684)) ;
#3705=EDGE_LOOP('',(#3706,#3707,#3708,#3709)) ;
#3718=EDGE_LOOP('',(#3719,#3720,#3721,#3722)) ;
#3739=EDGE_LOOP('',(#3740,#3741,#3742,#3743)) ;
#3759=EDGE_LOOP('',(#3760,#3761,#3762,#3763)) ;
#3772=EDGE_LOOP('',(#3773,#3774,#3775,#3776)) ;
#3788=EDGE_LOOP('',(#3789,#3790,#3791,#3792)) ;
#3801=EDGE_LOOP('',(#3802,#3803,#3804,#3805,#3806,#3807,#3808,#3809)) ;
#3867=EDGE_LOOP('',(#3868,#3869)) ;
#3920=EDGE_LOOP('',(#3921,#3922,#3923,#3924,#3925,#3926,#3927)) ;
#3936=EDGE_LOOP('',(#3937,#3938,#3939,#3940,#3941)) ;
#3981=EDGE_LOOP('',(#3982,#3983,#3984,#3985,#3986)) ;
#4008=EDGE_LOOP('',(#4009,#4010,#4011,#4012,#4013,#4014)) ;
#4052=EDGE_LOOP('',(#4053,#4054,#4055,#4056,#4057,#4058)) ;
#4082=EDGE_LOOP('',(#4083,#4084,#4085,#4086,#4087,#4088)) ;
#4126=EDGE_LOOP('',(#4127,#4128,#4129,#4130,#4131,#4132)) ;
#4151=EDGE_LOOP('',(#4152,#4153,#4154,#4155,#4156,#4157)) ;
#4195=EDGE_LOOP('',(#4196,#4197,#4198,#4199,#4200,#4201)) ;
#4220=EDGE_LOOP('',(#4221,#4222,#4223,#4224,#4225,#4226)) ;
#4264=EDGE_LOOP('',(#4265,#4266,#4267,#4268,#4269,#4270)) ;
#4289=EDGE_LOOP('',(#4290,#4291,#4292,#4293,#4294,#4295)) ;
#4333=EDGE_LOOP('',(#4334,#4335,#4336,#4337,#4338,#4339)) ;
#4358=EDGE_LOOP('',(#4359,#4360,#4361,#4362,#4363,#4364)) ;
#4405=EDGE_LOOP('',(#4406,#4407,#4408,#4409,#4410,#4411)) ;
#4433=EDGE_LOOP('',(#4434,#4435,#4436,#4437,#4438,#4439)) ;
#4477=EDGE_LOOP('',(#4478,#4479,#4480,#4481,#4482,#4483)) ;
#4502=EDGE_LOOP('',(#4503,#4504,#4505,#4506,#4507,#4508)) ;
#4543=EDGE_LOOP('',(#4544,#4545,#4546,#4547,#4548,#4549)) ;
#4565=EDGE_LOOP('',(#4566,#4567,#4568,#4569,#4570,#4571)) ;
#4609=EDGE_LOOP('',(#4610,#4611,#4612,#4613,#4614,#4615)) ;
#4634=EDGE_LOOP('',(#4635,#4636,#4637,#4638,#4639,#4640)) ;
#4678=EDGE_LOOP('',(#4679,#4680,#4681,#4682,#4683,#4684)) ;
#4703=EDGE_LOOP('',(#4704,#4705,#4706,#4707,#4708,#4709)) ;
#4747=EDGE_LOOP('',(#4748,#4749,#4750,#4751,#4752,#4753)) ;
#4772=EDGE_LOOP('',(#4773,#4774,#4775,#4776,#4777,#4778)) ;
#4816=EDGE_LOOP('',(#4817,#4818,#4819,#4820,#4821,#4822)) ;
#4841=EDGE_LOOP('',(#4842,#4843,#4844,#4845,#4846,#4847)) ;
#4888=EDGE_LOOP('',(#4889,#4890,#4891,#4892,#4893,#4894)) ;
#4916=EDGE_LOOP('',(#4917,#4918,#4919,#4920,#4921,#4922)) ;
#4959=EDGE_LOOP('',(#4960,#4961,#4962,#4963)) ;
#4995=EDGE_LOOP('',(#4996,#4997,#4998,#4999)) ;
#5031=EDGE_LOOP('',(#5032,#5033,#5034,#5035)) ;
#5067=EDGE_LOOP('',(#5068,#5069,#5070,#5071)) ;
#5103=EDGE_LOOP('',(#5104,#5105,#5106,#5107)) ;
#5139=EDGE_LOOP('',(#5140,#5141,#5142,#5143)) ;
#5175=EDGE_LOOP('',(#5176,#5177,#5178,#5179)) ;
#5211=EDGE_LOOP('',(#5212,#5213,#5214,#5215)) ;
#5250=EDGE_LOOP('',(#5251,#5252,#5253,#5254,#5255,#5256,#5257)) ;
#5273=EDGE_LOOP('',(#5274,#5275,#5276,#5277,#5278,#5279,#5280)) ;
#5320=EDGE_LOOP('',(#5321,#5322,#5323,#5324)) ;
#5345=EDGE_LOOP('',(#5346,#5347,#5348,#5349)) ;
#5370=EDGE_LOOP('',(#5371,#5372,#5373)) ;
#5401=EDGE_LOOP('',(#5402,#5403,#5404,#5405)) ;
#5445=EDGE_LOOP('',(#5446,#5447,#5448,#5449)) ;
#5458=EDGE_LOOP('',(#5459,#5460,#5461,#5462)) ;
#5474=EDGE_LOOP('',(#5475,#5476,#5477,#5478)) ;
#5513=EDGE_LOOP('',(#5514,#5515,#5516,#5517,#5518)) ;
#5520=EDGE_LOOP('',(#5521,#5522,#5523)) ;
#5532=EDGE_LOOP('',(#5533,#5534,#5535)) ;
#5544=EDGE_LOOP('',(#5545,#5546,#5547,#5548)) ;
#5578=EDGE_LOOP('',(#5579,#5580,#5581,#5582)) ;
#5591=EDGE_LOOP('',(#5592,#5593,#5594,#5595)) ;
#5673=EDGE_LOOP('',(#5674,#5675,#5676,#5677)) ;
#5679=EDGE_LOOP('',(#5680,#5681,#5682,#5683)) ;
#5685=EDGE_LOOP('',(#5686,#5687,#5688,#5689)) ;
#5691=EDGE_LOOP('',(#5692,#5693,#5694,#5695)) ;
#5697=EDGE_LOOP('',(#5698,#5699,#5700,#5701)) ;
#5782=EDGE_LOOP('',(#5783,#5784,#5785,#5786,#5787,#5788)) ;
#5790=EDGE_LOOP('',(#5791,#5792,#5793,#5794)) ;
#5829=EDGE_LOOP('',(#5830,#5831,#5832,#5833,#5834,#5835)) ;
#5851=EDGE_LOOP('',(#5852,#5853,#5854,#5855,#5856,#5857)) ;
#5891=EDGE_LOOP('',(#5892,#5893,#5894,#5895)) ;
#5929=EDGE_LOOP('',(#5930,#5931,#5932,#5933)) ;
#5942=EDGE_LOOP('',(#5943,#5944,#5945,#5946)) ;
#6024=EDGE_LOOP('',(#6025,#6026,#6027,#6028)) ;
#6030=EDGE_LOOP('',(#6031,#6032,#6033,#6034)) ;
#6036=EDGE_LOOP('',(#6037,#6038,#6039,#6040)) ;
#6042=EDGE_LOOP('',(#6043,#6044,#6045,#6046)) ;
#6048=EDGE_LOOP('',(#6049,#6050,#6051,#6052)) ;
#6090=EDGE_LOOP('',(#6091,#6092,#6093,#6094,#6095,#6096)) ;
#6115=EDGE_LOOP('',(#6116,#6117,#6118,#6119,#6120,#6121)) ;
#6159=EDGE_LOOP('',(#6160,#6161,#6162,#6163,#6164,#6165)) ;
#6184=EDGE_LOOP('',(#6185,#6186,#6187,#6188,#6189,#6190)) ;
#6228=EDGE_LOOP('',(#6229,#6230,#6231,#6232,#6233,#6234)) ;
#6253=EDGE_LOOP('',(#6254,#6255,#6256,#6257,#6258,#6259)) ;
#6297=EDGE_LOOP('',(#6298,#6299,#6300,#6301,#6302,#6303)) ;
#6322=EDGE_LOOP('',(#6323,#6324,#6325,#6326,#6327,#6328)) ;
#6366=EDGE_LOOP('',(#6367,#6368,#6369,#6370,#6371,#6372)) ;
#6391=EDGE_LOOP('',(#6392,#6393,#6394,#6395,#6396,#6397)) ;
#6435=EDGE_LOOP('',(#6436,#6437,#6438,#6439,#6440,#6441)) ;
#6460=EDGE_LOOP('',(#6461,#6462,#6463,#6464,#6465,#6466)) ;
#6504=EDGE_LOOP('',(#6505,#6506,#6507,#6508,#6509,#6510)) ;
#6529=EDGE_LOOP('',(#6530,#6531,#6532,#6533,#6534,#6535)) ;
#6573=EDGE_LOOP('',(#6574,#6575,#6576,#6577,#6578,#6579)) ;
#6598=EDGE_LOOP('',(#6599,#6600,#6601,#6602,#6603,#6604)) ;
#6648=EDGE_LOOP('',(#6649,#6650,#6651,#6652,#6653)) ;
#6697=EDGE_LOOP('',(#6698,#6699,#6700,#6701,#6702)) ;
#6718=EDGE_LOOP('',(#6719,#6720,#6721)) ;
#6737=EDGE_LOOP('',(#6738,#6739,#6740)) ;
#6779=EDGE_LOOP('',(#6780,#6781,#6782,#6783,#6784)) ;
#6823=EDGE_LOOP('',(#6824,#6825,#6826,#6827,#6828)) ;
#6854=EDGE_LOOP('',(#6855,#6856,#6857,#6858,#6859,#6860)) ;
#6886=EDGE_LOOP('',(#6887,#6888,#6889,#6890,#6891,#6892,#6893,#6894,#6895,#6896)) ;
#6905=EDGE_LOOP('',(#6906,#6907,#6908,#6909)) ;
#6930=EDGE_LOOP('',(#6931,#6932,#6933,#6934,#6935,#6936)) ;
#6950=EDGE_LOOP('',(#6951,#6952,#6953,#6954)) ;
#6973=EDGE_LOOP('',(#6974,#6975,#6976,#6977,#6978,#6979,#6980,#6981)) ;
#7016=EDGE_LOOP('',(#7017,#7018,#7019,#7020,#7021,#7022)) ;
#7038=EDGE_LOOP('',(#7039,#7040,#7041,#7042,#7043,#7044)) ;
#7082=EDGE_LOOP('',(#7083,#7084,#7085,#7086,#7087,#7088)) ;
#7107=EDGE_LOOP('',(#7108,#7109,#7110,#7111,#7112,#7113)) ;
#7153=EDGE_LOOP('',(#7154,#7155,#7156,#7157,#7158,#7159,#7160,#7161,#7162)) ;
#7183=EDGE_LOOP('',(#7184,#7185,#7186,#7187,#7188,#7189,#7190,#7191,#7192)) ;
#7255=EDGE_LOOP('',(#7256,#7257,#7258,#7259,#7260,#7261)) ;
#7263=EDGE_LOOP('',(#7264,#7265,#7266,#7267)) ;
#7295=EDGE_LOOP('',(#7296,#7297,#7298,#7299,#7300)) ;
#7321=EDGE_LOOP('',(#7322,#7323,#7324,#7325,#7326)) ;
#7354=EDGE_LOOP('',(#7355,#7356,#7357,#7358)) ;
#7379=EDGE_LOOP('',(#7380,#7381,#7382,#7383)) ;
#7385=EDGE_LOOP('',(#7386,#7387,#7388,#7389)) ;
#7391=EDGE_LOOP('',(#7392,#7393,#7394,#7395)) ;
#7409=EDGE_LOOP('',(#7410,#7411,#7412,#7413)) ;
#7436=EDGE_LOOP('',(#7437,#7438,#7439,#7440)) ;
#7442=EDGE_LOOP('',(#7443,#7444,#7445,#7446)) ;
#7448=EDGE_LOOP('',(#7449,#7450,#7451,#7452)) ;
#7468=EDGE_LOOP('',(#7469,#7470,#7471,#7472)) ;
#7500=EDGE_LOOP('',(#7501,#7502,#7503,#7504)) ;
#7520=EDGE_LOOP('',(#7521,#7522,#7523,#7524)) ;
#7526=EDGE_LOOP('',(#7527,#7528,#7529,#7530)) ;
#7532=EDGE_LOOP('',(#7533,#7534,#7535,#7536)) ;
#7550=EDGE_LOOP('',(#7551,#7552,#7553,#7554)) ;
#7577=EDGE_LOOP('',(#7578,#7579,#7580,#7581)) ;
#7597=EDGE_LOOP('',(#7598,#7599,#7600,#7601)) ;
#7603=EDGE_LOOP('',(#7604,#7605,#7606,#7607)) ;
#7609=EDGE_LOOP('',(#7610,#7611,#7612,#7613)) ;
#7660=EDGE_LOOP('',(#7661,#7662,#7663,#7664,#7665,#7666,#7667,#7668,#7669,#7670,#7671,#7672,#7673,#7674,#7675,#7676,#7677,#7678,#7679,#7680,#7681)) ;
#7718=EDGE_LOOP('',(#7719,#7720,#7721,#7722)) ;
#7724=EDGE_LOOP('',(#7725,#7726,#7727,#7728)) ;
#7737=EDGE_LOOP('',(#7738,#7739,#7740,#7741)) ;
#7771=EDGE_LOOP('',(#7772,#7773,#7774,#7775)) ;
#7810=EDGE_LOOP('',(#7811,#7812,#7813,#7814,#7815,#7816)) ;
#7851=EDGE_LOOP('',(#7852,#7853,#7854,#7855,#7856,#7857,#7858)) ;
#7900=EDGE_LOOP('',(#7901,#7902,#7903,#7904,#7905,#7906,#7907,#7908)) ;
#7931=EDGE_LOOP('',(#7932,#7933,#7934,#7935,#7936,#7937,#7938,#7939)) ;
#8028=EDGE_LOOP('',(#8029,#8030,#8031,#8032,#8033,#8034)) ;
#8086=EDGE_LOOP('',(#8087,#8088,#8089,#8090,#8091,#8092)) ;
#8120=EDGE_LOOP('',(#8121,#8122,#8123,#8124,#8125,#8126)) ;
#8147=EDGE_LOOP('',(#8148,#8149,#8150,#8151,#8152,#8153)) ;
#8174=EDGE_LOOP('',(#8175,#8176,#8177,#8178,#8179,#8180)) ;
#8208=EDGE_LOOP('',(#8209,#8210,#8211,#8212,#8213,#8214)) ;
#8237=EDGE_LOOP('',(#8238,#8239,#8240,#8241,#8242,#8243)) ;
#8264=EDGE_LOOP('',(#8265,#8266,#8267,#8268,#8269,#8270)) ;
#8286=EDGE_LOOP('',(#8287,#8288,#8289,#8290,#8291,#8292)) ;
#8320=EDGE_LOOP('',(#8321,#8322,#8323,#8324,#8325,#8326)) ;
#8345=EDGE_LOOP('',(#8346,#8347,#8348,#8349,#8350,#8351)) ;
#8355=EDGE_LOOP('',(#8356,#8357,#8358,#8359,#8360,#8361)) ;
#8397=EDGE_LOOP('',(#8398,#8399,#8400,#8401)) ;
#8429=EDGE_LOOP('',(#8430,#8431,#8432,#8433)) ;
#8460=EDGE_LOOP('',(#8461,#8462,#8463,#8464)) ;
#8526=EDGE_LOOP('',(#8527,#8528,#8529,#8530,#8531)) ;
#8578=EDGE_LOOP('',(#8579,#8580,#8581,#8582,#8583,#8584,#8585)) ;
#8613=EDGE_LOOP('',(#8614,#8615,#8616,#8617,#8618,#8619,#8620)) ;
#8638=EDGE_LOOP('',(#8639,#8640,#8641)) ;
#8681=EDGE_LOOP('',(#8682,#8683,#8684,#8685,#8686,#8687,#8688)) ;
#8711=EDGE_LOOP('',(#8712,#8713,#8714,#8715,#8716,#8717,#8718,#8719,#8720)) ;
#8748=EDGE_LOOP('',(#8749,#8750,#8751,#8752,#8753)) ;
#8775=EDGE_LOOP('',(#8776,#8777,#8778,#8779,#8780,#8781,#8782,#8783)) ;
#8797=EDGE_LOOP('',(#8798,#8799,#8800,#8801)) ;
#8824=EDGE_LOOP('',(#8825,#8826,#8827,#8828,#8829,#8830,#8831,#8832)) ;
#8846=EDGE_LOOP('',(#8847,#8848,#8849,#8850)) ;
#8877=EDGE_LOOP('',(#8878,#8879,#8880,#8881)) ;
#8895=EDGE_LOOP('',(#8896,#8897,#8898,#8899)) ;
#8922=EDGE_LOOP('',(#8923,#8924,#8925,#8926)) ;
#8940=EDGE_LOOP('',(#8941,#8942,#8943,#8944,#8945)) ;
#8968=EDGE_LOOP('',(#8969,#8970,#8971,#8972)) ;
#8986=EDGE_LOOP('',(#8987,#8988,#8989,#8990,#8991)) ;
#9013=EDGE_LOOP('',(#9014,#9015,#9016,#9017)) ;
#9045=EDGE_LOOP('',(#9046,#9047,#9048,#9049)) ;
#9077=EDGE_LOOP('',(#9078,#9079,#9080,#9081,#9082,#9083)) ;
#9104=EDGE_LOOP('',(#9105,#9106,#9107,#9108)) ;
#9122=EDGE_LOOP('',(#9123,#9124,#9125,#9126,#9127,#9128)) ;
#9156=EDGE_LOOP('',(#9157,#9158,#9159,#9160)) ;
#9181=EDGE_LOOP('',(#9182,#9183,#9184,#9185,#9186,#9187)) ;
#9208=EDGE_LOOP('',(#9209,#9210,#9211,#9212)) ;
#9226=EDGE_LOOP('',(#9227,#9228,#9229,#9230,#9231,#9232)) ;
#9260=EDGE_LOOP('',(#9261,#9262,#9263,#9264)) ;
#9285=EDGE_LOOP('',(#9286,#9287,#9288,#9289,#9290,#9291)) ;
#9312=EDGE_LOOP('',(#9313,#9314,#9315,#9316)) ;
#9330=EDGE_LOOP('',(#9331,#9332,#9333,#9334,#9335,#9336)) ;
#9373=EDGE_LOOP('',(#9374,#9375,#9376,#9377)) ;
#9455=EDGE_LOOP('',(#9456,#9457,#9458,#9459)) ;
#9537=EDGE_LOOP('',(#9538,#9539,#9540,#9541)) ;
#9619=EDGE_LOOP('',(#9620,#9621,#9622,#9623)) ;
#9625=EDGE_LOOP('',(#9626,#9627,#9628,#9629)) ;
#9631=EDGE_LOOP('',(#9632,#9633,#9634,#9635)) ;
#9713=EDGE_LOOP('',(#9714,#9715,#9716,#9717)) ;
#9719=EDGE_LOOP('',(#9720,#9721,#9722,#9723)) ;
#9758=EDGE_LOOP('',(#9759,#9760,#9761,#9762)) ;
#9783=EDGE_LOOP('',(#9784,#9785,#9786,#9787)) ;
#9808=EDGE_LOOP('',(#9809,#9810,#9811,#9812)) ;
#9826=EDGE_LOOP('',(#9827,#9828,#9829,#9830)) ;
#9868=EDGE_LOOP('',(#9869,#9870,#9871,#9872,#9873,#9874)) ;
#9893=EDGE_LOOP('',(#9894,#9895,#9896,#9897,#9898,#9899)) ;
#9937=EDGE_LOOP('',(#9938,#9939,#9940,#9941,#9942,#9943)) ;
#9962=EDGE_LOOP('',(#9963,#9964,#9965,#9966,#9967,#9968)) ;
#10006=EDGE_LOOP('',(#10007,#10008,#10009,#10010,#10011,#10012)) ;
#10031=EDGE_LOOP('',(#10032,#10033,#10034,#10035,#10036,#10037)) ;
#10075=EDGE_LOOP('',(#10076,#10077,#10078,#10079,#10080,#10081)) ;
#10100=EDGE_LOOP('',(#10101,#10102,#10103,#10104,#10105,#10106)) ;
#10134=EDGE_LOOP('',(#10135,#10136,#10137,#10138)) ;
#10159=EDGE_LOOP('',(#10160,#10161,#10162,#10163)) ;
#10184=EDGE_LOOP('',(#10185,#10186,#10187,#10188)) ;
#10202=EDGE_LOOP('',(#10203,#10204,#10205,#10206)) ;
#10215=EDGE_LOOP('',(#10216,#10217,#10218,#10219)) ;
#10221=EDGE_LOOP('',(#10222,#10223,#10224,#10225)) ;
#10227=EDGE_LOOP('',(#10228,#10229,#10230,#10231)) ;
#10233=EDGE_LOOP('',(#10234,#10235,#10236,#10237)) ;
#10239=EDGE_LOOP('',(#10240,#10241,#10242,#10243)) ;
#10318=EDGE_LOOP('',(#10319,#10320,#10321,#10322)) ;
#10359=EDGE_LOOP('',(#10360,#10361,#10362,#10363)) ;
#10382=EDGE_LOOP('',(#10383,#10384,#10385,#10386,#10387,#10388)) ;
#10392=EDGE_LOOP('',(#10393,#10394,#10395,#10396,#10397,#10398)) ;
#10474=EDGE_LOOP('',(#10475,#10476,#10477,#10478)) ;
#10510=EDGE_LOOP('',(#10511,#10512,#10513,#10514)) ;
#10533=EDGE_LOOP('',(#10534,#10535,#10536,#10537,#10538,#10539)) ;
#10543=EDGE_LOOP('',(#10544,#10545,#10546,#10547,#10548,#10549)) ;
#64=FACE_OUTER_BOUND('',#59,.T.) ;
#103=FACE_OUTER_BOUND('',#98,.T.) ;
#128=FACE_OUTER_BOUND('',#123,.T.) ;
#196=FACE_OUTER_BOUND('',#186,.T.) ;
#234=FACE_OUTER_BOUND('',#228,.T.) ;
#252=FACE_OUTER_BOUND('',#247,.T.) ;
#293=FACE_OUTER_BOUND('',#286,.T.) ;
#315=FACE_OUTER_BOUND('',#308,.T.) ;
#404=FACE_OUTER_BOUND('',#399,.T.) ;
#456=FACE_OUTER_BOUND('',#449,.T.) ;
#481=FACE_OUTER_BOUND('',#474,.T.) ;
#522=FACE_OUTER_BOUND('',#517,.T.) ;
#542=FACE_OUTER_BOUND('',#537,.T.) ;
#586=FACE_OUTER_BOUND('',#579,.T.) ;
#616=FACE_OUTER_BOUND('',#609,.T.) ;
#657=FACE_OUTER_BOUND('',#652,.T.) ;
#707=FACE_OUTER_BOUND('',#700,.T.) ;
#732=FACE_OUTER_BOUND('',#725,.T.) ;
#789=FACE_OUTER_BOUND('',#782,.T.) ;
#841=FACE_OUTER_BOUND('',#834,.T.) ;
#893=FACE_OUTER_BOUND('',#886,.T.) ;
#949=FACE_OUTER_BOUND('',#944,.T.) ;
#1031=FACE_OUTER_BOUND('',#1024,.T.) ;
#1069=FACE_OUTER_BOUND('',#1064,.T.) ;
#1125=FACE_OUTER_BOUND('',#1118,.T.) ;
#1166=FACE_OUTER_BOUND('',#1161,.T.) ;
#1219=FACE_OUTER_BOUND('',#1212,.T.) ;
#1247=FACE_OUTER_BOUND('',#1240,.T.) ;
#1288=FACE_OUTER_BOUND('',#1281,.T.) ;
#1310=FACE_OUTER_BOUND('',#1303,.T.) ;
#1431=FACE_OUTER_BOUND('',#1422,.T.) ;
#1463=FACE_OUTER_BOUND('',#1458,.T.) ;
#1488=FACE_OUTER_BOUND('',#1483,.T.) ;
#1508=FACE_OUTER_BOUND('',#1503,.T.) ;
#1533=FACE_OUTER_BOUND('',#1528,.T.) ;
#1558=FACE_OUTER_BOUND('',#1553,.T.) ;
#1571=FACE_OUTER_BOUND('',#1566,.T.) ;
#1603=FACE_OUTER_BOUND('',#1598,.T.) ;
#1628=FACE_OUTER_BOUND('',#1623,.T.) ;
#1648=FACE_OUTER_BOUND('',#1643,.T.) ;
#1673=FACE_OUTER_BOUND('',#1668,.T.) ;
#1698=FACE_OUTER_BOUND('',#1693,.T.) ;
#1711=FACE_OUTER_BOUND('',#1706,.T.) ;
#1743=FACE_OUTER_BOUND('',#1738,.T.) ;
#1768=FACE_OUTER_BOUND('',#1763,.T.) ;
#1788=FACE_OUTER_BOUND('',#1783,.T.) ;
#1813=FACE_OUTER_BOUND('',#1808,.T.) ;
#1838=FACE_OUTER_BOUND('',#1833,.T.) ;
#1851=FACE_OUTER_BOUND('',#1846,.T.) ;
#1896=FACE_OUTER_BOUND('',#1890,.T.) ;
#1927=FACE_OUTER_BOUND('',#1921,.T.) ;
#1974=FACE_OUTER_BOUND('',#1967,.T.) ;
#2009=FACE_OUTER_BOUND('',#2002,.T.) ;
#2050=FACE_OUTER_BOUND('',#2045,.T.) ;
#2085=FACE_OUTER_BOUND('',#2080,.T.) ;
#2120=FACE_OUTER_BOUND('',#2115,.T.) ;
#2228=FACE_OUTER_BOUND('',#2217,.T.) ;
#2264=FACE_OUTER_BOUND('',#2259,.T.) ;
#2289=FACE_OUTER_BOUND('',#2284,.T.) ;
#2312=FACE_OUTER_BOUND('',#2307,.T.) ;
#2344=FACE_OUTER_BOUND('',#2339,.T.) ;
#2369=FACE_OUTER_BOUND('',#2364,.T.) ;
#2403=FACE_OUTER_BOUND('',#2398,.T.) ;
#2428=FACE_OUTER_BOUND('',#2423,.T.) ;
#2453=FACE_OUTER_BOUND('',#2448,.T.) ;
#2478=FACE_OUTER_BOUND('',#2473,.T.) ;
#2503=FACE_OUTER_BOUND('',#2498,.T.) ;
#2521=FACE_OUTER_BOUND('',#2516,.T.) ;
#2610=FACE_OUTER_BOUND('',#2605,.T.) ;
#2675=FACE_OUTER_BOUND('',#2670,.T.) ;
#2694=FACE_OUTER_BOUND('',#2689,.T.) ;
#2865=FACE_OUTER_BOUND('',#2860,.T.) ;
#3234=FACE_OUTER_BOUND('',#3229,.T.) ;
#3357=FACE_OUTER_BOUND('',#3352,.T.) ;
#3710=FACE_OUTER_BOUND('',#3705,.T.) ;
#3723=FACE_OUTER_BOUND('',#3718,.T.) ;
#3744=FACE_OUTER_BOUND('',#3739,.T.) ;
#3764=FACE_OUTER_BOUND('',#3759,.T.) ;
#3777=FACE_OUTER_BOUND('',#3772,.T.) ;
#3793=FACE_OUTER_BOUND('',#3788,.T.) ;
#3810=FACE_OUTER_BOUND('',#3801,.T.) ;
#3928=FACE_OUTER_BOUND('',#3920,.T.) ;
#3942=FACE_OUTER_BOUND('',#3936,.T.) ;
#3987=FACE_OUTER_BOUND('',#3981,.T.) ;
#4015=FACE_OUTER_BOUND('',#4008,.T.) ;
#4059=FACE_OUTER_BOUND('',#4052,.T.) ;
#4089=FACE_OUTER_BOUND('',#4082,.T.) ;
#4133=FACE_OUTER_BOUND('',#4126,.T.) ;
#4158=FACE_OUTER_BOUND('',#4151,.T.) ;
#4202=FACE_OUTER_BOUND('',#4195,.T.) ;
#4227=FACE_OUTER_BOUND('',#4220,.T.) ;
#4271=FACE_OUTER_BOUND('',#4264,.T.) ;
#4296=FACE_OUTER_BOUND('',#4289,.T.) ;
#4340=FACE_OUTER_BOUND('',#4333,.T.) ;
#4365=FACE_OUTER_BOUND('',#4358,.T.) ;
#4412=FACE_OUTER_BOUND('',#4405,.T.) ;
#4440=FACE_OUTER_BOUND('',#4433,.T.) ;
#4484=FACE_OUTER_BOUND('',#4477,.T.) ;
#4509=FACE_OUTER_BOUND('',#4502,.T.) ;
#4550=FACE_OUTER_BOUND('',#4543,.T.) ;
#4572=FACE_OUTER_BOUND('',#4565,.T.) ;
#4616=FACE_OUTER_BOUND('',#4609,.T.) ;
#4641=FACE_OUTER_BOUND('',#4634,.T.) ;
#4685=FACE_OUTER_BOUND('',#4678,.T.) ;
#4710=FACE_OUTER_BOUND('',#4703,.T.) ;
#4754=FACE_OUTER_BOUND('',#4747,.T.) ;
#4779=FACE_OUTER_BOUND('',#4772,.T.) ;
#4823=FACE_OUTER_BOUND('',#4816,.T.) ;
#4848=FACE_OUTER_BOUND('',#4841,.T.) ;
#4895=FACE_OUTER_BOUND('',#4888,.T.) ;
#4923=FACE_OUTER_BOUND('',#4916,.T.) ;
#4964=FACE_OUTER_BOUND('',#4959,.T.) ;
#5000=FACE_OUTER_BOUND('',#4995,.T.) ;
#5036=FACE_OUTER_BOUND('',#5031,.T.) ;
#5072=FACE_OUTER_BOUND('',#5067,.T.) ;
#5108=FACE_OUTER_BOUND('',#5103,.T.) ;
#5144=FACE_OUTER_BOUND('',#5139,.T.) ;
#5180=FACE_OUTER_BOUND('',#5175,.T.) ;
#5216=FACE_OUTER_BOUND('',#5211,.T.) ;
#5258=FACE_OUTER_BOUND('',#5250,.T.) ;
#5281=FACE_OUTER_BOUND('',#5273,.T.) ;
#5325=FACE_OUTER_BOUND('',#5320,.T.) ;
#5350=FACE_OUTER_BOUND('',#5345,.T.) ;
#5374=FACE_OUTER_BOUND('',#5370,.T.) ;
#5406=FACE_OUTER_BOUND('',#5401,.T.) ;
#5450=FACE_OUTER_BOUND('',#5445,.T.) ;
#5463=FACE_OUTER_BOUND('',#5458,.T.) ;
#5479=FACE_OUTER_BOUND('',#5474,.T.) ;
#5519=FACE_OUTER_BOUND('',#5513,.T.) ;
#5536=FACE_OUTER_BOUND('',#5532,.T.) ;
#5549=FACE_OUTER_BOUND('',#5544,.T.) ;
#5596=FACE_OUTER_BOUND('',#5591,.T.) ;
#5789=FACE_OUTER_BOUND('',#5782,.T.) ;
#5836=FACE_OUTER_BOUND('',#5829,.T.) ;
#5858=FACE_OUTER_BOUND('',#5851,.T.) ;
#5896=FACE_OUTER_BOUND('',#5891,.T.) ;
#5934=FACE_OUTER_BOUND('',#5929,.T.) ;
#5947=FACE_OUTER_BOUND('',#5942,.T.) ;
#6097=FACE_OUTER_BOUND('',#6090,.T.) ;
#6122=FACE_OUTER_BOUND('',#6115,.T.) ;
#6166=FACE_OUTER_BOUND('',#6159,.T.) ;
#6191=FACE_OUTER_BOUND('',#6184,.T.) ;
#6235=FACE_OUTER_BOUND('',#6228,.T.) ;
#6260=FACE_OUTER_BOUND('',#6253,.T.) ;
#6304=FACE_OUTER_BOUND('',#6297,.T.) ;
#6329=FACE_OUTER_BOUND('',#6322,.T.) ;
#6373=FACE_OUTER_BOUND('',#6366,.T.) ;
#6398=FACE_OUTER_BOUND('',#6391,.T.) ;
#6442=FACE_OUTER_BOUND('',#6435,.T.) ;
#6467=FACE_OUTER_BOUND('',#6460,.T.) ;
#6511=FACE_OUTER_BOUND('',#6504,.T.) ;
#6536=FACE_OUTER_BOUND('',#6529,.T.) ;
#6580=FACE_OUTER_BOUND('',#6573,.T.) ;
#6605=FACE_OUTER_BOUND('',#6598,.T.) ;
#6654=FACE_OUTER_BOUND('',#6648,.T.) ;
#6703=FACE_OUTER_BOUND('',#6697,.T.) ;
#6722=FACE_OUTER_BOUND('',#6718,.T.) ;
#6741=FACE_OUTER_BOUND('',#6737,.T.) ;
#6785=FACE_OUTER_BOUND('',#6779,.T.) ;
#6829=FACE_OUTER_BOUND('',#6823,.T.) ;
#6861=FACE_OUTER_BOUND('',#6854,.T.) ;
#6897=FACE_OUTER_BOUND('',#6886,.T.) ;
#6910=FACE_OUTER_BOUND('',#6905,.T.) ;
#6955=FACE_OUTER_BOUND('',#6950,.T.) ;
#6982=FACE_OUTER_BOUND('',#6973,.T.) ;
#7023=FACE_OUTER_BOUND('',#7016,.T.) ;
#7045=FACE_OUTER_BOUND('',#7038,.T.) ;
#7089=FACE_OUTER_BOUND('',#7082,.T.) ;
#7114=FACE_OUTER_BOUND('',#7107,.T.) ;
#7163=FACE_OUTER_BOUND('',#7153,.T.) ;
#7193=FACE_OUTER_BOUND('',#7183,.T.) ;
#7262=FACE_OUTER_BOUND('',#7255,.T.) ;
#7301=FACE_OUTER_BOUND('',#7295,.T.) ;
#7327=FACE_OUTER_BOUND('',#7321,.T.) ;
#7359=FACE_OUTER_BOUND('',#7354,.T.) ;
#7384=FACE_OUTER_BOUND('',#7379,.T.) ;
#7414=FACE_OUTER_BOUND('',#7409,.T.) ;
#7441=FACE_OUTER_BOUND('',#7436,.T.) ;
#7473=FACE_OUTER_BOUND('',#7468,.T.) ;
#7505=FACE_OUTER_BOUND('',#7500,.T.) ;
#7525=FACE_OUTER_BOUND('',#7520,.T.) ;
#7555=FACE_OUTER_BOUND('',#7550,.T.) ;
#7582=FACE_OUTER_BOUND('',#7577,.T.) ;
#7602=FACE_OUTER_BOUND('',#7597,.T.) ;
#7682=FACE_OUTER_BOUND('',#7660,.T.) ;
#7723=FACE_OUTER_BOUND('',#7718,.T.) ;
#7742=FACE_OUTER_BOUND('',#7737,.T.) ;
#7817=FACE_OUTER_BOUND('',#7810,.T.) ;
#7859=FACE_OUTER_BOUND('',#7851,.T.) ;
#7909=FACE_OUTER_BOUND('',#7900,.T.) ;
#7940=FACE_OUTER_BOUND('',#7931,.T.) ;
#8035=FACE_OUTER_BOUND('',#8028,.T.) ;
#8093=FACE_OUTER_BOUND('',#8086,.T.) ;
#8127=FACE_OUTER_BOUND('',#8120,.T.) ;
#8154=FACE_OUTER_BOUND('',#8147,.T.) ;
#8181=FACE_OUTER_BOUND('',#8174,.T.) ;
#8215=FACE_OUTER_BOUND('',#8208,.T.) ;
#8244=FACE_OUTER_BOUND('',#8237,.T.) ;
#8271=FACE_OUTER_BOUND('',#8264,.T.) ;
#8293=FACE_OUTER_BOUND('',#8286,.T.) ;
#8327=FACE_OUTER_BOUND('',#8320,.T.) ;
#8352=FACE_OUTER_BOUND('',#8345,.T.) ;
#8362=FACE_OUTER_BOUND('',#8355,.T.) ;
#8434=FACE_OUTER_BOUND('',#8429,.T.) ;
#8465=FACE_OUTER_BOUND('',#8460,.T.) ;
#8532=FACE_OUTER_BOUND('',#8526,.T.) ;
#8586=FACE_OUTER_BOUND('',#8578,.T.) ;
#8621=FACE_OUTER_BOUND('',#8613,.T.) ;
#8642=FACE_OUTER_BOUND('',#8638,.T.) ;
#8689=FACE_OUTER_BOUND('',#8681,.T.) ;
#8721=FACE_OUTER_BOUND('',#8711,.T.) ;
#8754=FACE_OUTER_BOUND('',#8748,.T.) ;
#8784=FACE_OUTER_BOUND('',#8775,.T.) ;
#8802=FACE_OUTER_BOUND('',#8797,.T.) ;
#8833=FACE_OUTER_BOUND('',#8824,.T.) ;
#8851=FACE_OUTER_BOUND('',#8846,.T.) ;
#8882=FACE_OUTER_BOUND('',#8877,.T.) ;
#8900=FACE_OUTER_BOUND('',#8895,.T.) ;
#8927=FACE_OUTER_BOUND('',#8922,.T.) ;
#8946=FACE_OUTER_BOUND('',#8940,.T.) ;
#8973=FACE_OUTER_BOUND('',#8968,.T.) ;
#8992=FACE_OUTER_BOUND('',#8986,.T.) ;
#9018=FACE_OUTER_BOUND('',#9013,.T.) ;
#9050=FACE_OUTER_BOUND('',#9045,.T.) ;
#9084=FACE_OUTER_BOUND('',#9077,.T.) ;
#9109=FACE_OUTER_BOUND('',#9104,.T.) ;
#9129=FACE_OUTER_BOUND('',#9122,.T.) ;
#9161=FACE_OUTER_BOUND('',#9156,.T.) ;
#9188=FACE_OUTER_BOUND('',#9181,.T.) ;
#9213=FACE_OUTER_BOUND('',#9208,.T.) ;
#9233=FACE_OUTER_BOUND('',#9226,.T.) ;
#9265=FACE_OUTER_BOUND('',#9260,.T.) ;
#9292=FACE_OUTER_BOUND('',#9285,.T.) ;
#9317=FACE_OUTER_BOUND('',#9312,.T.) ;
#9337=FACE_OUTER_BOUND('',#9330,.T.) ;
#9378=FACE_OUTER_BOUND('',#9373,.T.) ;
#9763=FACE_OUTER_BOUND('',#9758,.T.) ;
#9788=FACE_OUTER_BOUND('',#9783,.T.) ;
#9813=FACE_OUTER_BOUND('',#9808,.T.) ;
#9831=FACE_OUTER_BOUND('',#9826,.T.) ;
#9875=FACE_OUTER_BOUND('',#9868,.T.) ;
#9900=FACE_OUTER_BOUND('',#9893,.T.) ;
#9944=FACE_OUTER_BOUND('',#9937,.T.) ;
#9969=FACE_OUTER_BOUND('',#9962,.T.) ;
#10013=FACE_OUTER_BOUND('',#10006,.T.) ;
#10038=FACE_OUTER_BOUND('',#10031,.T.) ;
#10082=FACE_OUTER_BOUND('',#10075,.T.) ;
#10107=FACE_OUTER_BOUND('',#10100,.T.) ;
#10139=FACE_OUTER_BOUND('',#10134,.T.) ;
#10164=FACE_OUTER_BOUND('',#10159,.T.) ;
#10189=FACE_OUTER_BOUND('',#10184,.T.) ;
#10207=FACE_OUTER_BOUND('',#10202,.T.) ;
#10220=FACE_OUTER_BOUND('',#10215,.T.) ;
#10323=FACE_OUTER_BOUND('',#10318,.T.) ;
#10364=FACE_OUTER_BOUND('',#10359,.T.) ;
#10389=FACE_OUTER_BOUND('',#10382,.T.) ;
#10399=FACE_OUTER_BOUND('',#10392,.T.) ;
#10479=FACE_OUTER_BOUND('',#10474,.T.) ;
#10515=FACE_OUTER_BOUND('',#10510,.T.) ;
#10540=FACE_OUTER_BOUND('',#10533,.T.) ;
#10550=FACE_OUTER_BOUND('',#10543,.T.) ;
#34=LINE('Line',#31,#33) ;
#43=LINE('Line',#40,#42) ;
#50=LINE('Line',#47,#49) ;
#82=LINE('Line',#79,#81) ;
#89=LINE('Line',#86,#88) ;
#96=LINE('Line',#93,#95) ;
#114=LINE('Line',#111,#113) ;
#121=LINE('Line',#118,#120) ;
#139=LINE('Line',#136,#138) ;
#155=LINE('Line',#152,#154) ;
#170=LINE('Line',#167,#169) ;
#245=LINE('Line',#242,#244) ;
#263=LINE('Line',#260,#262) ;
#284=LINE('Line',#281,#283) ;
#423=LINE('Line',#420,#422) ;
#447=LINE('Line',#444,#446) ;
#508=LINE('Line',#505,#507) ;
#515=LINE('Line',#512,#514) ;
#553=LINE('Line',#550,#552) ;
#560=LINE('Line',#557,#559) ;
#693=LINE('Line',#690,#692) ;
#698=LINE('Line',#695,#697) ;
#759=LINE('Line',#756,#758) ;
#780=LINE('Line',#777,#779) ;
#811=LINE('Line',#808,#810) ;
#832=LINE('Line',#829,#831) ;
#863=LINE('Line',#860,#862) ;
#884=LINE('Line',#881,#883) ;
#1183=LINE('Line',#1180,#1182) ;
#1210=LINE('Line',#1207,#1209) ;
#1274=LINE('Line',#1271,#1273) ;
#1279=LINE('Line',#1276,#1278) ;
#1321=LINE('Line',#1318,#1320) ;
#1349=LINE('Line',#1346,#1348) ;
#1375=LINE('Line',#1372,#1374) ;
#1401=LINE('Line',#1398,#1400) ;
#1442=LINE('Line',#1439,#1441) ;
#1449=LINE('Line',#1446,#1448) ;
#1456=LINE('Line',#1453,#1455) ;
#1481=LINE('Line',#1478,#1480) ;
#1494=LINE('Line',#1491,#1493) ;
#1519=LINE('Line',#1516,#1518) ;
#1526=LINE('Line',#1523,#1525) ;
#1551=LINE('Line',#1548,#1550) ;
#1582=LINE('Line',#1579,#1581) ;
#1589=LINE('Line',#1586,#1588) ;
#1596=LINE('Line',#1593,#1595) ;
#1621=LINE('Line',#1618,#1620) ;
#1634=LINE('Line',#1631,#1633) ;
#1659=LINE('Line',#1656,#1658) ;
#1666=LINE('Line',#1663,#1665) ;
#1691=LINE('Line',#1688,#1690) ;
#1722=LINE('Line',#1719,#1721) ;
#1729=LINE('Line',#1726,#1728) ;
#1736=LINE('Line',#1733,#1735) ;
#1761=LINE('Line',#1758,#1760) ;
#1774=LINE('Line',#1771,#1773) ;
#1799=LINE('Line',#1796,#1798) ;
#1806=LINE('Line',#1803,#1805) ;
#1831=LINE('Line',#1828,#1830) ;
#1938=LINE('Line',#1935,#1937) ;
#1965=LINE('Line',#1962,#1964) ;
#2020=LINE('Line',#2017,#2019) ;
#2029=LINE('Line',#2026,#2028) ;
#2036=LINE('Line',#2033,#2035) ;
#2043=LINE('Line',#2040,#2042) ;
#2061=LINE('Line',#2058,#2060) ;
#2068=LINE('Line',#2065,#2067) ;
#2096=LINE('Line',#2093,#2095) ;
#2103=LINE('Line',#2100,#2102) ;
#2166=LINE('Line',#2163,#2165) ;
#2173=LINE('Line',#2170,#2172) ;
#2180=LINE('Line',#2177,#2179) ;
#2240=LINE('Line',#2237,#2239) ;
#2249=LINE('Line',#2246,#2248) ;
#2275=LINE('Line',#2272,#2274) ;
#2282=LINE('Line',#2279,#2281) ;
#2295=LINE('Line',#2292,#2294) ;
#2323=LINE('Line',#2320,#2322) ;
#2337=LINE('Line',#2334,#2336) ;
#2355=LINE('Line',#2352,#2354) ;
#2362=LINE('Line',#2359,#2361) ;
#2386=LINE('Line',#2383,#2385) ;
#2414=LINE('Line',#2411,#2413) ;
#2421=LINE('Line',#2418,#2420) ;
#2439=LINE('Line',#2436,#2438) ;
#2464=LINE('Line',#2461,#2463) ;
#2471=LINE('Line',#2468,#2470) ;
#2489=LINE('Line',#2486,#2488) ;
#2514=LINE('Line',#2511,#2513) ;
#3696=LINE('Line',#3693,#3695) ;
#3750=LINE('Line',#3747,#3749) ;
#3881=LINE('Line',#3878,#3880) ;
#3918=LINE('Line',#3915,#3917) ;
#3953=LINE('Line',#3950,#3952) ;
#3979=LINE('Line',#3976,#3978) ;
#4026=LINE('Line',#4023,#4025) ;
#4033=LINE('Line',#4030,#4032) ;
#4119=LINE('Line',#4116,#4118) ;
#4124=LINE('Line',#4121,#4123) ;
#4188=LINE('Line',#4185,#4187) ;
#4193=LINE('Line',#4190,#4192) ;
#4257=LINE('Line',#4254,#4256) ;
#4262=LINE('Line',#4259,#4261) ;
#4326=LINE('Line',#4323,#4325) ;
#4331=LINE('Line',#4328,#4330) ;
#4376=LINE('Line',#4373,#4375) ;
#4383=LINE('Line',#4380,#4382) ;
#4451=LINE('Line',#4448,#4450) ;
#4458=LINE('Line',#4455,#4457) ;
#4520=LINE('Line',#4517,#4519) ;
#4541=LINE('Line',#4538,#4540) ;
#4602=LINE('Line',#4599,#4601) ;
#4607=LINE('Line',#4604,#4606) ;
#4671=LINE('Line',#4668,#4670) ;
#4676=LINE('Line',#4673,#4675) ;
#4740=LINE('Line',#4737,#4739) ;
#4745=LINE('Line',#4742,#4744) ;
#4809=LINE('Line',#4806,#4808) ;
#4814=LINE('Line',#4811,#4813) ;
#4859=LINE('Line',#4856,#4858) ;
#4866=LINE('Line',#4863,#4865) ;
#5227=LINE('Line',#5224,#5226) ;
#5234=LINE('Line',#5231,#5233) ;
#5292=LINE('Line',#5289,#5291) ;
#5299=LINE('Line',#5296,#5298) ;
#5385=LINE('Line',#5382,#5384) ;
#5392=LINE('Line',#5389,#5391) ;
#5399=LINE('Line',#5396,#5398) ;
#5417=LINE('Line',#5414,#5416) ;
#5424=LINE('Line',#5421,#5423) ;
#5490=LINE('Line',#5487,#5489) ;
#5504=LINE('Line',#5501,#5503) ;
#5713=LINE('Line',#5710,#5712) ;
#5751=LINE('Line',#5748,#5750) ;
#5806=LINE('Line',#5803,#5805) ;
#5827=LINE('Line',#5824,#5826) ;
#5869=LINE('Line',#5866,#5868) ;
#5917=LINE('Line',#5914,#5916) ;
#6083=LINE('Line',#6080,#6082) ;
#6088=LINE('Line',#6085,#6087) ;
#6152=LINE('Line',#6149,#6151) ;
#6157=LINE('Line',#6154,#6156) ;
#6221=LINE('Line',#6218,#6220) ;
#6226=LINE('Line',#6223,#6225) ;
#6290=LINE('Line',#6287,#6289) ;
#6295=LINE('Line',#6292,#6294) ;
#6359=LINE('Line',#6356,#6358) ;
#6364=LINE('Line',#6361,#6363) ;
#6428=LINE('Line',#6425,#6427) ;
#6433=LINE('Line',#6430,#6432) ;
#6497=LINE('Line',#6494,#6496) ;
#6502=LINE('Line',#6499,#6501) ;
#6566=LINE('Line',#6563,#6565) ;
#6571=LINE('Line',#6568,#6570) ;
#6616=LINE('Line',#6613,#6615) ;
#6625=LINE('Line',#6622,#6624) ;
#6632=LINE('Line',#6629,#6631) ;
#6665=LINE('Line',#6662,#6664) ;
#6674=LINE('Line',#6671,#6673) ;
#6695=LINE('Line',#6692,#6694) ;
#6747=LINE('Line',#6744,#6746) ;
#6770=LINE('Line',#6767,#6769) ;
#6777=LINE('Line',#6774,#6776) ;
#6800=LINE('Line',#6797,#6799) ;
#6807=LINE('Line',#6804,#6806) ;
#6814=LINE('Line',#6811,#6813) ;
#6840=LINE('Line',#6837,#6839) ;
#6847=LINE('Line',#6844,#6846) ;
#6874=LINE('Line',#6871,#6873) ;
#6879=LINE('Line',#6876,#6878) ;
#6884=LINE('Line',#6881,#6883) ;
#6948=LINE('Line',#6945,#6947) ;
#6961=LINE('Line',#6958,#6960) ;
#6966=LINE('Line',#6963,#6965) ;
#6971=LINE('Line',#6968,#6970) ;
#6993=LINE('Line',#6990,#6992) ;
#7000=LINE('Line',#6997,#6999) ;
#7056=LINE('Line',#7053,#7055) ;
#7063=LINE('Line',#7060,#7062) ;
#7125=LINE('Line',#7122,#7124) ;
#7146=LINE('Line',#7143,#7145) ;
#7279=LINE('Line',#7276,#7278) ;
#7293=LINE('Line',#7290,#7292) ;
#7338=LINE('Line',#7335,#7337) ;
#7347=LINE('Line',#7344,#7346) ;
#7352=LINE('Line',#7349,#7351) ;
#7370=LINE('Line',#7367,#7369) ;
#7377=LINE('Line',#7374,#7376) ;
#7407=LINE('Line',#7404,#7406) ;
#7420=LINE('Line',#7417,#7419) ;
#7429=LINE('Line',#7426,#7428) ;
#7434=LINE('Line',#7431,#7433) ;
#7459=LINE('Line',#7456,#7458) ;
#7466=LINE('Line',#7463,#7465) ;
#7484=LINE('Line',#7481,#7483) ;
#7493=LINE('Line',#7490,#7492) ;
#7498=LINE('Line',#7495,#7497) ;
#7511=LINE('Line',#7508,#7510) ;
#7518=LINE('Line',#7515,#7517) ;
#7548=LINE('Line',#7545,#7547) ;
#7561=LINE('Line',#7558,#7560) ;
#7570=LINE('Line',#7567,#7569) ;
#7575=LINE('Line',#7572,#7574) ;
#7588=LINE('Line',#7585,#7587) ;
#7595=LINE('Line',#7592,#7594) ;
#7632=LINE('Line',#7629,#7631) ;
#7651=LINE('Line',#7648,#7650) ;
#7787=LINE('Line',#7784,#7786) ;
#7794=LINE('Line',#7791,#7793) ;
#7870=LINE('Line',#7867,#7869) ;
#7898=LINE('Line',#7895,#7897) ;
#8104=LINE('Line',#8101,#8103) ;
#8111=LINE('Line',#8108,#8110) ;
#8118=LINE('Line',#8115,#8117) ;
#8138=LINE('Line',#8135,#8137) ;
#8145=LINE('Line',#8142,#8144) ;
#8165=LINE('Line',#8162,#8164) ;
#8172=LINE('Line',#8169,#8171) ;
#8192=LINE('Line',#8189,#8191) ;
#8199=LINE('Line',#8196,#8198) ;
#8206=LINE('Line',#8203,#8205) ;
#8221=LINE('Line',#8218,#8220) ;
#8230=LINE('Line',#8227,#8229) ;
#8235=LINE('Line',#8232,#8234) ;
#8255=LINE('Line',#8252,#8254) ;
#8262=LINE('Line',#8259,#8261) ;
#8277=LINE('Line',#8274,#8276) ;
#8284=LINE('Line',#8281,#8283) ;
#8304=LINE('Line',#8301,#8303) ;
#8311=LINE('Line',#8308,#8310) ;
#8318=LINE('Line',#8315,#8317) ;
#8338=LINE('Line',#8335,#8337) ;
#8343=LINE('Line',#8340,#8342) ;
#8378=LINE('Line',#8375,#8377) ;
#8395=LINE('Line',#8392,#8394) ;
#8413=LINE('Line',#8410,#8412) ;
#8422=LINE('Line',#8419,#8421) ;
#8427=LINE('Line',#8424,#8426) ;
#8444=LINE('Line',#8441,#8443) ;
#8453=LINE('Line',#8450,#8452) ;
#8458=LINE('Line',#8455,#8457) ;
#8476=LINE('Line',#8473,#8475) ;
#8485=LINE('Line',#8482,#8484) ;
#8524=LINE('Line',#8521,#8523) ;
#8732=LINE('Line',#8729,#8731) ;
#8741=LINE('Line',#8738,#8740) ;
#8746=LINE('Line',#8743,#8745) ;
#8759=LINE('Line',#8756,#8758) ;
#8766=LINE('Line',#8763,#8765) ;
#8773=LINE('Line',#8770,#8772) ;
#8790=LINE('Line',#8787,#8789) ;
#8795=LINE('Line',#8792,#8794) ;
#8808=LINE('Line',#8805,#8807) ;
#8815=LINE('Line',#8812,#8814) ;
#8822=LINE('Line',#8819,#8821) ;
#8844=LINE('Line',#8841,#8843) ;
#8861=LINE('Line',#8858,#8860) ;
#8868=LINE('Line',#8865,#8867) ;
#8875=LINE('Line',#8872,#8874) ;
#8893=LINE('Line',#8890,#8892) ;
#8906=LINE('Line',#8903,#8905) ;
#8913=LINE('Line',#8910,#8912) ;
#8920=LINE('Line',#8917,#8919) ;
#8938=LINE('Line',#8935,#8937) ;
#8952=LINE('Line',#8949,#8951) ;
#8959=LINE('Line',#8956,#8958) ;
#8966=LINE('Line',#8963,#8965) ;
#8984=LINE('Line',#8981,#8983) ;
#8997=LINE('Line',#8994,#8996) ;
#9004=LINE('Line',#9001,#9003) ;
#9011=LINE('Line',#9008,#9010) ;
#9029=LINE('Line',#9026,#9028) ;
#9038=LINE('Line',#9035,#9037) ;
#9043=LINE('Line',#9040,#9042) ;
#9068=LINE('Line',#9065,#9067) ;
#9075=LINE('Line',#9072,#9074) ;
#9095=LINE('Line',#9092,#9094) ;
#9102=LINE('Line',#9099,#9101) ;
#9120=LINE('Line',#9117,#9119) ;
#9140=LINE('Line',#9137,#9139) ;
#9149=LINE('Line',#9146,#9148) ;
#9154=LINE('Line',#9151,#9153) ;
#9172=LINE('Line',#9169,#9171) ;
#9179=LINE('Line',#9176,#9178) ;
#9199=LINE('Line',#9196,#9198) ;
#9206=LINE('Line',#9203,#9205) ;
#9224=LINE('Line',#9221,#9223) ;
#9244=LINE('Line',#9241,#9243) ;
#9253=LINE('Line',#9250,#9252) ;
#9258=LINE('Line',#9255,#9257) ;
#9276=LINE('Line',#9273,#9275) ;
#9283=LINE('Line',#9280,#9282) ;
#9303=LINE('Line',#9300,#9302) ;
#9310=LINE('Line',#9307,#9309) ;
#9328=LINE('Line',#9325,#9327) ;
#9348=LINE('Line',#9345,#9347) ;
#9357=LINE('Line',#9354,#9356) ;
#9364=LINE('Line',#9361,#9363) ;
#9371=LINE('Line',#9368,#9370) ;
#9742=LINE('Line',#9739,#9741) ;
#9751=LINE('Line',#9748,#9750) ;
#9756=LINE('Line',#9753,#9755) ;
#9774=LINE('Line',#9771,#9773) ;
#9781=LINE('Line',#9778,#9780) ;
#9799=LINE('Line',#9796,#9798) ;
#9806=LINE('Line',#9803,#9805) ;
#9824=LINE('Line',#9821,#9823) ;
#9842=LINE('Line',#9839,#9841) ;
#9866=LINE('Line',#9863,#9865) ;
#9911=LINE('Line',#9908,#9910) ;
#9935=LINE('Line',#9932,#9934) ;
#9980=LINE('Line',#9977,#9979) ;
#10004=LINE('Line',#10001,#10003) ;
#10049=LINE('Line',#10046,#10048) ;
#10073=LINE('Line',#10070,#10072) ;
#10118=LINE('Line',#10115,#10117) ;
#10125=LINE('Line',#10122,#10124) ;
#10132=LINE('Line',#10129,#10131) ;
#10150=LINE('Line',#10147,#10149) ;
#10157=LINE('Line',#10154,#10156) ;
#10175=LINE('Line',#10172,#10174) ;
#10182=LINE('Line',#10179,#10181) ;
#10200=LINE('Line',#10197,#10199) ;
#10375=LINE('Line',#10372,#10374) ;
#10380=LINE('Line',#10377,#10379) ;
#10526=LINE('Line',#10523,#10525) ;
#10531=LINE('Line',#10528,#10530) ;
#30=PLANE('',#29) ;
#78=PLANE('',#77) ;
#110=PLANE('',#109) ;
#241=PLANE('',#240) ;
#322=PLANE('',#321) ;
#623=PLANE('',#622) ;
#739=PLANE('',#738) ;
#1132=PLANE('',#1131) ;
#1317=PLANE('',#1316) ;
#1438=PLANE('',#1437) ;
#1515=PLANE('',#1514) ;
#1578=PLANE('',#1577) ;
#1655=PLANE('',#1654) ;
#1718=PLANE('',#1717) ;
#1795=PLANE('',#1794) ;
#2016=PLANE('',#2015) ;
#2057=PLANE('',#2056) ;
#2092=PLANE('',#2091) ;
#2127=PLANE('',#2126) ;
#2271=PLANE('',#2270) ;
#2351=PLANE('',#2350) ;
#2410=PLANE('',#2409) ;
#2460=PLANE('',#2459) ;
#2510=PLANE('',#2509) ;
#2528=PLANE('',#2527) ;
#2641=PLANE('',#2640) ;
#2688=PLANE('',#2687) ;
#2783=PLANE('',#2782) ;
#3200=PLANE('',#3199) ;
#3275=PLANE('',#3274) ;
#3730=PLANE('',#3729) ;
#3800=PLANE('',#3799) ;
#4930=PLANE('',#4929) ;
#5357=PLANE('',#5356) ;
#5381=PLANE('',#5380) ;
#5543=PLANE('',#5542) ;
#5590=PLANE('',#5589) ;
#5709=PLANE('',#5708) ;
#5865=PLANE('',#5864) ;
#5903=PLANE('',#5902) ;
#5941=PLANE('',#5940) ;
#6612=PLANE('',#6611) ;
#6661=PLANE('',#6660) ;
#6904=PLANE('',#6903) ;
#7200=PLANE('',#7199) ;
#7334=PLANE('',#7333) ;
#7366=PLANE('',#7365) ;
#7403=PLANE('',#7402) ;
#7480=PLANE('',#7479) ;
#7544=PLANE('',#7543) ;
#7689=PLANE('',#7688) ;
#7736=PLANE('',#7735) ;
#8100=PLANE('',#8099) ;
#8134=PLANE('',#8133) ;
#8161=PLANE('',#8160) ;
#8188=PLANE('',#8187) ;
#8251=PLANE('',#8250) ;
#8300=PLANE('',#8299) ;
#8409=PLANE('',#8408) ;
#8440=PLANE('',#8439) ;
#8472=PLANE('',#8471) ;
#8728=PLANE('',#8727) ;
#8840=PLANE('',#8839) ;
#8857=PLANE('',#8856) ;
#8889=PLANE('',#8888) ;
#8934=PLANE('',#8933) ;
#8980=PLANE('',#8979) ;
#9025=PLANE('',#9024) ;
#9064=PLANE('',#9063) ;
#9091=PLANE('',#9090) ;
#9116=PLANE('',#9115) ;
#9136=PLANE('',#9135) ;
#9168=PLANE('',#9167) ;
#9195=PLANE('',#9194) ;
#9220=PLANE('',#9219) ;
#9240=PLANE('',#9239) ;
#9272=PLANE('',#9271) ;
#9299=PLANE('',#9298) ;
#9324=PLANE('',#9323) ;
#9344=PLANE('',#9343) ;
#9738=PLANE('',#9737) ;
#9770=PLANE('',#9769) ;
#9795=PLANE('',#9794) ;
#9820=PLANE('',#9819) ;
#10114=PLANE('',#10113) ;
#10146=PLANE('',#10145) ;
#10171=PLANE('',#10170) ;
#10196=PLANE('',#10195) ;
#10214=PLANE('',#10213) ;
#10330=PLANE('',#10329) ;
#7=PRODUCT_CATEGORY_RELATIONSHIP(' ',' ',#5,#6) ;
#17=PRODUCT_DEFINITION_FORMATION_WITH_SPECIFIED_SOURCE('',' ',#16,.NOT_KNOWN.) ;
#20=SHAPE_DEFINITION_REPRESENTATION(#19,#13) ;
#915=SURFACE_OF_REVOLUTION('Surface of Revolution',#896,#914) ;
#978=SURFACE_OF_REVOLUTION('Surface of Revolution',#959,#977) ;
#1053=SURFACE_OF_REVOLUTION('Surface of Revolution',#1034,#1052) ;
#1091=SURFACE_OF_REVOLUTION('Surface of Revolution',#1072,#1090) ;
#1863=SURFACE_OF_REVOLUTION('Surface of Revolution',#1854,#1862) ;
#1908=SURFACE_OF_REVOLUTION('Surface of Revolution',#1899,#1907) ;
#7962=SURFACE_OF_REVOLUTION('Surface of Revolution',#7943,#7961) ;
#8057=SURFACE_OF_REVOLUTION('Surface of Revolution',#8038,#8056) ;
#8545=SURFACE_OF_REVOLUTION('Surface of Revolution',#8535,#8544) ;
#8599=SURFACE_OF_REVOLUTION('Surface of Revolution',#8589,#8598) ;
#8632=SURFACE_OF_REVOLUTION('Surface of Revolution',#8624,#8631) ;
#8655=SURFACE_OF_REVOLUTION('Surface of Revolution',#8645,#8654) ;
#8702=SURFACE_OF_REVOLUTION('Surface of Revolution',#8692,#8701) ;
#36=VERTEX_POINT('',#35) ;
#38=VERTEX_POINT('',#37) ;
#45=VERTEX_POINT('',#44) ;
#52=VERTEX_POINT('',#51) ;
#84=VERTEX_POINT('',#83) ;
#91=VERTEX_POINT('',#90) ;
#116=VERTEX_POINT('',#115) ;
#141=VERTEX_POINT('',#140) ;
#143=VERTEX_POINT('',#142) ;
#150=VERTEX_POINT('',#149) ;
#165=VERTEX_POINT('',#164) ;
#172=VERTEX_POINT('',#171) ;
#179=VERTEX_POINT('',#178) ;
#221=VERTEX_POINT('',#220) ;
#265=VERTEX_POINT('',#264) ;
#272=VERTEX_POINT('',#271) ;
#279=VERTEX_POINT('',#278) ;
#301=VERTEX_POINT('',#300) ;
#340=VERTEX_POINT('',#339) ;
#342=VERTEX_POINT('',#341) ;
#361=VERTEX_POINT('',#360) ;
#380=VERTEX_POINT('',#379) ;
#425=VERTEX_POINT('',#424) ;
#435=VERTEX_POINT('',#434) ;
#442=VERTEX_POINT('',#441) ;
#464=VERTEX_POINT('',#463) ;
#494=VERTEX_POINT('',#493) ;
#496=VERTEX_POINT('',#495) ;
#503=VERTEX_POINT('',#502) ;
#510=VERTEX_POINT('',#509) ;
#530=VERTEX_POINT('',#529) ;
#555=VERTEX_POINT('',#554) ;
#562=VERTEX_POINT('',#561) ;
#572=VERTEX_POINT('',#571) ;
#599=VERTEX_POINT('',#598) ;
#629=VERTEX_POINT('',#628) ;
#631=VERTEX_POINT('',#630) ;
#638=VERTEX_POINT('',#637) ;
#645=VERTEX_POINT('',#644) ;
#676=VERTEX_POINT('',#675) ;
#678=VERTEX_POINT('',#677) ;
#688=VERTEX_POINT('',#687) ;
#718=VERTEX_POINT('',#717) ;
#745=VERTEX_POINT('',#744) ;
#747=VERTEX_POINT('',#746) ;
#754=VERTEX_POINT('',#753) ;
#761=VERTEX_POINT('',#760) ;
#768=VERTEX_POINT('',#767) ;
#775=VERTEX_POINT('',#774) ;
#797=VERTEX_POINT('',#796) ;
#799=VERTEX_POINT('',#798) ;
#806=VERTEX_POINT('',#805) ;
#813=VERTEX_POINT('',#812) ;
#820=VERTEX_POINT('',#819) ;
#827=VERTEX_POINT('',#826) ;
#849=VERTEX_POINT('',#848) ;
#851=VERTEX_POINT('',#850) ;
#858=VERTEX_POINT('',#857) ;
#865=VERTEX_POINT('',#864) ;
#872=VERTEX_POINT('',#871) ;
#879=VERTEX_POINT('',#878) ;
#921=VERTEX_POINT('',#920) ;
#923=VERTEX_POINT('',#922) ;
#930=VERTEX_POINT('',#929) ;
#937=VERTEX_POINT('',#936) ;
#984=VERTEX_POINT('',#983) ;
#996=VERTEX_POINT('',#995) ;
#1138=VERTEX_POINT('',#1137) ;
#1140=VERTEX_POINT('',#1139) ;
#1147=VERTEX_POINT('',#1146) ;
#1154=VERTEX_POINT('',#1153) ;
#1185=VERTEX_POINT('',#1184) ;
#1198=VERTEX_POINT('',#1197) ;
#1205=VERTEX_POINT('',#1204) ;
#1227=VERTEX_POINT('',#1226) ;
#1260=VERTEX_POINT('',#1259) ;
#1262=VERTEX_POINT('',#1261) ;
#1269=VERTEX_POINT('',#1268) ;
#1296=VERTEX_POINT('',#1295) ;
#1323=VERTEX_POINT('',#1322) ;
#1325=VERTEX_POINT('',#1324) ;
#1344=VERTEX_POINT('',#1343) ;
#1351=VERTEX_POINT('',#1350) ;
#1370=VERTEX_POINT('',#1369) ;
#1377=VERTEX_POINT('',#1376) ;
#1396=VERTEX_POINT('',#1395) ;
#1403=VERTEX_POINT('',#1402) ;
#1444=VERTEX_POINT('',#1443) ;
#1451=VERTEX_POINT('',#1450) ;
#1476=VERTEX_POINT('',#1475) ;
#1496=VERTEX_POINT('',#1495) ;
#1521=VERTEX_POINT('',#1520) ;
#1546=VERTEX_POINT('',#1545) ;
#1584=VERTEX_POINT('',#1583) ;
#1591=VERTEX_POINT('',#1590) ;
#1616=VERTEX_POINT('',#1615) ;
#1636=VERTEX_POINT('',#1635) ;
#1661=VERTEX_POINT('',#1660) ;
#1686=VERTEX_POINT('',#1685) ;
#1724=VERTEX_POINT('',#1723) ;
#1731=VERTEX_POINT('',#1730) ;
#1756=VERTEX_POINT('',#1755) ;
#1776=VERTEX_POINT('',#1775) ;
#1801=VERTEX_POINT('',#1800) ;
#1826=VERTEX_POINT('',#1825) ;
#1869=VERTEX_POINT('',#1868) ;
#1876=VERTEX_POINT('',#1875) ;
#1883=VERTEX_POINT('',#1882) ;
#1914=VERTEX_POINT('',#1913) ;
#1940=VERTEX_POINT('',#1939) ;
#1947=VERTEX_POINT('',#1946) ;
#1960=VERTEX_POINT('',#1959) ;
#1995=VERTEX_POINT('',#1994) ;
#2022=VERTEX_POINT('',#2021) ;
#2024=VERTEX_POINT('',#2023) ;
#2031=VERTEX_POINT('',#2030) ;
#2038=VERTEX_POINT('',#2037) ;
#2063=VERTEX_POINT('',#2062) ;
#2070=VERTEX_POINT('',#2069) ;
#2098=VERTEX_POINT('',#2097) ;
#2105=VERTEX_POINT('',#2104) ;
#2145=VERTEX_POINT('',#2144) ;
#2161=VERTEX_POINT('',#2160) ;
#2168=VERTEX_POINT('',#2167) ;
#2175=VERTEX_POINT('',#2174) ;
#2182=VERTEX_POINT('',#2181) ;
#2201=VERTEX_POINT('',#2200) ;
#2242=VERTEX_POINT('',#2241) ;
#2244=VERTEX_POINT('',#2243) ;
#2277=VERTEX_POINT('',#2276) ;
#2297=VERTEX_POINT('',#2296) ;
#2325=VERTEX_POINT('',#2324) ;
#2332=VERTEX_POINT('',#2331) ;
#2357=VERTEX_POINT('',#2356) ;
#2388=VERTEX_POINT('',#2387) ;
#2416=VERTEX_POINT('',#2415) ;
#2441=VERTEX_POINT('',#2440) ;
#2466=VERTEX_POINT('',#2465) ;
#2491=VERTEX_POINT('',#2490) ;
#2546=VERTEX_POINT('',#2545) ;
#2548=VERTEX_POINT('',#2547) ;
#2567=VERTEX_POINT('',#2566) ;
#2586=VERTEX_POINT('',#2585) ;
#2647=VERTEX_POINT('',#2646) ;
#2649=VERTEX_POINT('',#2648) ;
#2656=VERTEX_POINT('',#2655) ;
#2663=VERTEX_POINT('',#2662) ;
#2712=VERTEX_POINT('',#2711) ;
#2714=VERTEX_POINT('',#2713) ;
#2733=VERTEX_POINT('',#2732) ;
#2752=VERTEX_POINT('',#2751) ;
#2801=VERTEX_POINT('',#2800) ;
#2803=VERTEX_POINT('',#2802) ;
#2822=VERTEX_POINT('',#2821) ;
#2841=VERTEX_POINT('',#2840) ;
#2883=VERTEX_POINT('',#2882) ;
#2885=VERTEX_POINT('',#2884) ;
#2904=VERTEX_POINT('',#2903) ;
#2923=VERTEX_POINT('',#2922) ;
#2965=VERTEX_POINT('',#2964) ;
#2967=VERTEX_POINT('',#2966) ;
#2986=VERTEX_POINT('',#2985) ;
#3005=VERTEX_POINT('',#3004) ;
#3047=VERTEX_POINT('',#3046) ;
#3049=VERTEX_POINT('',#3048) ;
#3068=VERTEX_POINT('',#3067) ;
#3087=VERTEX_POINT('',#3086) ;
#3129=VERTEX_POINT('',#3128) ;
#3131=VERTEX_POINT('',#3130) ;
#3150=VERTEX_POINT('',#3149) ;
#3169=VERTEX_POINT('',#3168) ;
#3206=VERTEX_POINT('',#3205) ;
#3208=VERTEX_POINT('',#3207) ;
#3215=VERTEX_POINT('',#3214) ;
#3222=VERTEX_POINT('',#3221) ;
#3240=VERTEX_POINT('',#3239) ;
#3242=VERTEX_POINT('',#3241) ;
#3249=VERTEX_POINT('',#3248) ;
#3256=VERTEX_POINT('',#3255) ;
#3293=VERTEX_POINT('',#3292) ;
#3295=VERTEX_POINT('',#3294) ;
#3314=VERTEX_POINT('',#3313) ;
#3333=VERTEX_POINT('',#3332) ;
#3375=VERTEX_POINT('',#3374) ;
#3377=VERTEX_POINT('',#3376) ;
#3396=VERTEX_POINT('',#3395) ;
#3415=VERTEX_POINT('',#3414) ;
#3457=VERTEX_POINT('',#3456) ;
#3459=VERTEX_POINT('',#3458) ;
#3478=VERTEX_POINT('',#3477) ;
#3497=VERTEX_POINT('',#3496) ;
#3539=VERTEX_POINT('',#3538) ;
#3541=VERTEX_POINT('',#3540) ;
#3560=VERTEX_POINT('',#3559) ;
#3579=VERTEX_POINT('',#3578) ;
#3621=VERTEX_POINT('',#3620) ;
#3623=VERTEX_POINT('',#3622) ;
#3642=VERTEX_POINT('',#3641) ;
#3661=VERTEX_POINT('',#3660) ;
#3698=VERTEX_POINT('',#3697) ;
#3752=VERTEX_POINT('',#3751) ;
#3837=VERTEX_POINT('',#3836) ;
#3839=VERTEX_POINT('',#3838) ;
#3883=VERTEX_POINT('',#3882) ;
#3890=VERTEX_POINT('',#3889) ;
#3906=VERTEX_POINT('',#3905) ;
#3913=VERTEX_POINT('',#3912) ;
#3955=VERTEX_POINT('',#3954) ;
#3974=VERTEX_POINT('',#3973) ;
#3998=VERTEX_POINT('',#3997) ;
#4028=VERTEX_POINT('',#4027) ;
#4035=VERTEX_POINT('',#4034) ;
#4042=VERTEX_POINT('',#4041) ;
#4075=VERTEX_POINT('',#4074) ;
#4105=VERTEX_POINT('',#4104) ;
#4107=VERTEX_POINT('',#4106) ;
#4114=VERTEX_POINT('',#4113) ;
#4141=VERTEX_POINT('',#4140) ;
#4174=VERTEX_POINT('',#4173) ;
#4176=VERTEX_POINT('',#4175) ;
#4183=VERTEX_POINT('',#4182) ;
#4210=VERTEX_POINT('',#4209) ;
#4243=VERTEX_POINT('',#4242) ;
#4245=VERTEX_POINT('',#4244) ;
#4252=VERTEX_POINT('',#4251) ;
#4279=VERTEX_POINT('',#4278) ;
#4312=VERTEX_POINT('',#4311) ;
#4314=VERTEX_POINT('',#4313) ;
#4321=VERTEX_POINT('',#4320) ;
#4348=VERTEX_POINT('',#4347) ;
#4378=VERTEX_POINT('',#4377) ;
#4385=VERTEX_POINT('',#4384) ;
#4392=VERTEX_POINT('',#4391) ;
#4426=VERTEX_POINT('',#4425) ;
#4453=VERTEX_POINT('',#4452) ;
#4460=VERTEX_POINT('',#4459) ;
#4467=VERTEX_POINT('',#4466) ;
#4495=VERTEX_POINT('',#4494) ;
#4522=VERTEX_POINT('',#4521) ;
#4529=VERTEX_POINT('',#4528) ;
#4536=VERTEX_POINT('',#4535) ;
#4558=VERTEX_POINT('',#4557) ;
#4588=VERTEX_POINT('',#4587) ;
#4590=VERTEX_POINT('',#4589) ;
#4597=VERTEX_POINT('',#4596) ;
#4624=VERTEX_POINT('',#4623) ;
#4657=VERTEX_POINT('',#4656) ;
#4659=VERTEX_POINT('',#4658) ;
#4666=VERTEX_POINT('',#4665) ;
#4693=VERTEX_POINT('',#4692) ;
#4726=VERTEX_POINT('',#4725) ;
#4728=VERTEX_POINT('',#4727) ;
#4735=VERTEX_POINT('',#4734) ;
#4762=VERTEX_POINT('',#4761) ;
#4795=VERTEX_POINT('',#4794) ;
#4797=VERTEX_POINT('',#4796) ;
#4804=VERTEX_POINT('',#4803) ;
#4831=VERTEX_POINT('',#4830) ;
#4861=VERTEX_POINT('',#4860) ;
#4868=VERTEX_POINT('',#4867) ;
#4875=VERTEX_POINT('',#4874) ;
#4909=VERTEX_POINT('',#4908) ;
#4936=VERTEX_POINT('',#4935) ;
#4938=VERTEX_POINT('',#4937) ;
#4945=VERTEX_POINT('',#4944) ;
#4952=VERTEX_POINT('',#4951) ;
#4972=VERTEX_POINT('',#4971) ;
#4974=VERTEX_POINT('',#4973) ;
#4981=VERTEX_POINT('',#4980) ;
#4988=VERTEX_POINT('',#4987) ;
#5008=VERTEX_POINT('',#5007) ;
#5010=VERTEX_POINT('',#5009) ;
#5017=VERTEX_POINT('',#5016) ;
#5024=VERTEX_POINT('',#5023) ;
#5044=VERTEX_POINT('',#5043) ;
#5046=VERTEX_POINT('',#5045) ;
#5053=VERTEX_POINT('',#5052) ;
#5060=VERTEX_POINT('',#5059) ;
#5080=VERTEX_POINT('',#5079) ;
#5082=VERTEX_POINT('',#5081) ;
#5089=VERTEX_POINT('',#5088) ;
#5096=VERTEX_POINT('',#5095) ;
#5116=VERTEX_POINT('',#5115) ;
#5118=VERTEX_POINT('',#5117) ;
#5125=VERTEX_POINT('',#5124) ;
#5132=VERTEX_POINT('',#5131) ;
#5152=VERTEX_POINT('',#5151) ;
#5154=VERTEX_POINT('',#5153) ;
#5161=VERTEX_POINT('',#5160) ;
#5168=VERTEX_POINT('',#5167) ;
#5188=VERTEX_POINT('',#5187) ;
#5190=VERTEX_POINT('',#5189) ;
#5197=VERTEX_POINT('',#5196) ;
#5204=VERTEX_POINT('',#5203) ;
#5229=VERTEX_POINT('',#5228) ;
#5236=VERTEX_POINT('',#5235) ;
#5243=VERTEX_POINT('',#5242) ;
#5266=VERTEX_POINT('',#5265) ;
#5294=VERTEX_POINT('',#5293) ;
#5301=VERTEX_POINT('',#5300) ;
#5363=VERTEX_POINT('',#5362) ;
#5387=VERTEX_POINT('',#5386) ;
#5394=VERTEX_POINT('',#5393) ;
#5419=VERTEX_POINT('',#5418) ;
#5426=VERTEX_POINT('',#5425) ;
#5492=VERTEX_POINT('',#5491) ;
#5499=VERTEX_POINT('',#5498) ;
#5506=VERTEX_POINT('',#5505) ;
#5555=VERTEX_POINT('',#5554) ;
#5557=VERTEX_POINT('',#5556) ;
#5564=VERTEX_POINT('',#5563) ;
#5571=VERTEX_POINT('',#5570) ;
#5614=VERTEX_POINT('',#5613) ;
#5616=VERTEX_POINT('',#5615) ;
#5635=VERTEX_POINT('',#5634) ;
#5654=VERTEX_POINT('',#5653) ;
#5715=VERTEX_POINT('',#5714) ;
#5717=VERTEX_POINT('',#5716) ;
#5730=VERTEX_POINT('',#5729) ;
#5746=VERTEX_POINT('',#5745) ;
#5753=VERTEX_POINT('',#5752) ;
#5766=VERTEX_POINT('',#5765) ;
#5808=VERTEX_POINT('',#5807) ;
#5815=VERTEX_POINT('',#5814) ;
#5822=VERTEX_POINT('',#5821) ;
#5844=VERTEX_POINT('',#5843) ;
#5871=VERTEX_POINT('',#5870) ;
#5873=VERTEX_POINT('',#5872) ;
#5912=VERTEX_POINT('',#5911) ;
#5919=VERTEX_POINT('',#5918) ;
#5965=VERTEX_POINT('',#5964) ;
#5967=VERTEX_POINT('',#5966) ;
#5986=VERTEX_POINT('',#5985) ;
#6005=VERTEX_POINT('',#6004) ;
#6069=VERTEX_POINT('',#6068) ;
#6071=VERTEX_POINT('',#6070) ;
#6078=VERTEX_POINT('',#6077) ;
#6105=VERTEX_POINT('',#6104) ;
#6138=VERTEX_POINT('',#6137) ;
#6140=VERTEX_POINT('',#6139) ;
#6147=VERTEX_POINT('',#6146) ;
#6174=VERTEX_POINT('',#6173) ;
#6207=VERTEX_POINT('',#6206) ;
#6209=VERTEX_POINT('',#6208) ;
#6216=VERTEX_POINT('',#6215) ;
#6243=VERTEX_POINT('',#6242) ;
#6276=VERTEX_POINT('',#6275) ;
#6278=VERTEX_POINT('',#6277) ;
#6285=VERTEX_POINT('',#6284) ;
#6312=VERTEX_POINT('',#6311) ;
#6345=VERTEX_POINT('',#6344) ;
#6347=VERTEX_POINT('',#6346) ;
#6354=VERTEX_POINT('',#6353) ;
#6381=VERTEX_POINT('',#6380) ;
#6414=VERTEX_POINT('',#6413) ;
#6416=VERTEX_POINT('',#6415) ;
#6423=VERTEX_POINT('',#6422) ;
#6450=VERTEX_POINT('',#6449) ;
#6483=VERTEX_POINT('',#6482) ;
#6485=VERTEX_POINT('',#6484) ;
#6492=VERTEX_POINT('',#6491) ;
#6519=VERTEX_POINT('',#6518) ;
#6552=VERTEX_POINT('',#6551) ;
#6554=VERTEX_POINT('',#6553) ;
#6561=VERTEX_POINT('',#6560) ;
#6588=VERTEX_POINT('',#6587) ;
#6618=VERTEX_POINT('',#6617) ;
#6620=VERTEX_POINT('',#6619) ;
#6627=VERTEX_POINT('',#6626) ;
#6634=VERTEX_POINT('',#6633) ;
#6641=VERTEX_POINT('',#6640) ;
#6667=VERTEX_POINT('',#6666) ;
#6669=VERTEX_POINT('',#6668) ;
#6676=VERTEX_POINT('',#6675) ;
#6683=VERTEX_POINT('',#6682) ;
#6690=VERTEX_POINT('',#6689) ;
#6711=VERTEX_POINT('',#6710) ;
#6730=VERTEX_POINT('',#6729) ;
#6749=VERTEX_POINT('',#6748) ;
#6751=VERTEX_POINT('',#6750) ;
#6758=VERTEX_POINT('',#6757) ;
#6765=VERTEX_POINT('',#6764) ;
#6772=VERTEX_POINT('',#6771) ;
#6793=VERTEX_POINT('',#6792) ;
#6795=VERTEX_POINT('',#6794) ;
#6802=VERTEX_POINT('',#6801) ;
#6809=VERTEX_POINT('',#6808) ;
#6816=VERTEX_POINT('',#6815) ;
#6842=VERTEX_POINT('',#6841) ;
#6869=VERTEX_POINT('',#6868) ;
#6916=VERTEX_POINT('',#6915) ;
#6923=VERTEX_POINT('',#6922) ;
#6995=VERTEX_POINT('',#6994) ;
#7002=VERTEX_POINT('',#7001) ;
#7009=VERTEX_POINT('',#7008) ;
#7031=VERTEX_POINT('',#7030) ;
#7058=VERTEX_POINT('',#7057) ;
#7065=VERTEX_POINT('',#7064) ;
#7072=VERTEX_POINT('',#7071) ;
#7100=VERTEX_POINT('',#7099) ;
#7127=VERTEX_POINT('',#7126) ;
#7134=VERTEX_POINT('',#7133) ;
#7141=VERTEX_POINT('',#7140) ;
#7171=VERTEX_POINT('',#7170) ;
#7212=VERTEX_POINT('',#7211) ;
#7239=VERTEX_POINT('',#7238) ;
#7281=VERTEX_POINT('',#7280) ;
#7288=VERTEX_POINT('',#7287) ;
#7340=VERTEX_POINT('',#7339) ;
#7342=VERTEX_POINT('',#7341) ;
#7372=VERTEX_POINT('',#7371) ;
#7422=VERTEX_POINT('',#7421) ;
#7424=VERTEX_POINT('',#7423) ;
#7461=VERTEX_POINT('',#7460) ;
#7486=VERTEX_POINT('',#7485) ;
#7488=VERTEX_POINT('',#7487) ;
#7513=VERTEX_POINT('',#7512) ;
#7563=VERTEX_POINT('',#7562) ;
#7565=VERTEX_POINT('',#7564) ;
#7590=VERTEX_POINT('',#7589) ;
#7627=VERTEX_POINT('',#7626) ;
#7634=VERTEX_POINT('',#7633) ;
#7646=VERTEX_POINT('',#7645) ;
#7653=VERTEX_POINT('',#7652) ;
#7695=VERTEX_POINT('',#7694) ;
#7697=VERTEX_POINT('',#7696) ;
#7704=VERTEX_POINT('',#7703) ;
#7711=VERTEX_POINT('',#7710) ;
#7748=VERTEX_POINT('',#7747) ;
#7750=VERTEX_POINT('',#7749) ;
#7757=VERTEX_POINT('',#7756) ;
#7764=VERTEX_POINT('',#7763) ;
#7789=VERTEX_POINT('',#7788) ;
#7796=VERTEX_POINT('',#7795) ;
#7803=VERTEX_POINT('',#7802) ;
#7825=VERTEX_POINT('',#7824) ;
#7844=VERTEX_POINT('',#7843) ;
#7872=VERTEX_POINT('',#7871) ;
#7879=VERTEX_POINT('',#7878) ;
#7886=VERTEX_POINT('',#7885) ;
#7893=VERTEX_POINT('',#7892) ;
#7917=VERTEX_POINT('',#7916) ;
#7924=VERTEX_POINT('',#7923) ;
#7968=VERTEX_POINT('',#7967) ;
#7975=VERTEX_POINT('',#7974) ;
#8012=VERTEX_POINT('',#8011) ;
#8106=VERTEX_POINT('',#8105) ;
#8113=VERTEX_POINT('',#8112) ;
#8140=VERTEX_POINT('',#8139) ;
#8167=VERTEX_POINT('',#8166) ;
#8194=VERTEX_POINT('',#8193) ;
#8201=VERTEX_POINT('',#8200) ;
#8223=VERTEX_POINT('',#8222) ;
#8225=VERTEX_POINT('',#8224) ;
#8257=VERTEX_POINT('',#8256) ;
#8279=VERTEX_POINT('',#8278) ;
#8306=VERTEX_POINT('',#8305) ;
#8313=VERTEX_POINT('',#8312) ;
#8371=VERTEX_POINT('',#8370) ;
#8373=VERTEX_POINT('',#8372) ;
#8380=VERTEX_POINT('',#8379) ;
#8390=VERTEX_POINT('',#8389) ;
#8415=VERTEX_POINT('',#8414) ;
#8417=VERTEX_POINT('',#8416) ;
#8446=VERTEX_POINT('',#8445) ;
#8448=VERTEX_POINT('',#8447) ;
#8478=VERTEX_POINT('',#8477) ;
#8480=VERTEX_POINT('',#8479) ;
#8487=VERTEX_POINT('',#8486) ;
#8503=VERTEX_POINT('',#8502) ;
#8519=VERTEX_POINT('',#8518) ;
#8551=VERTEX_POINT('',#8550) ;
#8561=VERTEX_POINT('',#8560) ;
#8571=VERTEX_POINT('',#8570) ;
#8664=VERTEX_POINT('',#8663) ;
#8674=VERTEX_POINT('',#8673) ;
#8734=VERTEX_POINT('',#8733) ;
#8736=VERTEX_POINT('',#8735) ;
#8761=VERTEX_POINT('',#8760) ;
#8768=VERTEX_POINT('',#8767) ;
#8810=VERTEX_POINT('',#8809) ;
#8817=VERTEX_POINT('',#8816) ;
#8863=VERTEX_POINT('',#8862) ;
#8870=VERTEX_POINT('',#8869) ;
#8908=VERTEX_POINT('',#8907) ;
#8915=VERTEX_POINT('',#8914) ;
#8954=VERTEX_POINT('',#8953) ;
#8961=VERTEX_POINT('',#8960) ;
#8999=VERTEX_POINT('',#8998) ;
#9006=VERTEX_POINT('',#9005) ;
#9031=VERTEX_POINT('',#9030) ;
#9033=VERTEX_POINT('',#9032) ;
#9070=VERTEX_POINT('',#9069) ;
#9097=VERTEX_POINT('',#9096) ;
#9142=VERTEX_POINT('',#9141) ;
#9144=VERTEX_POINT('',#9143) ;
#9174=VERTEX_POINT('',#9173) ;
#9201=VERTEX_POINT('',#9200) ;
#9246=VERTEX_POINT('',#9245) ;
#9248=VERTEX_POINT('',#9247) ;
#9278=VERTEX_POINT('',#9277) ;
#9305=VERTEX_POINT('',#9304) ;
#9350=VERTEX_POINT('',#9349) ;
#9352=VERTEX_POINT('',#9351) ;
#9359=VERTEX_POINT('',#9358) ;
#9366=VERTEX_POINT('',#9365) ;
#9396=VERTEX_POINT('',#9395) ;
#9398=VERTEX_POINT('',#9397) ;
#9417=VERTEX_POINT('',#9416) ;
#9436=VERTEX_POINT('',#9435) ;
#9478=VERTEX_POINT('',#9477) ;
#9480=VERTEX_POINT('',#9479) ;
#9499=VERTEX_POINT('',#9498) ;
#9518=VERTEX_POINT('',#9517) ;
#9560=VERTEX_POINT('',#9559) ;
#9562=VERTEX_POINT('',#9561) ;
#9581=VERTEX_POINT('',#9580) ;
#9600=VERTEX_POINT('',#9599) ;
#9654=VERTEX_POINT('',#9653) ;
#9656=VERTEX_POINT('',#9655) ;
#9675=VERTEX_POINT('',#9674) ;
#9694=VERTEX_POINT('',#9693) ;
#9744=VERTEX_POINT('',#9743) ;
#9746=VERTEX_POINT('',#9745) ;
#9776=VERTEX_POINT('',#9775) ;
#9801=VERTEX_POINT('',#9800) ;
#9844=VERTEX_POINT('',#9843) ;
#9851=VERTEX_POINT('',#9850) ;
#9861=VERTEX_POINT('',#9860) ;
#9886=VERTEX_POINT('',#9885) ;
#9913=VERTEX_POINT('',#9912) ;
#9920=VERTEX_POINT('',#9919) ;
#9930=VERTEX_POINT('',#9929) ;
#9955=VERTEX_POINT('',#9954) ;
#9982=VERTEX_POINT('',#9981) ;
#9989=VERTEX_POINT('',#9988) ;
#9999=VERTEX_POINT('',#9998) ;
#10024=VERTEX_POINT('',#10023) ;
#10051=VERTEX_POINT('',#10050) ;
#10058=VERTEX_POINT('',#10057) ;
#10068=VERTEX_POINT('',#10067) ;
#10093=VERTEX_POINT('',#10092) ;
#10120=VERTEX_POINT('',#10119) ;
#10127=VERTEX_POINT('',#10126) ;
#10152=VERTEX_POINT('',#10151) ;
#10177=VERTEX_POINT('',#10176) ;
#10265=VERTEX_POINT('',#10264) ;
#10267=VERTEX_POINT('',#10266) ;
#10283=VERTEX_POINT('',#10282) ;
#10302=VERTEX_POINT('',#10301) ;
#10336=VERTEX_POINT('',#10335) ;
#10338=VERTEX_POINT('',#10337) ;
#10345=VERTEX_POINT('',#10344) ;
#10352=VERTEX_POINT('',#10351) ;
#10421=VERTEX_POINT('',#10420) ;
#10423=VERTEX_POINT('',#10422) ;
#10439=VERTEX_POINT('',#10438) ;
#10458=VERTEX_POINT('',#10457) ;
#10487=VERTEX_POINT('',#10486) ;
#10489=VERTEX_POINT('',#10488) ;
#10496=VERTEX_POINT('',#10495) ;
#10503=VERTEX_POINT('',#10502) ;
#8=(LENGTH_UNIT()NAMED_UNIT(*)SI_UNIT(.MILLI.,.METRE.)) ;
#9=(NAMED_UNIT(*)PLANE_ANGLE_UNIT()SI_UNIT($,.RADIAN.)) ;
#10=(NAMED_UNIT(*)SI_UNIT($,.STERADIAN.)SOLID_ANGLE_UNIT()) ;
#12=(GEOMETRIC_REPRESENTATION_CONTEXT(3)GLOBAL_UNCERTAINTY_ASSIGNED_CONTEXT((#11))GLOBAL_UNIT_ASSIGNED_CONTEXT((#8,#9,#10))REPRESENTATION_CONTEXT(' ',' ')) ;
ENDSEC;
END-ISO-10303-21;
