ISO-10303-21;
HEADER;
/* Generated by software containing ST-Developer
 * from STEP Tools, Inc. (www.steptools.com) 
 */

FILE_DESCRIPTION(
/* description */ (''),
/* implementation_level */ '2;1');

FILE_NAME(
/* name */ 'Stairs 1680mm FULL Assembly.stp',
/* time_stamp */ '2025-09-11T08:40:30+03:00',
/* author */ ('User'),
/* organization */ (''),
/* preprocessor_version */ 'ST-DEVELOPER v20.1',
/* originating_system */ 'Autodesk Inventor 2026',
/* authorisation */ '');

FILE_SCHEMA (('AUTOMOTIVE_DESIGN { 1 0 10303 214 3 1 1 }'));
ENDSEC;

DATA;
#10=MECHANICAL_DESIGN_GEOMETRIC_PRESENTATION_REPRESENTATION('',(#901,#902,
#903,#904,#905,#906,#907,#908,#909,#910,#911,#912,#913,#914,#915,#916,#917,
#918,#919,#920,#921,#922,#923,#924,#925,#926,#927,#928,#929,#930,#931,#932,
#933,#934,#935,#936,#937,#938,#939,#940,#941,#942,#943,#944,#945,#946,#947,
#948,#949,#950,#951,#952,#953,#954,#955,#956,#957,#958,#959,#960,#961,#962,
#963,#964,#965,#966,#967,#968,#969,#970,#971,#972,#973,#974,#975,#976,#977,
#978,#979,#980,#981,#982,#983,#984,#985,#986,#987,#988,#989,#990,#991,#992,
#993,#994,#995,#996,#997,#998,#999,#1000,#1001,#1002,#1003,#1004,#1005,
#1006,#1007,#1008,#1009,#1010,#1011,#1012,#1013,#1014,#1015,#1016),#13560);
#11=CONTEXT_DEPENDENT_OVER_RIDING_STYLED_ITEM('',(#14201),#13876,#1016,
(#233));
#12=MAPPED_ITEM('',#13,#8873);
#13=REPRESENTATION_MAP(#8873,#13822);
#14=POLYLINE('',(#12881,#12882));
#15=TOROIDAL_SURFACE('',#8599,57.2,18.1);
#16=TOROIDAL_SURFACE('',#8601,57.2,21.1);
#17=TOROIDAL_SURFACE('',#8732,57.2,18.1);
#18=TOROIDAL_SURFACE('',#8736,57.2,21.1);
#19=TOROIDAL_SURFACE('',#8760,57.2,18.1);
#20=TOROIDAL_SURFACE('',#8764,57.2,21.1);
#21=B_SPLINE_CURVE_WITH_KNOTS('',3,(#12596,#12597,#12598,#12599,#12600,
#12601,#12602,#12603,#12604,#12605,#12606,#12607,#12608,#12609,#12610,#12611,
#12612,#12613,#12614,#12615,#12616,#12617,#12618,#12619,#12620,#12621,#12622,
#12623,#12624,#12625,#12626,#12627,#12628,#12629),.UNSPECIFIED.,.F.,.F.,
(4,2,2,2,2,2,2,2,2,2,2,2,2,2,2,2,4),(0.,0.389337061648439,0.778674123296877,
1.16965425382343,1.56063438434998,1.95433396715918,2.34803354996838,2.74572278008615,
3.14341201020392,3.54333213126627,3.94325225232862,4.34282301166943,4.74239377101024,
5.13682016437598,5.53124655774171,5.91799617137328,6.30474578500485),
 .UNSPECIFIED.);
#22=B_SPLINE_CURVE_WITH_KNOTS('',3,(#12630,#12631,#12632,#12633,#12634,
#12635,#12636,#12637,#12638,#12639,#12640,#12641,#12642,#12643,#12644,#12645,
#12646,#12647,#12648,#12649,#12650,#12651,#12652,#12653,#12654,#12655,#12656,
#12657,#12658,#12659,#12660,#12661,#12662,#12663),.UNSPECIFIED.,.F.,.F.,
(4,2,2,2,2,2,2,2,2,2,2,2,2,2,2,2,4),(6.30474578500485,6.69149539863642,
7.078245012268,7.47267140563373,7.86709779899946,8.26666855834027,8.66623931768109,
9.06615943874344,9.46607955980579,9.86376878992356,10.2614580200413,10.6551576028505,
11.0488571856597,11.4398373161863,11.8308174467128,12.2201545083613,12.6094915700097),
 .UNSPECIFIED.);
#23=B_SPLINE_CURVE_WITH_KNOTS('',3,(#12666,#12667,#12668,#12669,#12670,
#12671,#12672,#12673,#12674,#12675,#12676,#12677,#12678,#12679,#12680,#12681,
#12682,#12683,#12684,#12685,#12686,#12687,#12688,#12689,#12690,#12691,#12692,
#12693,#12694,#12695,#12696,#12697,#12698,#12699),.UNSPECIFIED.,.F.,.F.,
(4,2,2,2,2,2,2,2,2,2,2,2,2,2,2,2,4),(0.,0.333924655416647,0.667849310833295,
1.00330005324133,1.33875079564936,1.67664113044879,2.01453146524821,2.35578660864142,
2.69704175203464,3.03993578877158,3.38282982550851,3.72487959122851,4.06692935694852,
4.40471819354236,4.7425070301362,5.07465662631158,5.40680622248696),
 .UNSPECIFIED.);
#24=B_SPLINE_CURVE_WITH_KNOTS('',3,(#12700,#12701,#12702,#12703,#12704,
#12705,#12706,#12707,#12708,#12709,#12710,#12711,#12712,#12713,#12714,#12715,
#12716,#12717,#12718,#12719,#12720,#12721,#12722,#12723,#12724,#12725,#12726,
#12727,#12728,#12729,#12730,#12731,#12732,#12733),.UNSPECIFIED.,.F.,.F.,
(4,2,2,2,2,2,2,2,2,2,2,2,2,2,2,2,4),(5.40680622248696,5.73895581866234,
6.07110541483771,6.40889425143156,6.7466830880254,7.0887328537454,7.4307826194654,
7.77367665620234,8.11657069293928,8.45782583633249,8.79908097972571,9.13697131452513,
9.47486164932456,9.81031239173259,10.1457631341406,10.4796877895573,10.8136124449739),
 .UNSPECIFIED.);
#25=B_SPLINE_CURVE_WITH_KNOTS('',3,(#12737,#12738,#12739,#12740,#12741,
#12742,#12743,#12744,#12745,#12746,#12747,#12748,#12749,#12750,#12751,#12752,
#12753,#12754,#12755,#12756,#12757,#12758,#12759,#12760,#12761,#12762,#12763,
#12764,#12765,#12766,#12767,#12768,#12769,#12770),.UNSPECIFIED.,.F.,.F.,
(4,2,2,2,2,2,2,2,2,2,2,2,2,2,2,2,4),(0.,0.390585047494701,0.781170094989401,
1.1717796516685,1.56238920834761,1.9530390503673,2.34368889238699,2.734396986661,
3.125105080935,3.51584506281175,3.9065850446885,4.29731796666915,4.68805088864979,
5.07870915765424,5.4693674266587,5.85991516449733,6.25046290233597),
 .UNSPECIFIED.);
#26=B_SPLINE_CURVE_WITH_KNOTS('',3,(#12771,#12772,#12773,#12774,#12775,
#12776,#12777,#12778,#12779,#12780,#12781,#12782,#12783,#12784,#12785,#12786,
#12787,#12788,#12789,#12790,#12791,#12792,#12793,#12794,#12795,#12796,#12797,
#12798,#12799,#12800,#12801,#12802,#12803,#12804),.UNSPECIFIED.,.F.,.F.,
(4,2,2,2,2,2,2,2,2,2,2,2,2,2,2,2,4),(6.25046290233597,6.64101064017461,
7.03155837801324,7.4222166470177,7.81287491602215,8.20360783800279,8.59434075998343,
8.98508074186019,9.37582072373694,9.76652881801094,10.1572369122849,10.5478867543046,
10.9385365963243,11.3291461530034,11.7197557096825,12.1103407571772,12.5009258046719),
 .UNSPECIFIED.);
#27=B_SPLINE_CURVE_WITH_KNOTS('',3,(#12807,#12808,#12809,#12810,#12811,
#12812,#12813,#12814,#12815,#12816,#12817,#12818,#12819,#12820,#12821,#12822,
#12823,#12824,#12825,#12826,#12827,#12828,#12829,#12830,#12831,#12832,#12833,
#12834,#12835,#12836,#12837,#12838,#12839,#12840),.UNSPECIFIED.,.F.,.F.,
(4,2,2,2,2,2,2,2,2,2,2,2,2,2,2,2,4),(0.,0.335050794894028,0.670101589788056,
1.0051751299347,1.34024867008134,1.6753583159599,2.01046796183846,2.34562671371132,
2.68078546558418,3.01596762958414,3.3511497935841,3.68631850684771,4.02148722011132,
4.3565940181295,4.69170081614769,5.02672590841125,5.36175100067481),
 .UNSPECIFIED.);
#28=B_SPLINE_CURVE_WITH_KNOTS('',3,(#12841,#12842,#12843,#12844,#12845,
#12846,#12847,#12848,#12849,#12850,#12851,#12852,#12853,#12854,#12855,#12856,
#12857,#12858,#12859,#12860,#12861,#12862,#12863,#12864,#12865,#12866,#12867,
#12868,#12869,#12870,#12871,#12872,#12873,#12874),.UNSPECIFIED.,.F.,.F.,
(4,2,2,2,2,2,2,2,2,2,2,2,2,2,2,2,4),(5.36175100067481,5.69677609293838,
6.03180118520194,6.36690798322013,6.70201478123831,7.03718349450192,7.37235220776552,
7.70753437176549,8.04271653576545,8.37787528763831,8.71303403951117,9.04814368538973,
9.38325333126829,9.71832687141493,10.0534004115616,10.3884512064556,10.7235020013496),
 .UNSPECIFIED.);
#29=GEOMETRICALLY_BOUNDED_WIREFRAME_SHAPE_REPRESENTATION('',(#31),#13505);
#30=GEOMETRICALLY_BOUNDED_WIREFRAME_SHAPE_REPRESENTATION('',(#32),#13530);
#31=GEOMETRIC_CURVE_SET('Sketch6',(#11756));
#32=GEOMETRIC_CURVE_SET('Sketch1',(#14));
#33=ITEM_DEFINED_TRANSFORMATION($,$,#8043,#8101);
#34=ITEM_DEFINED_TRANSFORMATION($,$,#8078,#8102);
#35=ITEM_DEFINED_TRANSFORMATION($,$,#8042,#8103);
#36=ITEM_DEFINED_TRANSFORMATION($,$,#8041,#8104);
#37=ITEM_DEFINED_TRANSFORMATION($,$,#8108,#8132);
#38=ITEM_DEFINED_TRANSFORMATION($,$,#8109,#8133);
#39=ITEM_DEFINED_TRANSFORMATION($,$,#8106,#8134);
#40=ITEM_DEFINED_TRANSFORMATION($,$,#8107,#8135);
#41=ITEM_DEFINED_TRANSFORMATION($,$,#8255,#8265);
#42=ITEM_DEFINED_TRANSFORMATION($,$,#8256,#8266);
#43=ITEM_DEFINED_TRANSFORMATION($,$,#8253,#8267);
#44=ITEM_DEFINED_TRANSFORMATION($,$,#8254,#8268);
#45=ITEM_DEFINED_TRANSFORMATION($,$,#8295,#8343);
#46=ITEM_DEFINED_TRANSFORMATION($,$,#8296,#8344);
#47=ITEM_DEFINED_TRANSFORMATION($,$,#8293,#8345);
#48=ITEM_DEFINED_TRANSFORMATION($,$,#8294,#8346);
#49=ITEM_DEFINED_TRANSFORMATION($,$,#8350,#8440);
#50=ITEM_DEFINED_TRANSFORMATION($,$,#8351,#8441);
#51=ITEM_DEFINED_TRANSFORMATION($,$,#8348,#8442);
#52=ITEM_DEFINED_TRANSFORMATION($,$,#8349,#8443);
#53=ITEM_DEFINED_TRANSFORMATION($,$,#8460,#8496);
#54=ITEM_DEFINED_TRANSFORMATION($,$,#8461,#8497);
#55=ITEM_DEFINED_TRANSFORMATION($,$,#8458,#8498);
#56=ITEM_DEFINED_TRANSFORMATION($,$,#8459,#8499);
#57=ITEM_DEFINED_TRANSFORMATION($,$,#8567,#8593);
#58=ITEM_DEFINED_TRANSFORMATION($,$,#8574,#8594);
#59=ITEM_DEFINED_TRANSFORMATION($,$,#8574,#8595);
#60=ITEM_DEFINED_TRANSFORMATION($,$,#8606,#8616);
#61=ITEM_DEFINED_TRANSFORMATION($,$,#8607,#8617);
#62=ITEM_DEFINED_TRANSFORMATION($,$,#8604,#8618);
#63=ITEM_DEFINED_TRANSFORMATION($,$,#8605,#8619);
#64=ITEM_DEFINED_TRANSFORMATION($,$,#8623,#8633);
#65=ITEM_DEFINED_TRANSFORMATION($,$,#8624,#8634);
#66=ITEM_DEFINED_TRANSFORMATION($,$,#8621,#8635);
#67=ITEM_DEFINED_TRANSFORMATION($,$,#8622,#8636);
#68=ITEM_DEFINED_TRANSFORMATION($,$,#8745,#8755);
#69=ITEM_DEFINED_TRANSFORMATION($,$,#8746,#8756);
#70=ITEM_DEFINED_TRANSFORMATION($,$,#8743,#8757);
#71=ITEM_DEFINED_TRANSFORMATION($,$,#8744,#8758);
#72=ITEM_DEFINED_TRANSFORMATION($,$,#8773,#8783);
#73=ITEM_DEFINED_TRANSFORMATION($,$,#8774,#8784);
#74=ITEM_DEFINED_TRANSFORMATION($,$,#8771,#8785);
#75=ITEM_DEFINED_TRANSFORMATION($,$,#8772,#8786);
#76=ITEM_DEFINED_TRANSFORMATION($,$,#8790,#8809);
#77=ITEM_DEFINED_TRANSFORMATION($,$,#8791,#8810);
#78=ITEM_DEFINED_TRANSFORMATION($,$,#8788,#8811);
#79=ITEM_DEFINED_TRANSFORMATION($,$,#8789,#8812);
#80=ITEM_DEFINED_TRANSFORMATION($,$,#8039,#8813);
#81=ITEM_DEFINED_TRANSFORMATION($,$,#8040,#8814);
#82=ITEM_DEFINED_TRANSFORMATION($,$,#8105,#8815);
#83=ITEM_DEFINED_TRANSFORMATION($,$,#8136,#8816);
#84=ITEM_DEFINED_TRANSFORMATION($,$,#8227,#8817);
#85=ITEM_DEFINED_TRANSFORMATION($,$,#8175,#8818);
#86=ITEM_DEFINED_TRANSFORMATION($,$,#8175,#8819);
#87=ITEM_DEFINED_TRANSFORMATION($,$,#8227,#8820);
#88=ITEM_DEFINED_TRANSFORMATION($,$,#8227,#8821);
#89=ITEM_DEFINED_TRANSFORMATION($,$,#8198,#8822);
#90=ITEM_DEFINED_TRANSFORMATION($,$,#8227,#8823);
#91=ITEM_DEFINED_TRANSFORMATION($,$,#8227,#8824);
#92=ITEM_DEFINED_TRANSFORMATION($,$,#8252,#8825);
#93=ITEM_DEFINED_TRANSFORMATION($,$,#8269,#8826);
#94=ITEM_DEFINED_TRANSFORMATION($,$,#8770,#8827);
#95=ITEM_DEFINED_TRANSFORMATION($,$,#8770,#8828);
#96=ITEM_DEFINED_TRANSFORMATION($,$,#8292,#8829);
#97=ITEM_DEFINED_TRANSFORMATION($,$,#8347,#8830);
#98=ITEM_DEFINED_TRANSFORMATION($,$,#8444,#8831);
#99=ITEM_DEFINED_TRANSFORMATION($,$,#8444,#8832);
#100=ITEM_DEFINED_TRANSFORMATION($,$,#8457,#8833);
#101=ITEM_DEFINED_TRANSFORMATION($,$,#8500,#8834);
#102=ITEM_DEFINED_TRANSFORMATION($,$,#8457,#8835);
#103=ITEM_DEFINED_TRANSFORMATION($,$,#8500,#8836);
#104=ITEM_DEFINED_TRANSFORMATION($,$,#8531,#8837);
#105=ITEM_DEFINED_TRANSFORMATION($,$,#8457,#8838);
#106=ITEM_DEFINED_TRANSFORMATION($,$,#8500,#8839);
#107=ITEM_DEFINED_TRANSFORMATION($,$,#8457,#8840);
#108=ITEM_DEFINED_TRANSFORMATION($,$,#8500,#8841);
#109=ITEM_DEFINED_TRANSFORMATION($,$,#8531,#8842);
#110=ITEM_DEFINED_TRANSFORMATION($,$,#8531,#8843);
#111=ITEM_DEFINED_TRANSFORMATION($,$,#8531,#8844);
#112=ITEM_DEFINED_TRANSFORMATION($,$,#8566,#8845);
#113=ITEM_DEFINED_TRANSFORMATION($,$,#8566,#8846);
#114=ITEM_DEFINED_TRANSFORMATION($,$,#8566,#8847);
#115=ITEM_DEFINED_TRANSFORMATION($,$,#8566,#8848);
#116=ITEM_DEFINED_TRANSFORMATION($,$,#8566,#8849);
#117=ITEM_DEFINED_TRANSFORMATION($,$,#8566,#8850);
#118=ITEM_DEFINED_TRANSFORMATION($,$,#8566,#8851);
#119=ITEM_DEFINED_TRANSFORMATION($,$,#8566,#8852);
#120=ITEM_DEFINED_TRANSFORMATION($,$,#8566,#8853);
#121=ITEM_DEFINED_TRANSFORMATION($,$,#8596,#8854);
#122=ITEM_DEFINED_TRANSFORMATION($,$,#8603,#8855);
#123=ITEM_DEFINED_TRANSFORMATION($,$,#8759,#8856);
#124=ITEM_DEFINED_TRANSFORMATION($,$,#8620,#8857);
#125=ITEM_DEFINED_TRANSFORMATION($,$,#8620,#8858);
#126=ITEM_DEFINED_TRANSFORMATION($,$,#8637,#8859);
#127=ITEM_DEFINED_TRANSFORMATION($,$,#8759,#8860);
#128=ITEM_DEFINED_TRANSFORMATION($,$,#8644,#8861);
#129=ITEM_DEFINED_TRANSFORMATION($,$,#8706,#8862);
#130=ITEM_DEFINED_TRANSFORMATION($,$,#8683,#8863);
#131=ITEM_DEFINED_TRANSFORMATION($,$,#8683,#8864);
#132=ITEM_DEFINED_TRANSFORMATION($,$,#8706,#8865);
#133=ITEM_DEFINED_TRANSFORMATION($,$,#8706,#8866);
#134=ITEM_DEFINED_TRANSFORMATION($,$,#8731,#8867);
#135=ITEM_DEFINED_TRANSFORMATION($,$,#8742,#8868);
#136=ITEM_DEFINED_TRANSFORMATION($,$,#8759,#8869);
#137=ITEM_DEFINED_TRANSFORMATION($,$,#8770,#8870);
#138=ITEM_DEFINED_TRANSFORMATION($,$,#8770,#8871);
#139=ITEM_DEFINED_TRANSFORMATION($,$,#8787,#8872);
#140=(
REPRESENTATION_RELATIONSHIP($,$,#13827,#13826)
REPRESENTATION_RELATIONSHIP_WITH_TRANSFORMATION(#33)
SHAPE_REPRESENTATION_RELATIONSHIP()
);
#141=(
REPRESENTATION_RELATIONSHIP($,$,#13828,#13826)
REPRESENTATION_RELATIONSHIP_WITH_TRANSFORMATION(#34)
SHAPE_REPRESENTATION_RELATIONSHIP()
);
#142=(
REPRESENTATION_RELATIONSHIP($,$,#13826,#13825)
REPRESENTATION_RELATIONSHIP_WITH_TRANSFORMATION(#35)
SHAPE_REPRESENTATION_RELATIONSHIP()
);
#143=(
REPRESENTATION_RELATIONSHIP($,$,#13825,#13824)
REPRESENTATION_RELATIONSHIP_WITH_TRANSFORMATION(#36)
SHAPE_REPRESENTATION_RELATIONSHIP()
);
#144=(
REPRESENTATION_RELATIONSHIP($,$,#13832,#13831)
REPRESENTATION_RELATIONSHIP_WITH_TRANSFORMATION(#37)
SHAPE_REPRESENTATION_RELATIONSHIP()
);
#145=(
REPRESENTATION_RELATIONSHIP($,$,#13833,#13831)
REPRESENTATION_RELATIONSHIP_WITH_TRANSFORMATION(#38)
SHAPE_REPRESENTATION_RELATIONSHIP()
);
#146=(
REPRESENTATION_RELATIONSHIP($,$,#13830,#13829)
REPRESENTATION_RELATIONSHIP_WITH_TRANSFORMATION(#39)
SHAPE_REPRESENTATION_RELATIONSHIP()
);
#147=(
REPRESENTATION_RELATIONSHIP($,$,#13831,#13829)
REPRESENTATION_RELATIONSHIP_WITH_TRANSFORMATION(#40)
SHAPE_REPRESENTATION_RELATIONSHIP()
);
#148=(
REPRESENTATION_RELATIONSHIP($,$,#13841,#13840)
REPRESENTATION_RELATIONSHIP_WITH_TRANSFORMATION(#41)
SHAPE_REPRESENTATION_RELATIONSHIP()
);
#149=(
REPRESENTATION_RELATIONSHIP($,$,#13842,#13840)
REPRESENTATION_RELATIONSHIP_WITH_TRANSFORMATION(#42)
SHAPE_REPRESENTATION_RELATIONSHIP()
);
#150=(
REPRESENTATION_RELATIONSHIP($,$,#13839,#13838)
REPRESENTATION_RELATIONSHIP_WITH_TRANSFORMATION(#43)
SHAPE_REPRESENTATION_RELATIONSHIP()
);
#151=(
REPRESENTATION_RELATIONSHIP($,$,#13840,#13838)
REPRESENTATION_RELATIONSHIP_WITH_TRANSFORMATION(#44)
SHAPE_REPRESENTATION_RELATIONSHIP()
);
#152=(
REPRESENTATION_RELATIONSHIP($,$,#13847,#13846)
REPRESENTATION_RELATIONSHIP_WITH_TRANSFORMATION(#45)
SHAPE_REPRESENTATION_RELATIONSHIP()
);
#153=(
REPRESENTATION_RELATIONSHIP($,$,#13848,#13846)
REPRESENTATION_RELATIONSHIP_WITH_TRANSFORMATION(#46)
SHAPE_REPRESENTATION_RELATIONSHIP()
);
#154=(
REPRESENTATION_RELATIONSHIP($,$,#13845,#13844)
REPRESENTATION_RELATIONSHIP_WITH_TRANSFORMATION(#47)
SHAPE_REPRESENTATION_RELATIONSHIP()
);
#155=(
REPRESENTATION_RELATIONSHIP($,$,#13846,#13844)
REPRESENTATION_RELATIONSHIP_WITH_TRANSFORMATION(#48)
SHAPE_REPRESENTATION_RELATIONSHIP()
);
#156=(
REPRESENTATION_RELATIONSHIP($,$,#13852,#13851)
REPRESENTATION_RELATIONSHIP_WITH_TRANSFORMATION(#49)
SHAPE_REPRESENTATION_RELATIONSHIP()
);
#157=(
REPRESENTATION_RELATIONSHIP($,$,#13853,#13851)
REPRESENTATION_RELATIONSHIP_WITH_TRANSFORMATION(#50)
SHAPE_REPRESENTATION_RELATIONSHIP()
);
#158=(
REPRESENTATION_RELATIONSHIP($,$,#13850,#13849)
REPRESENTATION_RELATIONSHIP_WITH_TRANSFORMATION(#51)
SHAPE_REPRESENTATION_RELATIONSHIP()
);
#159=(
REPRESENTATION_RELATIONSHIP($,$,#13851,#13849)
REPRESENTATION_RELATIONSHIP_WITH_TRANSFORMATION(#52)
SHAPE_REPRESENTATION_RELATIONSHIP()
);
#160=(
REPRESENTATION_RELATIONSHIP($,$,#13858,#13857)
REPRESENTATION_RELATIONSHIP_WITH_TRANSFORMATION(#53)
SHAPE_REPRESENTATION_RELATIONSHIP()
);
#161=(
REPRESENTATION_RELATIONSHIP($,$,#13859,#13857)
REPRESENTATION_RELATIONSHIP_WITH_TRANSFORMATION(#54)
SHAPE_REPRESENTATION_RELATIONSHIP()
);
#162=(
REPRESENTATION_RELATIONSHIP($,$,#13856,#13855)
REPRESENTATION_RELATIONSHIP_WITH_TRANSFORMATION(#55)
SHAPE_REPRESENTATION_RELATIONSHIP()
);
#163=(
REPRESENTATION_RELATIONSHIP($,$,#13857,#13855)
REPRESENTATION_RELATIONSHIP_WITH_TRANSFORMATION(#56)
SHAPE_REPRESENTATION_RELATIONSHIP()
);
#164=(
REPRESENTATION_RELATIONSHIP($,$,#13863,#13862)
REPRESENTATION_RELATIONSHIP_WITH_TRANSFORMATION(#57)
SHAPE_REPRESENTATION_RELATIONSHIP()
);
#165=(
REPRESENTATION_RELATIONSHIP($,$,#13864,#13862)
REPRESENTATION_RELATIONSHIP_WITH_TRANSFORMATION(#58)
SHAPE_REPRESENTATION_RELATIONSHIP()
);
#166=(
REPRESENTATION_RELATIONSHIP($,$,#13864,#13862)
REPRESENTATION_RELATIONSHIP_WITH_TRANSFORMATION(#59)
SHAPE_REPRESENTATION_RELATIONSHIP()
);
#167=(
REPRESENTATION_RELATIONSHIP($,$,#13869,#13868)
REPRESENTATION_RELATIONSHIP_WITH_TRANSFORMATION(#60)
SHAPE_REPRESENTATION_RELATIONSHIP()
);
#168=(
REPRESENTATION_RELATIONSHIP($,$,#13870,#13868)
REPRESENTATION_RELATIONSHIP_WITH_TRANSFORMATION(#61)
SHAPE_REPRESENTATION_RELATIONSHIP()
);
#169=(
REPRESENTATION_RELATIONSHIP($,$,#13867,#13866)
REPRESENTATION_RELATIONSHIP_WITH_TRANSFORMATION(#62)
SHAPE_REPRESENTATION_RELATIONSHIP()
);
#170=(
REPRESENTATION_RELATIONSHIP($,$,#13868,#13866)
REPRESENTATION_RELATIONSHIP_WITH_TRANSFORMATION(#63)
SHAPE_REPRESENTATION_RELATIONSHIP()
);
#171=(
REPRESENTATION_RELATIONSHIP($,$,#13874,#13873)
REPRESENTATION_RELATIONSHIP_WITH_TRANSFORMATION(#64)
SHAPE_REPRESENTATION_RELATIONSHIP()
);
#172=(
REPRESENTATION_RELATIONSHIP($,$,#13875,#13873)
REPRESENTATION_RELATIONSHIP_WITH_TRANSFORMATION(#65)
SHAPE_REPRESENTATION_RELATIONSHIP()
);
#173=(
REPRESENTATION_RELATIONSHIP($,$,#13872,#13871)
REPRESENTATION_RELATIONSHIP_WITH_TRANSFORMATION(#66)
SHAPE_REPRESENTATION_RELATIONSHIP()
);
#174=(
REPRESENTATION_RELATIONSHIP($,$,#13873,#13871)
REPRESENTATION_RELATIONSHIP_WITH_TRANSFORMATION(#67)
SHAPE_REPRESENTATION_RELATIONSHIP()
);
#175=(
REPRESENTATION_RELATIONSHIP($,$,#13884,#13883)
REPRESENTATION_RELATIONSHIP_WITH_TRANSFORMATION(#68)
SHAPE_REPRESENTATION_RELATIONSHIP()
);
#176=(
REPRESENTATION_RELATIONSHIP($,$,#13885,#13883)
REPRESENTATION_RELATIONSHIP_WITH_TRANSFORMATION(#69)
SHAPE_REPRESENTATION_RELATIONSHIP()
);
#177=(
REPRESENTATION_RELATIONSHIP($,$,#13882,#13881)
REPRESENTATION_RELATIONSHIP_WITH_TRANSFORMATION(#70)
SHAPE_REPRESENTATION_RELATIONSHIP()
);
#178=(
REPRESENTATION_RELATIONSHIP($,$,#13883,#13881)
REPRESENTATION_RELATIONSHIP_WITH_TRANSFORMATION(#71)
SHAPE_REPRESENTATION_RELATIONSHIP()
);
#179=(
REPRESENTATION_RELATIONSHIP($,$,#13890,#13889)
REPRESENTATION_RELATIONSHIP_WITH_TRANSFORMATION(#72)
SHAPE_REPRESENTATION_RELATIONSHIP()
);
#180=(
REPRESENTATION_RELATIONSHIP($,$,#13891,#13889)
REPRESENTATION_RELATIONSHIP_WITH_TRANSFORMATION(#73)
SHAPE_REPRESENTATION_RELATIONSHIP()
);
#181=(
REPRESENTATION_RELATIONSHIP($,$,#13888,#13887)
REPRESENTATION_RELATIONSHIP_WITH_TRANSFORMATION(#74)
SHAPE_REPRESENTATION_RELATIONSHIP()
);
#182=(
REPRESENTATION_RELATIONSHIP($,$,#13889,#13887)
REPRESENTATION_RELATIONSHIP_WITH_TRANSFORMATION(#75)
SHAPE_REPRESENTATION_RELATIONSHIP()
);
#183=(
REPRESENTATION_RELATIONSHIP($,$,#13895,#13894)
REPRESENTATION_RELATIONSHIP_WITH_TRANSFORMATION(#76)
SHAPE_REPRESENTATION_RELATIONSHIP()
);
#184=(
REPRESENTATION_RELATIONSHIP($,$,#13896,#13894)
REPRESENTATION_RELATIONSHIP_WITH_TRANSFORMATION(#77)
SHAPE_REPRESENTATION_RELATIONSHIP()
);
#185=(
REPRESENTATION_RELATIONSHIP($,$,#13893,#13892)
REPRESENTATION_RELATIONSHIP_WITH_TRANSFORMATION(#78)
SHAPE_REPRESENTATION_RELATIONSHIP()
);
#186=(
REPRESENTATION_RELATIONSHIP($,$,#13894,#13892)
REPRESENTATION_RELATIONSHIP_WITH_TRANSFORMATION(#79)
SHAPE_REPRESENTATION_RELATIONSHIP()
);
#187=(
REPRESENTATION_RELATIONSHIP($,$,#13823,#13822)
REPRESENTATION_RELATIONSHIP_WITH_TRANSFORMATION(#80)
SHAPE_REPRESENTATION_RELATIONSHIP()
);
#188=(
REPRESENTATION_RELATIONSHIP($,$,#13824,#13822)
REPRESENTATION_RELATIONSHIP_WITH_TRANSFORMATION(#81)
SHAPE_REPRESENTATION_RELATIONSHIP()
);
#189=(
REPRESENTATION_RELATIONSHIP($,$,#13829,#13822)
REPRESENTATION_RELATIONSHIP_WITH_TRANSFORMATION(#82)
SHAPE_REPRESENTATION_RELATIONSHIP()
);
#190=(
REPRESENTATION_RELATIONSHIP($,$,#13834,#13822)
REPRESENTATION_RELATIONSHIP_WITH_TRANSFORMATION(#83)
SHAPE_REPRESENTATION_RELATIONSHIP()
);
#191=(
REPRESENTATION_RELATIONSHIP($,$,#13837,#13822)
REPRESENTATION_RELATIONSHIP_WITH_TRANSFORMATION(#84)
SHAPE_REPRESENTATION_RELATIONSHIP()
);
#192=(
REPRESENTATION_RELATIONSHIP($,$,#13835,#13822)
REPRESENTATION_RELATIONSHIP_WITH_TRANSFORMATION(#85)
SHAPE_REPRESENTATION_RELATIONSHIP()
);
#193=(
REPRESENTATION_RELATIONSHIP($,$,#13835,#13822)
REPRESENTATION_RELATIONSHIP_WITH_TRANSFORMATION(#86)
SHAPE_REPRESENTATION_RELATIONSHIP()
);
#194=(
REPRESENTATION_RELATIONSHIP($,$,#13837,#13822)
REPRESENTATION_RELATIONSHIP_WITH_TRANSFORMATION(#87)
SHAPE_REPRESENTATION_RELATIONSHIP()
);
#195=(
REPRESENTATION_RELATIONSHIP($,$,#13837,#13822)
REPRESENTATION_RELATIONSHIP_WITH_TRANSFORMATION(#88)
SHAPE_REPRESENTATION_RELATIONSHIP()
);
#196=(
REPRESENTATION_RELATIONSHIP($,$,#13836,#13822)
REPRESENTATION_RELATIONSHIP_WITH_TRANSFORMATION(#89)
SHAPE_REPRESENTATION_RELATIONSHIP()
);
#197=(
REPRESENTATION_RELATIONSHIP($,$,#13837,#13822)
REPRESENTATION_RELATIONSHIP_WITH_TRANSFORMATION(#90)
SHAPE_REPRESENTATION_RELATIONSHIP()
);
#198=(
REPRESENTATION_RELATIONSHIP($,$,#13837,#13822)
REPRESENTATION_RELATIONSHIP_WITH_TRANSFORMATION(#91)
SHAPE_REPRESENTATION_RELATIONSHIP()
);
#199=(
REPRESENTATION_RELATIONSHIP($,$,#13838,#13822)
REPRESENTATION_RELATIONSHIP_WITH_TRANSFORMATION(#92)
SHAPE_REPRESENTATION_RELATIONSHIP()
);
#200=(
REPRESENTATION_RELATIONSHIP($,$,#13843,#13822)
REPRESENTATION_RELATIONSHIP_WITH_TRANSFORMATION(#93)
SHAPE_REPRESENTATION_RELATIONSHIP()
);
#201=(
REPRESENTATION_RELATIONSHIP($,$,#13887,#13822)
REPRESENTATION_RELATIONSHIP_WITH_TRANSFORMATION(#94)
SHAPE_REPRESENTATION_RELATIONSHIP()
);
#202=(
REPRESENTATION_RELATIONSHIP($,$,#13887,#13822)
REPRESENTATION_RELATIONSHIP_WITH_TRANSFORMATION(#95)
SHAPE_REPRESENTATION_RELATIONSHIP()
);
#203=(
REPRESENTATION_RELATIONSHIP($,$,#13844,#13822)
REPRESENTATION_RELATIONSHIP_WITH_TRANSFORMATION(#96)
SHAPE_REPRESENTATION_RELATIONSHIP()
);
#204=(
REPRESENTATION_RELATIONSHIP($,$,#13849,#13822)
REPRESENTATION_RELATIONSHIP_WITH_TRANSFORMATION(#97)
SHAPE_REPRESENTATION_RELATIONSHIP()
);
#205=(
REPRESENTATION_RELATIONSHIP($,$,#13854,#13822)
REPRESENTATION_RELATIONSHIP_WITH_TRANSFORMATION(#98)
SHAPE_REPRESENTATION_RELATIONSHIP()
);
#206=(
REPRESENTATION_RELATIONSHIP($,$,#13854,#13822)
REPRESENTATION_RELATIONSHIP_WITH_TRANSFORMATION(#99)
SHAPE_REPRESENTATION_RELATIONSHIP()
);
#207=(
REPRESENTATION_RELATIONSHIP($,$,#13855,#13822)
REPRESENTATION_RELATIONSHIP_WITH_TRANSFORMATION(#100)
SHAPE_REPRESENTATION_RELATIONSHIP()
);
#208=(
REPRESENTATION_RELATIONSHIP($,$,#13860,#13822)
REPRESENTATION_RELATIONSHIP_WITH_TRANSFORMATION(#101)
SHAPE_REPRESENTATION_RELATIONSHIP()
);
#209=(
REPRESENTATION_RELATIONSHIP($,$,#13855,#13822)
REPRESENTATION_RELATIONSHIP_WITH_TRANSFORMATION(#102)
SHAPE_REPRESENTATION_RELATIONSHIP()
);
#210=(
REPRESENTATION_RELATIONSHIP($,$,#13860,#13822)
REPRESENTATION_RELATIONSHIP_WITH_TRANSFORMATION(#103)
SHAPE_REPRESENTATION_RELATIONSHIP()
);
#211=(
REPRESENTATION_RELATIONSHIP($,$,#13861,#13822)
REPRESENTATION_RELATIONSHIP_WITH_TRANSFORMATION(#104)
SHAPE_REPRESENTATION_RELATIONSHIP()
);
#212=(
REPRESENTATION_RELATIONSHIP($,$,#13855,#13822)
REPRESENTATION_RELATIONSHIP_WITH_TRANSFORMATION(#105)
SHAPE_REPRESENTATION_RELATIONSHIP()
);
#213=(
REPRESENTATION_RELATIONSHIP($,$,#13860,#13822)
REPRESENTATION_RELATIONSHIP_WITH_TRANSFORMATION(#106)
SHAPE_REPRESENTATION_RELATIONSHIP()
);
#214=(
REPRESENTATION_RELATIONSHIP($,$,#13855,#13822)
REPRESENTATION_RELATIONSHIP_WITH_TRANSFORMATION(#107)
SHAPE_REPRESENTATION_RELATIONSHIP()
);
#215=(
REPRESENTATION_RELATIONSHIP($,$,#13860,#13822)
REPRESENTATION_RELATIONSHIP_WITH_TRANSFORMATION(#108)
SHAPE_REPRESENTATION_RELATIONSHIP()
);
#216=(
REPRESENTATION_RELATIONSHIP($,$,#13861,#13822)
REPRESENTATION_RELATIONSHIP_WITH_TRANSFORMATION(#109)
SHAPE_REPRESENTATION_RELATIONSHIP()
);
#217=(
REPRESENTATION_RELATIONSHIP($,$,#13861,#13822)
REPRESENTATION_RELATIONSHIP_WITH_TRANSFORMATION(#110)
SHAPE_REPRESENTATION_RELATIONSHIP()
);
#218=(
REPRESENTATION_RELATIONSHIP($,$,#13861,#13822)
REPRESENTATION_RELATIONSHIP_WITH_TRANSFORMATION(#111)
SHAPE_REPRESENTATION_RELATIONSHIP()
);
#219=(
REPRESENTATION_RELATIONSHIP($,$,#13862,#13822)
REPRESENTATION_RELATIONSHIP_WITH_TRANSFORMATION(#112)
SHAPE_REPRESENTATION_RELATIONSHIP()
);
#220=(
REPRESENTATION_RELATIONSHIP($,$,#13862,#13822)
REPRESENTATION_RELATIONSHIP_WITH_TRANSFORMATION(#113)
SHAPE_REPRESENTATION_RELATIONSHIP()
);
#221=(
REPRESENTATION_RELATIONSHIP($,$,#13862,#13822)
REPRESENTATION_RELATIONSHIP_WITH_TRANSFORMATION(#114)
SHAPE_REPRESENTATION_RELATIONSHIP()
);
#222=(
REPRESENTATION_RELATIONSHIP($,$,#13862,#13822)
REPRESENTATION_RELATIONSHIP_WITH_TRANSFORMATION(#115)
SHAPE_REPRESENTATION_RELATIONSHIP()
);
#223=(
REPRESENTATION_RELATIONSHIP($,$,#13862,#13822)
REPRESENTATION_RELATIONSHIP_WITH_TRANSFORMATION(#116)
SHAPE_REPRESENTATION_RELATIONSHIP()
);
#224=(
REPRESENTATION_RELATIONSHIP($,$,#13862,#13822)
REPRESENTATION_RELATIONSHIP_WITH_TRANSFORMATION(#117)
SHAPE_REPRESENTATION_RELATIONSHIP()
);
#225=(
REPRESENTATION_RELATIONSHIP($,$,#13862,#13822)
REPRESENTATION_RELATIONSHIP_WITH_TRANSFORMATION(#118)
SHAPE_REPRESENTATION_RELATIONSHIP()
);
#226=(
REPRESENTATION_RELATIONSHIP($,$,#13862,#13822)
REPRESENTATION_RELATIONSHIP_WITH_TRANSFORMATION(#119)
SHAPE_REPRESENTATION_RELATIONSHIP()
);
#227=(
REPRESENTATION_RELATIONSHIP($,$,#13862,#13822)
REPRESENTATION_RELATIONSHIP_WITH_TRANSFORMATION(#120)
SHAPE_REPRESENTATION_RELATIONSHIP()
);
#228=(
REPRESENTATION_RELATIONSHIP($,$,#13865,#13822)
REPRESENTATION_RELATIONSHIP_WITH_TRANSFORMATION(#121)
SHAPE_REPRESENTATION_RELATIONSHIP()
);
#229=(
REPRESENTATION_RELATIONSHIP($,$,#13866,#13822)
REPRESENTATION_RELATIONSHIP_WITH_TRANSFORMATION(#122)
SHAPE_REPRESENTATION_RELATIONSHIP()
);
#230=(
REPRESENTATION_RELATIONSHIP($,$,#13886,#13822)
REPRESENTATION_RELATIONSHIP_WITH_TRANSFORMATION(#123)
SHAPE_REPRESENTATION_RELATIONSHIP()
);
#231=(
REPRESENTATION_RELATIONSHIP($,$,#13871,#13822)
REPRESENTATION_RELATIONSHIP_WITH_TRANSFORMATION(#124)
SHAPE_REPRESENTATION_RELATIONSHIP()
);
#232=(
REPRESENTATION_RELATIONSHIP($,$,#13871,#13822)
REPRESENTATION_RELATIONSHIP_WITH_TRANSFORMATION(#125)
SHAPE_REPRESENTATION_RELATIONSHIP()
);
#233=(
REPRESENTATION_RELATIONSHIP($,$,#13876,#13822)
REPRESENTATION_RELATIONSHIP_WITH_TRANSFORMATION(#126)
SHAPE_REPRESENTATION_RELATIONSHIP()
);
#234=(
REPRESENTATION_RELATIONSHIP($,$,#13886,#13822)
REPRESENTATION_RELATIONSHIP_WITH_TRANSFORMATION(#127)
SHAPE_REPRESENTATION_RELATIONSHIP()
);
#235=(
REPRESENTATION_RELATIONSHIP($,$,#13877,#13822)
REPRESENTATION_RELATIONSHIP_WITH_TRANSFORMATION(#128)
SHAPE_REPRESENTATION_RELATIONSHIP()
);
#236=(
REPRESENTATION_RELATIONSHIP($,$,#13879,#13822)
REPRESENTATION_RELATIONSHIP_WITH_TRANSFORMATION(#129)
SHAPE_REPRESENTATION_RELATIONSHIP()
);
#237=(
REPRESENTATION_RELATIONSHIP($,$,#13878,#13822)
REPRESENTATION_RELATIONSHIP_WITH_TRANSFORMATION(#130)
SHAPE_REPRESENTATION_RELATIONSHIP()
);
#238=(
REPRESENTATION_RELATIONSHIP($,$,#13878,#13822)
REPRESENTATION_RELATIONSHIP_WITH_TRANSFORMATION(#131)
SHAPE_REPRESENTATION_RELATIONSHIP()
);
#239=(
REPRESENTATION_RELATIONSHIP($,$,#13879,#13822)
REPRESENTATION_RELATIONSHIP_WITH_TRANSFORMATION(#132)
SHAPE_REPRESENTATION_RELATIONSHIP()
);
#240=(
REPRESENTATION_RELATIONSHIP($,$,#13879,#13822)
REPRESENTATION_RELATIONSHIP_WITH_TRANSFORMATION(#133)
SHAPE_REPRESENTATION_RELATIONSHIP()
);
#241=(
REPRESENTATION_RELATIONSHIP($,$,#13880,#13822)
REPRESENTATION_RELATIONSHIP_WITH_TRANSFORMATION(#134)
SHAPE_REPRESENTATION_RELATIONSHIP()
);
#242=(
REPRESENTATION_RELATIONSHIP($,$,#13881,#13822)
REPRESENTATION_RELATIONSHIP_WITH_TRANSFORMATION(#135)
SHAPE_REPRESENTATION_RELATIONSHIP()
);
#243=(
REPRESENTATION_RELATIONSHIP($,$,#13886,#13822)
REPRESENTATION_RELATIONSHIP_WITH_TRANSFORMATION(#136)
SHAPE_REPRESENTATION_RELATIONSHIP()
);
#244=(
REPRESENTATION_RELATIONSHIP($,$,#13887,#13822)
REPRESENTATION_RELATIONSHIP_WITH_TRANSFORMATION(#137)
SHAPE_REPRESENTATION_RELATIONSHIP()
);
#245=(
REPRESENTATION_RELATIONSHIP($,$,#13887,#13822)
REPRESENTATION_RELATIONSHIP_WITH_TRANSFORMATION(#138)
SHAPE_REPRESENTATION_RELATIONSHIP()
);
#246=(
REPRESENTATION_RELATIONSHIP($,$,#13892,#13822)
REPRESENTATION_RELATIONSHIP_WITH_TRANSFORMATION(#139)
SHAPE_REPRESENTATION_RELATIONSHIP()
);
#247=CONTEXT_DEPENDENT_SHAPE_REPRESENTATION(#140,#13647);
#248=CONTEXT_DEPENDENT_SHAPE_REPRESENTATION(#141,#13648);
#249=CONTEXT_DEPENDENT_SHAPE_REPRESENTATION(#142,#13649);
#250=CONTEXT_DEPENDENT_SHAPE_REPRESENTATION(#143,#13650);
#251=CONTEXT_DEPENDENT_SHAPE_REPRESENTATION(#144,#13656);
#252=CONTEXT_DEPENDENT_SHAPE_REPRESENTATION(#145,#13657);
#253=CONTEXT_DEPENDENT_SHAPE_REPRESENTATION(#146,#13658);
#254=CONTEXT_DEPENDENT_SHAPE_REPRESENTATION(#147,#13659);
#255=CONTEXT_DEPENDENT_SHAPE_REPRESENTATION(#148,#13669);
#256=CONTEXT_DEPENDENT_SHAPE_REPRESENTATION(#149,#13670);
#257=CONTEXT_DEPENDENT_SHAPE_REPRESENTATION(#150,#13671);
#258=CONTEXT_DEPENDENT_SHAPE_REPRESENTATION(#151,#13672);
#259=CONTEXT_DEPENDENT_SHAPE_REPRESENTATION(#152,#13679);
#260=CONTEXT_DEPENDENT_SHAPE_REPRESENTATION(#153,#13680);
#261=CONTEXT_DEPENDENT_SHAPE_REPRESENTATION(#154,#13681);
#262=CONTEXT_DEPENDENT_SHAPE_REPRESENTATION(#155,#13682);
#263=CONTEXT_DEPENDENT_SHAPE_REPRESENTATION(#156,#13688);
#264=CONTEXT_DEPENDENT_SHAPE_REPRESENTATION(#157,#13689);
#265=CONTEXT_DEPENDENT_SHAPE_REPRESENTATION(#158,#13690);
#266=CONTEXT_DEPENDENT_SHAPE_REPRESENTATION(#159,#13691);
#267=CONTEXT_DEPENDENT_SHAPE_REPRESENTATION(#160,#13698);
#268=CONTEXT_DEPENDENT_SHAPE_REPRESENTATION(#161,#13699);
#269=CONTEXT_DEPENDENT_SHAPE_REPRESENTATION(#162,#13700);
#270=CONTEXT_DEPENDENT_SHAPE_REPRESENTATION(#163,#13701);
#271=CONTEXT_DEPENDENT_SHAPE_REPRESENTATION(#164,#13707);
#272=CONTEXT_DEPENDENT_SHAPE_REPRESENTATION(#165,#13708);
#273=CONTEXT_DEPENDENT_SHAPE_REPRESENTATION(#166,#13709);
#274=CONTEXT_DEPENDENT_SHAPE_REPRESENTATION(#167,#13716);
#275=CONTEXT_DEPENDENT_SHAPE_REPRESENTATION(#168,#13717);
#276=CONTEXT_DEPENDENT_SHAPE_REPRESENTATION(#169,#13718);
#277=CONTEXT_DEPENDENT_SHAPE_REPRESENTATION(#170,#13719);
#278=CONTEXT_DEPENDENT_SHAPE_REPRESENTATION(#171,#13725);
#279=CONTEXT_DEPENDENT_SHAPE_REPRESENTATION(#172,#13726);
#280=CONTEXT_DEPENDENT_SHAPE_REPRESENTATION(#173,#13727);
#281=CONTEXT_DEPENDENT_SHAPE_REPRESENTATION(#174,#13728);
#282=CONTEXT_DEPENDENT_SHAPE_REPRESENTATION(#175,#13739);
#283=CONTEXT_DEPENDENT_SHAPE_REPRESENTATION(#176,#13740);
#284=CONTEXT_DEPENDENT_SHAPE_REPRESENTATION(#177,#13741);
#285=CONTEXT_DEPENDENT_SHAPE_REPRESENTATION(#178,#13742);
#286=CONTEXT_DEPENDENT_SHAPE_REPRESENTATION(#179,#13749);
#287=CONTEXT_DEPENDENT_SHAPE_REPRESENTATION(#180,#13750);
#288=CONTEXT_DEPENDENT_SHAPE_REPRESENTATION(#181,#13751);
#289=CONTEXT_DEPENDENT_SHAPE_REPRESENTATION(#182,#13752);
#290=CONTEXT_DEPENDENT_SHAPE_REPRESENTATION(#183,#13758);
#291=CONTEXT_DEPENDENT_SHAPE_REPRESENTATION(#184,#13759);
#292=CONTEXT_DEPENDENT_SHAPE_REPRESENTATION(#185,#13760);
#293=CONTEXT_DEPENDENT_SHAPE_REPRESENTATION(#186,#13761);
#294=CONTEXT_DEPENDENT_SHAPE_REPRESENTATION(#187,#13762);
#295=CONTEXT_DEPENDENT_SHAPE_REPRESENTATION(#188,#13763);
#296=CONTEXT_DEPENDENT_SHAPE_REPRESENTATION(#189,#13764);
#297=CONTEXT_DEPENDENT_SHAPE_REPRESENTATION(#190,#13765);
#298=CONTEXT_DEPENDENT_SHAPE_REPRESENTATION(#191,#13766);
#299=CONTEXT_DEPENDENT_SHAPE_REPRESENTATION(#192,#13767);
#300=CONTEXT_DEPENDENT_SHAPE_REPRESENTATION(#193,#13768);
#301=CONTEXT_DEPENDENT_SHAPE_REPRESENTATION(#194,#13769);
#302=CONTEXT_DEPENDENT_SHAPE_REPRESENTATION(#195,#13770);
#303=CONTEXT_DEPENDENT_SHAPE_REPRESENTATION(#196,#13771);
#304=CONTEXT_DEPENDENT_SHAPE_REPRESENTATION(#197,#13772);
#305=CONTEXT_DEPENDENT_SHAPE_REPRESENTATION(#198,#13773);
#306=CONTEXT_DEPENDENT_SHAPE_REPRESENTATION(#199,#13774);
#307=CONTEXT_DEPENDENT_SHAPE_REPRESENTATION(#200,#13775);
#308=CONTEXT_DEPENDENT_SHAPE_REPRESENTATION(#201,#13776);
#309=CONTEXT_DEPENDENT_SHAPE_REPRESENTATION(#202,#13777);
#310=CONTEXT_DEPENDENT_SHAPE_REPRESENTATION(#203,#13778);
#311=CONTEXT_DEPENDENT_SHAPE_REPRESENTATION(#204,#13779);
#312=CONTEXT_DEPENDENT_SHAPE_REPRESENTATION(#205,#13780);
#313=CONTEXT_DEPENDENT_SHAPE_REPRESENTATION(#206,#13781);
#314=CONTEXT_DEPENDENT_SHAPE_REPRESENTATION(#207,#13782);
#315=CONTEXT_DEPENDENT_SHAPE_REPRESENTATION(#208,#13783);
#316=CONTEXT_DEPENDENT_SHAPE_REPRESENTATION(#209,#13784);
#317=CONTEXT_DEPENDENT_SHAPE_REPRESENTATION(#210,#13785);
#318=CONTEXT_DEPENDENT_SHAPE_REPRESENTATION(#211,#13786);
#319=CONTEXT_DEPENDENT_SHAPE_REPRESENTATION(#212,#13787);
#320=CONTEXT_DEPENDENT_SHAPE_REPRESENTATION(#213,#13788);
#321=CONTEXT_DEPENDENT_SHAPE_REPRESENTATION(#214,#13789);
#322=CONTEXT_DEPENDENT_SHAPE_REPRESENTATION(#215,#13790);
#323=CONTEXT_DEPENDENT_SHAPE_REPRESENTATION(#216,#13791);
#324=CONTEXT_DEPENDENT_SHAPE_REPRESENTATION(#217,#13792);
#325=CONTEXT_DEPENDENT_SHAPE_REPRESENTATION(#218,#13793);
#326=CONTEXT_DEPENDENT_SHAPE_REPRESENTATION(#219,#13794);
#327=CONTEXT_DEPENDENT_SHAPE_REPRESENTATION(#220,#13795);
#328=CONTEXT_DEPENDENT_SHAPE_REPRESENTATION(#221,#13796);
#329=CONTEXT_DEPENDENT_SHAPE_REPRESENTATION(#222,#13797);
#330=CONTEXT_DEPENDENT_SHAPE_REPRESENTATION(#223,#13798);
#331=CONTEXT_DEPENDENT_SHAPE_REPRESENTATION(#224,#13799);
#332=CONTEXT_DEPENDENT_SHAPE_REPRESENTATION(#225,#13800);
#333=CONTEXT_DEPENDENT_SHAPE_REPRESENTATION(#226,#13801);
#334=CONTEXT_DEPENDENT_SHAPE_REPRESENTATION(#227,#13802);
#335=CONTEXT_DEPENDENT_SHAPE_REPRESENTATION(#228,#13803);
#336=CONTEXT_DEPENDENT_SHAPE_REPRESENTATION(#229,#13804);
#337=CONTEXT_DEPENDENT_SHAPE_REPRESENTATION(#230,#13805);
#338=CONTEXT_DEPENDENT_SHAPE_REPRESENTATION(#231,#13806);
#339=CONTEXT_DEPENDENT_SHAPE_REPRESENTATION(#232,#13807);
#340=CONTEXT_DEPENDENT_SHAPE_REPRESENTATION(#233,#13808);
#341=CONTEXT_DEPENDENT_SHAPE_REPRESENTATION(#234,#13809);
#342=CONTEXT_DEPENDENT_SHAPE_REPRESENTATION(#235,#13810);
#343=CONTEXT_DEPENDENT_SHAPE_REPRESENTATION(#236,#13811);
#344=CONTEXT_DEPENDENT_SHAPE_REPRESENTATION(#237,#13812);
#345=CONTEXT_DEPENDENT_SHAPE_REPRESENTATION(#238,#13813);
#346=CONTEXT_DEPENDENT_SHAPE_REPRESENTATION(#239,#13814);
#347=CONTEXT_DEPENDENT_SHAPE_REPRESENTATION(#240,#13815);
#348=CONTEXT_DEPENDENT_SHAPE_REPRESENTATION(#241,#13816);
#349=CONTEXT_DEPENDENT_SHAPE_REPRESENTATION(#242,#13817);
#350=CONTEXT_DEPENDENT_SHAPE_REPRESENTATION(#243,#13818);
#351=CONTEXT_DEPENDENT_SHAPE_REPRESENTATION(#244,#13819);
#352=CONTEXT_DEPENDENT_SHAPE_REPRESENTATION(#245,#13820);
#353=CONTEXT_DEPENDENT_SHAPE_REPRESENTATION(#246,#13821);
#354=NEXT_ASSEMBLY_USAGE_OCCURRENCE(
'DIN 1026-1 U 140 1757326830749_MIR:1',
'DIN 1026-1 U 140 1757326830749_MIR:1',
'DIN 1026-1 U 140 1757326830749_MIR:1',#13902,#13903,
'DIN 1026-1 U 140 1757326830749_MIR:1');
#355=NEXT_ASSEMBLY_USAGE_OCCURRENCE(
'DIN 1026-1 U 140 1757326961832_MIR:1',
'DIN 1026-1 U 140 1757326961832_MIR:1',
'DIN 1026-1 U 140 1757326961832_MIR:1',#13902,#13904,
'DIN 1026-1 U 140 1757326961832_MIR:1');
#356=NEXT_ASSEMBLY_USAGE_OCCURRENCE('Frame 1757326829596_MIR:1',
'Frame 1757326829596_MIR:1','Frame 1757326829596_MIR:1',#13901,#13902,
'Frame 1757326829596_MIR:1');
#357=NEXT_ASSEMBLY_USAGE_OCCURRENCE('Skala 1680 FULL Assembly_MIR:1',
'Skala 1680 FULL Assembly_MIR:1','Skala 1680 FULL Assembly_MIR:1',#13900,
#13901,'Skala 1680 FULL Assembly_MIR:1');
#358=NEXT_ASSEMBLY_USAGE_OCCURRENCE('Reference Skeleton',
'Reference Skeleton','Reference Skeleton',#13907,#13908,
'Reference Skeleton');
#359=NEXT_ASSEMBLY_USAGE_OCCURRENCE('DIN 1026-1 U 140 - 760:1',
'DIN 1026-1 U 140 - 760:1','DIN 1026-1 U 140 - 760:1',#13907,#13909,
'DIN 1026-1 U 140 - 760:1');
#360=NEXT_ASSEMBLY_USAGE_OCCURRENCE('UPN140 ISIO 760mm:1',
'UPN140 ISIO 760mm:1','UPN140 ISIO 760mm:1',#13905,#13906,
'UPN140 ISIO 760mm:1');
#361=NEXT_ASSEMBLY_USAGE_OCCURRENCE('Frame 1757332287640:1',
'Frame 1757332287640:1','Frame 1757332287640:1',#13905,#13907,
'Frame 1757332287640:1');
#362=NEXT_ASSEMBLY_USAGE_OCCURRENCE('Reference Skeleton',
'Reference Skeleton','Reference Skeleton',#13916,#13917,
'Reference Skeleton');
#363=NEXT_ASSEMBLY_USAGE_OCCURRENCE('DIN2448 42,4 x 2,9 - 2650:1',
'DIN2448 42,4 x 2,9 - 2650:1','DIN2448 42,4 x 2,9 - 2650:1',#13916,#13918,
'DIN2448 42,4 x 2,9 - 2650:1');
#364=NEXT_ASSEMBLY_USAGE_OCCURRENCE('Swlina D43:1','Swlina D43:1',
'Swlina D43:1',#13914,#13915,'Swlina D43:1');
#365=NEXT_ASSEMBLY_USAGE_OCCURRENCE('Frame 1757397494265:1',
'Frame 1757397494265:1','Frame 1757397494265:1',#13914,#13916,
'Frame 1757397494265:1');
#366=NEXT_ASSEMBLY_USAGE_OCCURRENCE('Reference Skeleton',
'Reference Skeleton','Reference Skeleton',#13922,#13923,
'Reference Skeleton');
#367=NEXT_ASSEMBLY_USAGE_OCCURRENCE('DIN 1026-1 U 140 - 700:1',
'DIN 1026-1 U 140 - 700:1','DIN 1026-1 U 140 - 700:1',#13922,#13924,
'DIN 1026-1 U 140 - 700:1');
#368=NEXT_ASSEMBLY_USAGE_OCCURRENCE('UPN140 700 2nd:1',
'UPN140 700 2nd:1','UPN140 700 2nd:1',#13920,#13921,'UPN140 700 2nd:1');
#369=NEXT_ASSEMBLY_USAGE_OCCURRENCE('Frame 1757405042260:1',
'Frame 1757405042260:1','Frame 1757405042260:1',#13920,#13922,
'Frame 1757405042260:1');
#370=NEXT_ASSEMBLY_USAGE_OCCURRENCE('Reference Skeleton',
'Reference Skeleton','Reference Skeleton',#13927,#13928,
'Reference Skeleton');
#371=NEXT_ASSEMBLY_USAGE_OCCURRENCE('DIN 1026-1 U 140 - 2727,99:1',
'DIN 1026-1 U 140 - 2727,99:1','DIN 1026-1 U 140 - 2727,99:1',#13927,#13929,
'DIN 1026-1 U 140 - 2727,99:1');
#372=NEXT_ASSEMBLY_USAGE_OCCURRENCE('UPN140 2727:1','UPN140 2727:1',
'UPN140 2727:1',#13925,#13926,'UPN140 2727:1');
#373=NEXT_ASSEMBLY_USAGE_OCCURRENCE('Frame 1757405865018:1',
'Frame 1757405865018:1','Frame 1757405865018:1',#13925,#13927,
'Frame 1757405865018:1');
#374=NEXT_ASSEMBLY_USAGE_OCCURRENCE('Reference Skeleton',
'Reference Skeleton','Reference Skeleton',#13933,#13934,
'Reference Skeleton');
#375=NEXT_ASSEMBLY_USAGE_OCCURRENCE('DIN 59 410 80x80x4.5 - 1520,12:1',
'DIN 59 410 80x80x4.5 - 1520,12:1','DIN 59 410 80x80x4.5 - 1520,12:1',#13933,
#13935,'DIN 59 410 80x80x4.5 - 1520,12:1');
#376=NEXT_ASSEMBLY_USAGE_OCCURRENCE('KD100x4:1','KD100x4:1','KD100x4:1',
#13931,#13932,'KD100x4:1');
#377=NEXT_ASSEMBLY_USAGE_OCCURRENCE('Frame 1757415641702:1',
'Frame 1757415641702:1','Frame 1757415641702:1',#13931,#13933,
'Frame 1757415641702:1');
#378=NEXT_ASSEMBLY_USAGE_OCCURRENCE('Skalopati:2','Skalopati:2',
'Skalopati:2',#13938,#13939,'Skalopati:2');
#379=NEXT_ASSEMBLY_USAGE_OCCURRENCE('Lamaki Skalopatiou:1',
'Lamaki Skalopatiou:1','Lamaki Skalopatiou:1',#13938,#13940,
'Lamaki Skalopatiou:1');
#380=NEXT_ASSEMBLY_USAGE_OCCURRENCE('Lamaki Skalopatiou:2',
'Lamaki Skalopatiou:2','Lamaki Skalopatiou:2',#13938,#13940,
'Lamaki Skalopatiou:2');
#381=NEXT_ASSEMBLY_USAGE_OCCURRENCE('Reference Skeleton',
'Reference Skeleton','Reference Skeleton',#13944,#13945,
'Reference Skeleton');
#382=NEXT_ASSEMBLY_USAGE_OCCURRENCE('DIN2448 42,4 x 2,9 - 650:1',
'DIN2448 42,4 x 2,9 - 650:1','DIN2448 42,4 x 2,9 - 650:1',#13944,#13946,
'DIN2448 42,4 x 2,9 - 650:1');
#383=NEXT_ASSEMBLY_USAGE_OCCURRENCE('Swlina D43 Konti:1',
'Swlina D43 Konti:1','Swlina D43 Konti:1',#13942,#13943,
'Swlina D43 Konti:1');
#384=NEXT_ASSEMBLY_USAGE_OCCURRENCE('Frame 1757490083209:1',
'Frame 1757490083209:1','Frame 1757490083209:1',#13942,#13944,
'Frame 1757490083209:1');
#385=NEXT_ASSEMBLY_USAGE_OCCURRENCE('Reference Skeleton',
'Reference Skeleton','Reference Skeleton',#13949,#13950,
'Reference Skeleton');
#386=NEXT_ASSEMBLY_USAGE_OCCURRENCE('DIN2448 33,7 x 2,9 - 836:1',
'DIN2448 33,7 x 2,9 - 836:1','DIN2448 33,7 x 2,9 - 836:1',#13949,#13951,
'DIN2448 33,7 x 2,9 - 836:1');
#387=NEXT_ASSEMBLY_USAGE_OCCURRENCE('Swlina D33 836:1',
'Swlina D33 836:1','Swlina D33 836:1',#13947,#13948,'Swlina D33 836:1');
#388=NEXT_ASSEMBLY_USAGE_OCCURRENCE('Frame 1757492582064:1',
'Frame 1757492582064:1','Frame 1757492582064:1',#13947,#13949,
'Frame 1757492582064:1');
#389=NEXT_ASSEMBLY_USAGE_OCCURRENCE('Reference Skeleton',
'Reference Skeleton','Reference Skeleton',#13959,#13960,
'Reference Skeleton');
#390=NEXT_ASSEMBLY_USAGE_OCCURRENCE('ISO 10799-2 42.4x2.5 - 2500:1',
'ISO 10799-2 42.4x2.5 - 2500:1','ISO 10799-2 42.4x2.5 - 2500:1',#13959,
#13961,'ISO 10799-2 42.4x2.5 - 2500:1');
#391=NEXT_ASSEMBLY_USAGE_OCCURRENCE('D43 2500:1','D43 2500:1',
'D43 2500:1',#13957,#13958,'D43 2500:1');
#392=NEXT_ASSEMBLY_USAGE_OCCURRENCE('Frame 1757493911202:1',
'Frame 1757493911202:1','Frame 1757493911202:1',#13957,#13959,
'Frame 1757493911202:1');
#393=NEXT_ASSEMBLY_USAGE_OCCURRENCE('Reference Skeleton',
'Reference Skeleton','Reference Skeleton',#13965,#13966,
'Reference Skeleton');
#394=NEXT_ASSEMBLY_USAGE_OCCURRENCE('DIN2448 33,7 x 2,6 - 2338:1',
'DIN2448 33,7 x 2,6 - 2338:1','DIN2448 33,7 x 2,6 - 2338:1',#13965,#13967,
'DIN2448 33,7 x 2,6 - 2338:1');
#395=NEXT_ASSEMBLY_USAGE_OCCURRENCE('Swlina D33:1','Swlina D33:1',
'Swlina D33:1',#13963,#13964,'Swlina D33:1');
#396=NEXT_ASSEMBLY_USAGE_OCCURRENCE('Frame 1757402667292:1',
'Frame 1757402667292:1','Frame 1757402667292:1',#13963,#13965,
'Frame 1757402667292:1');
#397=NEXT_ASSEMBLY_USAGE_OCCURRENCE('Reference Skeleton',
'Reference Skeleton','Reference Skeleton',#13970,#13971,
'Reference Skeleton');
#398=NEXT_ASSEMBLY_USAGE_OCCURRENCE('ISO 657-1 L50x50x5 - 700:1',
'ISO 657-1 L50x50x5 - 700:1','ISO 657-1 L50x50x5 - 700:1',#13970,#13972,
'ISO 657-1 L50x50x5 - 700:1');
#399=NEXT_ASSEMBLY_USAGE_OCCURRENCE('Gwnia Aristeri:1',
'Gwnia Aristeri:1','Gwnia Aristeri:1',#13968,#13969,'Gwnia Aristeri:1');
#400=NEXT_ASSEMBLY_USAGE_OCCURRENCE('Frame 1757568143640:1',
'Frame 1757568143640:1','Frame 1757568143640:1',#13968,#13970,
'Frame 1757568143640:1');
#401=NEXT_ASSEMBLY_USAGE_OCCURRENCE('Skeleton:1','Skeleton:1',
'Skeleton:1',#13898,#13899,'Skeleton:1');
#402=NEXT_ASSEMBLY_USAGE_OCCURRENCE('Skala 1680 RIGHT Mirror:1',
'Skala 1680 RIGHT Mirror:1','Skala 1680 RIGHT Mirror:1',#13898,#13900,
'Skala 1680 RIGHT Mirror:1');
#403=NEXT_ASSEMBLY_USAGE_OCCURRENCE('UPN240 ISIO 760mm:1',
'UPN240 ISIO 760mm:1','UPN240 ISIO 760mm:1',#13898,#13905,
'UPN240 ISIO 760mm:1');
#404=NEXT_ASSEMBLY_USAGE_OCCURRENCE('NEW KAGKELO FALTSO DEXI 5mm:1',
'NEW KAGKELO FALTSO DEXI 5mm:1','NEW KAGKELO FALTSO DEXI 5mm:1',#13898,
#13910,'NEW KAGKELO FALTSO DEXI 5mm:1');
#405=NEXT_ASSEMBLY_USAGE_OCCURRENCE('LAPATSA KAGKELO 55mm:1',
'LAPATSA KAGKELO 55mm:1','LAPATSA KAGKELO 55mm:1',#13898,#13913,
'LAPATSA KAGKELO 55mm:1');
#406=NEXT_ASSEMBLY_USAGE_OCCURRENCE(
'NEW KAGKELO FALTSO DEXI TYFLO 5mm:1',
'NEW KAGKELO FALTSO DEXI TYFLO 5mm:1',
'NEW KAGKELO FALTSO DEXI TYFLO 5mm:1',#13898,#13911,
'NEW KAGKELO FALTSO DEXI TYFLO 5mm:1');
#407=NEXT_ASSEMBLY_USAGE_OCCURRENCE(
'NEW KAGKELO FALTSO DEXI TYFLO 5mm:2',
'NEW KAGKELO FALTSO DEXI TYFLO 5mm:2',
'NEW KAGKELO FALTSO DEXI TYFLO 5mm:2',#13898,#13911,
'NEW KAGKELO FALTSO DEXI TYFLO 5mm:2');
#408=NEXT_ASSEMBLY_USAGE_OCCURRENCE('LAPATSA KAGKELO 55mm:2',
'LAPATSA KAGKELO 55mm:2','LAPATSA KAGKELO 55mm:2',#13898,#13913,
'LAPATSA KAGKELO 55mm:2');
#409=NEXT_ASSEMBLY_USAGE_OCCURRENCE('LAPATSA KAGKELO 55mm:3',
'LAPATSA KAGKELO 55mm:3','LAPATSA KAGKELO 55mm:3',#13898,#13913,
'LAPATSA KAGKELO 55mm:3');
#410=NEXT_ASSEMBLY_USAGE_OCCURRENCE('KAGKELO ISIO DEXI 50x50:1',
'KAGKELO ISIO DEXI 50x50:1','KAGKELO ISIO DEXI 50x50:1',#13898,#13912,
'KAGKELO ISIO DEXI 50x50:1');
#411=NEXT_ASSEMBLY_USAGE_OCCURRENCE('LAPATSA KAGKELO 55mm:4',
'LAPATSA KAGKELO 55mm:4','LAPATSA KAGKELO 55mm:4',#13898,#13913,
'LAPATSA KAGKELO 55mm:4');
#412=NEXT_ASSEMBLY_USAGE_OCCURRENCE('LAPATSA KAGKELO 55mm:5',
'LAPATSA KAGKELO 55mm:5','LAPATSA KAGKELO 55mm:5',#13898,#13913,
'LAPATSA KAGKELO 55mm:5');
#413=NEXT_ASSEMBLY_USAGE_OCCURRENCE('Swlina D43:1','Swlina D43:1',
'Swlina D43:1',#13898,#13914,'Swlina D43:1');
#414=NEXT_ASSEMBLY_USAGE_OCCURRENCE('KAGKELO ISIO DEXI TYFLO2 50x50:1',
'KAGKELO ISIO DEXI TYFLO2 50x50:1','KAGKELO ISIO DEXI TYFLO2 50x50:1',#13898,
#13919,'KAGKELO ISIO DEXI TYFLO2 50x50:1');
#415=NEXT_ASSEMBLY_USAGE_OCCURRENCE('Swlina D33:1','Swlina D33:1',
'Swlina D33:1',#13898,#13963,'Swlina D33:1');
#416=NEXT_ASSEMBLY_USAGE_OCCURRENCE('Swlina D33:2','Swlina D33:2',
'Swlina D33:2',#13898,#13963,'Swlina D33:2');
#417=NEXT_ASSEMBLY_USAGE_OCCURRENCE('UPN140 ISIO 700mm:1',
'UPN140 ISIO 700mm:1','UPN140 ISIO 700mm:1',#13898,#13920,
'UPN140 ISIO 700mm:1');
#418=NEXT_ASSEMBLY_USAGE_OCCURRENCE('UPN240 Makry:1','UPN240 Makry:1',
'UPN240 Makry:1',#13898,#13925,'UPN240 Makry:1');
#419=NEXT_ASSEMBLY_USAGE_OCCURRENCE('LAPATSA UPN140 10mm:3',
'LAPATSA UPN140 10mm:3','LAPATSA UPN140 10mm:3',#13898,#13930,
'LAPATSA UPN140 10mm:3');
#420=NEXT_ASSEMBLY_USAGE_OCCURRENCE('LAPATSA UPN140 10mm:4',
'LAPATSA UPN140 10mm:4','LAPATSA UPN140 10mm:4',#13898,#13930,
'LAPATSA UPN140 10mm:4');
#421=NEXT_ASSEMBLY_USAGE_OCCURRENCE('KD80x4:1','KD80x4:1','KD80x4:1',#13898,
#13931,'KD80x4:1');
#422=NEXT_ASSEMBLY_USAGE_OCCURRENCE('Lapatsa KD80:2','Lapatsa KD80:2',
'Lapatsa KD80:2',#13898,#13936,'Lapatsa KD80:2');
#423=NEXT_ASSEMBLY_USAGE_OCCURRENCE('KD80x4:2','KD80x4:2','KD80x4:2',#13898,
#13931,'KD80x4:2');
#424=NEXT_ASSEMBLY_USAGE_OCCURRENCE('Lapatsa KD80:4','Lapatsa KD80:4',
'Lapatsa KD80:4',#13898,#13936,'Lapatsa KD80:4');
#425=NEXT_ASSEMBLY_USAGE_OCCURRENCE('Lapatsa KD80 Panw:1',
'Lapatsa KD80 Panw:1','Lapatsa KD80 Panw:1',#13898,#13937,
'Lapatsa KD80 Panw:1');
#426=NEXT_ASSEMBLY_USAGE_OCCURRENCE('KD80x4:3','KD80x4:3','KD80x4:3',#13898,
#13931,'KD80x4:3');
#427=NEXT_ASSEMBLY_USAGE_OCCURRENCE('Lapatsa KD80:6','Lapatsa KD80:6',
'Lapatsa KD80:6',#13898,#13936,'Lapatsa KD80:6');
#428=NEXT_ASSEMBLY_USAGE_OCCURRENCE('KD80x4:4','KD80x4:4','KD80x4:4',#13898,
#13931,'KD80x4:4');
#429=NEXT_ASSEMBLY_USAGE_OCCURRENCE('Lapatsa KD80:8','Lapatsa KD80:8',
'Lapatsa KD80:8',#13898,#13936,'Lapatsa KD80:8');
#430=NEXT_ASSEMBLY_USAGE_OCCURRENCE('Lapatsa KD80 Panw:2',
'Lapatsa KD80 Panw:2','Lapatsa KD80 Panw:2',#13898,#13937,
'Lapatsa KD80 Panw:2');
#431=NEXT_ASSEMBLY_USAGE_OCCURRENCE('Lapatsa KD80 Panw:3',
'Lapatsa KD80 Panw:3','Lapatsa KD80 Panw:3',#13898,#13937,
'Lapatsa KD80 Panw:3');
#432=NEXT_ASSEMBLY_USAGE_OCCURRENCE('Lapatsa KD80 Panw:4',
'Lapatsa KD80 Panw:4','Lapatsa KD80 Panw:4',#13898,#13937,
'Lapatsa KD80 Panw:4');
#433=NEXT_ASSEMBLY_USAGE_OCCURRENCE('Skalopati FULL:1',
'Skalopati FULL:1','Skalopati FULL:1',#13898,#13938,'Skalopati FULL:1');
#434=NEXT_ASSEMBLY_USAGE_OCCURRENCE('Skalopati FULL:2',
'Skalopati FULL:2','Skalopati FULL:2',#13898,#13938,'Skalopati FULL:2');
#435=NEXT_ASSEMBLY_USAGE_OCCURRENCE('Skalopati FULL:3',
'Skalopati FULL:3','Skalopati FULL:3',#13898,#13938,'Skalopati FULL:3');
#436=NEXT_ASSEMBLY_USAGE_OCCURRENCE('Skalopati FULL:4',
'Skalopati FULL:4','Skalopati FULL:4',#13898,#13938,'Skalopati FULL:4');
#437=NEXT_ASSEMBLY_USAGE_OCCURRENCE('Skalopati FULL:5',
'Skalopati FULL:5','Skalopati FULL:5',#13898,#13938,'Skalopati FULL:5');
#438=NEXT_ASSEMBLY_USAGE_OCCURRENCE('Skalopati FULL:6',
'Skalopati FULL:6','Skalopati FULL:6',#13898,#13938,'Skalopati FULL:6');
#439=NEXT_ASSEMBLY_USAGE_OCCURRENCE('Skalopati FULL:7',
'Skalopati FULL:7','Skalopati FULL:7',#13898,#13938,'Skalopati FULL:7');
#440=NEXT_ASSEMBLY_USAGE_OCCURRENCE('Skalopati FULL:8',
'Skalopati FULL:8','Skalopati FULL:8',#13898,#13938,'Skalopati FULL:8');
#441=NEXT_ASSEMBLY_USAGE_OCCURRENCE('Skalopati FULL:9',
'Skalopati FULL:9','Skalopati FULL:9',#13898,#13938,'Skalopati FULL:9');
#442=NEXT_ASSEMBLY_USAGE_OCCURRENCE('Kampuli Oxygonou \X\D842,2:2',
'Kampuli Oxygonou \X\D842,2:2','Kampuli Oxygonou \X\D842,2:2',#13898,#13941,
'Kampuli Oxygonou \X\D842,2:2');
#443=NEXT_ASSEMBLY_USAGE_OCCURRENCE('Swlina D43 Konti:1',
'Swlina D43 Konti:1','Swlina D43 Konti:1',#13898,#13942,
'Swlina D43 Konti:1');
#444=NEXT_ASSEMBLY_USAGE_OCCURRENCE(
'Kampuli Oxygonou \X\D842,2.ipt OLOKLIRI:1',
'Kampuli Oxygonou \X\D842,2.ipt OLOKLIRI:1',
'Kampuli Oxygonou \X\D842,2.ipt OLOKLIRI:1',#13898,#13962,
'Kampuli Oxygonou \X\D842,2.ipt OLOKLIRI:1');
#445=NEXT_ASSEMBLY_USAGE_OCCURRENCE('Swlina D33 836:1',
'Swlina D33 836:1','Swlina D33 836:1',#13898,#13947,'Swlina D33 836:1');
#446=NEXT_ASSEMBLY_USAGE_OCCURRENCE('Swlina D33 836:2',
'Swlina D33 836:2','Swlina D33 836:2',#13898,#13947,'Swlina D33 836:2');
#447=NEXT_ASSEMBLY_USAGE_OCCURRENCE('Gradelada:1','Gradelada:1',
'Gradelada:1',#13898,#13952,'Gradelada:1');
#448=NEXT_ASSEMBLY_USAGE_OCCURRENCE(
'Kampuli Oxygonou \X\D842,2.ipt OLOKLIRI:2',
'Kampuli Oxygonou \X\D842,2.ipt OLOKLIRI:2',
'Kampuli Oxygonou \X\D842,2.ipt OLOKLIRI:2',#13898,#13962,
'Kampuli Oxygonou \X\D842,2.ipt OLOKLIRI:2');
#449=NEXT_ASSEMBLY_USAGE_OCCURRENCE('NEW KAGKELO FALTSO DEXI 5mm_MIR:1',
'NEW KAGKELO FALTSO DEXI 5mm_MIR:1','NEW KAGKELO FALTSO DEXI 5mm_MIR:1',
#13898,#13953,'NEW KAGKELO FALTSO DEXI 5mm_MIR:1');
#450=NEXT_ASSEMBLY_USAGE_OCCURRENCE('LAPATSA KAGKELO 55mm_MIR:1',
'LAPATSA KAGKELO 55mm_MIR:1','LAPATSA KAGKELO 55mm_MIR:1',#13898,#13955,
'LAPATSA KAGKELO 55mm_MIR:1');
#451=NEXT_ASSEMBLY_USAGE_OCCURRENCE(
'NEW KAGKELO FALTSO DEXI TYFLO 5mm_MIR:1',
'NEW KAGKELO FALTSO DEXI TYFLO 5mm_MIR:1',
'NEW KAGKELO FALTSO DEXI TYFLO 5mm_MIR:1',#13898,#13954,
'NEW KAGKELO FALTSO DEXI TYFLO 5mm_MIR:1');
#452=NEXT_ASSEMBLY_USAGE_OCCURRENCE(
'NEW KAGKELO FALTSO DEXI TYFLO 5mm_MIR:2',
'NEW KAGKELO FALTSO DEXI TYFLO 5mm_MIR:2',
'NEW KAGKELO FALTSO DEXI TYFLO 5mm_MIR:2',#13898,#13954,
'NEW KAGKELO FALTSO DEXI TYFLO 5mm_MIR:2');
#453=NEXT_ASSEMBLY_USAGE_OCCURRENCE('LAPATSA KAGKELO 55mm_MIR:2',
'LAPATSA KAGKELO 55mm_MIR:2','LAPATSA KAGKELO 55mm_MIR:2',#13898,#13955,
'LAPATSA KAGKELO 55mm_MIR:2');
#454=NEXT_ASSEMBLY_USAGE_OCCURRENCE('LAPATSA KAGKELO 55mm_MIR:3',
'LAPATSA KAGKELO 55mm_MIR:3','LAPATSA KAGKELO 55mm_MIR:3',#13898,#13955,
'LAPATSA KAGKELO 55mm_MIR:3');
#455=NEXT_ASSEMBLY_USAGE_OCCURRENCE(
'Kampuli Oxygonou \X\D842,2.ipt OLOKLIRI_MIR:1',
'Kampuli Oxygonou \X\D842,2.ipt OLOKLIRI_MIR:1',
'Kampuli Oxygonou \X\D842,2.ipt OLOKLIRI_MIR:1',#13898,#13956,
'Kampuli Oxygonou \X\D842,2.ipt OLOKLIRI_MIR:1');
#456=NEXT_ASSEMBLY_USAGE_OCCURRENCE('Swlina D43 Makria 2:1',
'Swlina D43 Makria 2:1','Swlina D43 Makria 2:1',#13898,#13957,
'Swlina D43 Makria 2:1');
#457=NEXT_ASSEMBLY_USAGE_OCCURRENCE(
'Kampuli Oxygonou \X\D842,2.ipt OLOKLIRI:3',
'Kampuli Oxygonou \X\D842,2.ipt OLOKLIRI:3',
'Kampuli Oxygonou \X\D842,2.ipt OLOKLIRI:3',#13898,#13962,
'Kampuli Oxygonou \X\D842,2.ipt OLOKLIRI:3');
#458=NEXT_ASSEMBLY_USAGE_OCCURRENCE('Swlina D33:3','Swlina D33:3',
'Swlina D33:3',#13898,#13963,'Swlina D33:3');
#459=NEXT_ASSEMBLY_USAGE_OCCURRENCE('Swlina D33:4','Swlina D33:4',
'Swlina D33:4',#13898,#13963,'Swlina D33:4');
#460=NEXT_ASSEMBLY_USAGE_OCCURRENCE('Gwnia Aristeri:1',
'Gwnia Aristeri:1','Gwnia Aristeri:1',#13898,#13968,'Gwnia Aristeri:1');
#461=SHAPE_REPRESENTATION_RELATIONSHIP('SRR','None',#13827,#492);
#462=SHAPE_REPRESENTATION_RELATIONSHIP('SRR','None',#13828,#493);
#463=SHAPE_REPRESENTATION_RELATIONSHIP('SRR','None',#13833,#494);
#464=SHAPE_REPRESENTATION_RELATIONSHIP('SRR','None',#13834,#495);
#465=SHAPE_REPRESENTATION_RELATIONSHIP('SRR','None',#13835,#496);
#466=SHAPE_REPRESENTATION_RELATIONSHIP('SRR','None',#13836,#497);
#467=SHAPE_REPRESENTATION_RELATIONSHIP('SRR','None',#13837,#498);
#468=SHAPE_REPRESENTATION_RELATIONSHIP('SRR','None',#13842,#499);
#469=SHAPE_REPRESENTATION_RELATIONSHIP('SRR','None',#13842,#29);
#470=SHAPE_REPRESENTATION_RELATIONSHIP('SRR','None',#13843,#500);
#471=SHAPE_REPRESENTATION_RELATIONSHIP('SRR','None',#13848,#501);
#472=SHAPE_REPRESENTATION_RELATIONSHIP('SRR','None',#13853,#502);
#473=SHAPE_REPRESENTATION_RELATIONSHIP('SRR','None',#13854,#503);
#474=SHAPE_REPRESENTATION_RELATIONSHIP('SRR','None',#13859,#504);
#475=SHAPE_REPRESENTATION_RELATIONSHIP('SRR','None',#13860,#505);
#476=SHAPE_REPRESENTATION_RELATIONSHIP('SRR','None',#13861,#506);
#477=SHAPE_REPRESENTATION_RELATIONSHIP('SRR','None',#13863,#507);
#478=SHAPE_REPRESENTATION_RELATIONSHIP('SRR','None',#13864,#508);
#479=SHAPE_REPRESENTATION_RELATIONSHIP('SRR','None',#13865,#509);
#480=SHAPE_REPRESENTATION_RELATIONSHIP('SRR','None',#13867,#30);
#481=SHAPE_REPRESENTATION_RELATIONSHIP('SRR','None',#13870,#510);
#482=SHAPE_REPRESENTATION_RELATIONSHIP('SRR','None',#13875,#511);
#483=SHAPE_REPRESENTATION_RELATIONSHIP('SRR','None',#13876,#512);
#484=SHAPE_REPRESENTATION_RELATIONSHIP('SRR','None',#13877,#513);
#485=SHAPE_REPRESENTATION_RELATIONSHIP('SRR','None',#13878,#514);
#486=SHAPE_REPRESENTATION_RELATIONSHIP('SRR','None',#13879,#515);
#487=SHAPE_REPRESENTATION_RELATIONSHIP('SRR','None',#13880,#516);
#488=SHAPE_REPRESENTATION_RELATIONSHIP('SRR','None',#13885,#517);
#489=SHAPE_REPRESENTATION_RELATIONSHIP('SRR','None',#13886,#518);
#490=SHAPE_REPRESENTATION_RELATIONSHIP('SRR','None',#13891,#519);
#491=SHAPE_REPRESENTATION_RELATIONSHIP('SRR','None',#13896,#520);
#492=ADVANCED_BREP_SHAPE_REPRESENTATION('',(#521),#13490);
#493=ADVANCED_BREP_SHAPE_REPRESENTATION('',(#522),#13491);
#494=ADVANCED_BREP_SHAPE_REPRESENTATION('',(#523),#13496);
#495=ADVANCED_BREP_SHAPE_REPRESENTATION('',(#524),#13497);
#496=ADVANCED_BREP_SHAPE_REPRESENTATION('',(#525),#13498);
#497=ADVANCED_BREP_SHAPE_REPRESENTATION('',(#526),#13499);
#498=ADVANCED_BREP_SHAPE_REPRESENTATION('',(#527),#13500);
#499=ADVANCED_BREP_SHAPE_REPRESENTATION('',(#528),#13505);
#500=ADVANCED_BREP_SHAPE_REPRESENTATION('',(#529),#13506);
#501=ADVANCED_BREP_SHAPE_REPRESENTATION('',(#530),#13511);
#502=ADVANCED_BREP_SHAPE_REPRESENTATION('',(#531),#13516);
#503=ADVANCED_BREP_SHAPE_REPRESENTATION('',(#532),#13517);
#504=ADVANCED_BREP_SHAPE_REPRESENTATION('',(#533),#13522);
#505=ADVANCED_BREP_SHAPE_REPRESENTATION('',(#534),#13523);
#506=ADVANCED_BREP_SHAPE_REPRESENTATION('',(#535),#13524);
#507=ADVANCED_BREP_SHAPE_REPRESENTATION('',(#536),#13526);
#508=ADVANCED_BREP_SHAPE_REPRESENTATION('',(#537),#13527);
#509=ADVANCED_BREP_SHAPE_REPRESENTATION('',(#538),#13528);
#510=ADVANCED_BREP_SHAPE_REPRESENTATION('',(#539),#13533);
#511=ADVANCED_BREP_SHAPE_REPRESENTATION('',(#540),#13538);
#512=ADVANCED_BREP_SHAPE_REPRESENTATION('',(#541),#13539);
#513=ADVANCED_BREP_SHAPE_REPRESENTATION('',(#542),#13540);
#514=ADVANCED_BREP_SHAPE_REPRESENTATION('',(#543),#13541);
#515=ADVANCED_BREP_SHAPE_REPRESENTATION('',(#544),#13542);
#516=ADVANCED_BREP_SHAPE_REPRESENTATION('',(#545),#13543);
#517=ADVANCED_BREP_SHAPE_REPRESENTATION('',(#546),#13548);
#518=ADVANCED_BREP_SHAPE_REPRESENTATION('',(#547),#13549);
#519=ADVANCED_BREP_SHAPE_REPRESENTATION('',(#548),#13554);
#520=ADVANCED_BREP_SHAPE_REPRESENTATION('',(#549),#13559);
#521=MANIFOLD_SOLID_BREP('Solid2',#7067);
#522=MANIFOLD_SOLID_BREP('Solid2',#7068);
#523=MANIFOLD_SOLID_BREP('Solid1',#7069);
#524=MANIFOLD_SOLID_BREP('Solid1',#7070);
#525=MANIFOLD_SOLID_BREP('Solid1',#7071);
#526=MANIFOLD_SOLID_BREP('Solid1',#7072);
#527=MANIFOLD_SOLID_BREP('Solid1',#7073);
#528=MANIFOLD_SOLID_BREP('Solid1',#7074);
#529=MANIFOLD_SOLID_BREP('Solid1',#7075);
#530=MANIFOLD_SOLID_BREP('Solid1',#7076);
#531=MANIFOLD_SOLID_BREP('Solid1',#7077);
#532=MANIFOLD_SOLID_BREP('Solid1',#7078);
#533=MANIFOLD_SOLID_BREP('Solid1',#7079);
#534=MANIFOLD_SOLID_BREP('Solid1',#7080);
#535=MANIFOLD_SOLID_BREP('Solid1',#7081);
#536=MANIFOLD_SOLID_BREP('Solid1',#7082);
#537=MANIFOLD_SOLID_BREP('Solid1',#7083);
#538=MANIFOLD_SOLID_BREP('Solid1',#7084);
#539=MANIFOLD_SOLID_BREP('Solid1',#7085);
#540=MANIFOLD_SOLID_BREP('Solid1',#7086);
#541=MANIFOLD_SOLID_BREP('Solid1',#7087);
#542=MANIFOLD_SOLID_BREP('Solid1',#7088);
#543=MANIFOLD_SOLID_BREP('Solid1',#7089);
#544=MANIFOLD_SOLID_BREP('Solid1',#7090);
#545=MANIFOLD_SOLID_BREP('Solid1',#7091);
#546=MANIFOLD_SOLID_BREP('Solid1',#7092);
#547=MANIFOLD_SOLID_BREP('Solid1',#7093);
#548=MANIFOLD_SOLID_BREP('Solid1',#7094);
#549=MANIFOLD_SOLID_BREP('Solid1',#7095);
#550=FACE_BOUND('',#1390,.T.);
#551=FACE_BOUND('',#1391,.T.);
#552=FACE_BOUND('',#1392,.T.);
#553=FACE_BOUND('',#1393,.T.);
#554=FACE_BOUND('',#1397,.T.);
#555=FACE_BOUND('',#1398,.T.);
#556=FACE_BOUND('',#1399,.T.);
#557=FACE_BOUND('',#1400,.T.);
#558=FACE_BOUND('',#1452,.T.);
#559=FACE_BOUND('',#1453,.T.);
#560=FACE_BOUND('',#1459,.T.);
#561=FACE_BOUND('',#1460,.T.);
#562=FACE_BOUND('',#1493,.T.);
#563=FACE_BOUND('',#1494,.T.);
#564=FACE_BOUND('',#1502,.T.);
#565=FACE_BOUND('',#1503,.T.);
#566=FACE_BOUND('',#1507,.T.);
#567=FACE_BOUND('',#1508,.T.);
#568=FACE_BOUND('',#1518,.T.);
#569=FACE_BOUND('',#1519,.T.);
#570=FACE_BOUND('',#1523,.T.);
#571=FACE_BOUND('',#1525,.T.);
#572=FACE_BOUND('',#1553,.T.);
#573=FACE_BOUND('',#1554,.T.);
#574=FACE_BOUND('',#1555,.T.);
#575=FACE_BOUND('',#1556,.T.);
#576=FACE_BOUND('',#1560,.T.);
#577=FACE_BOUND('',#1561,.T.);
#578=FACE_BOUND('',#1562,.T.);
#579=FACE_BOUND('',#1563,.T.);
#580=FACE_BOUND('',#1566,.T.);
#581=FACE_BOUND('',#1567,.T.);
#582=FACE_BOUND('',#1568,.T.);
#583=FACE_BOUND('',#1569,.T.);
#584=FACE_BOUND('',#1573,.T.);
#585=FACE_BOUND('',#1574,.T.);
#586=FACE_BOUND('',#1575,.T.);
#587=FACE_BOUND('',#1576,.T.);
#588=FACE_BOUND('',#1607,.T.);
#589=FACE_BOUND('',#1608,.T.);
#590=FACE_BOUND('',#1609,.T.);
#591=FACE_BOUND('',#1610,.T.);
#592=FACE_BOUND('',#1613,.T.);
#593=FACE_BOUND('',#1614,.T.);
#594=FACE_BOUND('',#1615,.T.);
#595=FACE_BOUND('',#1616,.T.);
#596=FACE_BOUND('',#1617,.T.);
#597=FACE_BOUND('',#1618,.T.);
#598=FACE_BOUND('',#1619,.T.);
#599=FACE_BOUND('',#1620,.T.);
#600=FACE_BOUND('',#1621,.T.);
#601=FACE_BOUND('',#1622,.T.);
#602=FACE_BOUND('',#1623,.T.);
#603=FACE_BOUND('',#1624,.T.);
#604=FACE_BOUND('',#1625,.T.);
#605=FACE_BOUND('',#1626,.T.);
#606=FACE_BOUND('',#1627,.T.);
#607=FACE_BOUND('',#1628,.T.);
#608=FACE_BOUND('',#1629,.T.);
#609=FACE_BOUND('',#1630,.T.);
#610=FACE_BOUND('',#1637,.T.);
#611=FACE_BOUND('',#1638,.T.);
#612=FACE_BOUND('',#1639,.T.);
#613=FACE_BOUND('',#1640,.T.);
#614=FACE_BOUND('',#1641,.T.);
#615=FACE_BOUND('',#1642,.T.);
#616=FACE_BOUND('',#1643,.T.);
#617=FACE_BOUND('',#1644,.T.);
#618=FACE_BOUND('',#1645,.T.);
#619=FACE_BOUND('',#1646,.T.);
#620=FACE_BOUND('',#1647,.T.);
#621=FACE_BOUND('',#1648,.T.);
#622=FACE_BOUND('',#1649,.T.);
#623=FACE_BOUND('',#1650,.T.);
#624=FACE_BOUND('',#1651,.T.);
#625=FACE_BOUND('',#1652,.T.);
#626=FACE_BOUND('',#1653,.T.);
#627=FACE_BOUND('',#1654,.T.);
#628=FACE_BOUND('',#1656,.T.);
#629=FACE_BOUND('',#1657,.T.);
#630=FACE_BOUND('',#1658,.T.);
#631=FACE_BOUND('',#1659,.T.);
#632=FACE_BOUND('',#1667,.T.);
#633=FACE_BOUND('',#1668,.T.);
#634=FACE_BOUND('',#1670,.T.);
#635=FACE_BOUND('',#1671,.T.);
#636=FACE_BOUND('',#1689,.T.);
#637=FACE_BOUND('',#1691,.T.);
#638=FACE_BOUND('',#1695,.T.);
#639=FACE_BOUND('',#1696,.T.);
#640=FACE_BOUND('',#1697,.T.);
#641=FACE_BOUND('',#1698,.T.);
#642=FACE_BOUND('',#1710,.T.);
#643=FACE_BOUND('',#1711,.T.);
#644=FACE_BOUND('',#1712,.T.);
#645=FACE_BOUND('',#1713,.T.);
#646=FACE_BOUND('',#1717,.T.);
#647=FACE_BOUND('',#1718,.T.);
#648=FACE_BOUND('',#1734,.T.);
#649=FACE_BOUND('',#1735,.T.);
#650=FACE_BOUND('',#1753,.T.);
#651=FACE_BOUND('',#1754,.T.);
#652=FACE_BOUND('',#1756,.T.);
#653=FACE_BOUND('',#1757,.T.);
#654=FACE_BOUND('',#1759,.T.);
#655=FACE_BOUND('',#1761,.T.);
#656=FACE_BOUND('',#1767,.T.);
#657=FACE_BOUND('',#1769,.T.);
#658=FACE_BOUND('',#1773,.T.);
#659=FACE_BOUND('',#1775,.T.);
#660=FACE_BOUND('',#1796,.T.);
#661=FACE_BOUND('',#1797,.T.);
#662=FACE_BOUND('',#1803,.T.);
#663=FACE_BOUND('',#1804,.T.);
#664=FACE_BOUND('',#1829,.T.);
#665=FACE_BOUND('',#1830,.T.);
#666=FACE_BOUND('',#1840,.T.);
#667=FACE_BOUND('',#1841,.T.);
#668=FACE_BOUND('',#1845,.T.);
#669=FACE_BOUND('',#1847,.T.);
#670=FACE_BOUND('',#1851,.T.);
#671=FACE_BOUND('',#1853,.T.);
#672=FACE_BOUND('',#1857,.T.);
#673=FACE_BOUND('',#1859,.T.);
#674=FACE_BOUND('',#1861,.T.);
#675=FACE_BOUND('',#1863,.T.);
#676=PLANE('',#8056);
#677=PLANE('',#8061);
#678=PLANE('',#8062);
#679=PLANE('',#8065);
#680=PLANE('',#8068);
#681=PLANE('',#8071);
#682=PLANE('',#8074);
#683=PLANE('',#8075);
#684=PLANE('',#8076);
#685=PLANE('',#8077);
#686=PLANE('',#8079);
#687=PLANE('',#8086);
#688=PLANE('',#8089);
#689=PLANE('',#8092);
#690=PLANE('',#8093);
#691=PLANE('',#8095);
#692=PLANE('',#8096);
#693=PLANE('',#8098);
#694=PLANE('',#8099);
#695=PLANE('',#8100);
#696=PLANE('',#8113);
#697=PLANE('',#8117);
#698=PLANE('',#8118);
#699=PLANE('',#8119);
#700=PLANE('',#8120);
#701=PLANE('',#8121);
#702=PLANE('',#8125);
#703=PLANE('',#8129);
#704=PLANE('',#8130);
#705=PLANE('',#8131);
#706=PLANE('',#8140);
#707=PLANE('',#8144);
#708=PLANE('',#8145);
#709=PLANE('',#8149);
#710=PLANE('',#8153);
#711=PLANE('',#8156);
#712=PLANE('',#8161);
#713=PLANE('',#8162);
#714=PLANE('',#8164);
#715=PLANE('',#8165);
#716=PLANE('',#8168);
#717=PLANE('',#8169);
#718=PLANE('',#8170);
#719=PLANE('',#8171);
#720=PLANE('',#8172);
#721=PLANE('',#8173);
#722=PLANE('',#8174);
#723=PLANE('',#8176);
#724=PLANE('',#8179);
#725=PLANE('',#8184);
#726=PLANE('',#8185);
#727=PLANE('',#8187);
#728=PLANE('',#8188);
#729=PLANE('',#8191);
#730=PLANE('',#8192);
#731=PLANE('',#8193);
#732=PLANE('',#8194);
#733=PLANE('',#8195);
#734=PLANE('',#8196);
#735=PLANE('',#8197);
#736=PLANE('',#8202);
#737=PLANE('',#8203);
#738=PLANE('',#8204);
#739=PLANE('',#8206);
#740=PLANE('',#8208);
#741=PLANE('',#8209);
#742=PLANE('',#8210);
#743=PLANE('',#8212);
#744=PLANE('',#8213);
#745=PLANE('',#8221);
#746=PLANE('',#8222);
#747=PLANE('',#8223);
#748=PLANE('',#8226);
#749=PLANE('',#8231);
#750=PLANE('',#8232);
#751=PLANE('',#8240);
#752=PLANE('',#8243);
#753=PLANE('',#8250);
#754=PLANE('',#8251);
#755=PLANE('',#8263);
#756=PLANE('',#8264);
#757=PLANE('',#8273);
#758=PLANE('',#8274);
#759=PLANE('',#8275);
#760=PLANE('',#8277);
#761=PLANE('',#8279);
#762=PLANE('',#8280);
#763=PLANE('',#8281);
#764=PLANE('',#8283);
#765=PLANE('',#8284);
#766=PLANE('',#8286);
#767=PLANE('',#8287);
#768=PLANE('',#8288);
#769=PLANE('',#8291);
#770=PLANE('',#8321);
#771=PLANE('',#8326);
#772=PLANE('',#8327);
#773=PLANE('',#8328);
#774=PLANE('',#8331);
#775=PLANE('',#8334);
#776=PLANE('',#8335);
#777=PLANE('',#8338);
#778=PLANE('',#8341);
#779=PLANE('',#8342);
#780=PLANE('',#8418);
#781=PLANE('',#8423);
#782=PLANE('',#8428);
#783=PLANE('',#8430);
#784=PLANE('',#8432);
#785=PLANE('',#8434);
#786=PLANE('',#8436);
#787=PLANE('',#8437);
#788=PLANE('',#8438);
#789=PLANE('',#8439);
#790=PLANE('',#8451);
#791=PLANE('',#8452);
#792=PLANE('',#8453);
#793=PLANE('',#8454);
#794=PLANE('',#8455);
#795=PLANE('',#8456);
#796=PLANE('',#8462);
#797=PLANE('',#8466);
#798=PLANE('',#8470);
#799=PLANE('',#8474);
#800=PLANE('',#8478);
#801=PLANE('',#8482);
#802=PLANE('',#8486);
#803=PLANE('',#8490);
#804=PLANE('',#8494);
#805=PLANE('',#8495);
#806=PLANE('',#8504);
#807=PLANE('',#8505);
#808=PLANE('',#8515);
#809=PLANE('',#8518);
#810=PLANE('',#8529);
#811=PLANE('',#8530);
#812=PLANE('',#8535);
#813=PLANE('',#8536);
#814=PLANE('',#8546);
#815=PLANE('',#8549);
#816=PLANE('',#8552);
#817=PLANE('',#8555);
#818=PLANE('',#8562);
#819=PLANE('',#8563);
#820=PLANE('',#8564);
#821=PLANE('',#8565);
#822=PLANE('',#8568);
#823=PLANE('',#8569);
#824=PLANE('',#8570);
#825=PLANE('',#8571);
#826=PLANE('',#8572);
#827=PLANE('',#8573);
#828=PLANE('',#8578);
#829=PLANE('',#8582);
#830=PLANE('',#8586);
#831=PLANE('',#8587);
#832=PLANE('',#8588);
#833=PLANE('',#8589);
#834=PLANE('',#8590);
#835=PLANE('',#8591);
#836=PLANE('',#8592);
#837=PLANE('',#8597);
#838=PLANE('',#8598);
#839=PLANE('',#8614);
#840=PLANE('',#8615);
#841=PLANE('',#8631);
#842=PLANE('',#8632);
#843=PLANE('',#8638);
#844=PLANE('',#8639);
#845=PLANE('',#8640);
#846=PLANE('',#8641);
#847=PLANE('',#8642);
#848=PLANE('',#8643);
#849=PLANE('',#8648);
#850=PLANE('',#8652);
#851=PLANE('',#8653);
#852=PLANE('',#8657);
#853=PLANE('',#8661);
#854=PLANE('',#8664);
#855=PLANE('',#8669);
#856=PLANE('',#8670);
#857=PLANE('',#8672);
#858=PLANE('',#8673);
#859=PLANE('',#8676);
#860=PLANE('',#8677);
#861=PLANE('',#8678);
#862=PLANE('',#8679);
#863=PLANE('',#8680);
#864=PLANE('',#8681);
#865=PLANE('',#8682);
#866=PLANE('',#8684);
#867=PLANE('',#8687);
#868=PLANE('',#8692);
#869=PLANE('',#8693);
#870=PLANE('',#8695);
#871=PLANE('',#8696);
#872=PLANE('',#8699);
#873=PLANE('',#8700);
#874=PLANE('',#8701);
#875=PLANE('',#8702);
#876=PLANE('',#8703);
#877=PLANE('',#8704);
#878=PLANE('',#8705);
#879=PLANE('',#8710);
#880=PLANE('',#8711);
#881=PLANE('',#8719);
#882=PLANE('',#8722);
#883=PLANE('',#8729);
#884=PLANE('',#8730);
#885=PLANE('',#8740);
#886=PLANE('',#8741);
#887=PLANE('',#8753);
#888=PLANE('',#8754);
#889=PLANE('',#8768);
#890=PLANE('',#8769);
#891=PLANE('',#8775);
#892=PLANE('',#8778);
#893=PLANE('',#8792);
#894=PLANE('',#8796);
#895=PLANE('',#8799);
#896=PLANE('',#8802);
#897=PLANE('',#8803);
#898=PLANE('',#8804);
#899=PLANE('',#8805);
#900=PLANE('',#8808);
#901=STYLED_ITEM('',(#14202),#6704);
#902=STYLED_ITEM('',(#14202),#6705);
#903=STYLED_ITEM('',(#14202),#6706);
#904=STYLED_ITEM('',(#14202),#6707);
#905=STYLED_ITEM('',(#14202),#6708);
#906=STYLED_ITEM('',(#14202),#6709);
#907=STYLED_ITEM('',(#14202),#6710);
#908=STYLED_ITEM('',(#14202),#6711);
#909=STYLED_ITEM('',(#14202),#6712);
#910=STYLED_ITEM('',(#14202),#6713);
#911=STYLED_ITEM('',(#14202),#6714);
#912=STYLED_ITEM('',(#14202),#6715);
#913=STYLED_ITEM('',(#14202),#6716);
#914=STYLED_ITEM('',(#14202),#6717);
#915=STYLED_ITEM('',(#14204),#521);
#916=STYLED_ITEM('',(#14202),#6718);
#917=STYLED_ITEM('',(#14202),#6719);
#918=STYLED_ITEM('',(#14202),#6720);
#919=STYLED_ITEM('',(#14202),#6721);
#920=STYLED_ITEM('',(#14202),#6722);
#921=STYLED_ITEM('',(#14202),#6723);
#922=STYLED_ITEM('',(#14202),#6724);
#923=STYLED_ITEM('',(#14202),#6725);
#924=STYLED_ITEM('',(#14202),#6726);
#925=STYLED_ITEM('',(#14202),#6727);
#926=STYLED_ITEM('',(#14202),#6728);
#927=STYLED_ITEM('',(#14202),#6729);
#928=STYLED_ITEM('',(#14202),#6730);
#929=STYLED_ITEM('',(#14202),#6731);
#930=STYLED_ITEM('',(#14204),#522);
#931=STYLED_ITEM('',(#14202),#523);
#932=STYLED_ITEM('',(#14202),#524);
#933=STYLED_ITEM('',(#14202),#525);
#934=STYLED_ITEM('',(#14202),#526);
#935=STYLED_ITEM('',(#14202),#527);
#936=STYLED_ITEM('',(#14202),#528);
#937=STYLED_ITEM('',(#14202),#529);
#938=STYLED_ITEM('',(#14202),#530);
#939=STYLED_ITEM('',(#14202),#531);
#940=STYLED_ITEM('',(#14202),#532);
#941=STYLED_ITEM('',(#14202),#533);
#942=STYLED_ITEM('',(#14202),#534);
#943=STYLED_ITEM('',(#14202),#535);
#944=STYLED_ITEM('',(#14202),#536);
#945=STYLED_ITEM('',(#14202),#537);
#946=STYLED_ITEM('',(#14202),#538);
#947=STYLED_ITEM('',(#14203),#14);
#948=STYLED_ITEM('',(#14202),#539);
#949=STYLED_ITEM('',(#14202),#540);
#950=STYLED_ITEM('',(#14201),#6986);
#951=STYLED_ITEM('',(#14202),#541);
#952=STYLED_ITEM('',(#14202),#6988);
#953=STYLED_ITEM('',(#14202),#6989);
#954=STYLED_ITEM('',(#14202),#6990);
#955=STYLED_ITEM('',(#14202),#6991);
#956=STYLED_ITEM('',(#14202),#6992);
#957=STYLED_ITEM('',(#14202),#6993);
#958=STYLED_ITEM('',(#14202),#6994);
#959=STYLED_ITEM('',(#14202),#6995);
#960=STYLED_ITEM('',(#14202),#6996);
#961=STYLED_ITEM('',(#14202),#6997);
#962=STYLED_ITEM('',(#14202),#6998);
#963=STYLED_ITEM('',(#14202),#6999);
#964=STYLED_ITEM('',(#14202),#7000);
#965=STYLED_ITEM('',(#14202),#7001);
#966=STYLED_ITEM('',(#14202),#7002);
#967=STYLED_ITEM('',(#14202),#7003);
#968=STYLED_ITEM('',(#14202),#7004);
#969=STYLED_ITEM('',(#14202),#7005);
#970=STYLED_ITEM('',(#14202),#7006);
#971=STYLED_ITEM('',(#14202),#7007);
#972=STYLED_ITEM('',(#14202),#7008);
#973=STYLED_ITEM('',(#14202),#7009);
#974=STYLED_ITEM('',(#14202),#7010);
#975=STYLED_ITEM('',(#14202),#7011);
#976=STYLED_ITEM('',(#14202),#542);
#977=STYLED_ITEM('',(#14202),#7012);
#978=STYLED_ITEM('',(#14202),#7013);
#979=STYLED_ITEM('',(#14202),#7014);
#980=STYLED_ITEM('',(#14202),#7015);
#981=STYLED_ITEM('',(#14202),#7016);
#982=STYLED_ITEM('',(#14202),#7017);
#983=STYLED_ITEM('',(#14202),#7018);
#984=STYLED_ITEM('',(#14202),#7019);
#985=STYLED_ITEM('',(#14202),#7020);
#986=STYLED_ITEM('',(#14202),#7021);
#987=STYLED_ITEM('',(#14202),#7022);
#988=STYLED_ITEM('',(#14202),#7023);
#989=STYLED_ITEM('',(#14202),#7024);
#990=STYLED_ITEM('',(#14202),#7025);
#991=STYLED_ITEM('',(#14202),#7026);
#992=STYLED_ITEM('',(#14202),#7027);
#993=STYLED_ITEM('',(#14202),#543);
#994=STYLED_ITEM('',(#14202),#7028);
#995=STYLED_ITEM('',(#14202),#7029);
#996=STYLED_ITEM('',(#14202),#7030);
#997=STYLED_ITEM('',(#14202),#7031);
#998=STYLED_ITEM('',(#14202),#7032);
#999=STYLED_ITEM('',(#14202),#7033);
#1000=STYLED_ITEM('',(#14202),#7034);
#1001=STYLED_ITEM('',(#14202),#7035);
#1002=STYLED_ITEM('',(#14202),#7036);
#1003=STYLED_ITEM('',(#14202),#7037);
#1004=STYLED_ITEM('',(#14202),#7038);
#1005=STYLED_ITEM('',(#14202),#7039);
#1006=STYLED_ITEM('',(#14202),#544);
#1007=STYLED_ITEM('',(#14202),#7040);
#1008=STYLED_ITEM('',(#14202),#7041);
#1009=STYLED_ITEM('',(#14202),#7042);
#1010=STYLED_ITEM('',(#14202),#7043);
#1011=STYLED_ITEM('',(#14202),#545);
#1012=STYLED_ITEM('',(#14202),#546);
#1013=STYLED_ITEM('',(#14202),#547);
#1014=STYLED_ITEM('',(#14202),#548);
#1015=STYLED_ITEM('',(#14202),#549);
#1016=STYLED_ITEM('',(#14206),#12);
#1017=FACE_OUTER_BOUND('',#1384,.T.);
#1018=FACE_OUTER_BOUND('',#1385,.T.);
#1019=FACE_OUTER_BOUND('',#1386,.T.);
#1020=FACE_OUTER_BOUND('',#1387,.T.);
#1021=FACE_OUTER_BOUND('',#1388,.T.);
#1022=FACE_OUTER_BOUND('',#1389,.T.);
#1023=FACE_OUTER_BOUND('',#1394,.T.);
#1024=FACE_OUTER_BOUND('',#1395,.T.);
#1025=FACE_OUTER_BOUND('',#1396,.T.);
#1026=FACE_OUTER_BOUND('',#1401,.T.);
#1027=FACE_OUTER_BOUND('',#1402,.T.);
#1028=FACE_OUTER_BOUND('',#1403,.T.);
#1029=FACE_OUTER_BOUND('',#1404,.T.);
#1030=FACE_OUTER_BOUND('',#1405,.T.);
#1031=FACE_OUTER_BOUND('',#1406,.T.);
#1032=FACE_OUTER_BOUND('',#1407,.T.);
#1033=FACE_OUTER_BOUND('',#1408,.T.);
#1034=FACE_OUTER_BOUND('',#1409,.T.);
#1035=FACE_OUTER_BOUND('',#1410,.T.);
#1036=FACE_OUTER_BOUND('',#1411,.T.);
#1037=FACE_OUTER_BOUND('',#1412,.T.);
#1038=FACE_OUTER_BOUND('',#1413,.T.);
#1039=FACE_OUTER_BOUND('',#1414,.T.);
#1040=FACE_OUTER_BOUND('',#1415,.T.);
#1041=FACE_OUTER_BOUND('',#1416,.T.);
#1042=FACE_OUTER_BOUND('',#1417,.T.);
#1043=FACE_OUTER_BOUND('',#1418,.T.);
#1044=FACE_OUTER_BOUND('',#1419,.T.);
#1045=FACE_OUTER_BOUND('',#1420,.T.);
#1046=FACE_OUTER_BOUND('',#1421,.T.);
#1047=FACE_OUTER_BOUND('',#1422,.T.);
#1048=FACE_OUTER_BOUND('',#1423,.T.);
#1049=FACE_OUTER_BOUND('',#1424,.T.);
#1050=FACE_OUTER_BOUND('',#1425,.T.);
#1051=FACE_OUTER_BOUND('',#1426,.T.);
#1052=FACE_OUTER_BOUND('',#1427,.T.);
#1053=FACE_OUTER_BOUND('',#1428,.T.);
#1054=FACE_OUTER_BOUND('',#1429,.T.);
#1055=FACE_OUTER_BOUND('',#1430,.T.);
#1056=FACE_OUTER_BOUND('',#1431,.T.);
#1057=FACE_OUTER_BOUND('',#1432,.T.);
#1058=FACE_OUTER_BOUND('',#1433,.T.);
#1059=FACE_OUTER_BOUND('',#1434,.T.);
#1060=FACE_OUTER_BOUND('',#1435,.T.);
#1061=FACE_OUTER_BOUND('',#1436,.T.);
#1062=FACE_OUTER_BOUND('',#1437,.T.);
#1063=FACE_OUTER_BOUND('',#1438,.T.);
#1064=FACE_OUTER_BOUND('',#1439,.T.);
#1065=FACE_OUTER_BOUND('',#1440,.T.);
#1066=FACE_OUTER_BOUND('',#1441,.T.);
#1067=FACE_OUTER_BOUND('',#1442,.T.);
#1068=FACE_OUTER_BOUND('',#1443,.T.);
#1069=FACE_OUTER_BOUND('',#1444,.T.);
#1070=FACE_OUTER_BOUND('',#1445,.T.);
#1071=FACE_OUTER_BOUND('',#1446,.T.);
#1072=FACE_OUTER_BOUND('',#1447,.T.);
#1073=FACE_OUTER_BOUND('',#1448,.T.);
#1074=FACE_OUTER_BOUND('',#1449,.T.);
#1075=FACE_OUTER_BOUND('',#1450,.T.);
#1076=FACE_OUTER_BOUND('',#1451,.T.);
#1077=FACE_OUTER_BOUND('',#1454,.T.);
#1078=FACE_OUTER_BOUND('',#1455,.T.);
#1079=FACE_OUTER_BOUND('',#1456,.T.);
#1080=FACE_OUTER_BOUND('',#1457,.T.);
#1081=FACE_OUTER_BOUND('',#1458,.T.);
#1082=FACE_OUTER_BOUND('',#1461,.T.);
#1083=FACE_OUTER_BOUND('',#1462,.T.);
#1084=FACE_OUTER_BOUND('',#1463,.T.);
#1085=FACE_OUTER_BOUND('',#1464,.T.);
#1086=FACE_OUTER_BOUND('',#1465,.T.);
#1087=FACE_OUTER_BOUND('',#1466,.T.);
#1088=FACE_OUTER_BOUND('',#1467,.T.);
#1089=FACE_OUTER_BOUND('',#1468,.T.);
#1090=FACE_OUTER_BOUND('',#1469,.T.);
#1091=FACE_OUTER_BOUND('',#1470,.T.);
#1092=FACE_OUTER_BOUND('',#1471,.T.);
#1093=FACE_OUTER_BOUND('',#1472,.T.);
#1094=FACE_OUTER_BOUND('',#1473,.T.);
#1095=FACE_OUTER_BOUND('',#1474,.T.);
#1096=FACE_OUTER_BOUND('',#1475,.T.);
#1097=FACE_OUTER_BOUND('',#1476,.T.);
#1098=FACE_OUTER_BOUND('',#1477,.T.);
#1099=FACE_OUTER_BOUND('',#1478,.T.);
#1100=FACE_OUTER_BOUND('',#1479,.T.);
#1101=FACE_OUTER_BOUND('',#1480,.T.);
#1102=FACE_OUTER_BOUND('',#1481,.T.);
#1103=FACE_OUTER_BOUND('',#1482,.T.);
#1104=FACE_OUTER_BOUND('',#1483,.T.);
#1105=FACE_OUTER_BOUND('',#1484,.T.);
#1106=FACE_OUTER_BOUND('',#1485,.T.);
#1107=FACE_OUTER_BOUND('',#1486,.T.);
#1108=FACE_OUTER_BOUND('',#1487,.T.);
#1109=FACE_OUTER_BOUND('',#1488,.T.);
#1110=FACE_OUTER_BOUND('',#1489,.T.);
#1111=FACE_OUTER_BOUND('',#1490,.T.);
#1112=FACE_OUTER_BOUND('',#1491,.T.);
#1113=FACE_OUTER_BOUND('',#1492,.T.);
#1114=FACE_OUTER_BOUND('',#1495,.T.);
#1115=FACE_OUTER_BOUND('',#1496,.T.);
#1116=FACE_OUTER_BOUND('',#1497,.T.);
#1117=FACE_OUTER_BOUND('',#1498,.T.);
#1118=FACE_OUTER_BOUND('',#1499,.T.);
#1119=FACE_OUTER_BOUND('',#1500,.T.);
#1120=FACE_OUTER_BOUND('',#1501,.T.);
#1121=FACE_OUTER_BOUND('',#1504,.T.);
#1122=FACE_OUTER_BOUND('',#1505,.T.);
#1123=FACE_OUTER_BOUND('',#1506,.T.);
#1124=FACE_OUTER_BOUND('',#1509,.T.);
#1125=FACE_OUTER_BOUND('',#1510,.T.);
#1126=FACE_OUTER_BOUND('',#1511,.T.);
#1127=FACE_OUTER_BOUND('',#1512,.T.);
#1128=FACE_OUTER_BOUND('',#1513,.T.);
#1129=FACE_OUTER_BOUND('',#1514,.T.);
#1130=FACE_OUTER_BOUND('',#1515,.T.);
#1131=FACE_OUTER_BOUND('',#1516,.T.);
#1132=FACE_OUTER_BOUND('',#1517,.T.);
#1133=FACE_OUTER_BOUND('',#1520,.T.);
#1134=FACE_OUTER_BOUND('',#1521,.T.);
#1135=FACE_OUTER_BOUND('',#1522,.T.);
#1136=FACE_OUTER_BOUND('',#1524,.T.);
#1137=FACE_OUTER_BOUND('',#1526,.T.);
#1138=FACE_OUTER_BOUND('',#1527,.T.);
#1139=FACE_OUTER_BOUND('',#1528,.T.);
#1140=FACE_OUTER_BOUND('',#1529,.T.);
#1141=FACE_OUTER_BOUND('',#1530,.T.);
#1142=FACE_OUTER_BOUND('',#1531,.T.);
#1143=FACE_OUTER_BOUND('',#1532,.T.);
#1144=FACE_OUTER_BOUND('',#1533,.T.);
#1145=FACE_OUTER_BOUND('',#1534,.T.);
#1146=FACE_OUTER_BOUND('',#1535,.T.);
#1147=FACE_OUTER_BOUND('',#1536,.T.);
#1148=FACE_OUTER_BOUND('',#1537,.T.);
#1149=FACE_OUTER_BOUND('',#1538,.T.);
#1150=FACE_OUTER_BOUND('',#1539,.T.);
#1151=FACE_OUTER_BOUND('',#1540,.T.);
#1152=FACE_OUTER_BOUND('',#1541,.T.);
#1153=FACE_OUTER_BOUND('',#1542,.T.);
#1154=FACE_OUTER_BOUND('',#1543,.T.);
#1155=FACE_OUTER_BOUND('',#1544,.T.);
#1156=FACE_OUTER_BOUND('',#1545,.T.);
#1157=FACE_OUTER_BOUND('',#1546,.T.);
#1158=FACE_OUTER_BOUND('',#1547,.T.);
#1159=FACE_OUTER_BOUND('',#1548,.T.);
#1160=FACE_OUTER_BOUND('',#1549,.T.);
#1161=FACE_OUTER_BOUND('',#1550,.T.);
#1162=FACE_OUTER_BOUND('',#1551,.T.);
#1163=FACE_OUTER_BOUND('',#1552,.T.);
#1164=FACE_OUTER_BOUND('',#1557,.T.);
#1165=FACE_OUTER_BOUND('',#1558,.T.);
#1166=FACE_OUTER_BOUND('',#1559,.T.);
#1167=FACE_OUTER_BOUND('',#1564,.T.);
#1168=FACE_OUTER_BOUND('',#1565,.T.);
#1169=FACE_OUTER_BOUND('',#1570,.T.);
#1170=FACE_OUTER_BOUND('',#1571,.T.);
#1171=FACE_OUTER_BOUND('',#1572,.T.);
#1172=FACE_OUTER_BOUND('',#1577,.T.);
#1173=FACE_OUTER_BOUND('',#1578,.T.);
#1174=FACE_OUTER_BOUND('',#1579,.T.);
#1175=FACE_OUTER_BOUND('',#1580,.T.);
#1176=FACE_OUTER_BOUND('',#1581,.T.);
#1177=FACE_OUTER_BOUND('',#1582,.T.);
#1178=FACE_OUTER_BOUND('',#1583,.T.);
#1179=FACE_OUTER_BOUND('',#1584,.T.);
#1180=FACE_OUTER_BOUND('',#1585,.T.);
#1181=FACE_OUTER_BOUND('',#1586,.T.);
#1182=FACE_OUTER_BOUND('',#1587,.T.);
#1183=FACE_OUTER_BOUND('',#1588,.T.);
#1184=FACE_OUTER_BOUND('',#1589,.T.);
#1185=FACE_OUTER_BOUND('',#1590,.T.);
#1186=FACE_OUTER_BOUND('',#1591,.T.);
#1187=FACE_OUTER_BOUND('',#1592,.T.);
#1188=FACE_OUTER_BOUND('',#1593,.T.);
#1189=FACE_OUTER_BOUND('',#1594,.T.);
#1190=FACE_OUTER_BOUND('',#1595,.T.);
#1191=FACE_OUTER_BOUND('',#1596,.T.);
#1192=FACE_OUTER_BOUND('',#1597,.T.);
#1193=FACE_OUTER_BOUND('',#1598,.T.);
#1194=FACE_OUTER_BOUND('',#1599,.T.);
#1195=FACE_OUTER_BOUND('',#1600,.T.);
#1196=FACE_OUTER_BOUND('',#1601,.T.);
#1197=FACE_OUTER_BOUND('',#1602,.T.);
#1198=FACE_OUTER_BOUND('',#1603,.T.);
#1199=FACE_OUTER_BOUND('',#1604,.T.);
#1200=FACE_OUTER_BOUND('',#1605,.T.);
#1201=FACE_OUTER_BOUND('',#1606,.T.);
#1202=FACE_OUTER_BOUND('',#1611,.T.);
#1203=FACE_OUTER_BOUND('',#1612,.T.);
#1204=FACE_OUTER_BOUND('',#1631,.T.);
#1205=FACE_OUTER_BOUND('',#1632,.T.);
#1206=FACE_OUTER_BOUND('',#1633,.T.);
#1207=FACE_OUTER_BOUND('',#1634,.T.);
#1208=FACE_OUTER_BOUND('',#1635,.T.);
#1209=FACE_OUTER_BOUND('',#1636,.T.);
#1210=FACE_OUTER_BOUND('',#1655,.T.);
#1211=FACE_OUTER_BOUND('',#1660,.T.);
#1212=FACE_OUTER_BOUND('',#1661,.T.);
#1213=FACE_OUTER_BOUND('',#1662,.T.);
#1214=FACE_OUTER_BOUND('',#1663,.T.);
#1215=FACE_OUTER_BOUND('',#1664,.T.);
#1216=FACE_OUTER_BOUND('',#1665,.T.);
#1217=FACE_OUTER_BOUND('',#1666,.T.);
#1218=FACE_OUTER_BOUND('',#1669,.T.);
#1219=FACE_OUTER_BOUND('',#1672,.T.);
#1220=FACE_OUTER_BOUND('',#1673,.T.);
#1221=FACE_OUTER_BOUND('',#1674,.T.);
#1222=FACE_OUTER_BOUND('',#1675,.T.);
#1223=FACE_OUTER_BOUND('',#1676,.T.);
#1224=FACE_OUTER_BOUND('',#1677,.T.);
#1225=FACE_OUTER_BOUND('',#1678,.T.);
#1226=FACE_OUTER_BOUND('',#1679,.T.);
#1227=FACE_OUTER_BOUND('',#1680,.T.);
#1228=FACE_OUTER_BOUND('',#1681,.T.);
#1229=FACE_OUTER_BOUND('',#1682,.T.);
#1230=FACE_OUTER_BOUND('',#1683,.T.);
#1231=FACE_OUTER_BOUND('',#1684,.T.);
#1232=FACE_OUTER_BOUND('',#1685,.T.);
#1233=FACE_OUTER_BOUND('',#1686,.T.);
#1234=FACE_OUTER_BOUND('',#1687,.T.);
#1235=FACE_OUTER_BOUND('',#1688,.T.);
#1236=FACE_OUTER_BOUND('',#1690,.T.);
#1237=FACE_OUTER_BOUND('',#1692,.T.);
#1238=FACE_OUTER_BOUND('',#1693,.T.);
#1239=FACE_OUTER_BOUND('',#1694,.T.);
#1240=FACE_OUTER_BOUND('',#1699,.T.);
#1241=FACE_OUTER_BOUND('',#1700,.T.);
#1242=FACE_OUTER_BOUND('',#1701,.T.);
#1243=FACE_OUTER_BOUND('',#1702,.T.);
#1244=FACE_OUTER_BOUND('',#1703,.T.);
#1245=FACE_OUTER_BOUND('',#1704,.T.);
#1246=FACE_OUTER_BOUND('',#1705,.T.);
#1247=FACE_OUTER_BOUND('',#1706,.T.);
#1248=FACE_OUTER_BOUND('',#1707,.T.);
#1249=FACE_OUTER_BOUND('',#1708,.T.);
#1250=FACE_OUTER_BOUND('',#1709,.T.);
#1251=FACE_OUTER_BOUND('',#1714,.T.);
#1252=FACE_OUTER_BOUND('',#1715,.T.);
#1253=FACE_OUTER_BOUND('',#1716,.T.);
#1254=FACE_OUTER_BOUND('',#1719,.T.);
#1255=FACE_OUTER_BOUND('',#1720,.T.);
#1256=FACE_OUTER_BOUND('',#1721,.T.);
#1257=FACE_OUTER_BOUND('',#1722,.T.);
#1258=FACE_OUTER_BOUND('',#1723,.T.);
#1259=FACE_OUTER_BOUND('',#1724,.T.);
#1260=FACE_OUTER_BOUND('',#1725,.T.);
#1261=FACE_OUTER_BOUND('',#1726,.T.);
#1262=FACE_OUTER_BOUND('',#1727,.T.);
#1263=FACE_OUTER_BOUND('',#1728,.T.);
#1264=FACE_OUTER_BOUND('',#1729,.T.);
#1265=FACE_OUTER_BOUND('',#1730,.T.);
#1266=FACE_OUTER_BOUND('',#1731,.T.);
#1267=FACE_OUTER_BOUND('',#1732,.T.);
#1268=FACE_OUTER_BOUND('',#1733,.T.);
#1269=FACE_OUTER_BOUND('',#1736,.T.);
#1270=FACE_OUTER_BOUND('',#1737,.T.);
#1271=FACE_OUTER_BOUND('',#1738,.T.);
#1272=FACE_OUTER_BOUND('',#1739,.T.);
#1273=FACE_OUTER_BOUND('',#1740,.T.);
#1274=FACE_OUTER_BOUND('',#1741,.T.);
#1275=FACE_OUTER_BOUND('',#1742,.T.);
#1276=FACE_OUTER_BOUND('',#1743,.T.);
#1277=FACE_OUTER_BOUND('',#1744,.T.);
#1278=FACE_OUTER_BOUND('',#1745,.T.);
#1279=FACE_OUTER_BOUND('',#1746,.T.);
#1280=FACE_OUTER_BOUND('',#1747,.T.);
#1281=FACE_OUTER_BOUND('',#1748,.T.);
#1282=FACE_OUTER_BOUND('',#1749,.T.);
#1283=FACE_OUTER_BOUND('',#1750,.T.);
#1284=FACE_OUTER_BOUND('',#1751,.T.);
#1285=FACE_OUTER_BOUND('',#1752,.T.);
#1286=FACE_OUTER_BOUND('',#1755,.T.);
#1287=FACE_OUTER_BOUND('',#1758,.T.);
#1288=FACE_OUTER_BOUND('',#1760,.T.);
#1289=FACE_OUTER_BOUND('',#1762,.T.);
#1290=FACE_OUTER_BOUND('',#1763,.T.);
#1291=FACE_OUTER_BOUND('',#1764,.T.);
#1292=FACE_OUTER_BOUND('',#1765,.T.);
#1293=FACE_OUTER_BOUND('',#1766,.T.);
#1294=FACE_OUTER_BOUND('',#1768,.T.);
#1295=FACE_OUTER_BOUND('',#1770,.T.);
#1296=FACE_OUTER_BOUND('',#1771,.T.);
#1297=FACE_OUTER_BOUND('',#1772,.T.);
#1298=FACE_OUTER_BOUND('',#1774,.T.);
#1299=FACE_OUTER_BOUND('',#1776,.T.);
#1300=FACE_OUTER_BOUND('',#1777,.T.);
#1301=FACE_OUTER_BOUND('',#1778,.T.);
#1302=FACE_OUTER_BOUND('',#1779,.T.);
#1303=FACE_OUTER_BOUND('',#1780,.T.);
#1304=FACE_OUTER_BOUND('',#1781,.T.);
#1305=FACE_OUTER_BOUND('',#1782,.T.);
#1306=FACE_OUTER_BOUND('',#1783,.T.);
#1307=FACE_OUTER_BOUND('',#1784,.T.);
#1308=FACE_OUTER_BOUND('',#1785,.T.);
#1309=FACE_OUTER_BOUND('',#1786,.T.);
#1310=FACE_OUTER_BOUND('',#1787,.T.);
#1311=FACE_OUTER_BOUND('',#1788,.T.);
#1312=FACE_OUTER_BOUND('',#1789,.T.);
#1313=FACE_OUTER_BOUND('',#1790,.T.);
#1314=FACE_OUTER_BOUND('',#1791,.T.);
#1315=FACE_OUTER_BOUND('',#1792,.T.);
#1316=FACE_OUTER_BOUND('',#1793,.T.);
#1317=FACE_OUTER_BOUND('',#1794,.T.);
#1318=FACE_OUTER_BOUND('',#1795,.T.);
#1319=FACE_OUTER_BOUND('',#1798,.T.);
#1320=FACE_OUTER_BOUND('',#1799,.T.);
#1321=FACE_OUTER_BOUND('',#1800,.T.);
#1322=FACE_OUTER_BOUND('',#1801,.T.);
#1323=FACE_OUTER_BOUND('',#1802,.T.);
#1324=FACE_OUTER_BOUND('',#1805,.T.);
#1325=FACE_OUTER_BOUND('',#1806,.T.);
#1326=FACE_OUTER_BOUND('',#1807,.T.);
#1327=FACE_OUTER_BOUND('',#1808,.T.);
#1328=FACE_OUTER_BOUND('',#1809,.T.);
#1329=FACE_OUTER_BOUND('',#1810,.T.);
#1330=FACE_OUTER_BOUND('',#1811,.T.);
#1331=FACE_OUTER_BOUND('',#1812,.T.);
#1332=FACE_OUTER_BOUND('',#1813,.T.);
#1333=FACE_OUTER_BOUND('',#1814,.T.);
#1334=FACE_OUTER_BOUND('',#1815,.T.);
#1335=FACE_OUTER_BOUND('',#1816,.T.);
#1336=FACE_OUTER_BOUND('',#1817,.T.);
#1337=FACE_OUTER_BOUND('',#1818,.T.);
#1338=FACE_OUTER_BOUND('',#1819,.T.);
#1339=FACE_OUTER_BOUND('',#1820,.T.);
#1340=FACE_OUTER_BOUND('',#1821,.T.);
#1341=FACE_OUTER_BOUND('',#1822,.T.);
#1342=FACE_OUTER_BOUND('',#1823,.T.);
#1343=FACE_OUTER_BOUND('',#1824,.T.);
#1344=FACE_OUTER_BOUND('',#1825,.T.);
#1345=FACE_OUTER_BOUND('',#1826,.T.);
#1346=FACE_OUTER_BOUND('',#1827,.T.);
#1347=FACE_OUTER_BOUND('',#1828,.T.);
#1348=FACE_OUTER_BOUND('',#1831,.T.);
#1349=FACE_OUTER_BOUND('',#1832,.T.);
#1350=FACE_OUTER_BOUND('',#1833,.T.);
#1351=FACE_OUTER_BOUND('',#1834,.T.);
#1352=FACE_OUTER_BOUND('',#1835,.T.);
#1353=FACE_OUTER_BOUND('',#1836,.T.);
#1354=FACE_OUTER_BOUND('',#1837,.T.);
#1355=FACE_OUTER_BOUND('',#1838,.T.);
#1356=FACE_OUTER_BOUND('',#1839,.T.);
#1357=FACE_OUTER_BOUND('',#1842,.T.);
#1358=FACE_OUTER_BOUND('',#1843,.T.);
#1359=FACE_OUTER_BOUND('',#1844,.T.);
#1360=FACE_OUTER_BOUND('',#1846,.T.);
#1361=FACE_OUTER_BOUND('',#1848,.T.);
#1362=FACE_OUTER_BOUND('',#1849,.T.);
#1363=FACE_OUTER_BOUND('',#1850,.T.);
#1364=FACE_OUTER_BOUND('',#1852,.T.);
#1365=FACE_OUTER_BOUND('',#1854,.T.);
#1366=FACE_OUTER_BOUND('',#1855,.T.);
#1367=FACE_OUTER_BOUND('',#1856,.T.);
#1368=FACE_OUTER_BOUND('',#1858,.T.);
#1369=FACE_OUTER_BOUND('',#1860,.T.);
#1370=FACE_OUTER_BOUND('',#1862,.T.);
#1371=FACE_OUTER_BOUND('',#1864,.T.);
#1372=FACE_OUTER_BOUND('',#1865,.T.);
#1373=FACE_OUTER_BOUND('',#1866,.T.);
#1374=FACE_OUTER_BOUND('',#1867,.T.);
#1375=FACE_OUTER_BOUND('',#1868,.T.);
#1376=FACE_OUTER_BOUND('',#1869,.T.);
#1377=FACE_OUTER_BOUND('',#1870,.T.);
#1378=FACE_OUTER_BOUND('',#1871,.T.);
#1379=FACE_OUTER_BOUND('',#1872,.T.);
#1380=FACE_OUTER_BOUND('',#1873,.T.);
#1381=FACE_OUTER_BOUND('',#1874,.T.);
#1382=FACE_OUTER_BOUND('',#1875,.T.);
#1383=FACE_OUTER_BOUND('',#1876,.T.);
#1384=EDGE_LOOP('',(#4798,#4799,#4800,#4801));
#1385=EDGE_LOOP('',(#4802,#4803,#4804,#4805));
#1386=EDGE_LOOP('',(#4806,#4807,#4808,#4809));
#1387=EDGE_LOOP('',(#4810,#4811,#4812,#4813));
#1388=EDGE_LOOP('',(#4814,#4815,#4816,#4817,#4818,#4819,#4820,#4821,#4822,
#4823,#4824,#4825));
#1389=EDGE_LOOP('',(#4826,#4827,#4828,#4829));
#1390=EDGE_LOOP('',(#4830));
#1391=EDGE_LOOP('',(#4831));
#1392=EDGE_LOOP('',(#4832));
#1393=EDGE_LOOP('',(#4833));
#1394=EDGE_LOOP('',(#4834,#4835,#4836,#4837));
#1395=EDGE_LOOP('',(#4838,#4839,#4840,#4841));
#1396=EDGE_LOOP('',(#4842,#4843,#4844,#4845));
#1397=EDGE_LOOP('',(#4846));
#1398=EDGE_LOOP('',(#4847));
#1399=EDGE_LOOP('',(#4848));
#1400=EDGE_LOOP('',(#4849));
#1401=EDGE_LOOP('',(#4850,#4851,#4852,#4853));
#1402=EDGE_LOOP('',(#4854,#4855,#4856,#4857));
#1403=EDGE_LOOP('',(#4858,#4859,#4860,#4861));
#1404=EDGE_LOOP('',(#4862,#4863,#4864,#4865));
#1405=EDGE_LOOP('',(#4866,#4867,#4868,#4869));
#1406=EDGE_LOOP('',(#4870,#4871,#4872,#4873));
#1407=EDGE_LOOP('',(#4874,#4875,#4876,#4877));
#1408=EDGE_LOOP('',(#4878,#4879,#4880,#4881));
#1409=EDGE_LOOP('',(#4882,#4883,#4884,#4885,#4886,#4887,#4888,#4889,#4890,
#4891,#4892,#4893));
#1410=EDGE_LOOP('',(#4894,#4895,#4896,#4897,#4898,#4899,#4900,#4901,#4902,
#4903,#4904,#4905));
#1411=EDGE_LOOP('',(#4906,#4907,#4908,#4909));
#1412=EDGE_LOOP('',(#4910,#4911,#4912,#4913));
#1413=EDGE_LOOP('',(#4914,#4915,#4916,#4917));
#1414=EDGE_LOOP('',(#4918,#4919,#4920,#4921));
#1415=EDGE_LOOP('',(#4922,#4923,#4924,#4925));
#1416=EDGE_LOOP('',(#4926,#4927,#4928,#4929));
#1417=EDGE_LOOP('',(#4930,#4931,#4932,#4933,#4934,#4935,#4936,#4937,#4938,
#4939,#4940,#4941));
#1418=EDGE_LOOP('',(#4942,#4943,#4944,#4945));
#1419=EDGE_LOOP('',(#4946,#4947,#4948,#4949));
#1420=EDGE_LOOP('',(#4950,#4951,#4952,#4953));
#1421=EDGE_LOOP('',(#4954,#4955,#4956,#4957));
#1422=EDGE_LOOP('',(#4958,#4959,#4960,#4961));
#1423=EDGE_LOOP('',(#4962,#4963,#4964,#4965));
#1424=EDGE_LOOP('',(#4966,#4967,#4968,#4969));
#1425=EDGE_LOOP('',(#4970,#4971,#4972,#4973));
#1426=EDGE_LOOP('',(#4974,#4975,#4976,#4977));
#1427=EDGE_LOOP('',(#4978,#4979,#4980,#4981));
#1428=EDGE_LOOP('',(#4982,#4983,#4984,#4985));
#1429=EDGE_LOOP('',(#4986,#4987,#4988,#4989));
#1430=EDGE_LOOP('',(#4990,#4991,#4992,#4993));
#1431=EDGE_LOOP('',(#4994,#4995,#4996,#4997));
#1432=EDGE_LOOP('',(#4998,#4999,#5000,#5001));
#1433=EDGE_LOOP('',(#5002,#5003,#5004,#5005));
#1434=EDGE_LOOP('',(#5006,#5007,#5008,#5009));
#1435=EDGE_LOOP('',(#5010,#5011,#5012,#5013));
#1436=EDGE_LOOP('',(#5014,#5015,#5016,#5017,#5018,#5019,#5020,#5021,#5022,
#5023,#5024,#5025));
#1437=EDGE_LOOP('',(#5026,#5027,#5028,#5029,#5030,#5031,#5032,#5033,#5034,
#5035,#5036,#5037));
#1438=EDGE_LOOP('',(#5038,#5039,#5040,#5041));
#1439=EDGE_LOOP('',(#5042,#5043,#5044,#5045));
#1440=EDGE_LOOP('',(#5046,#5047,#5048,#5049));
#1441=EDGE_LOOP('',(#5050,#5051,#5052,#5053));
#1442=EDGE_LOOP('',(#5054,#5055,#5056,#5057));
#1443=EDGE_LOOP('',(#5058,#5059,#5060,#5061));
#1444=EDGE_LOOP('',(#5062,#5063,#5064,#5065));
#1445=EDGE_LOOP('',(#5066,#5067,#5068,#5069));
#1446=EDGE_LOOP('',(#5070,#5071,#5072,#5073));
#1447=EDGE_LOOP('',(#5074,#5075,#5076,#5077));
#1448=EDGE_LOOP('',(#5078,#5079,#5080,#5081));
#1449=EDGE_LOOP('',(#5082,#5083,#5084,#5085));
#1450=EDGE_LOOP('',(#5086,#5087,#5088,#5089));
#1451=EDGE_LOOP('',(#5090,#5091,#5092,#5093,#5094,#5095));
#1452=EDGE_LOOP('',(#5096,#5097,#5098,#5099));
#1453=EDGE_LOOP('',(#5100,#5101,#5102,#5103));
#1454=EDGE_LOOP('',(#5104,#5105,#5106,#5107));
#1455=EDGE_LOOP('',(#5108,#5109,#5110,#5111));
#1456=EDGE_LOOP('',(#5112,#5113,#5114,#5115));
#1457=EDGE_LOOP('',(#5116,#5117,#5118,#5119));
#1458=EDGE_LOOP('',(#5120,#5121,#5122,#5123,#5124,#5125));
#1459=EDGE_LOOP('',(#5126,#5127,#5128,#5129));
#1460=EDGE_LOOP('',(#5130,#5131,#5132,#5133));
#1461=EDGE_LOOP('',(#5134,#5135,#5136,#5137));
#1462=EDGE_LOOP('',(#5138,#5139,#5140,#5141));
#1463=EDGE_LOOP('',(#5142,#5143,#5144,#5145));
#1464=EDGE_LOOP('',(#5146,#5147,#5148,#5149));
#1465=EDGE_LOOP('',(#5150,#5151,#5152,#5153));
#1466=EDGE_LOOP('',(#5154,#5155,#5156,#5157));
#1467=EDGE_LOOP('',(#5158,#5159,#5160,#5161));
#1468=EDGE_LOOP('',(#5162,#5163,#5164,#5165));
#1469=EDGE_LOOP('',(#5166,#5167,#5168,#5169));
#1470=EDGE_LOOP('',(#5170,#5171,#5172,#5173));
#1471=EDGE_LOOP('',(#5174,#5175,#5176,#5177,#5178,#5179));
#1472=EDGE_LOOP('',(#5180,#5181,#5182,#5183));
#1473=EDGE_LOOP('',(#5184,#5185,#5186,#5187));
#1474=EDGE_LOOP('',(#5188,#5189,#5190,#5191));
#1475=EDGE_LOOP('',(#5192,#5193,#5194,#5195));
#1476=EDGE_LOOP('',(#5196,#5197,#5198,#5199,#5200,#5201));
#1477=EDGE_LOOP('',(#5202,#5203,#5204,#5205));
#1478=EDGE_LOOP('',(#5206,#5207,#5208,#5209));
#1479=EDGE_LOOP('',(#5210,#5211,#5212,#5213));
#1480=EDGE_LOOP('',(#5214,#5215,#5216,#5217));
#1481=EDGE_LOOP('',(#5218,#5219,#5220,#5221));
#1482=EDGE_LOOP('',(#5222,#5223,#5224,#5225));
#1483=EDGE_LOOP('',(#5226,#5227,#5228,#5229));
#1484=EDGE_LOOP('',(#5230,#5231,#5232,#5233));
#1485=EDGE_LOOP('',(#5234,#5235,#5236,#5237));
#1486=EDGE_LOOP('',(#5238,#5239,#5240,#5241));
#1487=EDGE_LOOP('',(#5242,#5243,#5244,#5245));
#1488=EDGE_LOOP('',(#5246,#5247,#5248,#5249));
#1489=EDGE_LOOP('',(#5250,#5251,#5252,#5253));
#1490=EDGE_LOOP('',(#5254,#5255,#5256,#5257));
#1491=EDGE_LOOP('',(#5258,#5259,#5260,#5261));
#1492=EDGE_LOOP('',(#5262,#5263,#5264,#5265,#5266,#5267));
#1493=EDGE_LOOP('',(#5268));
#1494=EDGE_LOOP('',(#5269));
#1495=EDGE_LOOP('',(#5270,#5271,#5272,#5273));
#1496=EDGE_LOOP('',(#5274,#5275,#5276,#5277));
#1497=EDGE_LOOP('',(#5278,#5279,#5280,#5281));
#1498=EDGE_LOOP('',(#5282,#5283,#5284,#5285));
#1499=EDGE_LOOP('',(#5286,#5287,#5288,#5289));
#1500=EDGE_LOOP('',(#5290,#5291,#5292,#5293));
#1501=EDGE_LOOP('',(#5294,#5295,#5296,#5297,#5298,#5299));
#1502=EDGE_LOOP('',(#5300));
#1503=EDGE_LOOP('',(#5301));
#1504=EDGE_LOOP('',(#5302,#5303,#5304,#5305));
#1505=EDGE_LOOP('',(#5306,#5307,#5308,#5309));
#1506=EDGE_LOOP('',(#5310,#5311,#5312,#5313,#5314,#5315,#5316,#5317));
#1507=EDGE_LOOP('',(#5318));
#1508=EDGE_LOOP('',(#5319));
#1509=EDGE_LOOP('',(#5320,#5321,#5322,#5323));
#1510=EDGE_LOOP('',(#5324,#5325,#5326,#5327));
#1511=EDGE_LOOP('',(#5328,#5329,#5330,#5331));
#1512=EDGE_LOOP('',(#5332,#5333,#5334,#5335));
#1513=EDGE_LOOP('',(#5336,#5337,#5338,#5339));
#1514=EDGE_LOOP('',(#5340,#5341,#5342,#5343));
#1515=EDGE_LOOP('',(#5344,#5345,#5346,#5347));
#1516=EDGE_LOOP('',(#5348,#5349,#5350,#5351));
#1517=EDGE_LOOP('',(#5352,#5353,#5354,#5355,#5356,#5357,#5358,#5359));
#1518=EDGE_LOOP('',(#5360));
#1519=EDGE_LOOP('',(#5361));
#1520=EDGE_LOOP('',(#5362,#5363,#5364,#5365));
#1521=EDGE_LOOP('',(#5366,#5367,#5368,#5369));
#1522=EDGE_LOOP('',(#5370));
#1523=EDGE_LOOP('',(#5371));
#1524=EDGE_LOOP('',(#5372));
#1525=EDGE_LOOP('',(#5373));
#1526=EDGE_LOOP('',(#5374,#5375,#5376,#5377));
#1527=EDGE_LOOP('',(#5378,#5379,#5380,#5381));
#1528=EDGE_LOOP('',(#5382,#5383,#5384,#5385));
#1529=EDGE_LOOP('',(#5386,#5387,#5388,#5389));
#1530=EDGE_LOOP('',(#5390,#5391,#5392,#5393));
#1531=EDGE_LOOP('',(#5394,#5395,#5396,#5397));
#1532=EDGE_LOOP('',(#5398,#5399,#5400,#5401));
#1533=EDGE_LOOP('',(#5402,#5403,#5404,#5405));
#1534=EDGE_LOOP('',(#5406,#5407,#5408,#5409));
#1535=EDGE_LOOP('',(#5410,#5411,#5412,#5413));
#1536=EDGE_LOOP('',(#5414,#5415,#5416,#5417,#5418,#5419));
#1537=EDGE_LOOP('',(#5420,#5421,#5422,#5423));
#1538=EDGE_LOOP('',(#5424,#5425,#5426,#5427));
#1539=EDGE_LOOP('',(#5428,#5429,#5430,#5431));
#1540=EDGE_LOOP('',(#5432,#5433,#5434,#5435));
#1541=EDGE_LOOP('',(#5436,#5437,#5438,#5439,#5440,#5441));
#1542=EDGE_LOOP('',(#5442,#5443,#5444,#5445));
#1543=EDGE_LOOP('',(#5446,#5447,#5448,#5449));
#1544=EDGE_LOOP('',(#5450,#5451,#5452,#5453));
#1545=EDGE_LOOP('',(#5454,#5455,#5456,#5457));
#1546=EDGE_LOOP('',(#5458,#5459,#5460,#5461));
#1547=EDGE_LOOP('',(#5462,#5463,#5464,#5465));
#1548=EDGE_LOOP('',(#5466,#5467,#5468,#5469));
#1549=EDGE_LOOP('',(#5470,#5471,#5472,#5473));
#1550=EDGE_LOOP('',(#5474,#5475,#5476,#5477,#5478,#5479,#5480,#5481,#5482,
#5483,#5484,#5485));
#1551=EDGE_LOOP('',(#5486,#5487,#5488,#5489));
#1552=EDGE_LOOP('',(#5490,#5491,#5492,#5493));
#1553=EDGE_LOOP('',(#5494));
#1554=EDGE_LOOP('',(#5495));
#1555=EDGE_LOOP('',(#5496));
#1556=EDGE_LOOP('',(#5497));
#1557=EDGE_LOOP('',(#5498,#5499,#5500,#5501));
#1558=EDGE_LOOP('',(#5502,#5503,#5504,#5505));
#1559=EDGE_LOOP('',(#5506,#5507,#5508,#5509));
#1560=EDGE_LOOP('',(#5510));
#1561=EDGE_LOOP('',(#5511));
#1562=EDGE_LOOP('',(#5512));
#1563=EDGE_LOOP('',(#5513));
#1564=EDGE_LOOP('',(#5514,#5515,#5516,#5517));
#1565=EDGE_LOOP('',(#5518,#5519,#5520,#5521));
#1566=EDGE_LOOP('',(#5522));
#1567=EDGE_LOOP('',(#5523));
#1568=EDGE_LOOP('',(#5524));
#1569=EDGE_LOOP('',(#5525));
#1570=EDGE_LOOP('',(#5526,#5527,#5528,#5529));
#1571=EDGE_LOOP('',(#5530,#5531,#5532,#5533));
#1572=EDGE_LOOP('',(#5534,#5535,#5536,#5537));
#1573=EDGE_LOOP('',(#5538));
#1574=EDGE_LOOP('',(#5539));
#1575=EDGE_LOOP('',(#5540));
#1576=EDGE_LOOP('',(#5541));
#1577=EDGE_LOOP('',(#5542,#5543,#5544,#5545));
#1578=EDGE_LOOP('',(#5546,#5547,#5548,#5549));
#1579=EDGE_LOOP('',(#5550,#5551,#5552,#5553,#5554,#5555,#5556,#5557,#5558,
#5559,#5560,#5561));
#1580=EDGE_LOOP('',(#5562,#5563,#5564,#5565));
#1581=EDGE_LOOP('',(#5566,#5567,#5568,#5569));
#1582=EDGE_LOOP('',(#5570,#5571,#5572,#5573));
#1583=EDGE_LOOP('',(#5574,#5575,#5576,#5577));
#1584=EDGE_LOOP('',(#5578,#5579,#5580,#5581));
#1585=EDGE_LOOP('',(#5582,#5583,#5584,#5585));
#1586=EDGE_LOOP('',(#5586,#5587,#5588,#5589));
#1587=EDGE_LOOP('',(#5590,#5591,#5592,#5593));
#1588=EDGE_LOOP('',(#5594,#5595,#5596,#5597));
#1589=EDGE_LOOP('',(#5598,#5599,#5600,#5601));
#1590=EDGE_LOOP('',(#5602,#5603,#5604,#5605));
#1591=EDGE_LOOP('',(#5606,#5607,#5608,#5609));
#1592=EDGE_LOOP('',(#5610,#5611,#5612,#5613));
#1593=EDGE_LOOP('',(#5614,#5615,#5616,#5617));
#1594=EDGE_LOOP('',(#5618,#5619,#5620,#5621));
#1595=EDGE_LOOP('',(#5622,#5623,#5624,#5625));
#1596=EDGE_LOOP('',(#5626,#5627,#5628,#5629));
#1597=EDGE_LOOP('',(#5630,#5631,#5632,#5633));
#1598=EDGE_LOOP('',(#5634,#5635,#5636,#5637));
#1599=EDGE_LOOP('',(#5638,#5639,#5640,#5641));
#1600=EDGE_LOOP('',(#5642,#5643,#5644,#5645));
#1601=EDGE_LOOP('',(#5646,#5647,#5648,#5649));
#1602=EDGE_LOOP('',(#5650,#5651,#5652,#5653,#5654,#5655,#5656,#5657,#5658,
#5659,#5660,#5661));
#1603=EDGE_LOOP('',(#5662,#5663,#5664,#5665,#5666,#5667,#5668,#5669,#5670,
#5671,#5672,#5673));
#1604=EDGE_LOOP('',(#5674,#5675,#5676,#5677));
#1605=EDGE_LOOP('',(#5678,#5679,#5680,#5681));
#1606=EDGE_LOOP('',(#5682,#5683,#5684,#5685));
#1607=EDGE_LOOP('',(#5686));
#1608=EDGE_LOOP('',(#5687));
#1609=EDGE_LOOP('',(#5688));
#1610=EDGE_LOOP('',(#5689));
#1611=EDGE_LOOP('',(#5690,#5691,#5692,#5693));
#1612=EDGE_LOOP('',(#5694,#5695,#5696,#5697));
#1613=EDGE_LOOP('',(#5698));
#1614=EDGE_LOOP('',(#5699));
#1615=EDGE_LOOP('',(#5700));
#1616=EDGE_LOOP('',(#5701));
#1617=EDGE_LOOP('',(#5702));
#1618=EDGE_LOOP('',(#5703));
#1619=EDGE_LOOP('',(#5704));
#1620=EDGE_LOOP('',(#5705));
#1621=EDGE_LOOP('',(#5706));
#1622=EDGE_LOOP('',(#5707));
#1623=EDGE_LOOP('',(#5708));
#1624=EDGE_LOOP('',(#5709));
#1625=EDGE_LOOP('',(#5710));
#1626=EDGE_LOOP('',(#5711));
#1627=EDGE_LOOP('',(#5712));
#1628=EDGE_LOOP('',(#5713));
#1629=EDGE_LOOP('',(#5714));
#1630=EDGE_LOOP('',(#5715));
#1631=EDGE_LOOP('',(#5716,#5717,#5718,#5719));
#1632=EDGE_LOOP('',(#5720,#5721,#5722,#5723));
#1633=EDGE_LOOP('',(#5724,#5725,#5726,#5727));
#1634=EDGE_LOOP('',(#5728,#5729,#5730,#5731));
#1635=EDGE_LOOP('',(#5732,#5733,#5734,#5735));
#1636=EDGE_LOOP('',(#5736,#5737,#5738,#5739));
#1637=EDGE_LOOP('',(#5740));
#1638=EDGE_LOOP('',(#5741));
#1639=EDGE_LOOP('',(#5742));
#1640=EDGE_LOOP('',(#5743));
#1641=EDGE_LOOP('',(#5744));
#1642=EDGE_LOOP('',(#5745));
#1643=EDGE_LOOP('',(#5746));
#1644=EDGE_LOOP('',(#5747));
#1645=EDGE_LOOP('',(#5748));
#1646=EDGE_LOOP('',(#5749));
#1647=EDGE_LOOP('',(#5750));
#1648=EDGE_LOOP('',(#5751));
#1649=EDGE_LOOP('',(#5752));
#1650=EDGE_LOOP('',(#5753));
#1651=EDGE_LOOP('',(#5754));
#1652=EDGE_LOOP('',(#5755));
#1653=EDGE_LOOP('',(#5756));
#1654=EDGE_LOOP('',(#5757));
#1655=EDGE_LOOP('',(#5758,#5759,#5760,#5761));
#1656=EDGE_LOOP('',(#5762));
#1657=EDGE_LOOP('',(#5763));
#1658=EDGE_LOOP('',(#5764));
#1659=EDGE_LOOP('',(#5765));
#1660=EDGE_LOOP('',(#5766,#5767,#5768,#5769));
#1661=EDGE_LOOP('',(#5770,#5771,#5772,#5773));
#1662=EDGE_LOOP('',(#5774,#5775,#5776,#5777));
#1663=EDGE_LOOP('',(#5778,#5779,#5780,#5781));
#1664=EDGE_LOOP('',(#5782,#5783,#5784,#5785));
#1665=EDGE_LOOP('',(#5786,#5787,#5788,#5789));
#1666=EDGE_LOOP('',(#5790,#5791,#5792,#5793));
#1667=EDGE_LOOP('',(#5794));
#1668=EDGE_LOOP('',(#5795));
#1669=EDGE_LOOP('',(#5796,#5797,#5798,#5799));
#1670=EDGE_LOOP('',(#5800));
#1671=EDGE_LOOP('',(#5801));
#1672=EDGE_LOOP('',(#5802,#5803,#5804,#5805));
#1673=EDGE_LOOP('',(#5806,#5807,#5808,#5809));
#1674=EDGE_LOOP('',(#5810,#5811,#5812,#5813));
#1675=EDGE_LOOP('',(#5814,#5815,#5816,#5817));
#1676=EDGE_LOOP('',(#5818,#5819,#5820,#5821));
#1677=EDGE_LOOP('',(#5822,#5823,#5824,#5825));
#1678=EDGE_LOOP('',(#5826,#5827,#5828,#5829));
#1679=EDGE_LOOP('',(#5830,#5831,#5832,#5833));
#1680=EDGE_LOOP('',(#5834,#5835,#5836,#5837));
#1681=EDGE_LOOP('',(#5838,#5839,#5840,#5841));
#1682=EDGE_LOOP('',(#5842,#5843,#5844,#5845));
#1683=EDGE_LOOP('',(#5846,#5847,#5848,#5849));
#1684=EDGE_LOOP('',(#5850,#5851,#5852,#5853));
#1685=EDGE_LOOP('',(#5854,#5855,#5856,#5857));
#1686=EDGE_LOOP('',(#5858,#5859,#5860,#5861));
#1687=EDGE_LOOP('',(#5862,#5863,#5864,#5865));
#1688=EDGE_LOOP('',(#5866,#5867,#5868,#5869,#5870,#5871,#5872,#5873));
#1689=EDGE_LOOP('',(#5874,#5875,#5876,#5877,#5878,#5879,#5880,#5881));
#1690=EDGE_LOOP('',(#5882,#5883,#5884,#5885,#5886,#5887,#5888,#5889));
#1691=EDGE_LOOP('',(#5890,#5891,#5892,#5893,#5894,#5895,#5896,#5897));
#1692=EDGE_LOOP('',(#5898,#5899,#5900,#5901));
#1693=EDGE_LOOP('',(#5902,#5903,#5904,#5905));
#1694=EDGE_LOOP('',(#5906,#5907,#5908,#5909,#5910,#5911,#5912,#5913));
#1695=EDGE_LOOP('',(#5914));
#1696=EDGE_LOOP('',(#5915));
#1697=EDGE_LOOP('',(#5916));
#1698=EDGE_LOOP('',(#5917));
#1699=EDGE_LOOP('',(#5918,#5919,#5920,#5921));
#1700=EDGE_LOOP('',(#5922,#5923,#5924,#5925));
#1701=EDGE_LOOP('',(#5926,#5927,#5928,#5929));
#1702=EDGE_LOOP('',(#5930,#5931,#5932,#5933));
#1703=EDGE_LOOP('',(#5934,#5935,#5936,#5937));
#1704=EDGE_LOOP('',(#5938,#5939,#5940,#5941));
#1705=EDGE_LOOP('',(#5942,#5943,#5944,#5945));
#1706=EDGE_LOOP('',(#5946,#5947,#5948,#5949));
#1707=EDGE_LOOP('',(#5950,#5951,#5952,#5953));
#1708=EDGE_LOOP('',(#5954,#5955,#5956,#5957));
#1709=EDGE_LOOP('',(#5958,#5959,#5960,#5961,#5962,#5963,#5964,#5965));
#1710=EDGE_LOOP('',(#5966));
#1711=EDGE_LOOP('',(#5967));
#1712=EDGE_LOOP('',(#5968));
#1713=EDGE_LOOP('',(#5969));
#1714=EDGE_LOOP('',(#5970,#5971,#5972,#5973));
#1715=EDGE_LOOP('',(#5974,#5975,#5976,#5977));
#1716=EDGE_LOOP('',(#5978,#5979,#5980,#5981,#5982,#5983,#5984,#5985,#5986,
#5987,#5988,#5989,#5990,#5991));
#1717=EDGE_LOOP('',(#5992));
#1718=EDGE_LOOP('',(#5993));
#1719=EDGE_LOOP('',(#5994,#5995,#5996,#5997));
#1720=EDGE_LOOP('',(#5998,#5999,#6000,#6001));
#1721=EDGE_LOOP('',(#6002,#6003,#6004,#6005));
#1722=EDGE_LOOP('',(#6006,#6007,#6008,#6009));
#1723=EDGE_LOOP('',(#6010,#6011,#6012,#6013));
#1724=EDGE_LOOP('',(#6014,#6015,#6016,#6017));
#1725=EDGE_LOOP('',(#6018,#6019,#6020,#6021));
#1726=EDGE_LOOP('',(#6022,#6023,#6024,#6025));
#1727=EDGE_LOOP('',(#6026,#6027,#6028,#6029));
#1728=EDGE_LOOP('',(#6030,#6031,#6032,#6033));
#1729=EDGE_LOOP('',(#6034,#6035,#6036,#6037));
#1730=EDGE_LOOP('',(#6038,#6039,#6040,#6041));
#1731=EDGE_LOOP('',(#6042,#6043,#6044,#6045));
#1732=EDGE_LOOP('',(#6046,#6047,#6048,#6049));
#1733=EDGE_LOOP('',(#6050,#6051,#6052,#6053,#6054,#6055,#6056,#6057,#6058,
#6059,#6060,#6061,#6062,#6063));
#1734=EDGE_LOOP('',(#6064));
#1735=EDGE_LOOP('',(#6065));
#1736=EDGE_LOOP('',(#6066,#6067,#6068,#6069));
#1737=EDGE_LOOP('',(#6070,#6071,#6072,#6073));
#1738=EDGE_LOOP('',(#6074,#6075,#6076,#6077));
#1739=EDGE_LOOP('',(#6078,#6079,#6080,#6081));
#1740=EDGE_LOOP('',(#6082,#6083,#6084,#6085));
#1741=EDGE_LOOP('',(#6086,#6087,#6088,#6089));
#1742=EDGE_LOOP('',(#6090,#6091,#6092,#6093));
#1743=EDGE_LOOP('',(#6094,#6095,#6096,#6097));
#1744=EDGE_LOOP('',(#6098,#6099,#6100,#6101));
#1745=EDGE_LOOP('',(#6102,#6103,#6104,#6105));
#1746=EDGE_LOOP('',(#6106,#6107,#6108,#6109));
#1747=EDGE_LOOP('',(#6110,#6111,#6112,#6113));
#1748=EDGE_LOOP('',(#6114,#6115,#6116,#6117));
#1749=EDGE_LOOP('',(#6118,#6119,#6120,#6121));
#1750=EDGE_LOOP('',(#6122,#6123,#6124,#6125));
#1751=EDGE_LOOP('',(#6126,#6127,#6128,#6129));
#1752=EDGE_LOOP('',(#6130,#6131,#6132,#6133,#6134));
#1753=EDGE_LOOP('',(#6135));
#1754=EDGE_LOOP('',(#6136,#6137,#6138,#6139));
#1755=EDGE_LOOP('',(#6140,#6141,#6142,#6143,#6144));
#1756=EDGE_LOOP('',(#6145));
#1757=EDGE_LOOP('',(#6146,#6147,#6148,#6149));
#1758=EDGE_LOOP('',(#6150,#6151));
#1759=EDGE_LOOP('',(#6152,#6153));
#1760=EDGE_LOOP('',(#6154,#6155));
#1761=EDGE_LOOP('',(#6156,#6157));
#1762=EDGE_LOOP('',(#6158,#6159,#6160,#6161,#6162,#6163));
#1763=EDGE_LOOP('',(#6164,#6165,#6166,#6167,#6168,#6169));
#1764=EDGE_LOOP('',(#6170,#6171,#6172,#6173));
#1765=EDGE_LOOP('',(#6174,#6175,#6176,#6177));
#1766=EDGE_LOOP('',(#6178));
#1767=EDGE_LOOP('',(#6179));
#1768=EDGE_LOOP('',(#6180));
#1769=EDGE_LOOP('',(#6181));
#1770=EDGE_LOOP('',(#6182,#6183,#6184,#6185));
#1771=EDGE_LOOP('',(#6186,#6187,#6188,#6189));
#1772=EDGE_LOOP('',(#6190));
#1773=EDGE_LOOP('',(#6191));
#1774=EDGE_LOOP('',(#6192));
#1775=EDGE_LOOP('',(#6193));
#1776=EDGE_LOOP('',(#6194,#6195,#6196,#6197));
#1777=EDGE_LOOP('',(#6198,#6199,#6200,#6201));
#1778=EDGE_LOOP('',(#6202,#6203,#6204,#6205));
#1779=EDGE_LOOP('',(#6206,#6207,#6208,#6209));
#1780=EDGE_LOOP('',(#6210,#6211,#6212,#6213));
#1781=EDGE_LOOP('',(#6214,#6215,#6216,#6217));
#1782=EDGE_LOOP('',(#6218,#6219,#6220,#6221));
#1783=EDGE_LOOP('',(#6222,#6223,#6224,#6225));
#1784=EDGE_LOOP('',(#6226,#6227,#6228,#6229));
#1785=EDGE_LOOP('',(#6230,#6231,#6232,#6233));
#1786=EDGE_LOOP('',(#6234,#6235,#6236,#6237));
#1787=EDGE_LOOP('',(#6238,#6239,#6240,#6241));
#1788=EDGE_LOOP('',(#6242,#6243,#6244,#6245));
#1789=EDGE_LOOP('',(#6246,#6247,#6248,#6249));
#1790=EDGE_LOOP('',(#6250,#6251,#6252,#6253));
#1791=EDGE_LOOP('',(#6254,#6255,#6256,#6257));
#1792=EDGE_LOOP('',(#6258,#6259,#6260,#6261));
#1793=EDGE_LOOP('',(#6262,#6263,#6264,#6265));
#1794=EDGE_LOOP('',(#6266,#6267,#6268,#6269));
#1795=EDGE_LOOP('',(#6270,#6271,#6272,#6273,#6274,#6275));
#1796=EDGE_LOOP('',(#6276,#6277,#6278,#6279));
#1797=EDGE_LOOP('',(#6280,#6281,#6282,#6283));
#1798=EDGE_LOOP('',(#6284,#6285,#6286,#6287));
#1799=EDGE_LOOP('',(#6288,#6289,#6290,#6291));
#1800=EDGE_LOOP('',(#6292,#6293,#6294,#6295));
#1801=EDGE_LOOP('',(#6296,#6297,#6298,#6299));
#1802=EDGE_LOOP('',(#6300,#6301,#6302,#6303,#6304,#6305));
#1803=EDGE_LOOP('',(#6306,#6307,#6308,#6309));
#1804=EDGE_LOOP('',(#6310,#6311,#6312,#6313));
#1805=EDGE_LOOP('',(#6314,#6315,#6316,#6317));
#1806=EDGE_LOOP('',(#6318,#6319,#6320,#6321));
#1807=EDGE_LOOP('',(#6322,#6323,#6324,#6325));
#1808=EDGE_LOOP('',(#6326,#6327,#6328,#6329));
#1809=EDGE_LOOP('',(#6330,#6331,#6332,#6333));
#1810=EDGE_LOOP('',(#6334,#6335,#6336,#6337));
#1811=EDGE_LOOP('',(#6338,#6339,#6340,#6341));
#1812=EDGE_LOOP('',(#6342,#6343,#6344,#6345));
#1813=EDGE_LOOP('',(#6346,#6347,#6348,#6349));
#1814=EDGE_LOOP('',(#6350,#6351,#6352,#6353));
#1815=EDGE_LOOP('',(#6354,#6355,#6356,#6357,#6358,#6359));
#1816=EDGE_LOOP('',(#6360,#6361,#6362,#6363));
#1817=EDGE_LOOP('',(#6364,#6365,#6366,#6367));
#1818=EDGE_LOOP('',(#6368,#6369,#6370,#6371));
#1819=EDGE_LOOP('',(#6372,#6373,#6374,#6375));
#1820=EDGE_LOOP('',(#6376,#6377,#6378,#6379,#6380,#6381));
#1821=EDGE_LOOP('',(#6382,#6383,#6384,#6385));
#1822=EDGE_LOOP('',(#6386,#6387,#6388,#6389));
#1823=EDGE_LOOP('',(#6390,#6391,#6392,#6393));
#1824=EDGE_LOOP('',(#6394,#6395,#6396,#6397));
#1825=EDGE_LOOP('',(#6398,#6399,#6400,#6401));
#1826=EDGE_LOOP('',(#6402,#6403,#6404,#6405));
#1827=EDGE_LOOP('',(#6406,#6407,#6408,#6409));
#1828=EDGE_LOOP('',(#6410,#6411,#6412,#6413,#6414,#6415,#6416,#6417));
#1829=EDGE_LOOP('',(#6418));
#1830=EDGE_LOOP('',(#6419));
#1831=EDGE_LOOP('',(#6420,#6421,#6422,#6423));
#1832=EDGE_LOOP('',(#6424,#6425,#6426,#6427));
#1833=EDGE_LOOP('',(#6428,#6429,#6430,#6431));
#1834=EDGE_LOOP('',(#6432,#6433,#6434,#6435));
#1835=EDGE_LOOP('',(#6436,#6437,#6438,#6439));
#1836=EDGE_LOOP('',(#6440,#6441,#6442,#6443));
#1837=EDGE_LOOP('',(#6444,#6445,#6446,#6447));
#1838=EDGE_LOOP('',(#6448,#6449,#6450,#6451));
#1839=EDGE_LOOP('',(#6452,#6453,#6454,#6455,#6456,#6457,#6458,#6459));
#1840=EDGE_LOOP('',(#6460));
#1841=EDGE_LOOP('',(#6461));
#1842=EDGE_LOOP('',(#6462,#6463,#6464,#6465));
#1843=EDGE_LOOP('',(#6466,#6467,#6468,#6469));
#1844=EDGE_LOOP('',(#6470));
#1845=EDGE_LOOP('',(#6471));
#1846=EDGE_LOOP('',(#6472));
#1847=EDGE_LOOP('',(#6473));
#1848=EDGE_LOOP('',(#6474,#6475,#6476,#6477));
#1849=EDGE_LOOP('',(#6478,#6479,#6480,#6481));
#1850=EDGE_LOOP('',(#6482));
#1851=EDGE_LOOP('',(#6483));
#1852=EDGE_LOOP('',(#6484));
#1853=EDGE_LOOP('',(#6485));
#1854=EDGE_LOOP('',(#6486,#6487,#6488,#6489));
#1855=EDGE_LOOP('',(#6490,#6491,#6492,#6493));
#1856=EDGE_LOOP('',(#6494));
#1857=EDGE_LOOP('',(#6495));
#1858=EDGE_LOOP('',(#6496));
#1859=EDGE_LOOP('',(#6497));
#1860=EDGE_LOOP('',(#6498));
#1861=EDGE_LOOP('',(#6499));
#1862=EDGE_LOOP('',(#6500));
#1863=EDGE_LOOP('',(#6501));
#1864=EDGE_LOOP('',(#6502,#6503,#6504,#6505));
#1865=EDGE_LOOP('',(#6506,#6507,#6508,#6509));
#1866=EDGE_LOOP('',(#6510,#6511,#6512,#6513,#6514,#6515,#6516,#6517,#6518));
#1867=EDGE_LOOP('',(#6519,#6520,#6521,#6522));
#1868=EDGE_LOOP('',(#6523,#6524,#6525,#6526));
#1869=EDGE_LOOP('',(#6527,#6528,#6529,#6530));
#1870=EDGE_LOOP('',(#6531,#6532,#6533,#6534));
#1871=EDGE_LOOP('',(#6535,#6536,#6537,#6538));
#1872=EDGE_LOOP('',(#6539,#6540,#6541,#6542));
#1873=EDGE_LOOP('',(#6543,#6544,#6545,#6546));
#1874=EDGE_LOOP('',(#6547,#6548,#6549,#6550));
#1875=EDGE_LOOP('',(#6551,#6552,#6553,#6554));
#1876=EDGE_LOOP('',(#6555,#6556,#6557,#6558,#6559,#6560,#6561,#6562,#6563));
#1877=ELLIPSE('',#8046,7.02236427423132,7.00000000000002);
#1878=ELLIPSE('',#8049,7.02236427423132,7.00000000000002);
#1879=ELLIPSE('',#8052,7.02236427423132,7.00000000000002);
#1880=ELLIPSE('',#8055,7.02236427423132,7.00000000000002);
#1881=ELLIPSE('',#8057,10.5681922761281,10.);
#1882=ELLIPSE('',#8058,5.28409613806405,5.);
#1883=ELLIPSE('',#8059,5.28409613806405,5.);
#1884=ELLIPSE('',#8060,10.5681922761281,10.);
#1885=ELLIPSE('',#8080,5.28409613806405,5.);
#1886=ELLIPSE('',#8081,10.5681922761281,10.);
#1887=ELLIPSE('',#8082,10.5681922761281,10.);
#1888=ELLIPSE('',#8083,5.28409613806405,5.);
#1889=ELLIPSE('',#8085,16.3352464865939,10.);
#1890=ELLIPSE('',#8088,16.3352464865939,10.);
#1891=ELLIPSE('',#8091,8.16762324329694,5.);
#1892=ELLIPSE('',#8094,8.16762324329694,5.);
#1893=ELLIPSE('',#8299,7.02236427423133,7.00000000000004);
#1894=ELLIPSE('',#8302,7.02236427423133,7.00000000000004);
#1895=ELLIPSE('',#8305,7.02236427423133,7.00000000000004);
#1896=ELLIPSE('',#8308,7.02236427423133,7.00000000000004);
#1897=ELLIPSE('',#8311,6.2699681019923,6.25000000000008);
#1898=ELLIPSE('',#8314,6.26996810199232,6.25000000000009);
#1899=ELLIPSE('',#8317,6.2699681019923,6.25000000000008);
#1900=ELLIPSE('',#8320,6.26996810199232,6.25000000000009);
#1901=ELLIPSE('',#8322,5.28398887008209,5.);
#1902=ELLIPSE('',#8323,10.5679777401642,10.);
#1903=ELLIPSE('',#8324,10.5679777401642,10.);
#1904=ELLIPSE('',#8325,5.28398887008209,5.);
#1905=ELLIPSE('',#8408,6.26996810199229,6.25000000000006);
#1906=ELLIPSE('',#8411,6.26996810199224,6.25000000000001);
#1907=ELLIPSE('',#8414,6.26996810199229,6.25000000000006);
#1908=ELLIPSE('',#8417,6.26996810199224,6.25000000000001);
#1909=ELLIPSE('',#8419,5.28398887008209,5.);
#1910=ELLIPSE('',#8420,10.5679777401642,10.);
#1911=ELLIPSE('',#8421,10.5679777401642,10.);
#1912=ELLIPSE('',#8422,5.28398887008209,5.);
#1913=ELLIPSE('',#8424,8.1670350757147,5.);
#1914=ELLIPSE('',#8425,16.3340701514294,10.);
#1915=ELLIPSE('',#8426,16.3340701514294,10.);
#1916=ELLIPSE('',#8427,8.1670350757147,5.);
#1917=ELLIPSE('',#8776,21.3105124432295,16.85);
#1918=ELLIPSE('',#8777,18.0222434608914,14.25);
#1919=ELLIPSE('',#8779,21.3105124432295,16.85);
#1920=ELLIPSE('',#8780,18.0222434608914,14.25);
#1921=ELLIPSE('',#8793,4.94974746830583,3.5);
#1922=ELLIPSE('',#8794,4.94974746830583,3.5);
#1923=ELLIPSE('',#8795,9.89949493661167,7.);
#1924=LINE('',#11145,#2513);
#1925=LINE('',#11151,#2514);
#1926=LINE('',#11157,#2515);
#1927=LINE('',#11163,#2516);
#1928=LINE('',#11170,#2517);
#1929=LINE('',#11174,#2518);
#1930=LINE('',#11176,#2519);
#1931=LINE('',#11178,#2520);
#1932=LINE('',#11180,#2521);
#1933=LINE('',#11182,#2522);
#1934=LINE('',#11186,#2523);
#1935=LINE('',#11189,#2524);
#1936=LINE('',#11192,#2525);
#1937=LINE('',#11194,#2526);
#1938=LINE('',#11195,#2527);
#1939=LINE('',#11198,#2528);
#1940=LINE('',#11199,#2529);
#1941=LINE('',#11203,#2530);
#1942=LINE('',#11206,#2531);
#1943=LINE('',#11207,#2532);
#1944=LINE('',#11211,#2533);
#1945=LINE('',#11214,#2534);
#1946=LINE('',#11215,#2535);
#1947=LINE('',#11219,#2536);
#1948=LINE('',#11222,#2537);
#1949=LINE('',#11223,#2538);
#1950=LINE('',#11227,#2539);
#1951=LINE('',#11230,#2540);
#1952=LINE('',#11231,#2541);
#1953=LINE('',#11234,#2542);
#1954=LINE('',#11235,#2543);
#1955=LINE('',#11237,#2544);
#1956=LINE('',#11243,#2545);
#1957=LINE('',#11245,#2546);
#1958=LINE('',#11247,#2547);
#1959=LINE('',#11249,#2548);
#1960=LINE('',#11253,#2549);
#1961=LINE('',#11257,#2550);
#1962=LINE('',#11261,#2551);
#1963=LINE('',#11264,#2552);
#1964=LINE('',#11267,#2553);
#1965=LINE('',#11270,#2554);
#1966=LINE('',#11273,#2555);
#1967=LINE('',#11274,#2556);
#1968=LINE('',#11278,#2557);
#1969=LINE('',#11281,#2558);
#1970=LINE('',#11282,#2559);
#1971=LINE('',#11286,#2560);
#1972=LINE('',#11289,#2561);
#1973=LINE('',#11290,#2562);
#1974=LINE('',#11293,#2563);
#1975=LINE('',#11295,#2564);
#1976=LINE('',#11299,#2565);
#1977=LINE('',#11301,#2566);
#1978=LINE('',#11302,#2567);
#1979=LINE('',#11304,#2568);
#1980=LINE('',#11306,#2569);
#1981=LINE('',#11308,#2570);
#1982=LINE('',#11310,#2571);
#1983=LINE('',#11312,#2572);
#1984=LINE('',#11328,#2573);
#1985=LINE('',#11331,#2574);
#1986=LINE('',#11334,#2575);
#1987=LINE('',#11336,#2576);
#1988=LINE('',#11337,#2577);
#1989=LINE('',#11342,#2578);
#1990=LINE('',#11346,#2579);
#1991=LINE('',#11348,#2580);
#1992=LINE('',#11349,#2581);
#1993=LINE('',#11352,#2582);
#1994=LINE('',#11354,#2583);
#1995=LINE('',#11355,#2584);
#1996=LINE('',#11358,#2585);
#1997=LINE('',#11360,#2586);
#1998=LINE('',#11361,#2587);
#1999=LINE('',#11364,#2588);
#2000=LINE('',#11366,#2589);
#2001=LINE('',#11367,#2590);
#2002=LINE('',#11370,#2591);
#2003=LINE('',#11372,#2592);
#2004=LINE('',#11373,#2593);
#2005=LINE('',#11378,#2594);
#2006=LINE('',#11382,#2595);
#2007=LINE('',#11384,#2596);
#2008=LINE('',#11385,#2597);
#2009=LINE('',#11390,#2598);
#2010=LINE('',#11393,#2599);
#2011=LINE('',#11394,#2600);
#2012=LINE('',#11407,#2601);
#2013=LINE('',#11410,#2602);
#2014=LINE('',#11413,#2603);
#2015=LINE('',#11415,#2604);
#2016=LINE('',#11416,#2605);
#2017=LINE('',#11422,#2606);
#2018=LINE('',#11424,#2607);
#2019=LINE('',#11425,#2608);
#2020=LINE('',#11429,#2609);
#2021=LINE('',#11431,#2610);
#2022=LINE('',#11433,#2611);
#2023=LINE('',#11434,#2612);
#2024=LINE('',#11440,#2613);
#2025=LINE('',#11443,#2614);
#2026=LINE('',#11445,#2615);
#2027=LINE('',#11446,#2616);
#2028=LINE('',#11455,#2617);
#2029=LINE('',#11458,#2618);
#2030=LINE('',#11464,#2619);
#2031=LINE('',#11467,#2620);
#2032=LINE('',#11469,#2621);
#2033=LINE('',#11470,#2622);
#2034=LINE('',#11472,#2623);
#2035=LINE('',#11473,#2624);
#2036=LINE('',#11476,#2625);
#2037=LINE('',#11478,#2626);
#2038=LINE('',#11479,#2627);
#2039=LINE('',#11482,#2628);
#2040=LINE('',#11484,#2629);
#2041=LINE('',#11486,#2630);
#2042=LINE('',#11490,#2631);
#2043=LINE('',#11492,#2632);
#2044=LINE('',#11493,#2633);
#2045=LINE('',#11495,#2634);
#2046=LINE('',#11498,#2635);
#2047=LINE('',#11501,#2636);
#2048=LINE('',#11506,#2637);
#2049=LINE('',#11508,#2638);
#2050=LINE('',#11510,#2639);
#2051=LINE('',#11511,#2640);
#2052=LINE('',#11513,#2641);
#2053=LINE('',#11514,#2642);
#2054=LINE('',#11516,#2643);
#2055=LINE('',#11517,#2644);
#2056=LINE('',#11526,#2645);
#2057=LINE('',#11529,#2646);
#2058=LINE('',#11535,#2647);
#2059=LINE('',#11538,#2648);
#2060=LINE('',#11540,#2649);
#2061=LINE('',#11541,#2650);
#2062=LINE('',#11543,#2651);
#2063=LINE('',#11544,#2652);
#2064=LINE('',#11547,#2653);
#2065=LINE('',#11549,#2654);
#2066=LINE('',#11550,#2655);
#2067=LINE('',#11553,#2656);
#2068=LINE('',#11555,#2657);
#2069=LINE('',#11557,#2658);
#2070=LINE('',#11561,#2659);
#2071=LINE('',#11563,#2660);
#2072=LINE('',#11564,#2661);
#2073=LINE('',#11566,#2662);
#2074=LINE('',#11569,#2663);
#2075=LINE('',#11572,#2664);
#2076=LINE('',#11577,#2665);
#2077=LINE('',#11579,#2666);
#2078=LINE('',#11581,#2667);
#2079=LINE('',#11582,#2668);
#2080=LINE('',#11584,#2669);
#2081=LINE('',#11585,#2670);
#2082=LINE('',#11587,#2671);
#2083=LINE('',#11588,#2672);
#2084=LINE('',#11595,#2673);
#2085=LINE('',#11599,#2674);
#2086=LINE('',#11603,#2675);
#2087=LINE('',#11605,#2676);
#2088=LINE('',#11607,#2677);
#2089=LINE('',#11608,#2678);
#2090=LINE('',#11611,#2679);
#2091=LINE('',#11613,#2680);
#2092=LINE('',#11614,#2681);
#2093=LINE('',#11616,#2682);
#2094=LINE('',#11619,#2683);
#2095=LINE('',#11622,#2684);
#2096=LINE('',#11626,#2685);
#2097=LINE('',#11627,#2686);
#2098=LINE('',#11629,#2687);
#2099=LINE('',#11632,#2688);
#2100=LINE('',#11635,#2689);
#2101=LINE('',#11637,#2690);
#2102=LINE('',#11638,#2691);
#2103=LINE('',#11641,#2692);
#2104=LINE('',#11643,#2693);
#2105=LINE('',#11645,#2694);
#2106=LINE('',#11653,#2695);
#2107=LINE('',#11657,#2696);
#2108=LINE('',#11661,#2697);
#2109=LINE('',#11662,#2698);
#2110=LINE('',#11665,#2699);
#2111=LINE('',#11666,#2700);
#2112=LINE('',#11669,#2701);
#2113=LINE('',#11670,#2702);
#2114=LINE('',#11680,#2703);
#2115=LINE('',#11683,#2704);
#2116=LINE('',#11686,#2705);
#2117=LINE('',#11688,#2706);
#2118=LINE('',#11689,#2707);
#2119=LINE('',#11692,#2708);
#2120=LINE('',#11696,#2709);
#2121=LINE('',#11700,#2710);
#2122=LINE('',#11709,#2711);
#2123=LINE('',#11712,#2712);
#2124=LINE('',#11713,#2713);
#2125=LINE('',#11717,#2714);
#2126=LINE('',#11720,#2715);
#2127=LINE('',#11721,#2716);
#2128=LINE('',#11725,#2717);
#2129=LINE('',#11729,#2718);
#2130=LINE('',#11733,#2719);
#2131=LINE('',#11735,#2720);
#2132=LINE('',#11746,#2721);
#2133=LINE('',#11752,#2722);
#2134=LINE('',#11765,#2723);
#2135=LINE('',#11769,#2724);
#2136=LINE('',#11773,#2725);
#2137=LINE('',#11775,#2726);
#2138=LINE('',#11777,#2727);
#2139=LINE('',#11778,#2728);
#2140=LINE('',#11781,#2729);
#2141=LINE('',#11783,#2730);
#2142=LINE('',#11784,#2731);
#2143=LINE('',#11786,#2732);
#2144=LINE('',#11789,#2733);
#2145=LINE('',#11792,#2734);
#2146=LINE('',#11796,#2735);
#2147=LINE('',#11797,#2736);
#2148=LINE('',#11799,#2737);
#2149=LINE('',#11802,#2738);
#2150=LINE('',#11805,#2739);
#2151=LINE('',#11807,#2740);
#2152=LINE('',#11808,#2741);
#2153=LINE('',#11811,#2742);
#2154=LINE('',#11813,#2743);
#2155=LINE('',#11815,#2744);
#2156=LINE('',#11819,#2745);
#2157=LINE('',#11820,#2746);
#2158=LINE('',#11823,#2747);
#2159=LINE('',#11824,#2748);
#2160=LINE('',#11827,#2749);
#2161=LINE('',#11828,#2750);
#2162=LINE('',#11841,#2751);
#2163=LINE('',#11847,#2752);
#2164=LINE('',#11853,#2753);
#2165=LINE('',#11859,#2754);
#2166=LINE('',#11865,#2755);
#2167=LINE('',#11871,#2756);
#2168=LINE('',#11877,#2757);
#2169=LINE('',#11883,#2758);
#2170=LINE('',#11888,#2759);
#2171=LINE('',#11892,#2760);
#2172=LINE('',#11896,#2761);
#2173=LINE('',#11900,#2762);
#2174=LINE('',#11904,#2763);
#2175=LINE('',#11906,#2764);
#2176=LINE('',#11908,#2765);
#2177=LINE('',#11909,#2766);
#2178=LINE('',#11912,#2767);
#2179=LINE('',#11914,#2768);
#2180=LINE('',#11915,#2769);
#2181=LINE('',#11918,#2770);
#2182=LINE('',#11919,#2771);
#2183=LINE('',#11922,#2772);
#2184=LINE('',#11923,#2773);
#2185=LINE('',#11926,#2774);
#2186=LINE('',#11930,#2775);
#2187=LINE('',#11931,#2776);
#2188=LINE('',#11934,#2777);
#2189=LINE('',#11938,#2778);
#2190=LINE('',#11939,#2779);
#2191=LINE('',#11942,#2780);
#2192=LINE('',#11943,#2781);
#2193=LINE('',#11947,#2782);
#2194=LINE('',#11950,#2783);
#2195=LINE('',#11951,#2784);
#2196=LINE('',#11955,#2785);
#2197=LINE('',#11957,#2786);
#2198=LINE('',#11972,#2787);
#2199=LINE('',#11978,#2788);
#2200=LINE('',#11984,#2789);
#2201=LINE('',#11990,#2790);
#2202=LINE('',#11996,#2791);
#2203=LINE('',#12002,#2792);
#2204=LINE('',#12008,#2793);
#2205=LINE('',#12014,#2794);
#2206=LINE('',#12020,#2795);
#2207=LINE('',#12026,#2796);
#2208=LINE('',#12032,#2797);
#2209=LINE('',#12038,#2798);
#2210=LINE('',#12044,#2799);
#2211=LINE('',#12050,#2800);
#2212=LINE('',#12056,#2801);
#2213=LINE('',#12062,#2802);
#2214=LINE('',#12068,#2803);
#2215=LINE('',#12074,#2804);
#2216=LINE('',#12080,#2805);
#2217=LINE('',#12086,#2806);
#2218=LINE('',#12092,#2807);
#2219=LINE('',#12098,#2808);
#2220=LINE('',#12103,#2809);
#2221=LINE('',#12105,#2810);
#2222=LINE('',#12107,#2811);
#2223=LINE('',#12111,#2812);
#2224=LINE('',#12115,#2813);
#2225=LINE('',#12119,#2814);
#2226=LINE('',#12123,#2815);
#2227=LINE('',#12124,#2816);
#2228=LINE('',#12128,#2817);
#2229=LINE('',#12132,#2818);
#2230=LINE('',#12136,#2819);
#2231=LINE('',#12140,#2820);
#2232=LINE('',#12144,#2821);
#2233=LINE('',#12146,#2822);
#2234=LINE('',#12148,#2823);
#2235=LINE('',#12149,#2824);
#2236=LINE('',#12151,#2825);
#2237=LINE('',#12152,#2826);
#2238=LINE('',#12154,#2827);
#2239=LINE('',#12156,#2828);
#2240=LINE('',#12158,#2829);
#2241=LINE('',#12160,#2830);
#2242=LINE('',#12162,#2831);
#2243=LINE('',#12164,#2832);
#2244=LINE('',#12166,#2833);
#2245=LINE('',#12168,#2834);
#2246=LINE('',#12170,#2835);
#2247=LINE('',#12172,#2836);
#2248=LINE('',#12183,#2837);
#2249=LINE('',#12189,#2838);
#2250=LINE('',#12194,#2839);
#2251=LINE('',#12196,#2840);
#2252=LINE('',#12198,#2841);
#2253=LINE('',#12199,#2842);
#2254=LINE('',#12202,#2843);
#2255=LINE('',#12204,#2844);
#2256=LINE('',#12205,#2845);
#2257=LINE('',#12208,#2846);
#2258=LINE('',#12210,#2847);
#2259=LINE('',#12211,#2848);
#2260=LINE('',#12213,#2849);
#2261=LINE('',#12214,#2850);
#2262=LINE('',#12225,#2851);
#2263=LINE('',#12227,#2852);
#2264=LINE('',#12229,#2853);
#2265=LINE('',#12230,#2854);
#2266=LINE('',#12235,#2855);
#2267=LINE('',#12239,#2856);
#2268=LINE('',#12241,#2857);
#2269=LINE('',#12242,#2858);
#2270=LINE('',#12247,#2859);
#2271=LINE('',#12252,#2860);
#2272=LINE('',#12254,#2861);
#2273=LINE('',#12256,#2862);
#2274=LINE('',#12257,#2863);
#2275=LINE('',#12262,#2864);
#2276=LINE('',#12266,#2865);
#2277=LINE('',#12268,#2866);
#2278=LINE('',#12269,#2867);
#2279=LINE('',#12274,#2868);
#2280=LINE('',#12278,#2869);
#2281=LINE('',#12280,#2870);
#2282=LINE('',#12281,#2871);
#2283=LINE('',#12287,#2872);
#2284=LINE('',#12290,#2873);
#2285=LINE('',#12292,#2874);
#2286=LINE('',#12293,#2875);
#2287=LINE('',#12299,#2876);
#2288=LINE('',#12301,#2877);
#2289=LINE('',#12302,#2878);
#2290=LINE('',#12307,#2879);
#2291=LINE('',#12311,#2880);
#2292=LINE('',#12313,#2881);
#2293=LINE('',#12314,#2882);
#2294=LINE('',#12330,#2883);
#2295=LINE('',#12333,#2884);
#2296=LINE('',#12336,#2885);
#2297=LINE('',#12338,#2886);
#2298=LINE('',#12339,#2887);
#2299=LINE('',#12342,#2888);
#2300=LINE('',#12346,#2889);
#2301=LINE('',#12350,#2890);
#2302=LINE('',#12363,#2891);
#2303=LINE('',#12366,#2892);
#2304=LINE('',#12367,#2893);
#2305=LINE('',#12371,#2894);
#2306=LINE('',#12374,#2895);
#2307=LINE('',#12375,#2896);
#2308=LINE('',#12379,#2897);
#2309=LINE('',#12382,#2898);
#2310=LINE('',#12386,#2899);
#2311=LINE('',#12390,#2900);
#2312=LINE('',#12394,#2901);
#2313=LINE('',#12397,#2902);
#2314=LINE('',#12405,#2903);
#2315=LINE('',#12408,#2904);
#2316=LINE('',#12411,#2905);
#2317=LINE('',#12413,#2906);
#2318=LINE('',#12414,#2907);
#2319=LINE('',#12417,#2908);
#2320=LINE('',#12421,#2909);
#2321=LINE('',#12423,#2910);
#2322=LINE('',#12427,#2911);
#2323=LINE('',#12431,#2912);
#2324=LINE('',#12435,#2913);
#2325=LINE('',#12438,#2914);
#2326=LINE('',#12447,#2915);
#2327=LINE('',#12448,#2916);
#2328=LINE('',#12451,#2917);
#2329=LINE('',#12452,#2918);
#2330=LINE('',#12456,#2919);
#2331=LINE('',#12459,#2920);
#2332=LINE('',#12460,#2921);
#2333=LINE('',#12465,#2922);
#2334=LINE('',#12466,#2923);
#2335=LINE('',#12468,#2924);
#2336=LINE('',#12473,#2925);
#2337=LINE('',#12474,#2926);
#2338=LINE('',#12477,#2927);
#2339=LINE('',#12478,#2928);
#2340=LINE('',#12482,#2929);
#2341=LINE('',#12485,#2930);
#2342=LINE('',#12489,#2931);
#2343=LINE('',#12492,#2932);
#2344=LINE('',#12494,#2933);
#2345=LINE('',#12496,#2934);
#2346=LINE('',#12503,#2935);
#2347=LINE('',#12505,#2936);
#2348=LINE('',#12507,#2937);
#2349=LINE('',#12508,#2938);
#2350=LINE('',#12511,#2939);
#2351=LINE('',#12513,#2940);
#2352=LINE('',#12514,#2941);
#2353=LINE('',#12517,#2942);
#2354=LINE('',#12519,#2943);
#2355=LINE('',#12520,#2944);
#2356=LINE('',#12522,#2945);
#2357=LINE('',#12523,#2946);
#2358=LINE('',#12531,#2947);
#2359=LINE('',#12536,#2948);
#2360=LINE('',#12538,#2949);
#2361=LINE('',#12540,#2950);
#2362=LINE('',#12541,#2951);
#2363=LINE('',#12547,#2952);
#2364=LINE('',#12550,#2953);
#2365=LINE('',#12552,#2954);
#2366=LINE('',#12553,#2955);
#2367=LINE('',#12560,#2956);
#2368=LINE('',#12562,#2957);
#2369=LINE('',#12564,#2958);
#2370=LINE('',#12565,#2959);
#2371=LINE('',#12568,#2960);
#2372=LINE('',#12570,#2961);
#2373=LINE('',#12571,#2962);
#2374=LINE('',#12574,#2963);
#2375=LINE('',#12576,#2964);
#2376=LINE('',#12577,#2965);
#2377=LINE('',#12580,#2966);
#2378=LINE('',#12582,#2967);
#2379=LINE('',#12583,#2968);
#2380=LINE('',#12585,#2969);
#2381=LINE('',#12586,#2970);
#2382=LINE('',#12890,#2971);
#2383=LINE('',#12896,#2972);
#2384=LINE('',#12913,#2973);
#2385=LINE('',#12919,#2974);
#2386=LINE('',#12931,#2975);
#2387=LINE('',#12933,#2976);
#2388=LINE('',#12935,#2977);
#2389=LINE('',#12936,#2978);
#2390=LINE('',#12939,#2979);
#2391=LINE('',#12941,#2980);
#2392=LINE('',#12942,#2981);
#2393=LINE('',#12945,#2982);
#2394=LINE('',#12947,#2983);
#2395=LINE('',#12948,#2984);
#2396=LINE('',#12950,#2985);
#2397=LINE('',#12951,#2986);
#2398=LINE('',#12960,#2987);
#2399=LINE('',#12963,#2988);
#2400=LINE('',#12966,#2989);
#2401=LINE('',#12968,#2990);
#2402=LINE('',#12969,#2991);
#2403=LINE('',#12974,#2992);
#2404=LINE('',#12977,#2993);
#2405=LINE('',#12978,#2994);
#2406=LINE('',#12982,#2995);
#2407=LINE('',#12984,#2996);
#2408=LINE('',#12986,#2997);
#2409=LINE('',#12987,#2998);
#2410=LINE('',#12992,#2999);
#2411=LINE('',#12996,#3000);
#2412=LINE('',#12998,#3001);
#2413=LINE('',#12999,#3002);
#2414=LINE('',#13008,#3003);
#2415=LINE('',#13011,#3004);
#2416=LINE('',#13017,#3005);
#2417=LINE('',#13020,#3006);
#2418=LINE('',#13022,#3007);
#2419=LINE('',#13023,#3008);
#2420=LINE('',#13025,#3009);
#2421=LINE('',#13026,#3010);
#2422=LINE('',#13029,#3011);
#2423=LINE('',#13031,#3012);
#2424=LINE('',#13032,#3013);
#2425=LINE('',#13037,#3014);
#2426=LINE('',#13039,#3015);
#2427=LINE('',#13040,#3016);
#2428=LINE('',#13043,#3017);
#2429=LINE('',#13045,#3018);
#2430=LINE('',#13046,#3019);
#2431=LINE('',#13048,#3020);
#2432=LINE('',#13052,#3021);
#2433=LINE('',#13054,#3022);
#2434=LINE('',#13059,#3023);
#2435=LINE('',#13061,#3024);
#2436=LINE('',#13063,#3025);
#2437=LINE('',#13064,#3026);
#2438=LINE('',#13066,#3027);
#2439=LINE('',#13067,#3028);
#2440=LINE('',#13069,#3029);
#2441=LINE('',#13070,#3030);
#2442=LINE('',#13079,#3031);
#2443=LINE('',#13082,#3032);
#2444=LINE('',#13088,#3033);
#2445=LINE('',#13091,#3034);
#2446=LINE('',#13093,#3035);
#2447=LINE('',#13094,#3036);
#2448=LINE('',#13096,#3037);
#2449=LINE('',#13097,#3038);
#2450=LINE('',#13100,#3039);
#2451=LINE('',#13102,#3040);
#2452=LINE('',#13103,#3041);
#2453=LINE('',#13108,#3042);
#2454=LINE('',#13110,#3043);
#2455=LINE('',#13111,#3044);
#2456=LINE('',#13114,#3045);
#2457=LINE('',#13116,#3046);
#2458=LINE('',#13117,#3047);
#2459=LINE('',#13119,#3048);
#2460=LINE('',#13123,#3049);
#2461=LINE('',#13125,#3050);
#2462=LINE('',#13130,#3051);
#2463=LINE('',#13132,#3052);
#2464=LINE('',#13134,#3053);
#2465=LINE('',#13135,#3054);
#2466=LINE('',#13137,#3055);
#2467=LINE('',#13138,#3056);
#2468=LINE('',#13140,#3057);
#2469=LINE('',#13141,#3058);
#2470=LINE('',#13150,#3059);
#2471=LINE('',#13153,#3060);
#2472=LINE('',#13156,#3061);
#2473=LINE('',#13158,#3062);
#2474=LINE('',#13159,#3063);
#2475=LINE('',#13164,#3064);
#2476=LINE('',#13168,#3065);
#2477=LINE('',#13171,#3066);
#2478=LINE('',#13179,#3067);
#2479=LINE('',#13182,#3068);
#2480=LINE('',#13183,#3069);
#2481=LINE('',#13187,#3070);
#2482=LINE('',#13190,#3071);
#2483=LINE('',#13191,#3072);
#2484=LINE('',#13195,#3073);
#2485=LINE('',#13199,#3074);
#2486=LINE('',#13203,#3075);
#2487=LINE('',#13205,#3076);
#2488=LINE('',#13231,#3077);
#2489=LINE('',#13237,#3078);
#2490=LINE('',#13276,#3079);
#2491=LINE('',#13278,#3080);
#2492=LINE('',#13293,#3081);
#2493=LINE('',#13295,#3082);
#2494=LINE('',#13297,#3083);
#2495=LINE('',#13299,#3084);
#2496=LINE('',#13303,#3085);
#2497=LINE('',#13306,#3086);
#2498=LINE('',#13309,#3087);
#2499=LINE('',#13311,#3088);
#2500=LINE('',#13312,#3089);
#2501=LINE('',#13315,#3090);
#2502=LINE('',#13319,#3091);
#2503=LINE('',#13320,#3092);
#2504=LINE('',#13323,#3093);
#2505=LINE('',#13327,#3094);
#2506=LINE('',#13328,#3095);
#2507=LINE('',#13331,#3096);
#2508=LINE('',#13332,#3097);
#2509=LINE('',#13335,#3098);
#2510=LINE('',#13336,#3099);
#2511=LINE('',#13339,#3100);
#2512=LINE('',#13340,#3101);
#2513=VECTOR('',#8890,7.00000000000002);
#2514=VECTOR('',#8897,7.00000000000002);
#2515=VECTOR('',#8904,7.00000000000002);
#2516=VECTOR('',#8911,7.00000000000002);
#2517=VECTOR('',#8918,10.);
#2518=VECTOR('',#8921,10.);
#2519=VECTOR('',#8922,10.);
#2520=VECTOR('',#8923,10.);
#2521=VECTOR('',#8924,10.);
#2522=VECTOR('',#8925,10.);
#2523=VECTOR('',#8928,10.);
#2524=VECTOR('',#8931,10.);
#2525=VECTOR('',#8934,10.);
#2526=VECTOR('',#8935,10.);
#2527=VECTOR('',#8936,10.);
#2528=VECTOR('',#8939,10.);
#2529=VECTOR('',#8940,10.);
#2530=VECTOR('',#8945,10.);
#2531=VECTOR('',#8948,10.);
#2532=VECTOR('',#8949,10.);
#2533=VECTOR('',#8954,10.);
#2534=VECTOR('',#8957,10.);
#2535=VECTOR('',#8958,10.);
#2536=VECTOR('',#8963,10.);
#2537=VECTOR('',#8966,10.);
#2538=VECTOR('',#8967,10.);
#2539=VECTOR('',#8972,10.);
#2540=VECTOR('',#8975,10.);
#2541=VECTOR('',#8976,10.);
#2542=VECTOR('',#8979,10.);
#2543=VECTOR('',#8980,10.);
#2544=VECTOR('',#8983,10.);
#2545=VECTOR('',#8990,10.);
#2546=VECTOR('',#8991,9.99999999999999);
#2547=VECTOR('',#8992,10.);
#2548=VECTOR('',#8993,9.99999999999999);
#2549=VECTOR('',#8996,10.);
#2550=VECTOR('',#8999,9.99999999999999);
#2551=VECTOR('',#9002,10.);
#2552=VECTOR('',#9005,9.99999999999999);
#2553=VECTOR('',#9008,10.);
#2554=VECTOR('',#9011,10.);
#2555=VECTOR('',#9014,10.);
#2556=VECTOR('',#9015,10.);
#2557=VECTOR('',#9020,10.);
#2558=VECTOR('',#9023,10.);
#2559=VECTOR('',#9024,10.);
#2560=VECTOR('',#9029,10.);
#2561=VECTOR('',#9032,10.);
#2562=VECTOR('',#9033,10.);
#2563=VECTOR('',#9036,10.);
#2564=VECTOR('',#9037,10.);
#2565=VECTOR('',#9040,10.);
#2566=VECTOR('',#9041,10.);
#2567=VECTOR('',#9042,10.);
#2568=VECTOR('',#9045,10.);
#2569=VECTOR('',#9048,10.);
#2570=VECTOR('',#9051,10.);
#2571=VECTOR('',#9054,10.);
#2572=VECTOR('',#9057,10.);
#2573=VECTOR('',#9082,10.);
#2574=VECTOR('',#9085,10.);
#2575=VECTOR('',#9088,10.);
#2576=VECTOR('',#9089,10.);
#2577=VECTOR('',#9090,10.);
#2578=VECTOR('',#9095,10.);
#2579=VECTOR('',#9100,10.);
#2580=VECTOR('',#9101,10.);
#2581=VECTOR('',#9102,10.);
#2582=VECTOR('',#9105,10.);
#2583=VECTOR('',#9106,10.);
#2584=VECTOR('',#9107,10.);
#2585=VECTOR('',#9110,10.);
#2586=VECTOR('',#9111,10.);
#2587=VECTOR('',#9112,10.);
#2588=VECTOR('',#9115,10.);
#2589=VECTOR('',#9116,10.);
#2590=VECTOR('',#9117,10.);
#2591=VECTOR('',#9120,10.);
#2592=VECTOR('',#9121,10.);
#2593=VECTOR('',#9122,10.);
#2594=VECTOR('',#9127,10.);
#2595=VECTOR('',#9132,10.);
#2596=VECTOR('',#9133,10.);
#2597=VECTOR('',#9134,10.);
#2598=VECTOR('',#9139,10.);
#2599=VECTOR('',#9144,10.);
#2600=VECTOR('',#9145,10.);
#2601=VECTOR('',#9164,10.);
#2602=VECTOR('',#9167,10.);
#2603=VECTOR('',#9170,10.);
#2604=VECTOR('',#9171,10.);
#2605=VECTOR('',#9172,10.);
#2606=VECTOR('',#9179,10.);
#2607=VECTOR('',#9182,10.);
#2608=VECTOR('',#9183,10.);
#2609=VECTOR('',#9186,10.);
#2610=VECTOR('',#9187,10.);
#2611=VECTOR('',#9188,10.);
#2612=VECTOR('',#9189,10.);
#2613=VECTOR('',#9196,10.);
#2614=VECTOR('',#9199,10.);
#2615=VECTOR('',#9200,10.);
#2616=VECTOR('',#9201,10.);
#2617=VECTOR('',#9212,10.);
#2618=VECTOR('',#9215,10.);
#2619=VECTOR('',#9220,10.);
#2620=VECTOR('',#9223,10.);
#2621=VECTOR('',#9226,10.);
#2622=VECTOR('',#9227,10.);
#2623=VECTOR('',#9230,10.);
#2624=VECTOR('',#9231,10.);
#2625=VECTOR('',#9234,10.);
#2626=VECTOR('',#9235,10.);
#2627=VECTOR('',#9236,10.);
#2628=VECTOR('',#9239,10.);
#2629=VECTOR('',#9240,10.);
#2630=VECTOR('',#9241,10.);
#2631=VECTOR('',#9246,10.);
#2632=VECTOR('',#9247,10.);
#2633=VECTOR('',#9248,10.);
#2634=VECTOR('',#9251,10.);
#2635=VECTOR('',#9254,10.);
#2636=VECTOR('',#9259,10.);
#2637=VECTOR('',#9264,10.);
#2638=VECTOR('',#9265,10.);
#2639=VECTOR('',#9266,10.);
#2640=VECTOR('',#9267,10.);
#2641=VECTOR('',#9270,10.);
#2642=VECTOR('',#9271,10.);
#2643=VECTOR('',#9274,10.);
#2644=VECTOR('',#9275,10.);
#2645=VECTOR('',#9286,10.);
#2646=VECTOR('',#9289,10.);
#2647=VECTOR('',#9294,10.);
#2648=VECTOR('',#9297,10.);
#2649=VECTOR('',#9300,10.);
#2650=VECTOR('',#9301,10.);
#2651=VECTOR('',#9304,10.);
#2652=VECTOR('',#9305,10.);
#2653=VECTOR('',#9308,10.);
#2654=VECTOR('',#9309,10.);
#2655=VECTOR('',#9310,10.);
#2656=VECTOR('',#9313,10.);
#2657=VECTOR('',#9314,10.);
#2658=VECTOR('',#9315,10.);
#2659=VECTOR('',#9320,10.);
#2660=VECTOR('',#9321,10.);
#2661=VECTOR('',#9322,10.);
#2662=VECTOR('',#9325,10.);
#2663=VECTOR('',#9328,10.);
#2664=VECTOR('',#9333,10.);
#2665=VECTOR('',#9338,10.);
#2666=VECTOR('',#9339,10.);
#2667=VECTOR('',#9340,10.);
#2668=VECTOR('',#9341,10.);
#2669=VECTOR('',#9344,10.);
#2670=VECTOR('',#9345,10.);
#2671=VECTOR('',#9348,10.);
#2672=VECTOR('',#9349,10.);
#2673=VECTOR('',#9358,10.);
#2674=VECTOR('',#9361,10.);
#2675=VECTOR('',#9366,10.);
#2676=VECTOR('',#9367,10.);
#2677=VECTOR('',#9368,10.);
#2678=VECTOR('',#9369,10.);
#2679=VECTOR('',#9372,10.);
#2680=VECTOR('',#9373,10.);
#2681=VECTOR('',#9374,10.);
#2682=VECTOR('',#9377,10.);
#2683=VECTOR('',#9380,10.);
#2684=VECTOR('',#9383,10.);
#2685=VECTOR('',#9388,10.);
#2686=VECTOR('',#9389,10.);
#2687=VECTOR('',#9392,10.);
#2688=VECTOR('',#9397,10.);
#2689=VECTOR('',#9400,10.);
#2690=VECTOR('',#9401,10.);
#2691=VECTOR('',#9402,10.);
#2692=VECTOR('',#9405,10.);
#2693=VECTOR('',#9406,10.);
#2694=VECTOR('',#9407,10.);
#2695=VECTOR('',#9416,17.5);
#2696=VECTOR('',#9421,17.5);
#2697=VECTOR('',#9426,10.);
#2698=VECTOR('',#9427,10.);
#2699=VECTOR('',#9430,10.);
#2700=VECTOR('',#9431,10.);
#2701=VECTOR('',#9434,10.);
#2702=VECTOR('',#9435,10.);
#2703=VECTOR('',#9448,10.);
#2704=VECTOR('',#9451,10.);
#2705=VECTOR('',#9454,10.);
#2706=VECTOR('',#9455,10.);
#2707=VECTOR('',#9456,10.);
#2708=VECTOR('',#9459,10.);
#2709=VECTOR('',#9462,10.);
#2710=VECTOR('',#9465,10.);
#2711=VECTOR('',#9476,10.);
#2712=VECTOR('',#9479,10.);
#2713=VECTOR('',#9480,10.);
#2714=VECTOR('',#9485,10.);
#2715=VECTOR('',#9488,10.);
#2716=VECTOR('',#9489,10.);
#2717=VECTOR('',#9494,10.);
#2718=VECTOR('',#9499,6.25);
#2719=VECTOR('',#9504,6.25);
#2720=VECTOR('',#9507,10.);
#2721=VECTOR('',#9524,18.3);
#2722=VECTOR('',#9531,21.2);
#2723=VECTOR('',#9550,10.);
#2724=VECTOR('',#9553,10.);
#2725=VECTOR('',#9558,10.);
#2726=VECTOR('',#9559,10.);
#2727=VECTOR('',#9560,10.);
#2728=VECTOR('',#9561,10.);
#2729=VECTOR('',#9564,10.);
#2730=VECTOR('',#9565,10.);
#2731=VECTOR('',#9566,10.);
#2732=VECTOR('',#9569,10.);
#2733=VECTOR('',#9572,10.);
#2734=VECTOR('',#9575,10.);
#2735=VECTOR('',#9580,10.);
#2736=VECTOR('',#9581,10.);
#2737=VECTOR('',#9584,10.);
#2738=VECTOR('',#9589,10.);
#2739=VECTOR('',#9592,10.);
#2740=VECTOR('',#9593,10.);
#2741=VECTOR('',#9594,10.);
#2742=VECTOR('',#9597,10.);
#2743=VECTOR('',#9598,10.);
#2744=VECTOR('',#9599,10.);
#2745=VECTOR('',#9604,10.);
#2746=VECTOR('',#9605,10.);
#2747=VECTOR('',#9608,10.);
#2748=VECTOR('',#9609,10.);
#2749=VECTOR('',#9612,10.);
#2750=VECTOR('',#9613,10.);
#2751=VECTOR('',#9634,7.00000000000004);
#2752=VECTOR('',#9641,7.00000000000004);
#2753=VECTOR('',#9648,7.00000000000004);
#2754=VECTOR('',#9655,7.00000000000004);
#2755=VECTOR('',#9662,6.25000000000008);
#2756=VECTOR('',#9669,6.25000000000009);
#2757=VECTOR('',#9676,6.25000000000008);
#2758=VECTOR('',#9683,6.25000000000009);
#2759=VECTOR('',#9688,10.);
#2760=VECTOR('',#9691,10.);
#2761=VECTOR('',#9694,10.);
#2762=VECTOR('',#9697,10.);
#2763=VECTOR('',#9700,10.);
#2764=VECTOR('',#9701,10.);
#2765=VECTOR('',#9702,10.);
#2766=VECTOR('',#9703,10.);
#2767=VECTOR('',#9706,10.);
#2768=VECTOR('',#9707,10.);
#2769=VECTOR('',#9708,10.);
#2770=VECTOR('',#9711,10.);
#2771=VECTOR('',#9712,10.);
#2772=VECTOR('',#9715,10.);
#2773=VECTOR('',#9716,10.);
#2774=VECTOR('',#9719,10.);
#2775=VECTOR('',#9724,10.);
#2776=VECTOR('',#9725,10.);
#2777=VECTOR('',#9728,10.);
#2778=VECTOR('',#9733,10.);
#2779=VECTOR('',#9734,10.);
#2780=VECTOR('',#9737,10.);
#2781=VECTOR('',#9738,10.);
#2782=VECTOR('',#9743,10.);
#2783=VECTOR('',#9746,10.);
#2784=VECTOR('',#9747,10.);
#2785=VECTOR('',#9752,10.);
#2786=VECTOR('',#9755,10.);
#2787=VECTOR('',#9780,7.00000000000001);
#2788=VECTOR('',#9787,6.99999999999995);
#2789=VECTOR('',#9794,7.);
#2790=VECTOR('',#9801,6.99999999999995);
#2791=VECTOR('',#9808,7.);
#2792=VECTOR('',#9815,6.99999999999995);
#2793=VECTOR('',#9822,7.00000000000001);
#2794=VECTOR('',#9829,6.99999999999995);
#2795=VECTOR('',#9836,7.00000000000001);
#2796=VECTOR('',#9843,6.99999999999995);
#2797=VECTOR('',#9850,7.);
#2798=VECTOR('',#9857,6.99999999999995);
#2799=VECTOR('',#9864,6.99999999999999);
#2800=VECTOR('',#9871,6.99999999999995);
#2801=VECTOR('',#9878,6.99999999999999);
#2802=VECTOR('',#9885,6.99999999999995);
#2803=VECTOR('',#9892,6.99999999999999);
#2804=VECTOR('',#9899,6.99999999999995);
#2805=VECTOR('',#9906,6.25000000000006);
#2806=VECTOR('',#9913,6.25000000000001);
#2807=VECTOR('',#9920,6.25000000000006);
#2808=VECTOR('',#9927,6.25000000000001);
#2809=VECTOR('',#9932,10.);
#2810=VECTOR('',#9933,10.);
#2811=VECTOR('',#9934,10.);
#2812=VECTOR('',#9937,10.);
#2813=VECTOR('',#9940,10.);
#2814=VECTOR('',#9943,10.);
#2815=VECTOR('',#9946,10.);
#2816=VECTOR('',#9947,10.);
#2817=VECTOR('',#9950,10.);
#2818=VECTOR('',#9953,10.);
#2819=VECTOR('',#9956,10.);
#2820=VECTOR('',#9959,10.);
#2821=VECTOR('',#9962,10.);
#2822=VECTOR('',#9963,10.);
#2823=VECTOR('',#9964,10.);
#2824=VECTOR('',#9965,10.);
#2825=VECTOR('',#9968,10.);
#2826=VECTOR('',#9969,10.);
#2827=VECTOR('',#9972,10.);
#2828=VECTOR('',#9975,10.);
#2829=VECTOR('',#9978,10.);
#2830=VECTOR('',#9981,10.);
#2831=VECTOR('',#9984,10.);
#2832=VECTOR('',#9987,10.);
#2833=VECTOR('',#9990,10.);
#2834=VECTOR('',#9993,10.);
#2835=VECTOR('',#9996,10.);
#2836=VECTOR('',#9999,10.);
#2837=VECTOR('',#10016,7.);
#2838=VECTOR('',#10023,7.00000000000001);
#2839=VECTOR('',#10028,10.);
#2840=VECTOR('',#10029,10.);
#2841=VECTOR('',#10030,10.);
#2842=VECTOR('',#10031,10.);
#2843=VECTOR('',#10034,10.);
#2844=VECTOR('',#10035,10.);
#2845=VECTOR('',#10036,10.);
#2846=VECTOR('',#10039,10.);
#2847=VECTOR('',#10040,10.);
#2848=VECTOR('',#10041,10.);
#2849=VECTOR('',#10044,10.);
#2850=VECTOR('',#10045,10.);
#2851=VECTOR('',#10062,10.);
#2852=VECTOR('',#10063,10.);
#2853=VECTOR('',#10064,10.);
#2854=VECTOR('',#10065,10.);
#2855=VECTOR('',#10070,10.);
#2856=VECTOR('',#10075,10.);
#2857=VECTOR('',#10076,10.);
#2858=VECTOR('',#10077,10.);
#2859=VECTOR('',#10082,10.);
#2860=VECTOR('',#10087,10.);
#2861=VECTOR('',#10088,10.);
#2862=VECTOR('',#10089,10.);
#2863=VECTOR('',#10090,10.);
#2864=VECTOR('',#10095,10.);
#2865=VECTOR('',#10100,10.);
#2866=VECTOR('',#10101,10.);
#2867=VECTOR('',#10102,10.);
#2868=VECTOR('',#10107,10.);
#2869=VECTOR('',#10112,10.);
#2870=VECTOR('',#10113,10.);
#2871=VECTOR('',#10114,10.);
#2872=VECTOR('',#10121,10.);
#2873=VECTOR('',#10124,10.);
#2874=VECTOR('',#10125,10.);
#2875=VECTOR('',#10126,10.);
#2876=VECTOR('',#10135,10.);
#2877=VECTOR('',#10136,10.);
#2878=VECTOR('',#10137,10.);
#2879=VECTOR('',#10142,10.);
#2880=VECTOR('',#10147,10.);
#2881=VECTOR('',#10148,10.);
#2882=VECTOR('',#10149,10.);
#2883=VECTOR('',#10174,10.);
#2884=VECTOR('',#10177,10.);
#2885=VECTOR('',#10180,10.);
#2886=VECTOR('',#10181,10.);
#2887=VECTOR('',#10182,10.);
#2888=VECTOR('',#10185,10.);
#2889=VECTOR('',#10188,10.);
#2890=VECTOR('',#10191,10.);
#2891=VECTOR('',#10206,10.);
#2892=VECTOR('',#10209,10.);
#2893=VECTOR('',#10210,10.);
#2894=VECTOR('',#10215,10.);
#2895=VECTOR('',#10218,10.);
#2896=VECTOR('',#10219,10.);
#2897=VECTOR('',#10224,10.);
#2898=VECTOR('',#10227,7.);
#2899=VECTOR('',#10232,7.);
#2900=VECTOR('',#10237,7.);
#2901=VECTOR('',#10242,7.);
#2902=VECTOR('',#10247,10.);
#2903=VECTOR('',#10256,10.);
#2904=VECTOR('',#10259,10.);
#2905=VECTOR('',#10262,10.);
#2906=VECTOR('',#10263,10.);
#2907=VECTOR('',#10264,10.);
#2908=VECTOR('',#10267,10.);
#2909=VECTOR('',#10270,10.);
#2910=VECTOR('',#10271,10.);
#2911=VECTOR('',#10274,10.);
#2912=VECTOR('',#10277,10.);
#2913=VECTOR('',#10280,10.);
#2914=VECTOR('',#10283,10.);
#2915=VECTOR('',#10292,10.);
#2916=VECTOR('',#10293,10.);
#2917=VECTOR('',#10296,10.);
#2918=VECTOR('',#10297,10.);
#2919=VECTOR('',#10302,10.);
#2920=VECTOR('',#10305,10.);
#2921=VECTOR('',#10306,10.);
#2922=VECTOR('',#10311,10.);
#2923=VECTOR('',#10312,10.);
#2924=VECTOR('',#10315,10.);
#2925=VECTOR('',#10320,10.);
#2926=VECTOR('',#10321,10.);
#2927=VECTOR('',#10324,10.);
#2928=VECTOR('',#10325,10.);
#2929=VECTOR('',#10330,10.);
#2930=VECTOR('',#10333,7.);
#2931=VECTOR('',#10338,7.);
#2932=VECTOR('',#10343,10.);
#2933=VECTOR('',#10346,10.);
#2934=VECTOR('',#10349,10.);
#2935=VECTOR('',#10358,10.);
#2936=VECTOR('',#10359,10.);
#2937=VECTOR('',#10360,10.);
#2938=VECTOR('',#10361,10.);
#2939=VECTOR('',#10364,10.);
#2940=VECTOR('',#10365,10.);
#2941=VECTOR('',#10366,10.);
#2942=VECTOR('',#10369,10.);
#2943=VECTOR('',#10370,10.);
#2944=VECTOR('',#10371,10.);
#2945=VECTOR('',#10374,10.);
#2946=VECTOR('',#10375,10.);
#2947=VECTOR('',#10386,7.);
#2948=VECTOR('',#10391,10.);
#2949=VECTOR('',#10392,10.);
#2950=VECTOR('',#10393,10.);
#2951=VECTOR('',#10394,10.);
#2952=VECTOR('',#10401,10.);
#2953=VECTOR('',#10404,10.);
#2954=VECTOR('',#10405,10.);
#2955=VECTOR('',#10406,10.);
#2956=VECTOR('',#10415,10.);
#2957=VECTOR('',#10416,10.);
#2958=VECTOR('',#10417,10.);
#2959=VECTOR('',#10418,10.);
#2960=VECTOR('',#10421,10.);
#2961=VECTOR('',#10422,10.);
#2962=VECTOR('',#10423,10.);
#2963=VECTOR('',#10426,10.);
#2964=VECTOR('',#10427,10.);
#2965=VECTOR('',#10428,10.);
#2966=VECTOR('',#10431,10.);
#2967=VECTOR('',#10432,10.);
#2968=VECTOR('',#10433,10.);
#2969=VECTOR('',#10436,10.);
#2970=VECTOR('',#10437,10.);
#2971=VECTOR('',#10476,18.3);
#2972=VECTOR('',#10483,21.2);
#2973=VECTOR('',#10512,13.95);
#2974=VECTOR('',#10519,16.85);
#2975=VECTOR('',#10538,10.);
#2976=VECTOR('',#10539,10.);
#2977=VECTOR('',#10540,10.);
#2978=VECTOR('',#10541,10.);
#2979=VECTOR('',#10544,10.);
#2980=VECTOR('',#10545,10.);
#2981=VECTOR('',#10546,10.);
#2982=VECTOR('',#10549,10.);
#2983=VECTOR('',#10550,10.);
#2984=VECTOR('',#10551,10.);
#2985=VECTOR('',#10554,10.);
#2986=VECTOR('',#10555,10.);
#2987=VECTOR('',#10566,10.);
#2988=VECTOR('',#10569,10.);
#2989=VECTOR('',#10572,10.);
#2990=VECTOR('',#10573,10.);
#2991=VECTOR('',#10574,10.);
#2992=VECTOR('',#10579,10.);
#2993=VECTOR('',#10584,10.);
#2994=VECTOR('',#10585,10.);
#2995=VECTOR('',#10588,10.);
#2996=VECTOR('',#10589,10.);
#2997=VECTOR('',#10590,10.);
#2998=VECTOR('',#10591,10.);
#2999=VECTOR('',#10596,10.);
#3000=VECTOR('',#10601,10.);
#3001=VECTOR('',#10602,10.);
#3002=VECTOR('',#10603,10.);
#3003=VECTOR('',#10614,10.);
#3004=VECTOR('',#10617,10.);
#3005=VECTOR('',#10622,10.);
#3006=VECTOR('',#10625,10.);
#3007=VECTOR('',#10628,10.);
#3008=VECTOR('',#10629,10.);
#3009=VECTOR('',#10632,10.);
#3010=VECTOR('',#10633,10.);
#3011=VECTOR('',#10636,10.);
#3012=VECTOR('',#10637,10.);
#3013=VECTOR('',#10638,10.);
#3014=VECTOR('',#10643,10.);
#3015=VECTOR('',#10644,10.);
#3016=VECTOR('',#10645,10.);
#3017=VECTOR('',#10648,10.);
#3018=VECTOR('',#10649,10.);
#3019=VECTOR('',#10650,10.);
#3020=VECTOR('',#10653,10.);
#3021=VECTOR('',#10658,10.);
#3022=VECTOR('',#10661,10.);
#3023=VECTOR('',#10666,10.);
#3024=VECTOR('',#10667,10.);
#3025=VECTOR('',#10668,10.);
#3026=VECTOR('',#10669,10.);
#3027=VECTOR('',#10672,10.);
#3028=VECTOR('',#10673,10.);
#3029=VECTOR('',#10676,10.);
#3030=VECTOR('',#10677,10.);
#3031=VECTOR('',#10688,10.);
#3032=VECTOR('',#10691,10.);
#3033=VECTOR('',#10696,10.);
#3034=VECTOR('',#10699,10.);
#3035=VECTOR('',#10702,10.);
#3036=VECTOR('',#10703,10.);
#3037=VECTOR('',#10706,10.);
#3038=VECTOR('',#10707,10.);
#3039=VECTOR('',#10710,10.);
#3040=VECTOR('',#10711,10.);
#3041=VECTOR('',#10712,10.);
#3042=VECTOR('',#10717,10.);
#3043=VECTOR('',#10718,10.);
#3044=VECTOR('',#10719,10.);
#3045=VECTOR('',#10722,10.);
#3046=VECTOR('',#10723,10.);
#3047=VECTOR('',#10724,10.);
#3048=VECTOR('',#10727,10.);
#3049=VECTOR('',#10732,10.);
#3050=VECTOR('',#10735,10.);
#3051=VECTOR('',#10740,10.);
#3052=VECTOR('',#10741,10.);
#3053=VECTOR('',#10742,10.);
#3054=VECTOR('',#10743,10.);
#3055=VECTOR('',#10746,10.);
#3056=VECTOR('',#10747,10.);
#3057=VECTOR('',#10750,10.);
#3058=VECTOR('',#10751,10.);
#3059=VECTOR('',#10762,10.);
#3060=VECTOR('',#10765,10.);
#3061=VECTOR('',#10768,10.);
#3062=VECTOR('',#10769,10.);
#3063=VECTOR('',#10770,10.);
#3064=VECTOR('',#10775,10.);
#3065=VECTOR('',#10778,10.);
#3066=VECTOR('',#10781,10.);
#3067=VECTOR('',#10790,10.);
#3068=VECTOR('',#10793,10.);
#3069=VECTOR('',#10794,10.);
#3070=VECTOR('',#10799,10.);
#3071=VECTOR('',#10802,10.);
#3072=VECTOR('',#10803,10.);
#3073=VECTOR('',#10808,10.);
#3074=VECTOR('',#10813,6.25);
#3075=VECTOR('',#10818,6.25);
#3076=VECTOR('',#10821,10.);
#3077=VECTOR('',#10860,18.7);
#3078=VECTOR('',#10867,21.2);
#3079=VECTOR('',#10928,14.25);
#3080=VECTOR('',#10931,16.85);
#3081=VECTOR('',#10954,10.);
#3082=VECTOR('',#10955,10.);
#3083=VECTOR('',#10956,10.);
#3084=VECTOR('',#10957,10.);
#3085=VECTOR('',#10960,10.);
#3086=VECTOR('',#10963,10.);
#3087=VECTOR('',#10966,10.);
#3088=VECTOR('',#10967,10.);
#3089=VECTOR('',#10968,10.);
#3090=VECTOR('',#10971,10.);
#3091=VECTOR('',#10976,10.);
#3092=VECTOR('',#10977,10.);
#3093=VECTOR('',#10980,10.);
#3094=VECTOR('',#10985,10.);
#3095=VECTOR('',#10986,10.);
#3096=VECTOR('',#10989,10.);
#3097=VECTOR('',#10990,10.);
#3098=VECTOR('',#10993,10.);
#3099=VECTOR('',#10994,10.);
#3100=VECTOR('',#10997,10.);
#3101=VECTOR('',#10998,10.);
#3102=CIRCLE('',#8045,7.00000000000002);
#3103=CIRCLE('',#8048,7.00000000000002);
#3104=CIRCLE('',#8051,7.00000000000002);
#3105=CIRCLE('',#8054,7.00000000000002);
#3106=CIRCLE('',#8064,5.);
#3107=CIRCLE('',#8067,10.);
#3108=CIRCLE('',#8070,10.);
#3109=CIRCLE('',#8073,5.);
#3110=CIRCLE('',#8111,10.);
#3111=CIRCLE('',#8112,10.);
#3112=CIRCLE('',#8115,5.);
#3113=CIRCLE('',#8116,5.);
#3114=CIRCLE('',#8123,5.);
#3115=CIRCLE('',#8124,5.);
#3116=CIRCLE('',#8127,10.);
#3117=CIRCLE('',#8128,10.);
#3118=CIRCLE('',#8138,17.5);
#3119=CIRCLE('',#8139,17.5);
#3120=CIRCLE('',#8142,17.5);
#3121=CIRCLE('',#8143,17.5);
#3122=CIRCLE('',#8147,17.5);
#3123=CIRCLE('',#8148,17.5);
#3124=CIRCLE('',#8151,17.5);
#3125=CIRCLE('',#8152,17.5);
#3126=CIRCLE('',#8154,10.);
#3127=CIRCLE('',#8155,5.);
#3128=CIRCLE('',#8157,10.);
#3129=CIRCLE('',#8158,5.);
#3130=CIRCLE('',#8163,24.15);
#3131=CIRCLE('',#8167,24.15);
#3132=CIRCLE('',#8177,10.);
#3133=CIRCLE('',#8178,5.);
#3134=CIRCLE('',#8180,10.);
#3135=CIRCLE('',#8181,5.);
#3136=CIRCLE('',#8186,24.15);
#3137=CIRCLE('',#8190,24.15);
#3138=CIRCLE('',#8200,5.);
#3139=CIRCLE('',#8201,5.);
#3140=CIRCLE('',#8205,10.);
#3141=CIRCLE('',#8207,10.);
#3142=CIRCLE('',#8214,24.5);
#3143=CIRCLE('',#8215,17.5);
#3144=CIRCLE('',#8216,17.5);
#3145=CIRCLE('',#8218,17.5);
#3146=CIRCLE('',#8220,17.5);
#3147=CIRCLE('',#8225,24.5);
#3148=CIRCLE('',#8229,10.);
#3149=CIRCLE('',#8230,10.);
#3150=CIRCLE('',#8233,10.);
#3151=CIRCLE('',#8234,10.);
#3152=CIRCLE('',#8235,10.);
#3153=CIRCLE('',#8236,6.25);
#3154=CIRCLE('',#8237,6.25);
#3155=CIRCLE('',#8239,10.);
#3156=CIRCLE('',#8242,10.);
#3157=CIRCLE('',#8245,10.);
#3158=CIRCLE('',#8247,6.25);
#3159=CIRCLE('',#8249,6.25);
#3160=CIRCLE('',#8258,18.3);
#3161=CIRCLE('',#8259,18.3);
#3162=CIRCLE('',#8261,21.2);
#3163=CIRCLE('',#8262,21.2);
#3164=CIRCLE('',#8271,5.);
#3165=CIRCLE('',#8272,5.);
#3166=CIRCLE('',#8276,10.);
#3167=CIRCLE('',#8278,10.);
#3168=CIRCLE('',#8285,24.5);
#3169=CIRCLE('',#8290,24.5);
#3170=CIRCLE('',#8298,7.00000000000004);
#3171=CIRCLE('',#8301,7.00000000000004);
#3172=CIRCLE('',#8304,7.00000000000004);
#3173=CIRCLE('',#8307,7.00000000000004);
#3174=CIRCLE('',#8310,6.25000000000008);
#3175=CIRCLE('',#8313,6.25000000000009);
#3176=CIRCLE('',#8316,6.25000000000008);
#3177=CIRCLE('',#8319,6.25000000000009);
#3178=CIRCLE('',#8330,5.);
#3179=CIRCLE('',#8333,10.);
#3180=CIRCLE('',#8337,5.);
#3181=CIRCLE('',#8340,10.);
#3182=CIRCLE('',#8353,7.00000000000001);
#3183=CIRCLE('',#8354,7.00000000000001);
#3184=CIRCLE('',#8356,6.99999999999995);
#3185=CIRCLE('',#8357,6.99999999999995);
#3186=CIRCLE('',#8359,7.);
#3187=CIRCLE('',#8360,7.);
#3188=CIRCLE('',#8362,6.99999999999995);
#3189=CIRCLE('',#8363,6.99999999999995);
#3190=CIRCLE('',#8365,7.);
#3191=CIRCLE('',#8366,7.);
#3192=CIRCLE('',#8368,6.99999999999995);
#3193=CIRCLE('',#8369,6.99999999999995);
#3194=CIRCLE('',#8371,7.00000000000001);
#3195=CIRCLE('',#8372,7.00000000000001);
#3196=CIRCLE('',#8374,6.99999999999995);
#3197=CIRCLE('',#8375,6.99999999999995);
#3198=CIRCLE('',#8377,7.00000000000001);
#3199=CIRCLE('',#8378,7.00000000000001);
#3200=CIRCLE('',#8380,6.99999999999995);
#3201=CIRCLE('',#8381,6.99999999999995);
#3202=CIRCLE('',#8383,7.);
#3203=CIRCLE('',#8384,7.);
#3204=CIRCLE('',#8386,6.99999999999995);
#3205=CIRCLE('',#8387,6.99999999999995);
#3206=CIRCLE('',#8389,6.99999999999999);
#3207=CIRCLE('',#8390,6.99999999999999);
#3208=CIRCLE('',#8392,6.99999999999995);
#3209=CIRCLE('',#8393,6.99999999999995);
#3210=CIRCLE('',#8395,6.99999999999999);
#3211=CIRCLE('',#8396,6.99999999999999);
#3212=CIRCLE('',#8398,6.99999999999995);
#3213=CIRCLE('',#8399,6.99999999999995);
#3214=CIRCLE('',#8401,6.99999999999999);
#3215=CIRCLE('',#8402,6.99999999999999);
#3216=CIRCLE('',#8404,6.99999999999995);
#3217=CIRCLE('',#8405,6.99999999999995);
#3218=CIRCLE('',#8407,6.25000000000006);
#3219=CIRCLE('',#8410,6.25000000000001);
#3220=CIRCLE('',#8413,6.25000000000006);
#3221=CIRCLE('',#8416,6.25000000000001);
#3222=CIRCLE('',#8446,7.);
#3223=CIRCLE('',#8447,7.);
#3224=CIRCLE('',#8449,7.00000000000001);
#3225=CIRCLE('',#8450,7.00000000000001);
#3226=CIRCLE('',#8464,4.5);
#3227=CIRCLE('',#8465,4.5);
#3228=CIRCLE('',#8468,4.49999999999999);
#3229=CIRCLE('',#8469,4.49999999999999);
#3230=CIRCLE('',#8472,9.);
#3231=CIRCLE('',#8473,9.);
#3232=CIRCLE('',#8476,9.);
#3233=CIRCLE('',#8477,9.);
#3234=CIRCLE('',#8480,4.5);
#3235=CIRCLE('',#8481,4.5);
#3236=CIRCLE('',#8484,4.5);
#3237=CIRCLE('',#8485,4.5);
#3238=CIRCLE('',#8488,9.);
#3239=CIRCLE('',#8489,9.);
#3240=CIRCLE('',#8492,9.);
#3241=CIRCLE('',#8493,9.);
#3242=CIRCLE('',#8502,5.);
#3243=CIRCLE('',#8503,5.);
#3244=CIRCLE('',#8506,5.);
#3245=CIRCLE('',#8507,5.);
#3246=CIRCLE('',#8508,5.);
#3247=CIRCLE('',#8509,7.);
#3248=CIRCLE('',#8510,7.);
#3249=CIRCLE('',#8511,7.);
#3250=CIRCLE('',#8512,7.);
#3251=CIRCLE('',#8514,5.);
#3252=CIRCLE('',#8517,5.);
#3253=CIRCLE('',#8520,5.);
#3254=CIRCLE('',#8522,7.);
#3255=CIRCLE('',#8524,7.);
#3256=CIRCLE('',#8526,7.);
#3257=CIRCLE('',#8528,7.);
#3258=CIRCLE('',#8533,2.);
#3259=CIRCLE('',#8534,2.);
#3260=CIRCLE('',#8537,2.);
#3261=CIRCLE('',#8538,2.);
#3262=CIRCLE('',#8539,2.);
#3263=CIRCLE('',#8540,2.);
#3264=CIRCLE('',#8541,2.);
#3265=CIRCLE('',#8542,7.);
#3266=CIRCLE('',#8543,7.);
#3267=CIRCLE('',#8545,2.);
#3268=CIRCLE('',#8548,2.);
#3269=CIRCLE('',#8551,2.);
#3270=CIRCLE('',#8554,2.);
#3271=CIRCLE('',#8557,2.);
#3272=CIRCLE('',#8559,7.);
#3273=CIRCLE('',#8561,7.);
#3274=CIRCLE('',#8576,7.);
#3275=CIRCLE('',#8577,7.);
#3276=CIRCLE('',#8580,7.);
#3277=CIRCLE('',#8581,7.);
#3278=CIRCLE('',#8584,7.);
#3279=CIRCLE('',#8585,7.);
#3280=CIRCLE('',#8600,39.1);
#3281=CIRCLE('',#8602,36.1);
#3282=CIRCLE('',#8609,18.3);
#3283=CIRCLE('',#8610,18.3);
#3284=CIRCLE('',#8612,21.2);
#3285=CIRCLE('',#8613,21.2);
#3286=CIRCLE('',#8626,13.95);
#3287=CIRCLE('',#8627,13.95);
#3288=CIRCLE('',#8629,16.85);
#3289=CIRCLE('',#8630,16.85);
#3290=CIRCLE('',#8646,17.5);
#3291=CIRCLE('',#8647,17.5);
#3292=CIRCLE('',#8650,17.5);
#3293=CIRCLE('',#8651,17.5);
#3294=CIRCLE('',#8655,17.5);
#3295=CIRCLE('',#8656,17.5);
#3296=CIRCLE('',#8659,17.5);
#3297=CIRCLE('',#8660,17.5);
#3298=CIRCLE('',#8662,10.);
#3299=CIRCLE('',#8663,5.);
#3300=CIRCLE('',#8665,10.);
#3301=CIRCLE('',#8666,5.);
#3302=CIRCLE('',#8671,24.15);
#3303=CIRCLE('',#8675,24.15);
#3304=CIRCLE('',#8685,10.);
#3305=CIRCLE('',#8686,5.);
#3306=CIRCLE('',#8688,10.);
#3307=CIRCLE('',#8689,5.);
#3308=CIRCLE('',#8694,24.15);
#3309=CIRCLE('',#8698,24.15);
#3310=CIRCLE('',#8708,10.);
#3311=CIRCLE('',#8709,10.);
#3312=CIRCLE('',#8712,10.);
#3313=CIRCLE('',#8713,10.);
#3314=CIRCLE('',#8714,10.);
#3315=CIRCLE('',#8715,6.25);
#3316=CIRCLE('',#8716,6.25);
#3317=CIRCLE('',#8718,10.);
#3318=CIRCLE('',#8721,10.);
#3319=CIRCLE('',#8724,10.);
#3320=CIRCLE('',#8726,6.25);
#3321=CIRCLE('',#8728,6.25);
#3322=CIRCLE('',#8733,18.1);
#3323=CIRCLE('',#8734,39.1);
#3324=CIRCLE('',#8735,18.1);
#3325=CIRCLE('',#8737,21.1);
#3326=CIRCLE('',#8738,36.1);
#3327=CIRCLE('',#8739,21.1);
#3328=CIRCLE('',#8748,18.7);
#3329=CIRCLE('',#8749,18.7);
#3330=CIRCLE('',#8751,21.2);
#3331=CIRCLE('',#8752,21.2);
#3332=CIRCLE('',#8761,18.1);
#3333=CIRCLE('',#8762,39.1);
#3334=CIRCLE('',#8763,18.1);
#3335=CIRCLE('',#8765,21.1);
#3336=CIRCLE('',#8766,36.1);
#3337=CIRCLE('',#8767,21.1);
#3338=CIRCLE('',#8798,7.);
#3339=CIRCLE('',#8801,3.5);
#3340=CIRCLE('',#8807,3.5);
#3341=VERTEX_POINT('',#11142);
#3342=VERTEX_POINT('',#11144);
#3343=VERTEX_POINT('',#11148);
#3344=VERTEX_POINT('',#11150);
#3345=VERTEX_POINT('',#11154);
#3346=VERTEX_POINT('',#11156);
#3347=VERTEX_POINT('',#11160);
#3348=VERTEX_POINT('',#11162);
#3349=VERTEX_POINT('',#11166);
#3350=VERTEX_POINT('',#11167);
#3351=VERTEX_POINT('',#11169);
#3352=VERTEX_POINT('',#11171);
#3353=VERTEX_POINT('',#11173);
#3354=VERTEX_POINT('',#11175);
#3355=VERTEX_POINT('',#11177);
#3356=VERTEX_POINT('',#11179);
#3357=VERTEX_POINT('',#11181);
#3358=VERTEX_POINT('',#11183);
#3359=VERTEX_POINT('',#11185);
#3360=VERTEX_POINT('',#11187);
#3361=VERTEX_POINT('',#11191);
#3362=VERTEX_POINT('',#11193);
#3363=VERTEX_POINT('',#11197);
#3364=VERTEX_POINT('',#11201);
#3365=VERTEX_POINT('',#11205);
#3366=VERTEX_POINT('',#11209);
#3367=VERTEX_POINT('',#11213);
#3368=VERTEX_POINT('',#11217);
#3369=VERTEX_POINT('',#11221);
#3370=VERTEX_POINT('',#11225);
#3371=VERTEX_POINT('',#11229);
#3372=VERTEX_POINT('',#11233);
#3373=VERTEX_POINT('',#11241);
#3374=VERTEX_POINT('',#11242);
#3375=VERTEX_POINT('',#11244);
#3376=VERTEX_POINT('',#11246);
#3377=VERTEX_POINT('',#11248);
#3378=VERTEX_POINT('',#11250);
#3379=VERTEX_POINT('',#11252);
#3380=VERTEX_POINT('',#11254);
#3381=VERTEX_POINT('',#11256);
#3382=VERTEX_POINT('',#11258);
#3383=VERTEX_POINT('',#11260);
#3384=VERTEX_POINT('',#11262);
#3385=VERTEX_POINT('',#11266);
#3386=VERTEX_POINT('',#11268);
#3387=VERTEX_POINT('',#11272);
#3388=VERTEX_POINT('',#11276);
#3389=VERTEX_POINT('',#11280);
#3390=VERTEX_POINT('',#11284);
#3391=VERTEX_POINT('',#11288);
#3392=VERTEX_POINT('',#11292);
#3393=VERTEX_POINT('',#11294);
#3394=VERTEX_POINT('',#11296);
#3395=VERTEX_POINT('',#11298);
#3396=VERTEX_POINT('',#11300);
#3397=VERTEX_POINT('',#11324);
#3398=VERTEX_POINT('',#11325);
#3399=VERTEX_POINT('',#11327);
#3400=VERTEX_POINT('',#11329);
#3401=VERTEX_POINT('',#11333);
#3402=VERTEX_POINT('',#11335);
#3403=VERTEX_POINT('',#11339);
#3404=VERTEX_POINT('',#11341);
#3405=VERTEX_POINT('',#11345);
#3406=VERTEX_POINT('',#11347);
#3407=VERTEX_POINT('',#11351);
#3408=VERTEX_POINT('',#11353);
#3409=VERTEX_POINT('',#11357);
#3410=VERTEX_POINT('',#11359);
#3411=VERTEX_POINT('',#11363);
#3412=VERTEX_POINT('',#11365);
#3413=VERTEX_POINT('',#11369);
#3414=VERTEX_POINT('',#11371);
#3415=VERTEX_POINT('',#11375);
#3416=VERTEX_POINT('',#11377);
#3417=VERTEX_POINT('',#11381);
#3418=VERTEX_POINT('',#11383);
#3419=VERTEX_POINT('',#11387);
#3420=VERTEX_POINT('',#11389);
#3421=VERTEX_POINT('',#11403);
#3422=VERTEX_POINT('',#11404);
#3423=VERTEX_POINT('',#11406);
#3424=VERTEX_POINT('',#11408);
#3425=VERTEX_POINT('',#11412);
#3426=VERTEX_POINT('',#11414);
#3427=VERTEX_POINT('',#11418);
#3428=VERTEX_POINT('',#11420);
#3429=VERTEX_POINT('',#11427);
#3430=VERTEX_POINT('',#11428);
#3431=VERTEX_POINT('',#11430);
#3432=VERTEX_POINT('',#11432);
#3433=VERTEX_POINT('',#11436);
#3434=VERTEX_POINT('',#11438);
#3435=VERTEX_POINT('',#11442);
#3436=VERTEX_POINT('',#11444);
#3437=VERTEX_POINT('',#11451);
#3438=VERTEX_POINT('',#11452);
#3439=VERTEX_POINT('',#11454);
#3440=VERTEX_POINT('',#11456);
#3441=VERTEX_POINT('',#11460);
#3442=VERTEX_POINT('',#11461);
#3443=VERTEX_POINT('',#11463);
#3444=VERTEX_POINT('',#11465);
#3445=VERTEX_POINT('',#11475);
#3446=VERTEX_POINT('',#11477);
#3447=VERTEX_POINT('',#11481);
#3448=VERTEX_POINT('',#11483);
#3449=VERTEX_POINT('',#11485);
#3450=VERTEX_POINT('',#11489);
#3451=VERTEX_POINT('',#11491);
#3452=VERTEX_POINT('',#11497);
#3453=VERTEX_POINT('',#11504);
#3454=VERTEX_POINT('',#11505);
#3455=VERTEX_POINT('',#11507);
#3456=VERTEX_POINT('',#11509);
#3457=VERTEX_POINT('',#11522);
#3458=VERTEX_POINT('',#11523);
#3459=VERTEX_POINT('',#11525);
#3460=VERTEX_POINT('',#11527);
#3461=VERTEX_POINT('',#11531);
#3462=VERTEX_POINT('',#11532);
#3463=VERTEX_POINT('',#11534);
#3464=VERTEX_POINT('',#11536);
#3465=VERTEX_POINT('',#11546);
#3466=VERTEX_POINT('',#11548);
#3467=VERTEX_POINT('',#11552);
#3468=VERTEX_POINT('',#11554);
#3469=VERTEX_POINT('',#11556);
#3470=VERTEX_POINT('',#11560);
#3471=VERTEX_POINT('',#11562);
#3472=VERTEX_POINT('',#11568);
#3473=VERTEX_POINT('',#11575);
#3474=VERTEX_POINT('',#11576);
#3475=VERTEX_POINT('',#11578);
#3476=VERTEX_POINT('',#11580);
#3477=VERTEX_POINT('',#11593);
#3478=VERTEX_POINT('',#11594);
#3479=VERTEX_POINT('',#11596);
#3480=VERTEX_POINT('',#11598);
#3481=VERTEX_POINT('',#11602);
#3482=VERTEX_POINT('',#11604);
#3483=VERTEX_POINT('',#11606);
#3484=VERTEX_POINT('',#11610);
#3485=VERTEX_POINT('',#11612);
#3486=VERTEX_POINT('',#11617);
#3487=VERTEX_POINT('',#11621);
#3488=VERTEX_POINT('',#11625);
#3489=VERTEX_POINT('',#11634);
#3490=VERTEX_POINT('',#11636);
#3491=VERTEX_POINT('',#11640);
#3492=VERTEX_POINT('',#11642);
#3493=VERTEX_POINT('',#11644);
#3494=VERTEX_POINT('',#11647);
#3495=VERTEX_POINT('',#11649);
#3496=VERTEX_POINT('',#11652);
#3497=VERTEX_POINT('',#11656);
#3498=VERTEX_POINT('',#11660);
#3499=VERTEX_POINT('',#11664);
#3500=VERTEX_POINT('',#11668);
#3501=VERTEX_POINT('',#11676);
#3502=VERTEX_POINT('',#11677);
#3503=VERTEX_POINT('',#11679);
#3504=VERTEX_POINT('',#11681);
#3505=VERTEX_POINT('',#11685);
#3506=VERTEX_POINT('',#11687);
#3507=VERTEX_POINT('',#11691);
#3508=VERTEX_POINT('',#11693);
#3509=VERTEX_POINT('',#11695);
#3510=VERTEX_POINT('',#11697);
#3511=VERTEX_POINT('',#11699);
#3512=VERTEX_POINT('',#11702);
#3513=VERTEX_POINT('',#11704);
#3514=VERTEX_POINT('',#11707);
#3515=VERTEX_POINT('',#11711);
#3516=VERTEX_POINT('',#11715);
#3517=VERTEX_POINT('',#11719);
#3518=VERTEX_POINT('',#11723);
#3519=VERTEX_POINT('',#11727);
#3520=VERTEX_POINT('',#11731);
#3521=VERTEX_POINT('',#11743);
#3522=VERTEX_POINT('',#11745);
#3523=VERTEX_POINT('',#11749);
#3524=VERTEX_POINT('',#11751);
#3525=VERTEX_POINT('',#11763);
#3526=VERTEX_POINT('',#11764);
#3527=VERTEX_POINT('',#11766);
#3528=VERTEX_POINT('',#11768);
#3529=VERTEX_POINT('',#11772);
#3530=VERTEX_POINT('',#11774);
#3531=VERTEX_POINT('',#11776);
#3532=VERTEX_POINT('',#11780);
#3533=VERTEX_POINT('',#11782);
#3534=VERTEX_POINT('',#11787);
#3535=VERTEX_POINT('',#11791);
#3536=VERTEX_POINT('',#11795);
#3537=VERTEX_POINT('',#11804);
#3538=VERTEX_POINT('',#11806);
#3539=VERTEX_POINT('',#11810);
#3540=VERTEX_POINT('',#11812);
#3541=VERTEX_POINT('',#11814);
#3542=VERTEX_POINT('',#11818);
#3543=VERTEX_POINT('',#11822);
#3544=VERTEX_POINT('',#11826);
#3545=VERTEX_POINT('',#11838);
#3546=VERTEX_POINT('',#11840);
#3547=VERTEX_POINT('',#11844);
#3548=VERTEX_POINT('',#11846);
#3549=VERTEX_POINT('',#11850);
#3550=VERTEX_POINT('',#11852);
#3551=VERTEX_POINT('',#11856);
#3552=VERTEX_POINT('',#11858);
#3553=VERTEX_POINT('',#11862);
#3554=VERTEX_POINT('',#11864);
#3555=VERTEX_POINT('',#11868);
#3556=VERTEX_POINT('',#11870);
#3557=VERTEX_POINT('',#11874);
#3558=VERTEX_POINT('',#11876);
#3559=VERTEX_POINT('',#11880);
#3560=VERTEX_POINT('',#11882);
#3561=VERTEX_POINT('',#11886);
#3562=VERTEX_POINT('',#11887);
#3563=VERTEX_POINT('',#11889);
#3564=VERTEX_POINT('',#11891);
#3565=VERTEX_POINT('',#11893);
#3566=VERTEX_POINT('',#11895);
#3567=VERTEX_POINT('',#11897);
#3568=VERTEX_POINT('',#11899);
#3569=VERTEX_POINT('',#11901);
#3570=VERTEX_POINT('',#11903);
#3571=VERTEX_POINT('',#11905);
#3572=VERTEX_POINT('',#11907);
#3573=VERTEX_POINT('',#11911);
#3574=VERTEX_POINT('',#11913);
#3575=VERTEX_POINT('',#11917);
#3576=VERTEX_POINT('',#11921);
#3577=VERTEX_POINT('',#11925);
#3578=VERTEX_POINT('',#11929);
#3579=VERTEX_POINT('',#11933);
#3580=VERTEX_POINT('',#11937);
#3581=VERTEX_POINT('',#11941);
#3582=VERTEX_POINT('',#11945);
#3583=VERTEX_POINT('',#11949);
#3584=VERTEX_POINT('',#11953);
#3585=VERTEX_POINT('',#11969);
#3586=VERTEX_POINT('',#11971);
#3587=VERTEX_POINT('',#11975);
#3588=VERTEX_POINT('',#11977);
#3589=VERTEX_POINT('',#11981);
#3590=VERTEX_POINT('',#11983);
#3591=VERTEX_POINT('',#11987);
#3592=VERTEX_POINT('',#11989);
#3593=VERTEX_POINT('',#11993);
#3594=VERTEX_POINT('',#11995);
#3595=VERTEX_POINT('',#11999);
#3596=VERTEX_POINT('',#12001);
#3597=VERTEX_POINT('',#12005);
#3598=VERTEX_POINT('',#12007);
#3599=VERTEX_POINT('',#12011);
#3600=VERTEX_POINT('',#12013);
#3601=VERTEX_POINT('',#12017);
#3602=VERTEX_POINT('',#12019);
#3603=VERTEX_POINT('',#12023);
#3604=VERTEX_POINT('',#12025);
#3605=VERTEX_POINT('',#12029);
#3606=VERTEX_POINT('',#12031);
#3607=VERTEX_POINT('',#12035);
#3608=VERTEX_POINT('',#12037);
#3609=VERTEX_POINT('',#12041);
#3610=VERTEX_POINT('',#12043);
#3611=VERTEX_POINT('',#12047);
#3612=VERTEX_POINT('',#12049);
#3613=VERTEX_POINT('',#12053);
#3614=VERTEX_POINT('',#12055);
#3615=VERTEX_POINT('',#12059);
#3616=VERTEX_POINT('',#12061);
#3617=VERTEX_POINT('',#12065);
#3618=VERTEX_POINT('',#12067);
#3619=VERTEX_POINT('',#12071);
#3620=VERTEX_POINT('',#12073);
#3621=VERTEX_POINT('',#12077);
#3622=VERTEX_POINT('',#12079);
#3623=VERTEX_POINT('',#12083);
#3624=VERTEX_POINT('',#12085);
#3625=VERTEX_POINT('',#12089);
#3626=VERTEX_POINT('',#12091);
#3627=VERTEX_POINT('',#12095);
#3628=VERTEX_POINT('',#12097);
#3629=VERTEX_POINT('',#12101);
#3630=VERTEX_POINT('',#12102);
#3631=VERTEX_POINT('',#12104);
#3632=VERTEX_POINT('',#12106);
#3633=VERTEX_POINT('',#12108);
#3634=VERTEX_POINT('',#12110);
#3635=VERTEX_POINT('',#12112);
#3636=VERTEX_POINT('',#12114);
#3637=VERTEX_POINT('',#12116);
#3638=VERTEX_POINT('',#12118);
#3639=VERTEX_POINT('',#12120);
#3640=VERTEX_POINT('',#12122);
#3641=VERTEX_POINT('',#12126);
#3642=VERTEX_POINT('',#12127);
#3643=VERTEX_POINT('',#12129);
#3644=VERTEX_POINT('',#12131);
#3645=VERTEX_POINT('',#12133);
#3646=VERTEX_POINT('',#12135);
#3647=VERTEX_POINT('',#12137);
#3648=VERTEX_POINT('',#12139);
#3649=VERTEX_POINT('',#12141);
#3650=VERTEX_POINT('',#12143);
#3651=VERTEX_POINT('',#12145);
#3652=VERTEX_POINT('',#12147);
#3653=VERTEX_POINT('',#12180);
#3654=VERTEX_POINT('',#12182);
#3655=VERTEX_POINT('',#12186);
#3656=VERTEX_POINT('',#12188);
#3657=VERTEX_POINT('',#12192);
#3658=VERTEX_POINT('',#12193);
#3659=VERTEX_POINT('',#12195);
#3660=VERTEX_POINT('',#12197);
#3661=VERTEX_POINT('',#12201);
#3662=VERTEX_POINT('',#12203);
#3663=VERTEX_POINT('',#12207);
#3664=VERTEX_POINT('',#12209);
#3665=VERTEX_POINT('',#12223);
#3666=VERTEX_POINT('',#12224);
#3667=VERTEX_POINT('',#12226);
#3668=VERTEX_POINT('',#12228);
#3669=VERTEX_POINT('',#12232);
#3670=VERTEX_POINT('',#12234);
#3671=VERTEX_POINT('',#12238);
#3672=VERTEX_POINT('',#12240);
#3673=VERTEX_POINT('',#12244);
#3674=VERTEX_POINT('',#12246);
#3675=VERTEX_POINT('',#12250);
#3676=VERTEX_POINT('',#12251);
#3677=VERTEX_POINT('',#12253);
#3678=VERTEX_POINT('',#12255);
#3679=VERTEX_POINT('',#12259);
#3680=VERTEX_POINT('',#12261);
#3681=VERTEX_POINT('',#12265);
#3682=VERTEX_POINT('',#12267);
#3683=VERTEX_POINT('',#12271);
#3684=VERTEX_POINT('',#12273);
#3685=VERTEX_POINT('',#12277);
#3686=VERTEX_POINT('',#12279);
#3687=VERTEX_POINT('',#12283);
#3688=VERTEX_POINT('',#12285);
#3689=VERTEX_POINT('',#12289);
#3690=VERTEX_POINT('',#12291);
#3691=VERTEX_POINT('',#12298);
#3692=VERTEX_POINT('',#12300);
#3693=VERTEX_POINT('',#12304);
#3694=VERTEX_POINT('',#12306);
#3695=VERTEX_POINT('',#12310);
#3696=VERTEX_POINT('',#12312);
#3697=VERTEX_POINT('',#12326);
#3698=VERTEX_POINT('',#12327);
#3699=VERTEX_POINT('',#12329);
#3700=VERTEX_POINT('',#12331);
#3701=VERTEX_POINT('',#12335);
#3702=VERTEX_POINT('',#12337);
#3703=VERTEX_POINT('',#12341);
#3704=VERTEX_POINT('',#12343);
#3705=VERTEX_POINT('',#12345);
#3706=VERTEX_POINT('',#12347);
#3707=VERTEX_POINT('',#12349);
#3708=VERTEX_POINT('',#12352);
#3709=VERTEX_POINT('',#12354);
#3710=VERTEX_POINT('',#12356);
#3711=VERTEX_POINT('',#12358);
#3712=VERTEX_POINT('',#12361);
#3713=VERTEX_POINT('',#12365);
#3714=VERTEX_POINT('',#12369);
#3715=VERTEX_POINT('',#12373);
#3716=VERTEX_POINT('',#12377);
#3717=VERTEX_POINT('',#12381);
#3718=VERTEX_POINT('',#12385);
#3719=VERTEX_POINT('',#12389);
#3720=VERTEX_POINT('',#12393);
#3721=VERTEX_POINT('',#12401);
#3722=VERTEX_POINT('',#12402);
#3723=VERTEX_POINT('',#12404);
#3724=VERTEX_POINT('',#12406);
#3725=VERTEX_POINT('',#12410);
#3726=VERTEX_POINT('',#12412);
#3727=VERTEX_POINT('',#12416);
#3728=VERTEX_POINT('',#12418);
#3729=VERTEX_POINT('',#12420);
#3730=VERTEX_POINT('',#12422);
#3731=VERTEX_POINT('',#12424);
#3732=VERTEX_POINT('',#12426);
#3733=VERTEX_POINT('',#12428);
#3734=VERTEX_POINT('',#12430);
#3735=VERTEX_POINT('',#12432);
#3736=VERTEX_POINT('',#12434);
#3737=VERTEX_POINT('',#12436);
#3738=VERTEX_POINT('',#12439);
#3739=VERTEX_POINT('',#12441);
#3740=VERTEX_POINT('',#12444);
#3741=VERTEX_POINT('',#12445);
#3742=VERTEX_POINT('',#12450);
#3743=VERTEX_POINT('',#12454);
#3744=VERTEX_POINT('',#12458);
#3745=VERTEX_POINT('',#12462);
#3746=VERTEX_POINT('',#12463);
#3747=VERTEX_POINT('',#12470);
#3748=VERTEX_POINT('',#12471);
#3749=VERTEX_POINT('',#12476);
#3750=VERTEX_POINT('',#12480);
#3751=VERTEX_POINT('',#12484);
#3752=VERTEX_POINT('',#12488);
#3753=VERTEX_POINT('',#12501);
#3754=VERTEX_POINT('',#12502);
#3755=VERTEX_POINT('',#12504);
#3756=VERTEX_POINT('',#12506);
#3757=VERTEX_POINT('',#12510);
#3758=VERTEX_POINT('',#12512);
#3759=VERTEX_POINT('',#12516);
#3760=VERTEX_POINT('',#12518);
#3761=VERTEX_POINT('',#12528);
#3762=VERTEX_POINT('',#12530);
#3763=VERTEX_POINT('',#12534);
#3764=VERTEX_POINT('',#12535);
#3765=VERTEX_POINT('',#12537);
#3766=VERTEX_POINT('',#12539);
#3767=VERTEX_POINT('',#12543);
#3768=VERTEX_POINT('',#12545);
#3769=VERTEX_POINT('',#12549);
#3770=VERTEX_POINT('',#12551);
#3771=VERTEX_POINT('',#12558);
#3772=VERTEX_POINT('',#12559);
#3773=VERTEX_POINT('',#12561);
#3774=VERTEX_POINT('',#12563);
#3775=VERTEX_POINT('',#12567);
#3776=VERTEX_POINT('',#12569);
#3777=VERTEX_POINT('',#12573);
#3778=VERTEX_POINT('',#12575);
#3779=VERTEX_POINT('',#12579);
#3780=VERTEX_POINT('',#12581);
#3781=VERTEX_POINT('',#12594);
#3782=VERTEX_POINT('',#12595);
#3783=VERTEX_POINT('',#12664);
#3784=VERTEX_POINT('',#12665);
#3785=VERTEX_POINT('',#12735);
#3786=VERTEX_POINT('',#12736);
#3787=VERTEX_POINT('',#12805);
#3788=VERTEX_POINT('',#12806);
#3789=VERTEX_POINT('',#12887);
#3790=VERTEX_POINT('',#12889);
#3791=VERTEX_POINT('',#12893);
#3792=VERTEX_POINT('',#12895);
#3793=VERTEX_POINT('',#12910);
#3794=VERTEX_POINT('',#12912);
#3795=VERTEX_POINT('',#12916);
#3796=VERTEX_POINT('',#12918);
#3797=VERTEX_POINT('',#12929);
#3798=VERTEX_POINT('',#12930);
#3799=VERTEX_POINT('',#12932);
#3800=VERTEX_POINT('',#12934);
#3801=VERTEX_POINT('',#12938);
#3802=VERTEX_POINT('',#12940);
#3803=VERTEX_POINT('',#12944);
#3804=VERTEX_POINT('',#12946);
#3805=VERTEX_POINT('',#12956);
#3806=VERTEX_POINT('',#12957);
#3807=VERTEX_POINT('',#12959);
#3808=VERTEX_POINT('',#12961);
#3809=VERTEX_POINT('',#12965);
#3810=VERTEX_POINT('',#12967);
#3811=VERTEX_POINT('',#12971);
#3812=VERTEX_POINT('',#12973);
#3813=VERTEX_POINT('',#12980);
#3814=VERTEX_POINT('',#12981);
#3815=VERTEX_POINT('',#12983);
#3816=VERTEX_POINT('',#12985);
#3817=VERTEX_POINT('',#12989);
#3818=VERTEX_POINT('',#12991);
#3819=VERTEX_POINT('',#12995);
#3820=VERTEX_POINT('',#12997);
#3821=VERTEX_POINT('',#13004);
#3822=VERTEX_POINT('',#13005);
#3823=VERTEX_POINT('',#13007);
#3824=VERTEX_POINT('',#13009);
#3825=VERTEX_POINT('',#13013);
#3826=VERTEX_POINT('',#13014);
#3827=VERTEX_POINT('',#13016);
#3828=VERTEX_POINT('',#13018);
#3829=VERTEX_POINT('',#13028);
#3830=VERTEX_POINT('',#13030);
#3831=VERTEX_POINT('',#13034);
#3832=VERTEX_POINT('',#13036);
#3833=VERTEX_POINT('',#13038);
#3834=VERTEX_POINT('',#13042);
#3835=VERTEX_POINT('',#13044);
#3836=VERTEX_POINT('',#13050);
#3837=VERTEX_POINT('',#13057);
#3838=VERTEX_POINT('',#13058);
#3839=VERTEX_POINT('',#13060);
#3840=VERTEX_POINT('',#13062);
#3841=VERTEX_POINT('',#13075);
#3842=VERTEX_POINT('',#13076);
#3843=VERTEX_POINT('',#13078);
#3844=VERTEX_POINT('',#13080);
#3845=VERTEX_POINT('',#13084);
#3846=VERTEX_POINT('',#13085);
#3847=VERTEX_POINT('',#13087);
#3848=VERTEX_POINT('',#13089);
#3849=VERTEX_POINT('',#13099);
#3850=VERTEX_POINT('',#13101);
#3851=VERTEX_POINT('',#13105);
#3852=VERTEX_POINT('',#13107);
#3853=VERTEX_POINT('',#13109);
#3854=VERTEX_POINT('',#13113);
#3855=VERTEX_POINT('',#13115);
#3856=VERTEX_POINT('',#13121);
#3857=VERTEX_POINT('',#13128);
#3858=VERTEX_POINT('',#13129);
#3859=VERTEX_POINT('',#13131);
#3860=VERTEX_POINT('',#13133);
#3861=VERTEX_POINT('',#13146);
#3862=VERTEX_POINT('',#13147);
#3863=VERTEX_POINT('',#13149);
#3864=VERTEX_POINT('',#13151);
#3865=VERTEX_POINT('',#13155);
#3866=VERTEX_POINT('',#13157);
#3867=VERTEX_POINT('',#13161);
#3868=VERTEX_POINT('',#13163);
#3869=VERTEX_POINT('',#13165);
#3870=VERTEX_POINT('',#13167);
#3871=VERTEX_POINT('',#13169);
#3872=VERTEX_POINT('',#13172);
#3873=VERTEX_POINT('',#13174);
#3874=VERTEX_POINT('',#13177);
#3875=VERTEX_POINT('',#13181);
#3876=VERTEX_POINT('',#13185);
#3877=VERTEX_POINT('',#13189);
#3878=VERTEX_POINT('',#13193);
#3879=VERTEX_POINT('',#13197);
#3880=VERTEX_POINT('',#13201);
#3881=VERTEX_POINT('',#13209);
#3882=VERTEX_POINT('',#13211);
#3883=VERTEX_POINT('',#13215);
#3884=VERTEX_POINT('',#13217);
#3885=VERTEX_POINT('',#13228);
#3886=VERTEX_POINT('',#13230);
#3887=VERTEX_POINT('',#13234);
#3888=VERTEX_POINT('',#13236);
#3889=VERTEX_POINT('',#13247);
#3890=VERTEX_POINT('',#13249);
#3891=VERTEX_POINT('',#13253);
#3892=VERTEX_POINT('',#13255);
#3893=VERTEX_POINT('',#13266);
#3894=VERTEX_POINT('',#13268);
#3895=VERTEX_POINT('',#13271);
#3896=VERTEX_POINT('',#13273);
#3897=VERTEX_POINT('',#13289);
#3898=VERTEX_POINT('',#13290);
#3899=VERTEX_POINT('',#13292);
#3900=VERTEX_POINT('',#13294);
#3901=VERTEX_POINT('',#13296);
#3902=VERTEX_POINT('',#13298);
#3903=VERTEX_POINT('',#13300);
#3904=VERTEX_POINT('',#13302);
#3905=VERTEX_POINT('',#13304);
#3906=VERTEX_POINT('',#13308);
#3907=VERTEX_POINT('',#13310);
#3908=VERTEX_POINT('',#13314);
#3909=VERTEX_POINT('',#13318);
#3910=VERTEX_POINT('',#13322);
#3911=VERTEX_POINT('',#13326);
#3912=VERTEX_POINT('',#13330);
#3913=VERTEX_POINT('',#13334);
#3914=VERTEX_POINT('',#13338);
#3915=EDGE_CURVE('',#3341,#3341,#3102,.T.);
#3916=EDGE_CURVE('',#3341,#3342,#1924,.T.);
#3917=EDGE_CURVE('',#3342,#3342,#1877,.T.);
#3918=EDGE_CURVE('',#3343,#3343,#3103,.T.);
#3919=EDGE_CURVE('',#3343,#3344,#1925,.T.);
#3920=EDGE_CURVE('',#3344,#3344,#1878,.T.);
#3921=EDGE_CURVE('',#3345,#3345,#3104,.T.);
#3922=EDGE_CURVE('',#3345,#3346,#1926,.T.);
#3923=EDGE_CURVE('',#3346,#3346,#1879,.T.);
#3924=EDGE_CURVE('',#3347,#3347,#3105,.T.);
#3925=EDGE_CURVE('',#3347,#3348,#1927,.T.);
#3926=EDGE_CURVE('',#3348,#3348,#1880,.T.);
#3927=EDGE_CURVE('',#3349,#3350,#1881,.T.);
#3928=EDGE_CURVE('',#3350,#3351,#1928,.T.);
#3929=EDGE_CURVE('',#3351,#3352,#1882,.T.);
#3930=EDGE_CURVE('',#3352,#3353,#1929,.T.);
#3931=EDGE_CURVE('',#3353,#3354,#1930,.T.);
#3932=EDGE_CURVE('',#3354,#3355,#1931,.T.);
#3933=EDGE_CURVE('',#3355,#3356,#1932,.T.);
#3934=EDGE_CURVE('',#3356,#3357,#1933,.T.);
#3935=EDGE_CURVE('',#3357,#3358,#1883,.T.);
#3936=EDGE_CURVE('',#3358,#3359,#1934,.T.);
#3937=EDGE_CURVE('',#3359,#3360,#1884,.T.);
#3938=EDGE_CURVE('',#3360,#3349,#1935,.T.);
#3939=EDGE_CURVE('',#3361,#3355,#1936,.T.);
#3940=EDGE_CURVE('',#3361,#3362,#1937,.T.);
#3941=EDGE_CURVE('',#3362,#3356,#1938,.T.);
#3942=EDGE_CURVE('',#3362,#3363,#1939,.T.);
#3943=EDGE_CURVE('',#3363,#3357,#1940,.T.);
#3944=EDGE_CURVE('',#3363,#3364,#3106,.T.);
#3945=EDGE_CURVE('',#3364,#3358,#1941,.T.);
#3946=EDGE_CURVE('',#3364,#3365,#1942,.T.);
#3947=EDGE_CURVE('',#3365,#3359,#1943,.T.);
#3948=EDGE_CURVE('',#3365,#3366,#3107,.T.);
#3949=EDGE_CURVE('',#3366,#3360,#1944,.T.);
#3950=EDGE_CURVE('',#3366,#3367,#1945,.T.);
#3951=EDGE_CURVE('',#3367,#3349,#1946,.T.);
#3952=EDGE_CURVE('',#3367,#3368,#3108,.T.);
#3953=EDGE_CURVE('',#3368,#3350,#1947,.T.);
#3954=EDGE_CURVE('',#3368,#3369,#1948,.T.);
#3955=EDGE_CURVE('',#3369,#3351,#1949,.T.);
#3956=EDGE_CURVE('',#3369,#3370,#3109,.T.);
#3957=EDGE_CURVE('',#3370,#3352,#1950,.T.);
#3958=EDGE_CURVE('',#3370,#3371,#1951,.T.);
#3959=EDGE_CURVE('',#3371,#3353,#1952,.T.);
#3960=EDGE_CURVE('',#3371,#3372,#1953,.T.);
#3961=EDGE_CURVE('',#3372,#3354,#1954,.T.);
#3962=EDGE_CURVE('',#3372,#3361,#1955,.T.);
#3963=EDGE_CURVE('',#3373,#3374,#1956,.T.);
#3964=EDGE_CURVE('',#3374,#3375,#1957,.T.);
#3965=EDGE_CURVE('',#3376,#3375,#1958,.T.);
#3966=EDGE_CURVE('',#3376,#3377,#1959,.T.);
#3967=EDGE_CURVE('',#3377,#3378,#1885,.T.);
#3968=EDGE_CURVE('',#3378,#3379,#1960,.T.);
#3969=EDGE_CURVE('',#3379,#3380,#1886,.T.);
#3970=EDGE_CURVE('',#3380,#3381,#1961,.T.);
#3971=EDGE_CURVE('',#3381,#3382,#1887,.T.);
#3972=EDGE_CURVE('',#3382,#3383,#1962,.T.);
#3973=EDGE_CURVE('',#3383,#3384,#1888,.T.);
#3974=EDGE_CURVE('',#3384,#3373,#1963,.T.);
#3975=EDGE_CURVE('',#3379,#3385,#1964,.T.);
#3976=EDGE_CURVE('',#3386,#3385,#1889,.T.);
#3977=EDGE_CURVE('',#3380,#3386,#1965,.T.);
#3978=EDGE_CURVE('',#3387,#3386,#1966,.T.);
#3979=EDGE_CURVE('',#3381,#3387,#1967,.T.);
#3980=EDGE_CURVE('',#3388,#3387,#1890,.T.);
#3981=EDGE_CURVE('',#3382,#3388,#1968,.T.);
#3982=EDGE_CURVE('',#3389,#3388,#1969,.T.);
#3983=EDGE_CURVE('',#3383,#3389,#1970,.T.);
#3984=EDGE_CURVE('',#3390,#3389,#1891,.T.);
#3985=EDGE_CURVE('',#3384,#3390,#1971,.T.);
#3986=EDGE_CURVE('',#3391,#3390,#1972,.T.);
#3987=EDGE_CURVE('',#3373,#3391,#1973,.T.);
#3988=EDGE_CURVE('',#3392,#3391,#1974,.T.);
#3989=EDGE_CURVE('',#3385,#3393,#1975,.T.);
#3990=EDGE_CURVE('',#3393,#3394,#1892,.T.);
#3991=EDGE_CURVE('',#3394,#3395,#1976,.T.);
#3992=EDGE_CURVE('',#3395,#3396,#1977,.T.);
#3993=EDGE_CURVE('',#3396,#3392,#1978,.T.);
#3994=EDGE_CURVE('',#3374,#3392,#1979,.T.);
#3995=EDGE_CURVE('',#3378,#3393,#1980,.T.);
#3996=EDGE_CURVE('',#3377,#3394,#1981,.T.);
#3997=EDGE_CURVE('',#3376,#3395,#1982,.T.);
#3998=EDGE_CURVE('',#3375,#3396,#1983,.T.);
#3999=EDGE_CURVE('',#3397,#3398,#3110,.T.);
#4000=EDGE_CURVE('',#3399,#3398,#1984,.T.);
#4001=EDGE_CURVE('',#3400,#3399,#3111,.T.);
#4002=EDGE_CURVE('',#3400,#3397,#1985,.T.);
#4003=EDGE_CURVE('',#3398,#3401,#1986,.T.);
#4004=EDGE_CURVE('',#3402,#3401,#1987,.T.);
#4005=EDGE_CURVE('',#3399,#3402,#1988,.T.);
#4006=EDGE_CURVE('',#3401,#3403,#3112,.T.);
#4007=EDGE_CURVE('',#3404,#3403,#1989,.T.);
#4008=EDGE_CURVE('',#3402,#3404,#3113,.T.);
#4009=EDGE_CURVE('',#3403,#3405,#1990,.T.);
#4010=EDGE_CURVE('',#3406,#3405,#1991,.T.);
#4011=EDGE_CURVE('',#3404,#3406,#1992,.T.);
#4012=EDGE_CURVE('',#3405,#3407,#1993,.T.);
#4013=EDGE_CURVE('',#3408,#3407,#1994,.T.);
#4014=EDGE_CURVE('',#3406,#3408,#1995,.T.);
#4015=EDGE_CURVE('',#3407,#3409,#1996,.T.);
#4016=EDGE_CURVE('',#3410,#3409,#1997,.T.);
#4017=EDGE_CURVE('',#3408,#3410,#1998,.T.);
#4018=EDGE_CURVE('',#3409,#3411,#1999,.T.);
#4019=EDGE_CURVE('',#3412,#3411,#2000,.T.);
#4020=EDGE_CURVE('',#3410,#3412,#2001,.T.);
#4021=EDGE_CURVE('',#3411,#3413,#2002,.T.);
#4022=EDGE_CURVE('',#3414,#3413,#2003,.T.);
#4023=EDGE_CURVE('',#3412,#3414,#2004,.T.);
#4024=EDGE_CURVE('',#3413,#3415,#3114,.T.);
#4025=EDGE_CURVE('',#3416,#3415,#2005,.T.);
#4026=EDGE_CURVE('',#3414,#3416,#3115,.T.);
#4027=EDGE_CURVE('',#3415,#3417,#2006,.T.);
#4028=EDGE_CURVE('',#3418,#3417,#2007,.T.);
#4029=EDGE_CURVE('',#3416,#3418,#2008,.T.);
#4030=EDGE_CURVE('',#3417,#3419,#3116,.T.);
#4031=EDGE_CURVE('',#3420,#3419,#2009,.T.);
#4032=EDGE_CURVE('',#3418,#3420,#3117,.T.);
#4033=EDGE_CURVE('',#3419,#3397,#2010,.T.);
#4034=EDGE_CURVE('',#3420,#3400,#2011,.T.);
#4035=EDGE_CURVE('',#3421,#3422,#3118,.T.);
#4036=EDGE_CURVE('',#3423,#3421,#2012,.T.);
#4037=EDGE_CURVE('',#3424,#3423,#3119,.T.);
#4038=EDGE_CURVE('',#3424,#3422,#2013,.T.);
#4039=EDGE_CURVE('',#3422,#3425,#2014,.T.);
#4040=EDGE_CURVE('',#3426,#3424,#2015,.T.);
#4041=EDGE_CURVE('',#3426,#3425,#2016,.T.);
#4042=EDGE_CURVE('',#3425,#3427,#3120,.T.);
#4043=EDGE_CURVE('',#3428,#3426,#3121,.T.);
#4044=EDGE_CURVE('',#3428,#3427,#2017,.T.);
#4045=EDGE_CURVE('',#3427,#3421,#2018,.T.);
#4046=EDGE_CURVE('',#3423,#3428,#2019,.T.);
#4047=EDGE_CURVE('',#3429,#3430,#2020,.T.);
#4048=EDGE_CURVE('',#3431,#3429,#2021,.T.);
#4049=EDGE_CURVE('',#3432,#3431,#2022,.T.);
#4050=EDGE_CURVE('',#3432,#3430,#2023,.T.);
#4051=EDGE_CURVE('',#3430,#3433,#3122,.T.);
#4052=EDGE_CURVE('',#3434,#3432,#3123,.T.);
#4053=EDGE_CURVE('',#3434,#3433,#2024,.T.);
#4054=EDGE_CURVE('',#3433,#3435,#2025,.T.);
#4055=EDGE_CURVE('',#3436,#3434,#2026,.T.);
#4056=EDGE_CURVE('',#3436,#3435,#2027,.T.);
#4057=EDGE_CURVE('',#3435,#3429,#3124,.T.);
#4058=EDGE_CURVE('',#3431,#3436,#3125,.T.);
#4059=EDGE_CURVE('',#3437,#3438,#3126,.T.);
#4060=EDGE_CURVE('',#3439,#3437,#2028,.T.);
#4061=EDGE_CURVE('',#3440,#3439,#3127,.T.);
#4062=EDGE_CURVE('',#3438,#3440,#2029,.T.);
#4063=EDGE_CURVE('',#3441,#3442,#3128,.T.);
#4064=EDGE_CURVE('',#3443,#3441,#2030,.T.);
#4065=EDGE_CURVE('',#3444,#3443,#3129,.T.);
#4066=EDGE_CURVE('',#3444,#3442,#2031,.T.);
#4067=EDGE_CURVE('',#3437,#3442,#2032,.T.);
#4068=EDGE_CURVE('',#3441,#3438,#2033,.T.);
#4069=EDGE_CURVE('',#3440,#3443,#2034,.T.);
#4070=EDGE_CURVE('',#3444,#3439,#2035,.T.);
#4071=EDGE_CURVE('',#3441,#3445,#2036,.T.);
#4072=EDGE_CURVE('',#3446,#3445,#2037,.T.);
#4073=EDGE_CURVE('',#3446,#3443,#2038,.T.);
#4074=EDGE_CURVE('',#3447,#3438,#2039,.T.);
#4075=EDGE_CURVE('',#3448,#3447,#2040,.T.);
#4076=EDGE_CURVE('',#3449,#3448,#2041,.T.);
#4077=EDGE_CURVE('',#3445,#3449,#3130,.T.);
#4078=EDGE_CURVE('',#3450,#3447,#2042,.T.);
#4079=EDGE_CURVE('',#3450,#3451,#2043,.T.);
#4080=EDGE_CURVE('',#3451,#3448,#2044,.T.);
#4081=EDGE_CURVE('',#3440,#3450,#2045,.T.);
#4082=EDGE_CURVE('',#3452,#3449,#2046,.T.);
#4083=EDGE_CURVE('',#3452,#3446,#3131,.T.);
#4084=EDGE_CURVE('',#3451,#3452,#2047,.T.);
#4085=EDGE_CURVE('',#3453,#3454,#2048,.T.);
#4086=EDGE_CURVE('',#3455,#3454,#2049,.T.);
#4087=EDGE_CURVE('',#3455,#3456,#2050,.T.);
#4088=EDGE_CURVE('',#3456,#3453,#2051,.T.);
#4089=EDGE_CURVE('',#3437,#3453,#2052,.T.);
#4090=EDGE_CURVE('',#3456,#3439,#2053,.T.);
#4091=EDGE_CURVE('',#3454,#3442,#2054,.T.);
#4092=EDGE_CURVE('',#3444,#3455,#2055,.T.);
#4093=EDGE_CURVE('',#3457,#3458,#3132,.T.);
#4094=EDGE_CURVE('',#3459,#3457,#2056,.T.);
#4095=EDGE_CURVE('',#3460,#3459,#3133,.T.);
#4096=EDGE_CURVE('',#3458,#3460,#2057,.T.);
#4097=EDGE_CURVE('',#3461,#3462,#3134,.T.);
#4098=EDGE_CURVE('',#3463,#3461,#2058,.T.);
#4099=EDGE_CURVE('',#3464,#3463,#3135,.T.);
#4100=EDGE_CURVE('',#3464,#3462,#2059,.T.);
#4101=EDGE_CURVE('',#3457,#3462,#2060,.T.);
#4102=EDGE_CURVE('',#3461,#3458,#2061,.T.);
#4103=EDGE_CURVE('',#3460,#3463,#2062,.T.);
#4104=EDGE_CURVE('',#3464,#3459,#2063,.T.);
#4105=EDGE_CURVE('',#3461,#3465,#2064,.T.);
#4106=EDGE_CURVE('',#3466,#3465,#2065,.T.);
#4107=EDGE_CURVE('',#3466,#3463,#2066,.T.);
#4108=EDGE_CURVE('',#3467,#3458,#2067,.T.);
#4109=EDGE_CURVE('',#3468,#3467,#2068,.T.);
#4110=EDGE_CURVE('',#3469,#3468,#2069,.T.);
#4111=EDGE_CURVE('',#3465,#3469,#3136,.T.);
#4112=EDGE_CURVE('',#3470,#3467,#2070,.T.);
#4113=EDGE_CURVE('',#3470,#3471,#2071,.T.);
#4114=EDGE_CURVE('',#3471,#3468,#2072,.T.);
#4115=EDGE_CURVE('',#3460,#3470,#2073,.T.);
#4116=EDGE_CURVE('',#3472,#3469,#2074,.T.);
#4117=EDGE_CURVE('',#3472,#3466,#3137,.T.);
#4118=EDGE_CURVE('',#3471,#3472,#2075,.T.);
#4119=EDGE_CURVE('',#3473,#3474,#2076,.T.);
#4120=EDGE_CURVE('',#3475,#3474,#2077,.T.);
#4121=EDGE_CURVE('',#3475,#3476,#2078,.T.);
#4122=EDGE_CURVE('',#3476,#3473,#2079,.T.);
#4123=EDGE_CURVE('',#3457,#3473,#2080,.T.);
#4124=EDGE_CURVE('',#3476,#3459,#2081,.T.);
#4125=EDGE_CURVE('',#3474,#3462,#2082,.T.);
#4126=EDGE_CURVE('',#3464,#3475,#2083,.T.);
#4127=EDGE_CURVE('',#3477,#3478,#2084,.T.);
#4128=EDGE_CURVE('',#3479,#3477,#3138,.T.);
#4129=EDGE_CURVE('',#3480,#3479,#2085,.T.);
#4130=EDGE_CURVE('',#3478,#3480,#3139,.T.);
#4131=EDGE_CURVE('',#3478,#3481,#2086,.T.);
#4132=EDGE_CURVE('',#3481,#3482,#2087,.T.);
#4133=EDGE_CURVE('',#3482,#3483,#2088,.T.);
#4134=EDGE_CURVE('',#3483,#3478,#2089,.T.);
#4135=EDGE_CURVE('',#3481,#3484,#2090,.T.);
#4136=EDGE_CURVE('',#3484,#3485,#2091,.T.);
#4137=EDGE_CURVE('',#3485,#3482,#2092,.T.);
#4138=EDGE_CURVE('',#3484,#3477,#2093,.T.);
#4139=EDGE_CURVE('',#3486,#3484,#3140,.T.);
#4140=EDGE_CURVE('',#3479,#3486,#2094,.T.);
#4141=EDGE_CURVE('',#3487,#3480,#2095,.T.);
#4142=EDGE_CURVE('',#3487,#3481,#3141,.T.);
#4143=EDGE_CURVE('',#3477,#3488,#2096,.T.);
#4144=EDGE_CURVE('',#3485,#3488,#2097,.T.);
#4145=EDGE_CURVE('',#3488,#3483,#2098,.T.);
#4146=EDGE_CURVE('',#3486,#3487,#2099,.T.);
#4147=EDGE_CURVE('',#3480,#3489,#2100,.T.);
#4148=EDGE_CURVE('',#3489,#3490,#2101,.T.);
#4149=EDGE_CURVE('',#3490,#3487,#2102,.T.);
#4150=EDGE_CURVE('',#3491,#3479,#2103,.T.);
#4151=EDGE_CURVE('',#3492,#3491,#2104,.T.);
#4152=EDGE_CURVE('',#3493,#3492,#2105,.T.);
#4153=EDGE_CURVE('',#3489,#3493,#3142,.T.);
#4154=EDGE_CURVE('',#3494,#3494,#3143,.T.);
#4155=EDGE_CURVE('',#3495,#3495,#3144,.T.);
#4156=EDGE_CURVE('',#3495,#3496,#2106,.T.);
#4157=EDGE_CURVE('',#3496,#3496,#3145,.T.);
#4158=EDGE_CURVE('',#3494,#3497,#2107,.T.);
#4159=EDGE_CURVE('',#3497,#3497,#3146,.T.);
#4160=EDGE_CURVE('',#3486,#3498,#2108,.T.);
#4161=EDGE_CURVE('',#3491,#3498,#2109,.T.);
#4162=EDGE_CURVE('',#3498,#3499,#2110,.T.);
#4163=EDGE_CURVE('',#3492,#3499,#2111,.T.);
#4164=EDGE_CURVE('',#3499,#3500,#2112,.T.);
#4165=EDGE_CURVE('',#3493,#3500,#2113,.T.);
#4166=EDGE_CURVE('',#3500,#3490,#3147,.T.);
#4167=EDGE_CURVE('',#3501,#3502,#3148,.T.);
#4168=EDGE_CURVE('',#3502,#3503,#2114,.T.);
#4169=EDGE_CURVE('',#3503,#3504,#3149,.T.);
#4170=EDGE_CURVE('',#3504,#3501,#2115,.T.);
#4171=EDGE_CURVE('',#3504,#3505,#2116,.T.);
#4172=EDGE_CURVE('',#3506,#3505,#2117,.T.);
#4173=EDGE_CURVE('',#3501,#3506,#2118,.T.);
#4174=EDGE_CURVE('',#3507,#3503,#2119,.T.);
#4175=EDGE_CURVE('',#3508,#3507,#3150,.T.);
#4176=EDGE_CURVE('',#3509,#3508,#2120,.T.);
#4177=EDGE_CURVE('',#3510,#3509,#3151,.T.);
#4178=EDGE_CURVE('',#3511,#3510,#2121,.T.);
#4179=EDGE_CURVE('',#3505,#3511,#3152,.T.);
#4180=EDGE_CURVE('',#3512,#3512,#3153,.T.);
#4181=EDGE_CURVE('',#3513,#3513,#3154,.T.);
#4182=EDGE_CURVE('',#3514,#3506,#3155,.T.);
#4183=EDGE_CURVE('',#3511,#3514,#2122,.T.);
#4184=EDGE_CURVE('',#3515,#3510,#2123,.T.);
#4185=EDGE_CURVE('',#3514,#3515,#2124,.T.);
#4186=EDGE_CURVE('',#3516,#3515,#3156,.T.);
#4187=EDGE_CURVE('',#3509,#3516,#2125,.T.);
#4188=EDGE_CURVE('',#3517,#3508,#2126,.T.);
#4189=EDGE_CURVE('',#3516,#3517,#2127,.T.);
#4190=EDGE_CURVE('',#3518,#3517,#3157,.T.);
#4191=EDGE_CURVE('',#3507,#3518,#2128,.T.);
#4192=EDGE_CURVE('',#3519,#3519,#3158,.T.);
#4193=EDGE_CURVE('',#3519,#3513,#2129,.T.);
#4194=EDGE_CURVE('',#3520,#3520,#3159,.T.);
#4195=EDGE_CURVE('',#3520,#3512,#2130,.T.);
#4196=EDGE_CURVE('',#3518,#3502,#2131,.T.);
#4197=EDGE_CURVE('',#3521,#3521,#3160,.T.);
#4198=EDGE_CURVE('',#3521,#3522,#2132,.T.);
#4199=EDGE_CURVE('',#3522,#3522,#3161,.T.);
#4200=EDGE_CURVE('',#3523,#3523,#3162,.T.);
#4201=EDGE_CURVE('',#3523,#3524,#2133,.T.);
#4202=EDGE_CURVE('',#3524,#3524,#3163,.T.);
#4203=EDGE_CURVE('',#3525,#3526,#2134,.T.);
#4204=EDGE_CURVE('',#3527,#3525,#3164,.T.);
#4205=EDGE_CURVE('',#3528,#3527,#2135,.T.);
#4206=EDGE_CURVE('',#3526,#3528,#3165,.T.);
#4207=EDGE_CURVE('',#3526,#3529,#2136,.T.);
#4208=EDGE_CURVE('',#3529,#3530,#2137,.T.);
#4209=EDGE_CURVE('',#3530,#3531,#2138,.T.);
#4210=EDGE_CURVE('',#3531,#3526,#2139,.T.);
#4211=EDGE_CURVE('',#3529,#3532,#2140,.T.);
#4212=EDGE_CURVE('',#3532,#3533,#2141,.T.);
#4213=EDGE_CURVE('',#3533,#3530,#2142,.T.);
#4214=EDGE_CURVE('',#3532,#3525,#2143,.T.);
#4215=EDGE_CURVE('',#3534,#3532,#3166,.T.);
#4216=EDGE_CURVE('',#3527,#3534,#2144,.T.);
#4217=EDGE_CURVE('',#3535,#3528,#2145,.T.);
#4218=EDGE_CURVE('',#3535,#3529,#3167,.T.);
#4219=EDGE_CURVE('',#3525,#3536,#2146,.T.);
#4220=EDGE_CURVE('',#3533,#3536,#2147,.T.);
#4221=EDGE_CURVE('',#3536,#3531,#2148,.T.);
#4222=EDGE_CURVE('',#3534,#3535,#2149,.T.);
#4223=EDGE_CURVE('',#3528,#3537,#2150,.T.);
#4224=EDGE_CURVE('',#3537,#3538,#2151,.T.);
#4225=EDGE_CURVE('',#3538,#3535,#2152,.T.);
#4226=EDGE_CURVE('',#3539,#3527,#2153,.T.);
#4227=EDGE_CURVE('',#3540,#3539,#2154,.T.);
#4228=EDGE_CURVE('',#3541,#3540,#2155,.T.);
#4229=EDGE_CURVE('',#3537,#3541,#3168,.T.);
#4230=EDGE_CURVE('',#3534,#3542,#2156,.T.);
#4231=EDGE_CURVE('',#3539,#3542,#2157,.T.);
#4232=EDGE_CURVE('',#3542,#3543,#2158,.T.);
#4233=EDGE_CURVE('',#3540,#3543,#2159,.T.);
#4234=EDGE_CURVE('',#3543,#3544,#2160,.T.);
#4235=EDGE_CURVE('',#3541,#3544,#2161,.T.);
#4236=EDGE_CURVE('',#3544,#3538,#3169,.T.);
#4237=EDGE_CURVE('',#3545,#3545,#3170,.T.);
#4238=EDGE_CURVE('',#3545,#3546,#2162,.T.);
#4239=EDGE_CURVE('',#3546,#3546,#1893,.T.);
#4240=EDGE_CURVE('',#3547,#3547,#3171,.T.);
#4241=EDGE_CURVE('',#3547,#3548,#2163,.T.);
#4242=EDGE_CURVE('',#3548,#3548,#1894,.T.);
#4243=EDGE_CURVE('',#3549,#3549,#3172,.T.);
#4244=EDGE_CURVE('',#3549,#3550,#2164,.T.);
#4245=EDGE_CURVE('',#3550,#3550,#1895,.T.);
#4246=EDGE_CURVE('',#3551,#3551,#3173,.T.);
#4247=EDGE_CURVE('',#3551,#3552,#2165,.T.);
#4248=EDGE_CURVE('',#3552,#3552,#1896,.T.);
#4249=EDGE_CURVE('',#3553,#3553,#3174,.T.);
#4250=EDGE_CURVE('',#3553,#3554,#2166,.T.);
#4251=EDGE_CURVE('',#3554,#3554,#1897,.T.);
#4252=EDGE_CURVE('',#3555,#3555,#3175,.T.);
#4253=EDGE_CURVE('',#3555,#3556,#2167,.T.);
#4254=EDGE_CURVE('',#3556,#3556,#1898,.T.);
#4255=EDGE_CURVE('',#3557,#3557,#3176,.T.);
#4256=EDGE_CURVE('',#3557,#3558,#2168,.T.);
#4257=EDGE_CURVE('',#3558,#3558,#1899,.T.);
#4258=EDGE_CURVE('',#3559,#3559,#3177,.T.);
#4259=EDGE_CURVE('',#3559,#3560,#2169,.T.);
#4260=EDGE_CURVE('',#3560,#3560,#1900,.T.);
#4261=EDGE_CURVE('',#3561,#3562,#2170,.T.);
#4262=EDGE_CURVE('',#3563,#3561,#1901,.T.);
#4263=EDGE_CURVE('',#3564,#3563,#2171,.T.);
#4264=EDGE_CURVE('',#3565,#3564,#1902,.T.);
#4265=EDGE_CURVE('',#3566,#3565,#2172,.T.);
#4266=EDGE_CURVE('',#3567,#3566,#1903,.T.);
#4267=EDGE_CURVE('',#3568,#3567,#2173,.T.);
#4268=EDGE_CURVE('',#3569,#3568,#1904,.T.);
#4269=EDGE_CURVE('',#3570,#3569,#2174,.T.);
#4270=EDGE_CURVE('',#3571,#3570,#2175,.T.);
#4271=EDGE_CURVE('',#3572,#3571,#2176,.T.);
#4272=EDGE_CURVE('',#3572,#3562,#2177,.T.);
#4273=EDGE_CURVE('',#3571,#3573,#2178,.T.);
#4274=EDGE_CURVE('',#3573,#3574,#2179,.T.);
#4275=EDGE_CURVE('',#3572,#3574,#2180,.T.);
#4276=EDGE_CURVE('',#3570,#3575,#2181,.T.);
#4277=EDGE_CURVE('',#3575,#3573,#2182,.T.);
#4278=EDGE_CURVE('',#3569,#3576,#2183,.T.);
#4279=EDGE_CURVE('',#3576,#3575,#2184,.T.);
#4280=EDGE_CURVE('',#3568,#3577,#2185,.T.);
#4281=EDGE_CURVE('',#3577,#3576,#3178,.T.);
#4282=EDGE_CURVE('',#3567,#3578,#2186,.T.);
#4283=EDGE_CURVE('',#3578,#3577,#2187,.T.);
#4284=EDGE_CURVE('',#3566,#3579,#2188,.T.);
#4285=EDGE_CURVE('',#3579,#3578,#3179,.T.);
#4286=EDGE_CURVE('',#3574,#3580,#2189,.T.);
#4287=EDGE_CURVE('',#3562,#3580,#2190,.T.);
#4288=EDGE_CURVE('',#3580,#3581,#2191,.T.);
#4289=EDGE_CURVE('',#3561,#3581,#2192,.T.);
#4290=EDGE_CURVE('',#3581,#3582,#3180,.T.);
#4291=EDGE_CURVE('',#3563,#3582,#2193,.T.);
#4292=EDGE_CURVE('',#3582,#3583,#2194,.T.);
#4293=EDGE_CURVE('',#3564,#3583,#2195,.T.);
#4294=EDGE_CURVE('',#3583,#3584,#3181,.T.);
#4295=EDGE_CURVE('',#3565,#3584,#2196,.T.);
#4296=EDGE_CURVE('',#3584,#3579,#2197,.T.);
#4297=EDGE_CURVE('',#3585,#3585,#3182,.T.);
#4298=EDGE_CURVE('',#3585,#3586,#2198,.T.);
#4299=EDGE_CURVE('',#3586,#3586,#3183,.T.);
#4300=EDGE_CURVE('',#3587,#3587,#3184,.T.);
#4301=EDGE_CURVE('',#3587,#3588,#2199,.T.);
#4302=EDGE_CURVE('',#3588,#3588,#3185,.T.);
#4303=EDGE_CURVE('',#3589,#3589,#3186,.T.);
#4304=EDGE_CURVE('',#3589,#3590,#2200,.T.);
#4305=EDGE_CURVE('',#3590,#3590,#3187,.T.);
#4306=EDGE_CURVE('',#3591,#3591,#3188,.T.);
#4307=EDGE_CURVE('',#3591,#3592,#2201,.T.);
#4308=EDGE_CURVE('',#3592,#3592,#3189,.T.);
#4309=EDGE_CURVE('',#3593,#3593,#3190,.T.);
#4310=EDGE_CURVE('',#3593,#3594,#2202,.T.);
#4311=EDGE_CURVE('',#3594,#3594,#3191,.T.);
#4312=EDGE_CURVE('',#3595,#3595,#3192,.T.);
#4313=EDGE_CURVE('',#3595,#3596,#2203,.T.);
#4314=EDGE_CURVE('',#3596,#3596,#3193,.T.);
#4315=EDGE_CURVE('',#3597,#3597,#3194,.T.);
#4316=EDGE_CURVE('',#3597,#3598,#2204,.T.);
#4317=EDGE_CURVE('',#3598,#3598,#3195,.T.);
#4318=EDGE_CURVE('',#3599,#3599,#3196,.T.);
#4319=EDGE_CURVE('',#3599,#3600,#2205,.T.);
#4320=EDGE_CURVE('',#3600,#3600,#3197,.T.);
#4321=EDGE_CURVE('',#3601,#3601,#3198,.T.);
#4322=EDGE_CURVE('',#3601,#3602,#2206,.T.);
#4323=EDGE_CURVE('',#3602,#3602,#3199,.T.);
#4324=EDGE_CURVE('',#3603,#3603,#3200,.T.);
#4325=EDGE_CURVE('',#3603,#3604,#2207,.T.);
#4326=EDGE_CURVE('',#3604,#3604,#3201,.T.);
#4327=EDGE_CURVE('',#3605,#3605,#3202,.T.);
#4328=EDGE_CURVE('',#3605,#3606,#2208,.T.);
#4329=EDGE_CURVE('',#3606,#3606,#3203,.T.);
#4330=EDGE_CURVE('',#3607,#3607,#3204,.T.);
#4331=EDGE_CURVE('',#3607,#3608,#2209,.T.);
#4332=EDGE_CURVE('',#3608,#3608,#3205,.T.);
#4333=EDGE_CURVE('',#3609,#3609,#3206,.T.);
#4334=EDGE_CURVE('',#3609,#3610,#2210,.T.);
#4335=EDGE_CURVE('',#3610,#3610,#3207,.T.);
#4336=EDGE_CURVE('',#3611,#3611,#3208,.T.);
#4337=EDGE_CURVE('',#3611,#3612,#2211,.T.);
#4338=EDGE_CURVE('',#3612,#3612,#3209,.T.);
#4339=EDGE_CURVE('',#3613,#3613,#3210,.T.);
#4340=EDGE_CURVE('',#3613,#3614,#2212,.T.);
#4341=EDGE_CURVE('',#3614,#3614,#3211,.T.);
#4342=EDGE_CURVE('',#3615,#3615,#3212,.T.);
#4343=EDGE_CURVE('',#3615,#3616,#2213,.T.);
#4344=EDGE_CURVE('',#3616,#3616,#3213,.T.);
#4345=EDGE_CURVE('',#3617,#3617,#3214,.T.);
#4346=EDGE_CURVE('',#3617,#3618,#2214,.T.);
#4347=EDGE_CURVE('',#3618,#3618,#3215,.T.);
#4348=EDGE_CURVE('',#3619,#3619,#3216,.T.);
#4349=EDGE_CURVE('',#3619,#3620,#2215,.T.);
#4350=EDGE_CURVE('',#3620,#3620,#3217,.T.);
#4351=EDGE_CURVE('',#3621,#3621,#3218,.T.);
#4352=EDGE_CURVE('',#3621,#3622,#2216,.T.);
#4353=EDGE_CURVE('',#3622,#3622,#1905,.T.);
#4354=EDGE_CURVE('',#3623,#3623,#3219,.T.);
#4355=EDGE_CURVE('',#3623,#3624,#2217,.T.);
#4356=EDGE_CURVE('',#3624,#3624,#1906,.T.);
#4357=EDGE_CURVE('',#3625,#3625,#3220,.T.);
#4358=EDGE_CURVE('',#3625,#3626,#2218,.T.);
#4359=EDGE_CURVE('',#3626,#3626,#1907,.T.);
#4360=EDGE_CURVE('',#3627,#3627,#3221,.T.);
#4361=EDGE_CURVE('',#3627,#3628,#2219,.T.);
#4362=EDGE_CURVE('',#3628,#3628,#1908,.T.);
#4363=EDGE_CURVE('',#3629,#3630,#2220,.T.);
#4364=EDGE_CURVE('',#3631,#3629,#2221,.T.);
#4365=EDGE_CURVE('',#3632,#3631,#2222,.T.);
#4366=EDGE_CURVE('',#3633,#3632,#1909,.T.);
#4367=EDGE_CURVE('',#3634,#3633,#2223,.T.);
#4368=EDGE_CURVE('',#3635,#3634,#1910,.T.);
#4369=EDGE_CURVE('',#3636,#3635,#2224,.T.);
#4370=EDGE_CURVE('',#3637,#3636,#1911,.T.);
#4371=EDGE_CURVE('',#3638,#3637,#2225,.T.);
#4372=EDGE_CURVE('',#3639,#3638,#1912,.T.);
#4373=EDGE_CURVE('',#3640,#3639,#2226,.T.);
#4374=EDGE_CURVE('',#3630,#3640,#2227,.T.);
#4375=EDGE_CURVE('',#3641,#3642,#2228,.T.);
#4376=EDGE_CURVE('',#3643,#3641,#1913,.T.);
#4377=EDGE_CURVE('',#3644,#3643,#2229,.T.);
#4378=EDGE_CURVE('',#3645,#3644,#1914,.T.);
#4379=EDGE_CURVE('',#3646,#3645,#2230,.T.);
#4380=EDGE_CURVE('',#3647,#3646,#1915,.T.);
#4381=EDGE_CURVE('',#3648,#3647,#2231,.T.);
#4382=EDGE_CURVE('',#3649,#3648,#1916,.T.);
#4383=EDGE_CURVE('',#3650,#3649,#2232,.T.);
#4384=EDGE_CURVE('',#3651,#3650,#2233,.T.);
#4385=EDGE_CURVE('',#3652,#3651,#2234,.T.);
#4386=EDGE_CURVE('',#3652,#3642,#2235,.T.);
#4387=EDGE_CURVE('',#3641,#3639,#2236,.T.);
#4388=EDGE_CURVE('',#3642,#3640,#2237,.T.);
#4389=EDGE_CURVE('',#3643,#3638,#2238,.T.);
#4390=EDGE_CURVE('',#3644,#3637,#2239,.T.);
#4391=EDGE_CURVE('',#3645,#3636,#2240,.T.);
#4392=EDGE_CURVE('',#3646,#3635,#2241,.T.);
#4393=EDGE_CURVE('',#3647,#3634,#2242,.T.);
#4394=EDGE_CURVE('',#3648,#3633,#2243,.T.);
#4395=EDGE_CURVE('',#3649,#3632,#2244,.T.);
#4396=EDGE_CURVE('',#3650,#3631,#2245,.T.);
#4397=EDGE_CURVE('',#3651,#3629,#2246,.T.);
#4398=EDGE_CURVE('',#3652,#3630,#2247,.T.);
#4399=EDGE_CURVE('',#3653,#3653,#3222,.T.);
#4400=EDGE_CURVE('',#3653,#3654,#2248,.T.);
#4401=EDGE_CURVE('',#3654,#3654,#3223,.T.);
#4402=EDGE_CURVE('',#3655,#3655,#3224,.T.);
#4403=EDGE_CURVE('',#3655,#3656,#2249,.T.);
#4404=EDGE_CURVE('',#3656,#3656,#3225,.T.);
#4405=EDGE_CURVE('',#3657,#3658,#2250,.T.);
#4406=EDGE_CURVE('',#3659,#3658,#2251,.T.);
#4407=EDGE_CURVE('',#3659,#3660,#2252,.T.);
#4408=EDGE_CURVE('',#3660,#3657,#2253,.T.);
#4409=EDGE_CURVE('',#3658,#3661,#2254,.T.);
#4410=EDGE_CURVE('',#3662,#3661,#2255,.T.);
#4411=EDGE_CURVE('',#3662,#3659,#2256,.T.);
#4412=EDGE_CURVE('',#3661,#3663,#2257,.T.);
#4413=EDGE_CURVE('',#3664,#3663,#2258,.T.);
#4414=EDGE_CURVE('',#3664,#3662,#2259,.T.);
#4415=EDGE_CURVE('',#3663,#3657,#2260,.T.);
#4416=EDGE_CURVE('',#3660,#3664,#2261,.T.);
#4417=EDGE_CURVE('',#3665,#3666,#2262,.T.);
#4418=EDGE_CURVE('',#3667,#3666,#2263,.T.);
#4419=EDGE_CURVE('',#3668,#3667,#2264,.T.);
#4420=EDGE_CURVE('',#3668,#3665,#2265,.T.);
#4421=EDGE_CURVE('',#3666,#3669,#3226,.T.);
#4422=EDGE_CURVE('',#3670,#3669,#2266,.T.);
#4423=EDGE_CURVE('',#3667,#3670,#3227,.T.);
#4424=EDGE_CURVE('',#3669,#3671,#2267,.T.);
#4425=EDGE_CURVE('',#3672,#3671,#2268,.T.);
#4426=EDGE_CURVE('',#3670,#3672,#2269,.T.);
#4427=EDGE_CURVE('',#3671,#3673,#3228,.T.);
#4428=EDGE_CURVE('',#3674,#3673,#2270,.T.);
#4429=EDGE_CURVE('',#3672,#3674,#3229,.T.);
#4430=EDGE_CURVE('',#3675,#3676,#2271,.T.);
#4431=EDGE_CURVE('',#3677,#3676,#2272,.T.);
#4432=EDGE_CURVE('',#3678,#3677,#2273,.T.);
#4433=EDGE_CURVE('',#3678,#3675,#2274,.T.);
#4434=EDGE_CURVE('',#3676,#3679,#3230,.T.);
#4435=EDGE_CURVE('',#3680,#3679,#2275,.T.);
#4436=EDGE_CURVE('',#3677,#3680,#3231,.T.);
#4437=EDGE_CURVE('',#3679,#3681,#2276,.T.);
#4438=EDGE_CURVE('',#3682,#3681,#2277,.T.);
#4439=EDGE_CURVE('',#3680,#3682,#2278,.T.);
#4440=EDGE_CURVE('',#3681,#3683,#3232,.T.);
#4441=EDGE_CURVE('',#3684,#3683,#2279,.T.);
#4442=EDGE_CURVE('',#3682,#3684,#3233,.T.);
#4443=EDGE_CURVE('',#3673,#3685,#2280,.T.);
#4444=EDGE_CURVE('',#3686,#3685,#2281,.T.);
#4445=EDGE_CURVE('',#3674,#3686,#2282,.T.);
#4446=EDGE_CURVE('',#3687,#3665,#3234,.T.);
#4447=EDGE_CURVE('',#3688,#3668,#3235,.T.);
#4448=EDGE_CURVE('',#3688,#3687,#2283,.T.);
#4449=EDGE_CURVE('',#3689,#3687,#2284,.T.);
#4450=EDGE_CURVE('',#3690,#3688,#2285,.T.);
#4451=EDGE_CURVE('',#3690,#3689,#2286,.T.);
#4452=EDGE_CURVE('',#3685,#3689,#3236,.T.);
#4453=EDGE_CURVE('',#3686,#3690,#3237,.T.);
#4454=EDGE_CURVE('',#3683,#3691,#2287,.T.);
#4455=EDGE_CURVE('',#3692,#3691,#2288,.T.);
#4456=EDGE_CURVE('',#3684,#3692,#2289,.T.);
#4457=EDGE_CURVE('',#3691,#3693,#3238,.T.);
#4458=EDGE_CURVE('',#3694,#3693,#2290,.T.);
#4459=EDGE_CURVE('',#3692,#3694,#3239,.T.);
#4460=EDGE_CURVE('',#3693,#3695,#2291,.T.);
#4461=EDGE_CURVE('',#3696,#3695,#2292,.T.);
#4462=EDGE_CURVE('',#3694,#3696,#2293,.T.);
#4463=EDGE_CURVE('',#3695,#3675,#3240,.T.);
#4464=EDGE_CURVE('',#3696,#3678,#3241,.T.);
#4465=EDGE_CURVE('',#3697,#3698,#3242,.T.);
#4466=EDGE_CURVE('',#3698,#3699,#2294,.T.);
#4467=EDGE_CURVE('',#3699,#3700,#3243,.T.);
#4468=EDGE_CURVE('',#3700,#3697,#2295,.T.);
#4469=EDGE_CURVE('',#3700,#3701,#2296,.T.);
#4470=EDGE_CURVE('',#3702,#3701,#2297,.T.);
#4471=EDGE_CURVE('',#3702,#3697,#2298,.T.);
#4472=EDGE_CURVE('',#3703,#3699,#2299,.T.);
#4473=EDGE_CURVE('',#3704,#3703,#3244,.T.);
#4474=EDGE_CURVE('',#3705,#3704,#2300,.T.);
#4475=EDGE_CURVE('',#3706,#3705,#3245,.T.);
#4476=EDGE_CURVE('',#3707,#3706,#2301,.T.);
#4477=EDGE_CURVE('',#3701,#3707,#3246,.T.);
#4478=EDGE_CURVE('',#3708,#3708,#3247,.T.);
#4479=EDGE_CURVE('',#3709,#3709,#3248,.T.);
#4480=EDGE_CURVE('',#3710,#3710,#3249,.T.);
#4481=EDGE_CURVE('',#3711,#3711,#3250,.T.);
#4482=EDGE_CURVE('',#3712,#3702,#3251,.T.);
#4483=EDGE_CURVE('',#3707,#3712,#2302,.T.);
#4484=EDGE_CURVE('',#3713,#3706,#2303,.T.);
#4485=EDGE_CURVE('',#3713,#3712,#2304,.T.);
#4486=EDGE_CURVE('',#3714,#3713,#3252,.T.);
#4487=EDGE_CURVE('',#3705,#3714,#2305,.T.);
#4488=EDGE_CURVE('',#3715,#3704,#2306,.T.);
#4489=EDGE_CURVE('',#3715,#3714,#2307,.T.);
#4490=EDGE_CURVE('',#3716,#3715,#3253,.T.);
#4491=EDGE_CURVE('',#3703,#3716,#2308,.T.);
#4492=EDGE_CURVE('',#3708,#3717,#2309,.T.);
#4493=EDGE_CURVE('',#3717,#3717,#3254,.T.);
#4494=EDGE_CURVE('',#3709,#3718,#2310,.T.);
#4495=EDGE_CURVE('',#3718,#3718,#3255,.T.);
#4496=EDGE_CURVE('',#3710,#3719,#2311,.T.);
#4497=EDGE_CURVE('',#3719,#3719,#3256,.T.);
#4498=EDGE_CURVE('',#3711,#3720,#2312,.T.);
#4499=EDGE_CURVE('',#3720,#3720,#3257,.T.);
#4500=EDGE_CURVE('',#3698,#3716,#2313,.T.);
#4501=EDGE_CURVE('',#3721,#3722,#3258,.T.);
#4502=EDGE_CURVE('',#3722,#3723,#2314,.T.);
#4503=EDGE_CURVE('',#3723,#3724,#3259,.T.);
#4504=EDGE_CURVE('',#3724,#3721,#2315,.T.);
#4505=EDGE_CURVE('',#3724,#3725,#2316,.T.);
#4506=EDGE_CURVE('',#3725,#3726,#2317,.T.);
#4507=EDGE_CURVE('',#3726,#3721,#2318,.T.);
#4508=EDGE_CURVE('',#3727,#3723,#2319,.T.);
#4509=EDGE_CURVE('',#3728,#3727,#3260,.T.);
#4510=EDGE_CURVE('',#3729,#3728,#2320,.T.);
#4511=EDGE_CURVE('',#3730,#3729,#2321,.T.);
#4512=EDGE_CURVE('',#3731,#3730,#3261,.T.);
#4513=EDGE_CURVE('',#3732,#3731,#2322,.T.);
#4514=EDGE_CURVE('',#3733,#3732,#3262,.T.);
#4515=EDGE_CURVE('',#3734,#3733,#2323,.T.);
#4516=EDGE_CURVE('',#3735,#3734,#3263,.T.);
#4517=EDGE_CURVE('',#3736,#3735,#2324,.T.);
#4518=EDGE_CURVE('',#3737,#3736,#3264,.T.);
#4519=EDGE_CURVE('',#3725,#3737,#2325,.T.);
#4520=EDGE_CURVE('',#3738,#3738,#3265,.T.);
#4521=EDGE_CURVE('',#3739,#3739,#3266,.T.);
#4522=EDGE_CURVE('',#3740,#3741,#3267,.T.);
#4523=EDGE_CURVE('',#3741,#3737,#2326,.T.);
#4524=EDGE_CURVE('',#3736,#3740,#2327,.T.);
#4525=EDGE_CURVE('',#3742,#3735,#2328,.T.);
#4526=EDGE_CURVE('',#3742,#3740,#2329,.T.);
#4527=EDGE_CURVE('',#3743,#3742,#3268,.T.);
#4528=EDGE_CURVE('',#3734,#3743,#2330,.T.);
#4529=EDGE_CURVE('',#3744,#3733,#2331,.T.);
#4530=EDGE_CURVE('',#3744,#3743,#2332,.T.);
#4531=EDGE_CURVE('',#3745,#3746,#3269,.T.);
#4532=EDGE_CURVE('',#3746,#3728,#2333,.T.);
#4533=EDGE_CURVE('',#3727,#3745,#2334,.T.);
#4534=EDGE_CURVE('',#3722,#3745,#2335,.T.);
#4535=EDGE_CURVE('',#3747,#3748,#3270,.T.);
#4536=EDGE_CURVE('',#3748,#3731,#2336,.T.);
#4537=EDGE_CURVE('',#3730,#3747,#2337,.T.);
#4538=EDGE_CURVE('',#3729,#3749,#2338,.T.);
#4539=EDGE_CURVE('',#3749,#3747,#2339,.T.);
#4540=EDGE_CURVE('',#3750,#3744,#3271,.T.);
#4541=EDGE_CURVE('',#3732,#3750,#2340,.T.);
#4542=EDGE_CURVE('',#3738,#3751,#2341,.T.);
#4543=EDGE_CURVE('',#3751,#3751,#3272,.T.);
#4544=EDGE_CURVE('',#3739,#3752,#2342,.T.);
#4545=EDGE_CURVE('',#3752,#3752,#3273,.T.);
#4546=EDGE_CURVE('',#3748,#3750,#2343,.T.);
#4547=EDGE_CURVE('',#3741,#3726,#2344,.T.);
#4548=EDGE_CURVE('',#3746,#3749,#2345,.T.);
#4549=EDGE_CURVE('',#3753,#3754,#2346,.T.);
#4550=EDGE_CURVE('',#3755,#3754,#2347,.T.);
#4551=EDGE_CURVE('',#3755,#3756,#2348,.T.);
#4552=EDGE_CURVE('',#3756,#3753,#2349,.T.);
#4553=EDGE_CURVE('',#3754,#3757,#2350,.T.);
#4554=EDGE_CURVE('',#3758,#3757,#2351,.T.);
#4555=EDGE_CURVE('',#3758,#3755,#2352,.T.);
#4556=EDGE_CURVE('',#3757,#3759,#2353,.T.);
#4557=EDGE_CURVE('',#3760,#3759,#2354,.T.);
#4558=EDGE_CURVE('',#3760,#3758,#2355,.T.);
#4559=EDGE_CURVE('',#3759,#3753,#2356,.T.);
#4560=EDGE_CURVE('',#3756,#3760,#2357,.T.);
#4561=EDGE_CURVE('',#3761,#3761,#3274,.T.);
#4562=EDGE_CURVE('',#3761,#3762,#2358,.T.);
#4563=EDGE_CURVE('',#3762,#3762,#3275,.T.);
#4564=EDGE_CURVE('',#3763,#3764,#2359,.T.);
#4565=EDGE_CURVE('',#3765,#3763,#2360,.T.);
#4566=EDGE_CURVE('',#3766,#3765,#2361,.T.);
#4567=EDGE_CURVE('',#3766,#3764,#2362,.T.);
#4568=EDGE_CURVE('',#3764,#3767,#3276,.T.);
#4569=EDGE_CURVE('',#3768,#3766,#3277,.T.);
#4570=EDGE_CURVE('',#3768,#3767,#2363,.T.);
#4571=EDGE_CURVE('',#3767,#3769,#2364,.T.);
#4572=EDGE_CURVE('',#3770,#3768,#2365,.T.);
#4573=EDGE_CURVE('',#3770,#3769,#2366,.T.);
#4574=EDGE_CURVE('',#3769,#3763,#3278,.T.);
#4575=EDGE_CURVE('',#3765,#3770,#3279,.T.);
#4576=EDGE_CURVE('',#3771,#3772,#2367,.T.);
#4577=EDGE_CURVE('',#3773,#3772,#2368,.T.);
#4578=EDGE_CURVE('',#3773,#3774,#2369,.T.);
#4579=EDGE_CURVE('',#3774,#3771,#2370,.T.);
#4580=EDGE_CURVE('',#3772,#3775,#2371,.T.);
#4581=EDGE_CURVE('',#3776,#3775,#2372,.T.);
#4582=EDGE_CURVE('',#3776,#3773,#2373,.T.);
#4583=EDGE_CURVE('',#3775,#3777,#2374,.T.);
#4584=EDGE_CURVE('',#3778,#3777,#2375,.T.);
#4585=EDGE_CURVE('',#3778,#3776,#2376,.T.);
#4586=EDGE_CURVE('',#3777,#3779,#2377,.T.);
#4587=EDGE_CURVE('',#3780,#3779,#2378,.T.);
#4588=EDGE_CURVE('',#3780,#3778,#2379,.T.);
#4589=EDGE_CURVE('',#3779,#3771,#2380,.T.);
#4590=EDGE_CURVE('',#3774,#3780,#2381,.T.);
#4591=EDGE_CURVE('',#3781,#3782,#21,.T.);
#4592=EDGE_CURVE('',#3782,#3781,#22,.T.);
#4593=EDGE_CURVE('',#3783,#3784,#23,.T.);
#4594=EDGE_CURVE('',#3784,#3783,#24,.T.);
#4595=EDGE_CURVE('',#3785,#3786,#25,.T.);
#4596=EDGE_CURVE('',#3786,#3785,#26,.T.);
#4597=EDGE_CURVE('',#3787,#3788,#27,.T.);
#4598=EDGE_CURVE('',#3788,#3787,#28,.T.);
#4599=EDGE_CURVE('',#3784,#3788,#3280,.T.);
#4600=EDGE_CURVE('',#3782,#3786,#3281,.T.);
#4601=EDGE_CURVE('',#3789,#3789,#3282,.T.);
#4602=EDGE_CURVE('',#3789,#3790,#2382,.T.);
#4603=EDGE_CURVE('',#3790,#3790,#3283,.T.);
#4604=EDGE_CURVE('',#3791,#3791,#3284,.T.);
#4605=EDGE_CURVE('',#3791,#3792,#2383,.T.);
#4606=EDGE_CURVE('',#3792,#3792,#3285,.T.);
#4607=EDGE_CURVE('',#3793,#3793,#3286,.T.);
#4608=EDGE_CURVE('',#3793,#3794,#2384,.T.);
#4609=EDGE_CURVE('',#3794,#3794,#3287,.T.);
#4610=EDGE_CURVE('',#3795,#3795,#3288,.T.);
#4611=EDGE_CURVE('',#3795,#3796,#2385,.T.);
#4612=EDGE_CURVE('',#3796,#3796,#3289,.T.);
#4613=EDGE_CURVE('',#3797,#3798,#2386,.T.);
#4614=EDGE_CURVE('',#3798,#3799,#2387,.T.);
#4615=EDGE_CURVE('',#3800,#3799,#2388,.T.);
#4616=EDGE_CURVE('',#3797,#3800,#2389,.T.);
#4617=EDGE_CURVE('',#3801,#3797,#2390,.T.);
#4618=EDGE_CURVE('',#3802,#3800,#2391,.T.);
#4619=EDGE_CURVE('',#3801,#3802,#2392,.T.);
#4620=EDGE_CURVE('',#3803,#3801,#2393,.T.);
#4621=EDGE_CURVE('',#3804,#3802,#2394,.T.);
#4622=EDGE_CURVE('',#3803,#3804,#2395,.T.);
#4623=EDGE_CURVE('',#3798,#3803,#2396,.T.);
#4624=EDGE_CURVE('',#3799,#3804,#2397,.T.);
#4625=EDGE_CURVE('',#3805,#3806,#3290,.T.);
#4626=EDGE_CURVE('',#3807,#3806,#2398,.T.);
#4627=EDGE_CURVE('',#3807,#3808,#3291,.T.);
#4628=EDGE_CURVE('',#3808,#3805,#2399,.T.);
#4629=EDGE_CURVE('',#3806,#3809,#2400,.T.);
#4630=EDGE_CURVE('',#3810,#3809,#2401,.T.);
#4631=EDGE_CURVE('',#3810,#3807,#2402,.T.);
#4632=EDGE_CURVE('',#3809,#3811,#3292,.T.);
#4633=EDGE_CURVE('',#3812,#3811,#2403,.T.);
#4634=EDGE_CURVE('',#3812,#3810,#3293,.T.);
#4635=EDGE_CURVE('',#3811,#3805,#2404,.T.);
#4636=EDGE_CURVE('',#3808,#3812,#2405,.T.);
#4637=EDGE_CURVE('',#3813,#3814,#2406,.T.);
#4638=EDGE_CURVE('',#3815,#3814,#2407,.T.);
#4639=EDGE_CURVE('',#3815,#3816,#2408,.T.);
#4640=EDGE_CURVE('',#3816,#3813,#2409,.T.);
#4641=EDGE_CURVE('',#3814,#3817,#3294,.T.);
#4642=EDGE_CURVE('',#3818,#3817,#2410,.T.);
#4643=EDGE_CURVE('',#3818,#3815,#3295,.T.);
#4644=EDGE_CURVE('',#3817,#3819,#2411,.T.);
#4645=EDGE_CURVE('',#3820,#3819,#2412,.T.);
#4646=EDGE_CURVE('',#3820,#3818,#2413,.T.);
#4647=EDGE_CURVE('',#3819,#3813,#3296,.T.);
#4648=EDGE_CURVE('',#3816,#3820,#3297,.T.);
#4649=EDGE_CURVE('',#3821,#3822,#3298,.T.);
#4650=EDGE_CURVE('',#3822,#3823,#2414,.T.);
#4651=EDGE_CURVE('',#3823,#3824,#3299,.T.);
#4652=EDGE_CURVE('',#3824,#3821,#2415,.T.);
#4653=EDGE_CURVE('',#3825,#3826,#3300,.T.);
#4654=EDGE_CURVE('',#3827,#3826,#2416,.T.);
#4655=EDGE_CURVE('',#3827,#3828,#3301,.T.);
#4656=EDGE_CURVE('',#3828,#3825,#2417,.T.);
#4657=EDGE_CURVE('',#3825,#3822,#2418,.T.);
#4658=EDGE_CURVE('',#3821,#3826,#2419,.T.);
#4659=EDGE_CURVE('',#3827,#3824,#2420,.T.);
#4660=EDGE_CURVE('',#3823,#3828,#2421,.T.);
#4661=EDGE_CURVE('',#3829,#3828,#2422,.T.);
#4662=EDGE_CURVE('',#3829,#3830,#2423,.T.);
#4663=EDGE_CURVE('',#3825,#3830,#2424,.T.);
#4664=EDGE_CURVE('',#3830,#3831,#3302,.T.);
#4665=EDGE_CURVE('',#3831,#3832,#2425,.T.);
#4666=EDGE_CURVE('',#3832,#3833,#2426,.T.);
#4667=EDGE_CURVE('',#3833,#3822,#2427,.T.);
#4668=EDGE_CURVE('',#3834,#3832,#2428,.T.);
#4669=EDGE_CURVE('',#3835,#3834,#2429,.T.);
#4670=EDGE_CURVE('',#3835,#3833,#2430,.T.);
#4671=EDGE_CURVE('',#3823,#3835,#2431,.T.);
#4672=EDGE_CURVE('',#3836,#3829,#3303,.T.);
#4673=EDGE_CURVE('',#3836,#3831,#2432,.T.);
#4674=EDGE_CURVE('',#3834,#3836,#2433,.T.);
#4675=EDGE_CURVE('',#3837,#3838,#2434,.T.);
#4676=EDGE_CURVE('',#3839,#3837,#2435,.T.);
#4677=EDGE_CURVE('',#3840,#3839,#2436,.T.);
#4678=EDGE_CURVE('',#3840,#3838,#2437,.T.);
#4679=EDGE_CURVE('',#3821,#3837,#2438,.T.);
#4680=EDGE_CURVE('',#3839,#3824,#2439,.T.);
#4681=EDGE_CURVE('',#3838,#3826,#2440,.T.);
#4682=EDGE_CURVE('',#3827,#3840,#2441,.T.);
#4683=EDGE_CURVE('',#3841,#3842,#3304,.T.);
#4684=EDGE_CURVE('',#3842,#3843,#2442,.T.);
#4685=EDGE_CURVE('',#3843,#3844,#3305,.T.);
#4686=EDGE_CURVE('',#3844,#3841,#2443,.T.);
#4687=EDGE_CURVE('',#3845,#3846,#3306,.T.);
#4688=EDGE_CURVE('',#3847,#3846,#2444,.T.);
#4689=EDGE_CURVE('',#3847,#3848,#3307,.T.);
#4690=EDGE_CURVE('',#3848,#3845,#2445,.T.);
#4691=EDGE_CURVE('',#3845,#3842,#2446,.T.);
#4692=EDGE_CURVE('',#3841,#3846,#2447,.T.);
#4693=EDGE_CURVE('',#3847,#3844,#2448,.T.);
#4694=EDGE_CURVE('',#3843,#3848,#2449,.T.);
#4695=EDGE_CURVE('',#3849,#3848,#2450,.T.);
#4696=EDGE_CURVE('',#3849,#3850,#2451,.T.);
#4697=EDGE_CURVE('',#3845,#3850,#2452,.T.);
#4698=EDGE_CURVE('',#3850,#3851,#3308,.T.);
#4699=EDGE_CURVE('',#3851,#3852,#2453,.T.);
#4700=EDGE_CURVE('',#3852,#3853,#2454,.T.);
#4701=EDGE_CURVE('',#3853,#3842,#2455,.T.);
#4702=EDGE_CURVE('',#3854,#3852,#2456,.T.);
#4703=EDGE_CURVE('',#3855,#3854,#2457,.T.);
#4704=EDGE_CURVE('',#3855,#3853,#2458,.T.);
#4705=EDGE_CURVE('',#3843,#3855,#2459,.T.);
#4706=EDGE_CURVE('',#3856,#3849,#3309,.T.);
#4707=EDGE_CURVE('',#3856,#3851,#2460,.T.);
#4708=EDGE_CURVE('',#3854,#3856,#2461,.T.);
#4709=EDGE_CURVE('',#3857,#3858,#2462,.T.);
#4710=EDGE_CURVE('',#3859,#3857,#2463,.T.);
#4711=EDGE_CURVE('',#3860,#3859,#2464,.T.);
#4712=EDGE_CURVE('',#3860,#3858,#2465,.T.);
#4713=EDGE_CURVE('',#3841,#3857,#2466,.T.);
#4714=EDGE_CURVE('',#3859,#3844,#2467,.T.);
#4715=EDGE_CURVE('',#3858,#3846,#2468,.T.);
#4716=EDGE_CURVE('',#3847,#3860,#2469,.T.);
#4717=EDGE_CURVE('',#3861,#3862,#3310,.T.);
#4718=EDGE_CURVE('',#3863,#3861,#2470,.T.);
#4719=EDGE_CURVE('',#3864,#3863,#3311,.T.);
#4720=EDGE_CURVE('',#3862,#3864,#2471,.T.);
#4721=EDGE_CURVE('',#3861,#3865,#2472,.T.);
#4722=EDGE_CURVE('',#3865,#3866,#2473,.T.);
#4723=EDGE_CURVE('',#3863,#3866,#2474,.T.);
#4724=EDGE_CURVE('',#3866,#3867,#3312,.T.);
#4725=EDGE_CURVE('',#3867,#3868,#2475,.T.);
#4726=EDGE_CURVE('',#3868,#3869,#3313,.T.);
#4727=EDGE_CURVE('',#3869,#3870,#2476,.T.);
#4728=EDGE_CURVE('',#3870,#3871,#3314,.T.);
#4729=EDGE_CURVE('',#3871,#3864,#2477,.T.);
#4730=EDGE_CURVE('',#3872,#3872,#3315,.T.);
#4731=EDGE_CURVE('',#3873,#3873,#3316,.T.);
#4732=EDGE_CURVE('',#3874,#3865,#3317,.T.);
#4733=EDGE_CURVE('',#3867,#3874,#2478,.T.);
#4734=EDGE_CURVE('',#3874,#3875,#2479,.T.);
#4735=EDGE_CURVE('',#3875,#3868,#2480,.T.);
#4736=EDGE_CURVE('',#3876,#3875,#3318,.T.);
#4737=EDGE_CURVE('',#3869,#3876,#2481,.T.);
#4738=EDGE_CURVE('',#3876,#3877,#2482,.T.);
#4739=EDGE_CURVE('',#3877,#3870,#2483,.T.);
#4740=EDGE_CURVE('',#3878,#3877,#3319,.T.);
#4741=EDGE_CURVE('',#3871,#3878,#2484,.T.);
#4742=EDGE_CURVE('',#3879,#3879,#3320,.T.);
#4743=EDGE_CURVE('',#3879,#3873,#2485,.T.);
#4744=EDGE_CURVE('',#3880,#3880,#3321,.T.);
#4745=EDGE_CURVE('',#3880,#3872,#2486,.T.);
#4746=EDGE_CURVE('',#3878,#3862,#2487,.T.);
#4747=EDGE_CURVE('',#3881,#3881,#3322,.T.);
#4748=EDGE_CURVE('',#3881,#3882,#3323,.T.);
#4749=EDGE_CURVE('',#3882,#3882,#3324,.T.);
#4750=EDGE_CURVE('',#3883,#3883,#3325,.T.);
#4751=EDGE_CURVE('',#3883,#3884,#3326,.T.);
#4752=EDGE_CURVE('',#3884,#3884,#3327,.T.);
#4753=EDGE_CURVE('',#3885,#3885,#3328,.T.);
#4754=EDGE_CURVE('',#3885,#3886,#2488,.T.);
#4755=EDGE_CURVE('',#3886,#3886,#3329,.T.);
#4756=EDGE_CURVE('',#3887,#3887,#3330,.T.);
#4757=EDGE_CURVE('',#3887,#3888,#2489,.T.);
#4758=EDGE_CURVE('',#3888,#3888,#3331,.T.);
#4759=EDGE_CURVE('',#3889,#3889,#3332,.T.);
#4760=EDGE_CURVE('',#3889,#3890,#3333,.T.);
#4761=EDGE_CURVE('',#3890,#3890,#3334,.T.);
#4762=EDGE_CURVE('',#3891,#3891,#3335,.T.);
#4763=EDGE_CURVE('',#3891,#3892,#3336,.T.);
#4764=EDGE_CURVE('',#3892,#3892,#3337,.T.);
#4765=EDGE_CURVE('',#3893,#3893,#1917,.T.);
#4766=EDGE_CURVE('',#3894,#3894,#1918,.T.);
#4767=EDGE_CURVE('',#3895,#3895,#1919,.T.);
#4768=EDGE_CURVE('',#3896,#3896,#1920,.T.);
#4769=EDGE_CURVE('',#3894,#3896,#2490,.T.);
#4770=EDGE_CURVE('',#3895,#3893,#2491,.T.);
#4771=EDGE_CURVE('',#3897,#3898,#1921,.T.);
#4772=EDGE_CURVE('',#3899,#3897,#2492,.T.);
#4773=EDGE_CURVE('',#3900,#3899,#2493,.T.);
#4774=EDGE_CURVE('',#3901,#3900,#2494,.T.);
#4775=EDGE_CURVE('',#3902,#3901,#2495,.T.);
#4776=EDGE_CURVE('',#3903,#3902,#1922,.T.);
#4777=EDGE_CURVE('',#3904,#3903,#2496,.T.);
#4778=EDGE_CURVE('',#3905,#3904,#1923,.T.);
#4779=EDGE_CURVE('',#3898,#3905,#2497,.T.);
#4780=EDGE_CURVE('',#3906,#3905,#2498,.T.);
#4781=EDGE_CURVE('',#3907,#3906,#2499,.T.);
#4782=EDGE_CURVE('',#3907,#3898,#2500,.T.);
#4783=EDGE_CURVE('',#3908,#3904,#2501,.T.);
#4784=EDGE_CURVE('',#3906,#3908,#3338,.T.);
#4785=EDGE_CURVE('',#3909,#3903,#2502,.T.);
#4786=EDGE_CURVE('',#3908,#3909,#2503,.T.);
#4787=EDGE_CURVE('',#3910,#3902,#2504,.T.);
#4788=EDGE_CURVE('',#3909,#3910,#3339,.T.);
#4789=EDGE_CURVE('',#3911,#3901,#2505,.T.);
#4790=EDGE_CURVE('',#3910,#3911,#2506,.T.);
#4791=EDGE_CURVE('',#3912,#3900,#2507,.T.);
#4792=EDGE_CURVE('',#3911,#3912,#2508,.T.);
#4793=EDGE_CURVE('',#3913,#3899,#2509,.T.);
#4794=EDGE_CURVE('',#3912,#3913,#2510,.T.);
#4795=EDGE_CURVE('',#3914,#3897,#2511,.T.);
#4796=EDGE_CURVE('',#3913,#3914,#2512,.T.);
#4797=EDGE_CURVE('',#3914,#3907,#3340,.T.);
#4798=ORIENTED_EDGE('',*,*,#3915,.F.);
#4799=ORIENTED_EDGE('',*,*,#3916,.T.);
#4800=ORIENTED_EDGE('',*,*,#3917,.F.);
#4801=ORIENTED_EDGE('',*,*,#3916,.F.);
#4802=ORIENTED_EDGE('',*,*,#3918,.F.);
#4803=ORIENTED_EDGE('',*,*,#3919,.T.);
#4804=ORIENTED_EDGE('',*,*,#3920,.F.);
#4805=ORIENTED_EDGE('',*,*,#3919,.F.);
#4806=ORIENTED_EDGE('',*,*,#3921,.F.);
#4807=ORIENTED_EDGE('',*,*,#3922,.T.);
#4808=ORIENTED_EDGE('',*,*,#3923,.F.);
#4809=ORIENTED_EDGE('',*,*,#3922,.F.);
#4810=ORIENTED_EDGE('',*,*,#3924,.F.);
#4811=ORIENTED_EDGE('',*,*,#3925,.T.);
#4812=ORIENTED_EDGE('',*,*,#3926,.F.);
#4813=ORIENTED_EDGE('',*,*,#3925,.F.);
#4814=ORIENTED_EDGE('',*,*,#3927,.T.);
#4815=ORIENTED_EDGE('',*,*,#3928,.T.);
#4816=ORIENTED_EDGE('',*,*,#3929,.T.);
#4817=ORIENTED_EDGE('',*,*,#3930,.T.);
#4818=ORIENTED_EDGE('',*,*,#3931,.T.);
#4819=ORIENTED_EDGE('',*,*,#3932,.T.);
#4820=ORIENTED_EDGE('',*,*,#3933,.T.);
#4821=ORIENTED_EDGE('',*,*,#3934,.T.);
#4822=ORIENTED_EDGE('',*,*,#3935,.T.);
#4823=ORIENTED_EDGE('',*,*,#3936,.T.);
#4824=ORIENTED_EDGE('',*,*,#3937,.T.);
#4825=ORIENTED_EDGE('',*,*,#3938,.T.);
#4826=ORIENTED_EDGE('',*,*,#3933,.F.);
#4827=ORIENTED_EDGE('',*,*,#3939,.F.);
#4828=ORIENTED_EDGE('',*,*,#3940,.T.);
#4829=ORIENTED_EDGE('',*,*,#3941,.T.);
#4830=ORIENTED_EDGE('',*,*,#3915,.T.);
#4831=ORIENTED_EDGE('',*,*,#3918,.T.);
#4832=ORIENTED_EDGE('',*,*,#3921,.T.);
#4833=ORIENTED_EDGE('',*,*,#3924,.T.);
#4834=ORIENTED_EDGE('',*,*,#3934,.F.);
#4835=ORIENTED_EDGE('',*,*,#3941,.F.);
#4836=ORIENTED_EDGE('',*,*,#3942,.T.);
#4837=ORIENTED_EDGE('',*,*,#3943,.T.);
#4838=ORIENTED_EDGE('',*,*,#3935,.F.);
#4839=ORIENTED_EDGE('',*,*,#3943,.F.);
#4840=ORIENTED_EDGE('',*,*,#3944,.T.);
#4841=ORIENTED_EDGE('',*,*,#3945,.T.);
#4842=ORIENTED_EDGE('',*,*,#3936,.F.);
#4843=ORIENTED_EDGE('',*,*,#3945,.F.);
#4844=ORIENTED_EDGE('',*,*,#3946,.T.);
#4845=ORIENTED_EDGE('',*,*,#3947,.T.);
#4846=ORIENTED_EDGE('',*,*,#3917,.T.);
#4847=ORIENTED_EDGE('',*,*,#3920,.T.);
#4848=ORIENTED_EDGE('',*,*,#3923,.T.);
#4849=ORIENTED_EDGE('',*,*,#3926,.T.);
#4850=ORIENTED_EDGE('',*,*,#3937,.F.);
#4851=ORIENTED_EDGE('',*,*,#3947,.F.);
#4852=ORIENTED_EDGE('',*,*,#3948,.T.);
#4853=ORIENTED_EDGE('',*,*,#3949,.T.);
#4854=ORIENTED_EDGE('',*,*,#3938,.F.);
#4855=ORIENTED_EDGE('',*,*,#3949,.F.);
#4856=ORIENTED_EDGE('',*,*,#3950,.T.);
#4857=ORIENTED_EDGE('',*,*,#3951,.T.);
#4858=ORIENTED_EDGE('',*,*,#3927,.F.);
#4859=ORIENTED_EDGE('',*,*,#3951,.F.);
#4860=ORIENTED_EDGE('',*,*,#3952,.T.);
#4861=ORIENTED_EDGE('',*,*,#3953,.T.);
#4862=ORIENTED_EDGE('',*,*,#3928,.F.);
#4863=ORIENTED_EDGE('',*,*,#3953,.F.);
#4864=ORIENTED_EDGE('',*,*,#3954,.T.);
#4865=ORIENTED_EDGE('',*,*,#3955,.T.);
#4866=ORIENTED_EDGE('',*,*,#3929,.F.);
#4867=ORIENTED_EDGE('',*,*,#3955,.F.);
#4868=ORIENTED_EDGE('',*,*,#3956,.T.);
#4869=ORIENTED_EDGE('',*,*,#3957,.T.);
#4870=ORIENTED_EDGE('',*,*,#3930,.F.);
#4871=ORIENTED_EDGE('',*,*,#3957,.F.);
#4872=ORIENTED_EDGE('',*,*,#3958,.T.);
#4873=ORIENTED_EDGE('',*,*,#3959,.T.);
#4874=ORIENTED_EDGE('',*,*,#3931,.F.);
#4875=ORIENTED_EDGE('',*,*,#3959,.F.);
#4876=ORIENTED_EDGE('',*,*,#3960,.T.);
#4877=ORIENTED_EDGE('',*,*,#3961,.T.);
#4878=ORIENTED_EDGE('',*,*,#3932,.F.);
#4879=ORIENTED_EDGE('',*,*,#3961,.F.);
#4880=ORIENTED_EDGE('',*,*,#3962,.T.);
#4881=ORIENTED_EDGE('',*,*,#3939,.T.);
#4882=ORIENTED_EDGE('',*,*,#3940,.F.);
#4883=ORIENTED_EDGE('',*,*,#3962,.F.);
#4884=ORIENTED_EDGE('',*,*,#3960,.F.);
#4885=ORIENTED_EDGE('',*,*,#3958,.F.);
#4886=ORIENTED_EDGE('',*,*,#3956,.F.);
#4887=ORIENTED_EDGE('',*,*,#3954,.F.);
#4888=ORIENTED_EDGE('',*,*,#3952,.F.);
#4889=ORIENTED_EDGE('',*,*,#3950,.F.);
#4890=ORIENTED_EDGE('',*,*,#3948,.F.);
#4891=ORIENTED_EDGE('',*,*,#3946,.F.);
#4892=ORIENTED_EDGE('',*,*,#3944,.F.);
#4893=ORIENTED_EDGE('',*,*,#3942,.F.);
#4894=ORIENTED_EDGE('',*,*,#3963,.T.);
#4895=ORIENTED_EDGE('',*,*,#3964,.T.);
#4896=ORIENTED_EDGE('',*,*,#3965,.F.);
#4897=ORIENTED_EDGE('',*,*,#3966,.T.);
#4898=ORIENTED_EDGE('',*,*,#3967,.T.);
#4899=ORIENTED_EDGE('',*,*,#3968,.T.);
#4900=ORIENTED_EDGE('',*,*,#3969,.T.);
#4901=ORIENTED_EDGE('',*,*,#3970,.T.);
#4902=ORIENTED_EDGE('',*,*,#3971,.T.);
#4903=ORIENTED_EDGE('',*,*,#3972,.T.);
#4904=ORIENTED_EDGE('',*,*,#3973,.T.);
#4905=ORIENTED_EDGE('',*,*,#3974,.T.);
#4906=ORIENTED_EDGE('',*,*,#3969,.F.);
#4907=ORIENTED_EDGE('',*,*,#3975,.T.);
#4908=ORIENTED_EDGE('',*,*,#3976,.F.);
#4909=ORIENTED_EDGE('',*,*,#3977,.F.);
#4910=ORIENTED_EDGE('',*,*,#3970,.F.);
#4911=ORIENTED_EDGE('',*,*,#3977,.T.);
#4912=ORIENTED_EDGE('',*,*,#3978,.F.);
#4913=ORIENTED_EDGE('',*,*,#3979,.F.);
#4914=ORIENTED_EDGE('',*,*,#3971,.F.);
#4915=ORIENTED_EDGE('',*,*,#3979,.T.);
#4916=ORIENTED_EDGE('',*,*,#3980,.F.);
#4917=ORIENTED_EDGE('',*,*,#3981,.F.);
#4918=ORIENTED_EDGE('',*,*,#3972,.F.);
#4919=ORIENTED_EDGE('',*,*,#3981,.T.);
#4920=ORIENTED_EDGE('',*,*,#3982,.F.);
#4921=ORIENTED_EDGE('',*,*,#3983,.F.);
#4922=ORIENTED_EDGE('',*,*,#3973,.F.);
#4923=ORIENTED_EDGE('',*,*,#3983,.T.);
#4924=ORIENTED_EDGE('',*,*,#3984,.F.);
#4925=ORIENTED_EDGE('',*,*,#3985,.F.);
#4926=ORIENTED_EDGE('',*,*,#3974,.F.);
#4927=ORIENTED_EDGE('',*,*,#3985,.T.);
#4928=ORIENTED_EDGE('',*,*,#3986,.F.);
#4929=ORIENTED_EDGE('',*,*,#3987,.F.);
#4930=ORIENTED_EDGE('',*,*,#3988,.T.);
#4931=ORIENTED_EDGE('',*,*,#3986,.T.);
#4932=ORIENTED_EDGE('',*,*,#3984,.T.);
#4933=ORIENTED_EDGE('',*,*,#3982,.T.);
#4934=ORIENTED_EDGE('',*,*,#3980,.T.);
#4935=ORIENTED_EDGE('',*,*,#3978,.T.);
#4936=ORIENTED_EDGE('',*,*,#3976,.T.);
#4937=ORIENTED_EDGE('',*,*,#3989,.T.);
#4938=ORIENTED_EDGE('',*,*,#3990,.T.);
#4939=ORIENTED_EDGE('',*,*,#3991,.T.);
#4940=ORIENTED_EDGE('',*,*,#3992,.T.);
#4941=ORIENTED_EDGE('',*,*,#3993,.T.);
#4942=ORIENTED_EDGE('',*,*,#3963,.F.);
#4943=ORIENTED_EDGE('',*,*,#3987,.T.);
#4944=ORIENTED_EDGE('',*,*,#3988,.F.);
#4945=ORIENTED_EDGE('',*,*,#3994,.F.);
#4946=ORIENTED_EDGE('',*,*,#3968,.F.);
#4947=ORIENTED_EDGE('',*,*,#3995,.T.);
#4948=ORIENTED_EDGE('',*,*,#3989,.F.);
#4949=ORIENTED_EDGE('',*,*,#3975,.F.);
#4950=ORIENTED_EDGE('',*,*,#3967,.F.);
#4951=ORIENTED_EDGE('',*,*,#3996,.T.);
#4952=ORIENTED_EDGE('',*,*,#3990,.F.);
#4953=ORIENTED_EDGE('',*,*,#3995,.F.);
#4954=ORIENTED_EDGE('',*,*,#3966,.F.);
#4955=ORIENTED_EDGE('',*,*,#3997,.T.);
#4956=ORIENTED_EDGE('',*,*,#3991,.F.);
#4957=ORIENTED_EDGE('',*,*,#3996,.F.);
#4958=ORIENTED_EDGE('',*,*,#3992,.F.);
#4959=ORIENTED_EDGE('',*,*,#3997,.F.);
#4960=ORIENTED_EDGE('',*,*,#3965,.T.);
#4961=ORIENTED_EDGE('',*,*,#3998,.T.);
#4962=ORIENTED_EDGE('',*,*,#3964,.F.);
#4963=ORIENTED_EDGE('',*,*,#3994,.T.);
#4964=ORIENTED_EDGE('',*,*,#3993,.F.);
#4965=ORIENTED_EDGE('',*,*,#3998,.F.);
#4966=ORIENTED_EDGE('',*,*,#3999,.T.);
#4967=ORIENTED_EDGE('',*,*,#4000,.F.);
#4968=ORIENTED_EDGE('',*,*,#4001,.F.);
#4969=ORIENTED_EDGE('',*,*,#4002,.T.);
#4970=ORIENTED_EDGE('',*,*,#4003,.T.);
#4971=ORIENTED_EDGE('',*,*,#4004,.F.);
#4972=ORIENTED_EDGE('',*,*,#4005,.F.);
#4973=ORIENTED_EDGE('',*,*,#4000,.T.);
#4974=ORIENTED_EDGE('',*,*,#4006,.T.);
#4975=ORIENTED_EDGE('',*,*,#4007,.F.);
#4976=ORIENTED_EDGE('',*,*,#4008,.F.);
#4977=ORIENTED_EDGE('',*,*,#4004,.T.);
#4978=ORIENTED_EDGE('',*,*,#4009,.T.);
#4979=ORIENTED_EDGE('',*,*,#4010,.F.);
#4980=ORIENTED_EDGE('',*,*,#4011,.F.);
#4981=ORIENTED_EDGE('',*,*,#4007,.T.);
#4982=ORIENTED_EDGE('',*,*,#4012,.T.);
#4983=ORIENTED_EDGE('',*,*,#4013,.F.);
#4984=ORIENTED_EDGE('',*,*,#4014,.F.);
#4985=ORIENTED_EDGE('',*,*,#4010,.T.);
#4986=ORIENTED_EDGE('',*,*,#4015,.T.);
#4987=ORIENTED_EDGE('',*,*,#4016,.F.);
#4988=ORIENTED_EDGE('',*,*,#4017,.F.);
#4989=ORIENTED_EDGE('',*,*,#4013,.T.);
#4990=ORIENTED_EDGE('',*,*,#4018,.T.);
#4991=ORIENTED_EDGE('',*,*,#4019,.F.);
#4992=ORIENTED_EDGE('',*,*,#4020,.F.);
#4993=ORIENTED_EDGE('',*,*,#4016,.T.);
#4994=ORIENTED_EDGE('',*,*,#4021,.T.);
#4995=ORIENTED_EDGE('',*,*,#4022,.F.);
#4996=ORIENTED_EDGE('',*,*,#4023,.F.);
#4997=ORIENTED_EDGE('',*,*,#4019,.T.);
#4998=ORIENTED_EDGE('',*,*,#4024,.T.);
#4999=ORIENTED_EDGE('',*,*,#4025,.F.);
#5000=ORIENTED_EDGE('',*,*,#4026,.F.);
#5001=ORIENTED_EDGE('',*,*,#4022,.T.);
#5002=ORIENTED_EDGE('',*,*,#4027,.T.);
#5003=ORIENTED_EDGE('',*,*,#4028,.F.);
#5004=ORIENTED_EDGE('',*,*,#4029,.F.);
#5005=ORIENTED_EDGE('',*,*,#4025,.T.);
#5006=ORIENTED_EDGE('',*,*,#4030,.T.);
#5007=ORIENTED_EDGE('',*,*,#4031,.F.);
#5008=ORIENTED_EDGE('',*,*,#4032,.F.);
#5009=ORIENTED_EDGE('',*,*,#4028,.T.);
#5010=ORIENTED_EDGE('',*,*,#4033,.T.);
#5011=ORIENTED_EDGE('',*,*,#4002,.F.);
#5012=ORIENTED_EDGE('',*,*,#4034,.F.);
#5013=ORIENTED_EDGE('',*,*,#4031,.T.);
#5014=ORIENTED_EDGE('',*,*,#4020,.T.);
#5015=ORIENTED_EDGE('',*,*,#4023,.T.);
#5016=ORIENTED_EDGE('',*,*,#4026,.T.);
#5017=ORIENTED_EDGE('',*,*,#4029,.T.);
#5018=ORIENTED_EDGE('',*,*,#4032,.T.);
#5019=ORIENTED_EDGE('',*,*,#4034,.T.);
#5020=ORIENTED_EDGE('',*,*,#4001,.T.);
#5021=ORIENTED_EDGE('',*,*,#4005,.T.);
#5022=ORIENTED_EDGE('',*,*,#4008,.T.);
#5023=ORIENTED_EDGE('',*,*,#4011,.T.);
#5024=ORIENTED_EDGE('',*,*,#4014,.T.);
#5025=ORIENTED_EDGE('',*,*,#4017,.T.);
#5026=ORIENTED_EDGE('',*,*,#4018,.F.);
#5027=ORIENTED_EDGE('',*,*,#4015,.F.);
#5028=ORIENTED_EDGE('',*,*,#4012,.F.);
#5029=ORIENTED_EDGE('',*,*,#4009,.F.);
#5030=ORIENTED_EDGE('',*,*,#4006,.F.);
#5031=ORIENTED_EDGE('',*,*,#4003,.F.);
#5032=ORIENTED_EDGE('',*,*,#3999,.F.);
#5033=ORIENTED_EDGE('',*,*,#4033,.F.);
#5034=ORIENTED_EDGE('',*,*,#4030,.F.);
#5035=ORIENTED_EDGE('',*,*,#4027,.F.);
#5036=ORIENTED_EDGE('',*,*,#4024,.F.);
#5037=ORIENTED_EDGE('',*,*,#4021,.F.);
#5038=ORIENTED_EDGE('',*,*,#4035,.F.);
#5039=ORIENTED_EDGE('',*,*,#4036,.F.);
#5040=ORIENTED_EDGE('',*,*,#4037,.F.);
#5041=ORIENTED_EDGE('',*,*,#4038,.T.);
#5042=ORIENTED_EDGE('',*,*,#4039,.F.);
#5043=ORIENTED_EDGE('',*,*,#4038,.F.);
#5044=ORIENTED_EDGE('',*,*,#4040,.F.);
#5045=ORIENTED_EDGE('',*,*,#4041,.T.);
#5046=ORIENTED_EDGE('',*,*,#4042,.F.);
#5047=ORIENTED_EDGE('',*,*,#4041,.F.);
#5048=ORIENTED_EDGE('',*,*,#4043,.F.);
#5049=ORIENTED_EDGE('',*,*,#4044,.T.);
#5050=ORIENTED_EDGE('',*,*,#4045,.F.);
#5051=ORIENTED_EDGE('',*,*,#4044,.F.);
#5052=ORIENTED_EDGE('',*,*,#4046,.F.);
#5053=ORIENTED_EDGE('',*,*,#4036,.T.);
#5054=ORIENTED_EDGE('',*,*,#4047,.F.);
#5055=ORIENTED_EDGE('',*,*,#4048,.F.);
#5056=ORIENTED_EDGE('',*,*,#4049,.F.);
#5057=ORIENTED_EDGE('',*,*,#4050,.T.);
#5058=ORIENTED_EDGE('',*,*,#4051,.F.);
#5059=ORIENTED_EDGE('',*,*,#4050,.F.);
#5060=ORIENTED_EDGE('',*,*,#4052,.F.);
#5061=ORIENTED_EDGE('',*,*,#4053,.T.);
#5062=ORIENTED_EDGE('',*,*,#4054,.F.);
#5063=ORIENTED_EDGE('',*,*,#4053,.F.);
#5064=ORIENTED_EDGE('',*,*,#4055,.F.);
#5065=ORIENTED_EDGE('',*,*,#4056,.T.);
#5066=ORIENTED_EDGE('',*,*,#4057,.F.);
#5067=ORIENTED_EDGE('',*,*,#4056,.F.);
#5068=ORIENTED_EDGE('',*,*,#4058,.F.);
#5069=ORIENTED_EDGE('',*,*,#4048,.T.);
#5070=ORIENTED_EDGE('',*,*,#4059,.F.);
#5071=ORIENTED_EDGE('',*,*,#4060,.F.);
#5072=ORIENTED_EDGE('',*,*,#4061,.F.);
#5073=ORIENTED_EDGE('',*,*,#4062,.F.);
#5074=ORIENTED_EDGE('',*,*,#4063,.F.);
#5075=ORIENTED_EDGE('',*,*,#4064,.F.);
#5076=ORIENTED_EDGE('',*,*,#4065,.F.);
#5077=ORIENTED_EDGE('',*,*,#4066,.T.);
#5078=ORIENTED_EDGE('',*,*,#4063,.T.);
#5079=ORIENTED_EDGE('',*,*,#4067,.F.);
#5080=ORIENTED_EDGE('',*,*,#4059,.T.);
#5081=ORIENTED_EDGE('',*,*,#4068,.F.);
#5082=ORIENTED_EDGE('',*,*,#4065,.T.);
#5083=ORIENTED_EDGE('',*,*,#4069,.F.);
#5084=ORIENTED_EDGE('',*,*,#4061,.T.);
#5085=ORIENTED_EDGE('',*,*,#4070,.F.);
#5086=ORIENTED_EDGE('',*,*,#4064,.T.);
#5087=ORIENTED_EDGE('',*,*,#4071,.T.);
#5088=ORIENTED_EDGE('',*,*,#4072,.F.);
#5089=ORIENTED_EDGE('',*,*,#4073,.T.);
#5090=ORIENTED_EDGE('',*,*,#4068,.T.);
#5091=ORIENTED_EDGE('',*,*,#4074,.F.);
#5092=ORIENTED_EDGE('',*,*,#4075,.F.);
#5093=ORIENTED_EDGE('',*,*,#4076,.F.);
#5094=ORIENTED_EDGE('',*,*,#4077,.F.);
#5095=ORIENTED_EDGE('',*,*,#4071,.F.);
#5096=ORIENTED_EDGE('',*,*,#4043,.T.);
#5097=ORIENTED_EDGE('',*,*,#4040,.T.);
#5098=ORIENTED_EDGE('',*,*,#4037,.T.);
#5099=ORIENTED_EDGE('',*,*,#4046,.T.);
#5100=ORIENTED_EDGE('',*,*,#4055,.T.);
#5101=ORIENTED_EDGE('',*,*,#4052,.T.);
#5102=ORIENTED_EDGE('',*,*,#4049,.T.);
#5103=ORIENTED_EDGE('',*,*,#4058,.T.);
#5104=ORIENTED_EDGE('',*,*,#4075,.T.);
#5105=ORIENTED_EDGE('',*,*,#4078,.F.);
#5106=ORIENTED_EDGE('',*,*,#4079,.T.);
#5107=ORIENTED_EDGE('',*,*,#4080,.T.);
#5108=ORIENTED_EDGE('',*,*,#4062,.T.);
#5109=ORIENTED_EDGE('',*,*,#4081,.T.);
#5110=ORIENTED_EDGE('',*,*,#4078,.T.);
#5111=ORIENTED_EDGE('',*,*,#4074,.T.);
#5112=ORIENTED_EDGE('',*,*,#4077,.T.);
#5113=ORIENTED_EDGE('',*,*,#4082,.F.);
#5114=ORIENTED_EDGE('',*,*,#4083,.T.);
#5115=ORIENTED_EDGE('',*,*,#4072,.T.);
#5116=ORIENTED_EDGE('',*,*,#4076,.T.);
#5117=ORIENTED_EDGE('',*,*,#4080,.F.);
#5118=ORIENTED_EDGE('',*,*,#4084,.T.);
#5119=ORIENTED_EDGE('',*,*,#4082,.T.);
#5120=ORIENTED_EDGE('',*,*,#4069,.T.);
#5121=ORIENTED_EDGE('',*,*,#4073,.F.);
#5122=ORIENTED_EDGE('',*,*,#4083,.F.);
#5123=ORIENTED_EDGE('',*,*,#4084,.F.);
#5124=ORIENTED_EDGE('',*,*,#4079,.F.);
#5125=ORIENTED_EDGE('',*,*,#4081,.F.);
#5126=ORIENTED_EDGE('',*,*,#4042,.T.);
#5127=ORIENTED_EDGE('',*,*,#4045,.T.);
#5128=ORIENTED_EDGE('',*,*,#4035,.T.);
#5129=ORIENTED_EDGE('',*,*,#4039,.T.);
#5130=ORIENTED_EDGE('',*,*,#4054,.T.);
#5131=ORIENTED_EDGE('',*,*,#4057,.T.);
#5132=ORIENTED_EDGE('',*,*,#4047,.T.);
#5133=ORIENTED_EDGE('',*,*,#4051,.T.);
#5134=ORIENTED_EDGE('',*,*,#4085,.T.);
#5135=ORIENTED_EDGE('',*,*,#4086,.F.);
#5136=ORIENTED_EDGE('',*,*,#4087,.T.);
#5137=ORIENTED_EDGE('',*,*,#4088,.T.);
#5138=ORIENTED_EDGE('',*,*,#4089,.T.);
#5139=ORIENTED_EDGE('',*,*,#4088,.F.);
#5140=ORIENTED_EDGE('',*,*,#4090,.T.);
#5141=ORIENTED_EDGE('',*,*,#4060,.T.);
#5142=ORIENTED_EDGE('',*,*,#4091,.T.);
#5143=ORIENTED_EDGE('',*,*,#4066,.F.);
#5144=ORIENTED_EDGE('',*,*,#4092,.T.);
#5145=ORIENTED_EDGE('',*,*,#4086,.T.);
#5146=ORIENTED_EDGE('',*,*,#4070,.T.);
#5147=ORIENTED_EDGE('',*,*,#4090,.F.);
#5148=ORIENTED_EDGE('',*,*,#4087,.F.);
#5149=ORIENTED_EDGE('',*,*,#4092,.F.);
#5150=ORIENTED_EDGE('',*,*,#4067,.T.);
#5151=ORIENTED_EDGE('',*,*,#4091,.F.);
#5152=ORIENTED_EDGE('',*,*,#4085,.F.);
#5153=ORIENTED_EDGE('',*,*,#4089,.F.);
#5154=ORIENTED_EDGE('',*,*,#4093,.F.);
#5155=ORIENTED_EDGE('',*,*,#4094,.F.);
#5156=ORIENTED_EDGE('',*,*,#4095,.F.);
#5157=ORIENTED_EDGE('',*,*,#4096,.F.);
#5158=ORIENTED_EDGE('',*,*,#4097,.F.);
#5159=ORIENTED_EDGE('',*,*,#4098,.F.);
#5160=ORIENTED_EDGE('',*,*,#4099,.F.);
#5161=ORIENTED_EDGE('',*,*,#4100,.T.);
#5162=ORIENTED_EDGE('',*,*,#4097,.T.);
#5163=ORIENTED_EDGE('',*,*,#4101,.F.);
#5164=ORIENTED_EDGE('',*,*,#4093,.T.);
#5165=ORIENTED_EDGE('',*,*,#4102,.F.);
#5166=ORIENTED_EDGE('',*,*,#4099,.T.);
#5167=ORIENTED_EDGE('',*,*,#4103,.F.);
#5168=ORIENTED_EDGE('',*,*,#4095,.T.);
#5169=ORIENTED_EDGE('',*,*,#4104,.F.);
#5170=ORIENTED_EDGE('',*,*,#4098,.T.);
#5171=ORIENTED_EDGE('',*,*,#4105,.T.);
#5172=ORIENTED_EDGE('',*,*,#4106,.F.);
#5173=ORIENTED_EDGE('',*,*,#4107,.T.);
#5174=ORIENTED_EDGE('',*,*,#4102,.T.);
#5175=ORIENTED_EDGE('',*,*,#4108,.F.);
#5176=ORIENTED_EDGE('',*,*,#4109,.F.);
#5177=ORIENTED_EDGE('',*,*,#4110,.F.);
#5178=ORIENTED_EDGE('',*,*,#4111,.F.);
#5179=ORIENTED_EDGE('',*,*,#4105,.F.);
#5180=ORIENTED_EDGE('',*,*,#4109,.T.);
#5181=ORIENTED_EDGE('',*,*,#4112,.F.);
#5182=ORIENTED_EDGE('',*,*,#4113,.T.);
#5183=ORIENTED_EDGE('',*,*,#4114,.T.);
#5184=ORIENTED_EDGE('',*,*,#4096,.T.);
#5185=ORIENTED_EDGE('',*,*,#4115,.T.);
#5186=ORIENTED_EDGE('',*,*,#4112,.T.);
#5187=ORIENTED_EDGE('',*,*,#4108,.T.);
#5188=ORIENTED_EDGE('',*,*,#4111,.T.);
#5189=ORIENTED_EDGE('',*,*,#4116,.F.);
#5190=ORIENTED_EDGE('',*,*,#4117,.T.);
#5191=ORIENTED_EDGE('',*,*,#4106,.T.);
#5192=ORIENTED_EDGE('',*,*,#4110,.T.);
#5193=ORIENTED_EDGE('',*,*,#4114,.F.);
#5194=ORIENTED_EDGE('',*,*,#4118,.T.);
#5195=ORIENTED_EDGE('',*,*,#4116,.T.);
#5196=ORIENTED_EDGE('',*,*,#4103,.T.);
#5197=ORIENTED_EDGE('',*,*,#4107,.F.);
#5198=ORIENTED_EDGE('',*,*,#4117,.F.);
#5199=ORIENTED_EDGE('',*,*,#4118,.F.);
#5200=ORIENTED_EDGE('',*,*,#4113,.F.);
#5201=ORIENTED_EDGE('',*,*,#4115,.F.);
#5202=ORIENTED_EDGE('',*,*,#4119,.T.);
#5203=ORIENTED_EDGE('',*,*,#4120,.F.);
#5204=ORIENTED_EDGE('',*,*,#4121,.T.);
#5205=ORIENTED_EDGE('',*,*,#4122,.T.);
#5206=ORIENTED_EDGE('',*,*,#4123,.T.);
#5207=ORIENTED_EDGE('',*,*,#4122,.F.);
#5208=ORIENTED_EDGE('',*,*,#4124,.T.);
#5209=ORIENTED_EDGE('',*,*,#4094,.T.);
#5210=ORIENTED_EDGE('',*,*,#4125,.T.);
#5211=ORIENTED_EDGE('',*,*,#4100,.F.);
#5212=ORIENTED_EDGE('',*,*,#4126,.T.);
#5213=ORIENTED_EDGE('',*,*,#4120,.T.);
#5214=ORIENTED_EDGE('',*,*,#4104,.T.);
#5215=ORIENTED_EDGE('',*,*,#4124,.F.);
#5216=ORIENTED_EDGE('',*,*,#4121,.F.);
#5217=ORIENTED_EDGE('',*,*,#4126,.F.);
#5218=ORIENTED_EDGE('',*,*,#4101,.T.);
#5219=ORIENTED_EDGE('',*,*,#4125,.F.);
#5220=ORIENTED_EDGE('',*,*,#4119,.F.);
#5221=ORIENTED_EDGE('',*,*,#4123,.F.);
#5222=ORIENTED_EDGE('',*,*,#4127,.F.);
#5223=ORIENTED_EDGE('',*,*,#4128,.F.);
#5224=ORIENTED_EDGE('',*,*,#4129,.F.);
#5225=ORIENTED_EDGE('',*,*,#4130,.F.);
#5226=ORIENTED_EDGE('',*,*,#4131,.T.);
#5227=ORIENTED_EDGE('',*,*,#4132,.T.);
#5228=ORIENTED_EDGE('',*,*,#4133,.T.);
#5229=ORIENTED_EDGE('',*,*,#4134,.T.);
#5230=ORIENTED_EDGE('',*,*,#4135,.T.);
#5231=ORIENTED_EDGE('',*,*,#4136,.T.);
#5232=ORIENTED_EDGE('',*,*,#4137,.T.);
#5233=ORIENTED_EDGE('',*,*,#4132,.F.);
#5234=ORIENTED_EDGE('',*,*,#4138,.F.);
#5235=ORIENTED_EDGE('',*,*,#4139,.F.);
#5236=ORIENTED_EDGE('',*,*,#4140,.F.);
#5237=ORIENTED_EDGE('',*,*,#4128,.T.);
#5238=ORIENTED_EDGE('',*,*,#4131,.F.);
#5239=ORIENTED_EDGE('',*,*,#4130,.T.);
#5240=ORIENTED_EDGE('',*,*,#4141,.F.);
#5241=ORIENTED_EDGE('',*,*,#4142,.T.);
#5242=ORIENTED_EDGE('',*,*,#4138,.T.);
#5243=ORIENTED_EDGE('',*,*,#4143,.T.);
#5244=ORIENTED_EDGE('',*,*,#4144,.F.);
#5245=ORIENTED_EDGE('',*,*,#4136,.F.);
#5246=ORIENTED_EDGE('',*,*,#4145,.T.);
#5247=ORIENTED_EDGE('',*,*,#4133,.F.);
#5248=ORIENTED_EDGE('',*,*,#4137,.F.);
#5249=ORIENTED_EDGE('',*,*,#4144,.T.);
#5250=ORIENTED_EDGE('',*,*,#4127,.T.);
#5251=ORIENTED_EDGE('',*,*,#4134,.F.);
#5252=ORIENTED_EDGE('',*,*,#4145,.F.);
#5253=ORIENTED_EDGE('',*,*,#4143,.F.);
#5254=ORIENTED_EDGE('',*,*,#4135,.F.);
#5255=ORIENTED_EDGE('',*,*,#4142,.F.);
#5256=ORIENTED_EDGE('',*,*,#4146,.F.);
#5257=ORIENTED_EDGE('',*,*,#4139,.T.);
#5258=ORIENTED_EDGE('',*,*,#4141,.T.);
#5259=ORIENTED_EDGE('',*,*,#4147,.T.);
#5260=ORIENTED_EDGE('',*,*,#4148,.T.);
#5261=ORIENTED_EDGE('',*,*,#4149,.T.);
#5262=ORIENTED_EDGE('',*,*,#4129,.T.);
#5263=ORIENTED_EDGE('',*,*,#4150,.F.);
#5264=ORIENTED_EDGE('',*,*,#4151,.F.);
#5265=ORIENTED_EDGE('',*,*,#4152,.F.);
#5266=ORIENTED_EDGE('',*,*,#4153,.F.);
#5267=ORIENTED_EDGE('',*,*,#4147,.F.);
#5268=ORIENTED_EDGE('',*,*,#4154,.T.);
#5269=ORIENTED_EDGE('',*,*,#4155,.T.);
#5270=ORIENTED_EDGE('',*,*,#4155,.F.);
#5271=ORIENTED_EDGE('',*,*,#4156,.T.);
#5272=ORIENTED_EDGE('',*,*,#4157,.F.);
#5273=ORIENTED_EDGE('',*,*,#4156,.F.);
#5274=ORIENTED_EDGE('',*,*,#4154,.F.);
#5275=ORIENTED_EDGE('',*,*,#4158,.T.);
#5276=ORIENTED_EDGE('',*,*,#4159,.F.);
#5277=ORIENTED_EDGE('',*,*,#4158,.F.);
#5278=ORIENTED_EDGE('',*,*,#4140,.T.);
#5279=ORIENTED_EDGE('',*,*,#4160,.T.);
#5280=ORIENTED_EDGE('',*,*,#4161,.F.);
#5281=ORIENTED_EDGE('',*,*,#4150,.T.);
#5282=ORIENTED_EDGE('',*,*,#4162,.T.);
#5283=ORIENTED_EDGE('',*,*,#4163,.F.);
#5284=ORIENTED_EDGE('',*,*,#4151,.T.);
#5285=ORIENTED_EDGE('',*,*,#4161,.T.);
#5286=ORIENTED_EDGE('',*,*,#4164,.T.);
#5287=ORIENTED_EDGE('',*,*,#4165,.F.);
#5288=ORIENTED_EDGE('',*,*,#4152,.T.);
#5289=ORIENTED_EDGE('',*,*,#4163,.T.);
#5290=ORIENTED_EDGE('',*,*,#4166,.T.);
#5291=ORIENTED_EDGE('',*,*,#4148,.F.);
#5292=ORIENTED_EDGE('',*,*,#4153,.T.);
#5293=ORIENTED_EDGE('',*,*,#4165,.T.);
#5294=ORIENTED_EDGE('',*,*,#4146,.T.);
#5295=ORIENTED_EDGE('',*,*,#4149,.F.);
#5296=ORIENTED_EDGE('',*,*,#4166,.F.);
#5297=ORIENTED_EDGE('',*,*,#4164,.F.);
#5298=ORIENTED_EDGE('',*,*,#4162,.F.);
#5299=ORIENTED_EDGE('',*,*,#4160,.F.);
#5300=ORIENTED_EDGE('',*,*,#4157,.T.);
#5301=ORIENTED_EDGE('',*,*,#4159,.T.);
#5302=ORIENTED_EDGE('',*,*,#4167,.T.);
#5303=ORIENTED_EDGE('',*,*,#4168,.T.);
#5304=ORIENTED_EDGE('',*,*,#4169,.T.);
#5305=ORIENTED_EDGE('',*,*,#4170,.T.);
#5306=ORIENTED_EDGE('',*,*,#4170,.F.);
#5307=ORIENTED_EDGE('',*,*,#4171,.T.);
#5308=ORIENTED_EDGE('',*,*,#4172,.F.);
#5309=ORIENTED_EDGE('',*,*,#4173,.F.);
#5310=ORIENTED_EDGE('',*,*,#4169,.F.);
#5311=ORIENTED_EDGE('',*,*,#4174,.F.);
#5312=ORIENTED_EDGE('',*,*,#4175,.F.);
#5313=ORIENTED_EDGE('',*,*,#4176,.F.);
#5314=ORIENTED_EDGE('',*,*,#4177,.F.);
#5315=ORIENTED_EDGE('',*,*,#4178,.F.);
#5316=ORIENTED_EDGE('',*,*,#4179,.F.);
#5317=ORIENTED_EDGE('',*,*,#4171,.F.);
#5318=ORIENTED_EDGE('',*,*,#4180,.F.);
#5319=ORIENTED_EDGE('',*,*,#4181,.F.);
#5320=ORIENTED_EDGE('',*,*,#4182,.T.);
#5321=ORIENTED_EDGE('',*,*,#4172,.T.);
#5322=ORIENTED_EDGE('',*,*,#4179,.T.);
#5323=ORIENTED_EDGE('',*,*,#4183,.T.);
#5324=ORIENTED_EDGE('',*,*,#4183,.F.);
#5325=ORIENTED_EDGE('',*,*,#4178,.T.);
#5326=ORIENTED_EDGE('',*,*,#4184,.F.);
#5327=ORIENTED_EDGE('',*,*,#4185,.F.);
#5328=ORIENTED_EDGE('',*,*,#4186,.T.);
#5329=ORIENTED_EDGE('',*,*,#4184,.T.);
#5330=ORIENTED_EDGE('',*,*,#4177,.T.);
#5331=ORIENTED_EDGE('',*,*,#4187,.T.);
#5332=ORIENTED_EDGE('',*,*,#4187,.F.);
#5333=ORIENTED_EDGE('',*,*,#4176,.T.);
#5334=ORIENTED_EDGE('',*,*,#4188,.F.);
#5335=ORIENTED_EDGE('',*,*,#4189,.F.);
#5336=ORIENTED_EDGE('',*,*,#4190,.T.);
#5337=ORIENTED_EDGE('',*,*,#4188,.T.);
#5338=ORIENTED_EDGE('',*,*,#4175,.T.);
#5339=ORIENTED_EDGE('',*,*,#4191,.T.);
#5340=ORIENTED_EDGE('',*,*,#4192,.F.);
#5341=ORIENTED_EDGE('',*,*,#4193,.T.);
#5342=ORIENTED_EDGE('',*,*,#4181,.T.);
#5343=ORIENTED_EDGE('',*,*,#4193,.F.);
#5344=ORIENTED_EDGE('',*,*,#4194,.F.);
#5345=ORIENTED_EDGE('',*,*,#4195,.T.);
#5346=ORIENTED_EDGE('',*,*,#4180,.T.);
#5347=ORIENTED_EDGE('',*,*,#4195,.F.);
#5348=ORIENTED_EDGE('',*,*,#4168,.F.);
#5349=ORIENTED_EDGE('',*,*,#4196,.F.);
#5350=ORIENTED_EDGE('',*,*,#4191,.F.);
#5351=ORIENTED_EDGE('',*,*,#4174,.T.);
#5352=ORIENTED_EDGE('',*,*,#4167,.F.);
#5353=ORIENTED_EDGE('',*,*,#4173,.T.);
#5354=ORIENTED_EDGE('',*,*,#4182,.F.);
#5355=ORIENTED_EDGE('',*,*,#4185,.T.);
#5356=ORIENTED_EDGE('',*,*,#4186,.F.);
#5357=ORIENTED_EDGE('',*,*,#4189,.T.);
#5358=ORIENTED_EDGE('',*,*,#4190,.F.);
#5359=ORIENTED_EDGE('',*,*,#4196,.T.);
#5360=ORIENTED_EDGE('',*,*,#4194,.T.);
#5361=ORIENTED_EDGE('',*,*,#4192,.T.);
#5362=ORIENTED_EDGE('',*,*,#4197,.F.);
#5363=ORIENTED_EDGE('',*,*,#4198,.T.);
#5364=ORIENTED_EDGE('',*,*,#4199,.T.);
#5365=ORIENTED_EDGE('',*,*,#4198,.F.);
#5366=ORIENTED_EDGE('',*,*,#4200,.T.);
#5367=ORIENTED_EDGE('',*,*,#4201,.T.);
#5368=ORIENTED_EDGE('',*,*,#4202,.F.);
#5369=ORIENTED_EDGE('',*,*,#4201,.F.);
#5370=ORIENTED_EDGE('',*,*,#4202,.T.);
#5371=ORIENTED_EDGE('',*,*,#4197,.T.);
#5372=ORIENTED_EDGE('',*,*,#4200,.F.);
#5373=ORIENTED_EDGE('',*,*,#4199,.F.);
#5374=ORIENTED_EDGE('',*,*,#4203,.F.);
#5375=ORIENTED_EDGE('',*,*,#4204,.F.);
#5376=ORIENTED_EDGE('',*,*,#4205,.F.);
#5377=ORIENTED_EDGE('',*,*,#4206,.F.);
#5378=ORIENTED_EDGE('',*,*,#4207,.T.);
#5379=ORIENTED_EDGE('',*,*,#4208,.T.);
#5380=ORIENTED_EDGE('',*,*,#4209,.T.);
#5381=ORIENTED_EDGE('',*,*,#4210,.T.);
#5382=ORIENTED_EDGE('',*,*,#4211,.T.);
#5383=ORIENTED_EDGE('',*,*,#4212,.T.);
#5384=ORIENTED_EDGE('',*,*,#4213,.T.);
#5385=ORIENTED_EDGE('',*,*,#4208,.F.);
#5386=ORIENTED_EDGE('',*,*,#4214,.F.);
#5387=ORIENTED_EDGE('',*,*,#4215,.F.);
#5388=ORIENTED_EDGE('',*,*,#4216,.F.);
#5389=ORIENTED_EDGE('',*,*,#4204,.T.);
#5390=ORIENTED_EDGE('',*,*,#4207,.F.);
#5391=ORIENTED_EDGE('',*,*,#4206,.T.);
#5392=ORIENTED_EDGE('',*,*,#4217,.F.);
#5393=ORIENTED_EDGE('',*,*,#4218,.T.);
#5394=ORIENTED_EDGE('',*,*,#4214,.T.);
#5395=ORIENTED_EDGE('',*,*,#4219,.T.);
#5396=ORIENTED_EDGE('',*,*,#4220,.F.);
#5397=ORIENTED_EDGE('',*,*,#4212,.F.);
#5398=ORIENTED_EDGE('',*,*,#4221,.T.);
#5399=ORIENTED_EDGE('',*,*,#4209,.F.);
#5400=ORIENTED_EDGE('',*,*,#4213,.F.);
#5401=ORIENTED_EDGE('',*,*,#4220,.T.);
#5402=ORIENTED_EDGE('',*,*,#4203,.T.);
#5403=ORIENTED_EDGE('',*,*,#4210,.F.);
#5404=ORIENTED_EDGE('',*,*,#4221,.F.);
#5405=ORIENTED_EDGE('',*,*,#4219,.F.);
#5406=ORIENTED_EDGE('',*,*,#4211,.F.);
#5407=ORIENTED_EDGE('',*,*,#4218,.F.);
#5408=ORIENTED_EDGE('',*,*,#4222,.F.);
#5409=ORIENTED_EDGE('',*,*,#4215,.T.);
#5410=ORIENTED_EDGE('',*,*,#4217,.T.);
#5411=ORIENTED_EDGE('',*,*,#4223,.T.);
#5412=ORIENTED_EDGE('',*,*,#4224,.T.);
#5413=ORIENTED_EDGE('',*,*,#4225,.T.);
#5414=ORIENTED_EDGE('',*,*,#4205,.T.);
#5415=ORIENTED_EDGE('',*,*,#4226,.F.);
#5416=ORIENTED_EDGE('',*,*,#4227,.F.);
#5417=ORIENTED_EDGE('',*,*,#4228,.F.);
#5418=ORIENTED_EDGE('',*,*,#4229,.F.);
#5419=ORIENTED_EDGE('',*,*,#4223,.F.);
#5420=ORIENTED_EDGE('',*,*,#4216,.T.);
#5421=ORIENTED_EDGE('',*,*,#4230,.T.);
#5422=ORIENTED_EDGE('',*,*,#4231,.F.);
#5423=ORIENTED_EDGE('',*,*,#4226,.T.);
#5424=ORIENTED_EDGE('',*,*,#4232,.T.);
#5425=ORIENTED_EDGE('',*,*,#4233,.F.);
#5426=ORIENTED_EDGE('',*,*,#4227,.T.);
#5427=ORIENTED_EDGE('',*,*,#4231,.T.);
#5428=ORIENTED_EDGE('',*,*,#4234,.T.);
#5429=ORIENTED_EDGE('',*,*,#4235,.F.);
#5430=ORIENTED_EDGE('',*,*,#4228,.T.);
#5431=ORIENTED_EDGE('',*,*,#4233,.T.);
#5432=ORIENTED_EDGE('',*,*,#4236,.T.);
#5433=ORIENTED_EDGE('',*,*,#4224,.F.);
#5434=ORIENTED_EDGE('',*,*,#4229,.T.);
#5435=ORIENTED_EDGE('',*,*,#4235,.T.);
#5436=ORIENTED_EDGE('',*,*,#4222,.T.);
#5437=ORIENTED_EDGE('',*,*,#4225,.F.);
#5438=ORIENTED_EDGE('',*,*,#4236,.F.);
#5439=ORIENTED_EDGE('',*,*,#4234,.F.);
#5440=ORIENTED_EDGE('',*,*,#4232,.F.);
#5441=ORIENTED_EDGE('',*,*,#4230,.F.);
#5442=ORIENTED_EDGE('',*,*,#4237,.F.);
#5443=ORIENTED_EDGE('',*,*,#4238,.T.);
#5444=ORIENTED_EDGE('',*,*,#4239,.F.);
#5445=ORIENTED_EDGE('',*,*,#4238,.F.);
#5446=ORIENTED_EDGE('',*,*,#4240,.F.);
#5447=ORIENTED_EDGE('',*,*,#4241,.T.);
#5448=ORIENTED_EDGE('',*,*,#4242,.F.);
#5449=ORIENTED_EDGE('',*,*,#4241,.F.);
#5450=ORIENTED_EDGE('',*,*,#4243,.F.);
#5451=ORIENTED_EDGE('',*,*,#4244,.T.);
#5452=ORIENTED_EDGE('',*,*,#4245,.F.);
#5453=ORIENTED_EDGE('',*,*,#4244,.F.);
#5454=ORIENTED_EDGE('',*,*,#4246,.F.);
#5455=ORIENTED_EDGE('',*,*,#4247,.T.);
#5456=ORIENTED_EDGE('',*,*,#4248,.F.);
#5457=ORIENTED_EDGE('',*,*,#4247,.F.);
#5458=ORIENTED_EDGE('',*,*,#4249,.F.);
#5459=ORIENTED_EDGE('',*,*,#4250,.T.);
#5460=ORIENTED_EDGE('',*,*,#4251,.F.);
#5461=ORIENTED_EDGE('',*,*,#4250,.F.);
#5462=ORIENTED_EDGE('',*,*,#4252,.F.);
#5463=ORIENTED_EDGE('',*,*,#4253,.T.);
#5464=ORIENTED_EDGE('',*,*,#4254,.F.);
#5465=ORIENTED_EDGE('',*,*,#4253,.F.);
#5466=ORIENTED_EDGE('',*,*,#4255,.F.);
#5467=ORIENTED_EDGE('',*,*,#4256,.T.);
#5468=ORIENTED_EDGE('',*,*,#4257,.F.);
#5469=ORIENTED_EDGE('',*,*,#4256,.F.);
#5470=ORIENTED_EDGE('',*,*,#4258,.F.);
#5471=ORIENTED_EDGE('',*,*,#4259,.T.);
#5472=ORIENTED_EDGE('',*,*,#4260,.F.);
#5473=ORIENTED_EDGE('',*,*,#4259,.F.);
#5474=ORIENTED_EDGE('',*,*,#4261,.F.);
#5475=ORIENTED_EDGE('',*,*,#4262,.F.);
#5476=ORIENTED_EDGE('',*,*,#4263,.F.);
#5477=ORIENTED_EDGE('',*,*,#4264,.F.);
#5478=ORIENTED_EDGE('',*,*,#4265,.F.);
#5479=ORIENTED_EDGE('',*,*,#4266,.F.);
#5480=ORIENTED_EDGE('',*,*,#4267,.F.);
#5481=ORIENTED_EDGE('',*,*,#4268,.F.);
#5482=ORIENTED_EDGE('',*,*,#4269,.F.);
#5483=ORIENTED_EDGE('',*,*,#4270,.F.);
#5484=ORIENTED_EDGE('',*,*,#4271,.F.);
#5485=ORIENTED_EDGE('',*,*,#4272,.T.);
#5486=ORIENTED_EDGE('',*,*,#4271,.T.);
#5487=ORIENTED_EDGE('',*,*,#4273,.T.);
#5488=ORIENTED_EDGE('',*,*,#4274,.T.);
#5489=ORIENTED_EDGE('',*,*,#4275,.F.);
#5490=ORIENTED_EDGE('',*,*,#4270,.T.);
#5491=ORIENTED_EDGE('',*,*,#4276,.T.);
#5492=ORIENTED_EDGE('',*,*,#4277,.T.);
#5493=ORIENTED_EDGE('',*,*,#4273,.F.);
#5494=ORIENTED_EDGE('',*,*,#4237,.T.);
#5495=ORIENTED_EDGE('',*,*,#4240,.T.);
#5496=ORIENTED_EDGE('',*,*,#4243,.T.);
#5497=ORIENTED_EDGE('',*,*,#4246,.T.);
#5498=ORIENTED_EDGE('',*,*,#4269,.T.);
#5499=ORIENTED_EDGE('',*,*,#4278,.T.);
#5500=ORIENTED_EDGE('',*,*,#4279,.T.);
#5501=ORIENTED_EDGE('',*,*,#4276,.F.);
#5502=ORIENTED_EDGE('',*,*,#4268,.T.);
#5503=ORIENTED_EDGE('',*,*,#4280,.T.);
#5504=ORIENTED_EDGE('',*,*,#4281,.T.);
#5505=ORIENTED_EDGE('',*,*,#4278,.F.);
#5506=ORIENTED_EDGE('',*,*,#4267,.T.);
#5507=ORIENTED_EDGE('',*,*,#4282,.T.);
#5508=ORIENTED_EDGE('',*,*,#4283,.T.);
#5509=ORIENTED_EDGE('',*,*,#4280,.F.);
#5510=ORIENTED_EDGE('',*,*,#4239,.T.);
#5511=ORIENTED_EDGE('',*,*,#4242,.T.);
#5512=ORIENTED_EDGE('',*,*,#4245,.T.);
#5513=ORIENTED_EDGE('',*,*,#4248,.T.);
#5514=ORIENTED_EDGE('',*,*,#4266,.T.);
#5515=ORIENTED_EDGE('',*,*,#4284,.T.);
#5516=ORIENTED_EDGE('',*,*,#4285,.T.);
#5517=ORIENTED_EDGE('',*,*,#4282,.F.);
#5518=ORIENTED_EDGE('',*,*,#4286,.T.);
#5519=ORIENTED_EDGE('',*,*,#4287,.F.);
#5520=ORIENTED_EDGE('',*,*,#4272,.F.);
#5521=ORIENTED_EDGE('',*,*,#4275,.T.);
#5522=ORIENTED_EDGE('',*,*,#4249,.T.);
#5523=ORIENTED_EDGE('',*,*,#4252,.T.);
#5524=ORIENTED_EDGE('',*,*,#4255,.T.);
#5525=ORIENTED_EDGE('',*,*,#4258,.T.);
#5526=ORIENTED_EDGE('',*,*,#4261,.T.);
#5527=ORIENTED_EDGE('',*,*,#4287,.T.);
#5528=ORIENTED_EDGE('',*,*,#4288,.T.);
#5529=ORIENTED_EDGE('',*,*,#4289,.F.);
#5530=ORIENTED_EDGE('',*,*,#4262,.T.);
#5531=ORIENTED_EDGE('',*,*,#4289,.T.);
#5532=ORIENTED_EDGE('',*,*,#4290,.T.);
#5533=ORIENTED_EDGE('',*,*,#4291,.F.);
#5534=ORIENTED_EDGE('',*,*,#4263,.T.);
#5535=ORIENTED_EDGE('',*,*,#4291,.T.);
#5536=ORIENTED_EDGE('',*,*,#4292,.T.);
#5537=ORIENTED_EDGE('',*,*,#4293,.F.);
#5538=ORIENTED_EDGE('',*,*,#4251,.T.);
#5539=ORIENTED_EDGE('',*,*,#4254,.T.);
#5540=ORIENTED_EDGE('',*,*,#4257,.T.);
#5541=ORIENTED_EDGE('',*,*,#4260,.T.);
#5542=ORIENTED_EDGE('',*,*,#4264,.T.);
#5543=ORIENTED_EDGE('',*,*,#4293,.T.);
#5544=ORIENTED_EDGE('',*,*,#4294,.T.);
#5545=ORIENTED_EDGE('',*,*,#4295,.F.);
#5546=ORIENTED_EDGE('',*,*,#4265,.T.);
#5547=ORIENTED_EDGE('',*,*,#4295,.T.);
#5548=ORIENTED_EDGE('',*,*,#4296,.T.);
#5549=ORIENTED_EDGE('',*,*,#4284,.F.);
#5550=ORIENTED_EDGE('',*,*,#4286,.F.);
#5551=ORIENTED_EDGE('',*,*,#4274,.F.);
#5552=ORIENTED_EDGE('',*,*,#4277,.F.);
#5553=ORIENTED_EDGE('',*,*,#4279,.F.);
#5554=ORIENTED_EDGE('',*,*,#4281,.F.);
#5555=ORIENTED_EDGE('',*,*,#4283,.F.);
#5556=ORIENTED_EDGE('',*,*,#4285,.F.);
#5557=ORIENTED_EDGE('',*,*,#4296,.F.);
#5558=ORIENTED_EDGE('',*,*,#4294,.F.);
#5559=ORIENTED_EDGE('',*,*,#4292,.F.);
#5560=ORIENTED_EDGE('',*,*,#4290,.F.);
#5561=ORIENTED_EDGE('',*,*,#4288,.F.);
#5562=ORIENTED_EDGE('',*,*,#4297,.F.);
#5563=ORIENTED_EDGE('',*,*,#4298,.T.);
#5564=ORIENTED_EDGE('',*,*,#4299,.F.);
#5565=ORIENTED_EDGE('',*,*,#4298,.F.);
#5566=ORIENTED_EDGE('',*,*,#4300,.F.);
#5567=ORIENTED_EDGE('',*,*,#4301,.T.);
#5568=ORIENTED_EDGE('',*,*,#4302,.F.);
#5569=ORIENTED_EDGE('',*,*,#4301,.F.);
#5570=ORIENTED_EDGE('',*,*,#4303,.F.);
#5571=ORIENTED_EDGE('',*,*,#4304,.T.);
#5572=ORIENTED_EDGE('',*,*,#4305,.F.);
#5573=ORIENTED_EDGE('',*,*,#4304,.F.);
#5574=ORIENTED_EDGE('',*,*,#4306,.F.);
#5575=ORIENTED_EDGE('',*,*,#4307,.T.);
#5576=ORIENTED_EDGE('',*,*,#4308,.F.);
#5577=ORIENTED_EDGE('',*,*,#4307,.F.);
#5578=ORIENTED_EDGE('',*,*,#4309,.F.);
#5579=ORIENTED_EDGE('',*,*,#4310,.T.);
#5580=ORIENTED_EDGE('',*,*,#4311,.F.);
#5581=ORIENTED_EDGE('',*,*,#4310,.F.);
#5582=ORIENTED_EDGE('',*,*,#4312,.F.);
#5583=ORIENTED_EDGE('',*,*,#4313,.T.);
#5584=ORIENTED_EDGE('',*,*,#4314,.F.);
#5585=ORIENTED_EDGE('',*,*,#4313,.F.);
#5586=ORIENTED_EDGE('',*,*,#4315,.F.);
#5587=ORIENTED_EDGE('',*,*,#4316,.T.);
#5588=ORIENTED_EDGE('',*,*,#4317,.F.);
#5589=ORIENTED_EDGE('',*,*,#4316,.F.);
#5590=ORIENTED_EDGE('',*,*,#4318,.F.);
#5591=ORIENTED_EDGE('',*,*,#4319,.T.);
#5592=ORIENTED_EDGE('',*,*,#4320,.F.);
#5593=ORIENTED_EDGE('',*,*,#4319,.F.);
#5594=ORIENTED_EDGE('',*,*,#4321,.F.);
#5595=ORIENTED_EDGE('',*,*,#4322,.T.);
#5596=ORIENTED_EDGE('',*,*,#4323,.F.);
#5597=ORIENTED_EDGE('',*,*,#4322,.F.);
#5598=ORIENTED_EDGE('',*,*,#4324,.F.);
#5599=ORIENTED_EDGE('',*,*,#4325,.T.);
#5600=ORIENTED_EDGE('',*,*,#4326,.F.);
#5601=ORIENTED_EDGE('',*,*,#4325,.F.);
#5602=ORIENTED_EDGE('',*,*,#4327,.F.);
#5603=ORIENTED_EDGE('',*,*,#4328,.T.);
#5604=ORIENTED_EDGE('',*,*,#4329,.F.);
#5605=ORIENTED_EDGE('',*,*,#4328,.F.);
#5606=ORIENTED_EDGE('',*,*,#4330,.F.);
#5607=ORIENTED_EDGE('',*,*,#4331,.T.);
#5608=ORIENTED_EDGE('',*,*,#4332,.F.);
#5609=ORIENTED_EDGE('',*,*,#4331,.F.);
#5610=ORIENTED_EDGE('',*,*,#4333,.F.);
#5611=ORIENTED_EDGE('',*,*,#4334,.T.);
#5612=ORIENTED_EDGE('',*,*,#4335,.F.);
#5613=ORIENTED_EDGE('',*,*,#4334,.F.);
#5614=ORIENTED_EDGE('',*,*,#4336,.F.);
#5615=ORIENTED_EDGE('',*,*,#4337,.T.);
#5616=ORIENTED_EDGE('',*,*,#4338,.F.);
#5617=ORIENTED_EDGE('',*,*,#4337,.F.);
#5618=ORIENTED_EDGE('',*,*,#4339,.F.);
#5619=ORIENTED_EDGE('',*,*,#4340,.T.);
#5620=ORIENTED_EDGE('',*,*,#4341,.F.);
#5621=ORIENTED_EDGE('',*,*,#4340,.F.);
#5622=ORIENTED_EDGE('',*,*,#4342,.F.);
#5623=ORIENTED_EDGE('',*,*,#4343,.T.);
#5624=ORIENTED_EDGE('',*,*,#4344,.F.);
#5625=ORIENTED_EDGE('',*,*,#4343,.F.);
#5626=ORIENTED_EDGE('',*,*,#4345,.F.);
#5627=ORIENTED_EDGE('',*,*,#4346,.T.);
#5628=ORIENTED_EDGE('',*,*,#4347,.F.);
#5629=ORIENTED_EDGE('',*,*,#4346,.F.);
#5630=ORIENTED_EDGE('',*,*,#4348,.F.);
#5631=ORIENTED_EDGE('',*,*,#4349,.T.);
#5632=ORIENTED_EDGE('',*,*,#4350,.F.);
#5633=ORIENTED_EDGE('',*,*,#4349,.F.);
#5634=ORIENTED_EDGE('',*,*,#4351,.F.);
#5635=ORIENTED_EDGE('',*,*,#4352,.T.);
#5636=ORIENTED_EDGE('',*,*,#4353,.F.);
#5637=ORIENTED_EDGE('',*,*,#4352,.F.);
#5638=ORIENTED_EDGE('',*,*,#4354,.F.);
#5639=ORIENTED_EDGE('',*,*,#4355,.T.);
#5640=ORIENTED_EDGE('',*,*,#4356,.F.);
#5641=ORIENTED_EDGE('',*,*,#4355,.F.);
#5642=ORIENTED_EDGE('',*,*,#4357,.F.);
#5643=ORIENTED_EDGE('',*,*,#4358,.T.);
#5644=ORIENTED_EDGE('',*,*,#4359,.F.);
#5645=ORIENTED_EDGE('',*,*,#4358,.F.);
#5646=ORIENTED_EDGE('',*,*,#4360,.F.);
#5647=ORIENTED_EDGE('',*,*,#4361,.T.);
#5648=ORIENTED_EDGE('',*,*,#4362,.F.);
#5649=ORIENTED_EDGE('',*,*,#4361,.F.);
#5650=ORIENTED_EDGE('',*,*,#4363,.F.);
#5651=ORIENTED_EDGE('',*,*,#4364,.F.);
#5652=ORIENTED_EDGE('',*,*,#4365,.F.);
#5653=ORIENTED_EDGE('',*,*,#4366,.F.);
#5654=ORIENTED_EDGE('',*,*,#4367,.F.);
#5655=ORIENTED_EDGE('',*,*,#4368,.F.);
#5656=ORIENTED_EDGE('',*,*,#4369,.F.);
#5657=ORIENTED_EDGE('',*,*,#4370,.F.);
#5658=ORIENTED_EDGE('',*,*,#4371,.F.);
#5659=ORIENTED_EDGE('',*,*,#4372,.F.);
#5660=ORIENTED_EDGE('',*,*,#4373,.F.);
#5661=ORIENTED_EDGE('',*,*,#4374,.F.);
#5662=ORIENTED_EDGE('',*,*,#4375,.F.);
#5663=ORIENTED_EDGE('',*,*,#4376,.F.);
#5664=ORIENTED_EDGE('',*,*,#4377,.F.);
#5665=ORIENTED_EDGE('',*,*,#4378,.F.);
#5666=ORIENTED_EDGE('',*,*,#4379,.F.);
#5667=ORIENTED_EDGE('',*,*,#4380,.F.);
#5668=ORIENTED_EDGE('',*,*,#4381,.F.);
#5669=ORIENTED_EDGE('',*,*,#4382,.F.);
#5670=ORIENTED_EDGE('',*,*,#4383,.F.);
#5671=ORIENTED_EDGE('',*,*,#4384,.F.);
#5672=ORIENTED_EDGE('',*,*,#4385,.F.);
#5673=ORIENTED_EDGE('',*,*,#4386,.T.);
#5674=ORIENTED_EDGE('',*,*,#4373,.T.);
#5675=ORIENTED_EDGE('',*,*,#4387,.F.);
#5676=ORIENTED_EDGE('',*,*,#4375,.T.);
#5677=ORIENTED_EDGE('',*,*,#4388,.T.);
#5678=ORIENTED_EDGE('',*,*,#4372,.T.);
#5679=ORIENTED_EDGE('',*,*,#4389,.F.);
#5680=ORIENTED_EDGE('',*,*,#4376,.T.);
#5681=ORIENTED_EDGE('',*,*,#4387,.T.);
#5682=ORIENTED_EDGE('',*,*,#4371,.T.);
#5683=ORIENTED_EDGE('',*,*,#4390,.F.);
#5684=ORIENTED_EDGE('',*,*,#4377,.T.);
#5685=ORIENTED_EDGE('',*,*,#4389,.T.);
#5686=ORIENTED_EDGE('',*,*,#4353,.T.);
#5687=ORIENTED_EDGE('',*,*,#4356,.T.);
#5688=ORIENTED_EDGE('',*,*,#4359,.T.);
#5689=ORIENTED_EDGE('',*,*,#4362,.T.);
#5690=ORIENTED_EDGE('',*,*,#4370,.T.);
#5691=ORIENTED_EDGE('',*,*,#4391,.F.);
#5692=ORIENTED_EDGE('',*,*,#4378,.T.);
#5693=ORIENTED_EDGE('',*,*,#4390,.T.);
#5694=ORIENTED_EDGE('',*,*,#4369,.T.);
#5695=ORIENTED_EDGE('',*,*,#4392,.F.);
#5696=ORIENTED_EDGE('',*,*,#4379,.T.);
#5697=ORIENTED_EDGE('',*,*,#4391,.T.);
#5698=ORIENTED_EDGE('',*,*,#4297,.T.);
#5699=ORIENTED_EDGE('',*,*,#4300,.T.);
#5700=ORIENTED_EDGE('',*,*,#4303,.T.);
#5701=ORIENTED_EDGE('',*,*,#4306,.T.);
#5702=ORIENTED_EDGE('',*,*,#4309,.T.);
#5703=ORIENTED_EDGE('',*,*,#4312,.T.);
#5704=ORIENTED_EDGE('',*,*,#4315,.T.);
#5705=ORIENTED_EDGE('',*,*,#4318,.T.);
#5706=ORIENTED_EDGE('',*,*,#4321,.T.);
#5707=ORIENTED_EDGE('',*,*,#4324,.T.);
#5708=ORIENTED_EDGE('',*,*,#4327,.T.);
#5709=ORIENTED_EDGE('',*,*,#4330,.T.);
#5710=ORIENTED_EDGE('',*,*,#4333,.T.);
#5711=ORIENTED_EDGE('',*,*,#4336,.T.);
#5712=ORIENTED_EDGE('',*,*,#4339,.T.);
#5713=ORIENTED_EDGE('',*,*,#4342,.T.);
#5714=ORIENTED_EDGE('',*,*,#4345,.T.);
#5715=ORIENTED_EDGE('',*,*,#4348,.T.);
#5716=ORIENTED_EDGE('',*,*,#4368,.T.);
#5717=ORIENTED_EDGE('',*,*,#4393,.F.);
#5718=ORIENTED_EDGE('',*,*,#4380,.T.);
#5719=ORIENTED_EDGE('',*,*,#4392,.T.);
#5720=ORIENTED_EDGE('',*,*,#4367,.T.);
#5721=ORIENTED_EDGE('',*,*,#4394,.F.);
#5722=ORIENTED_EDGE('',*,*,#4381,.T.);
#5723=ORIENTED_EDGE('',*,*,#4393,.T.);
#5724=ORIENTED_EDGE('',*,*,#4366,.T.);
#5725=ORIENTED_EDGE('',*,*,#4395,.F.);
#5726=ORIENTED_EDGE('',*,*,#4382,.T.);
#5727=ORIENTED_EDGE('',*,*,#4394,.T.);
#5728=ORIENTED_EDGE('',*,*,#4365,.T.);
#5729=ORIENTED_EDGE('',*,*,#4396,.F.);
#5730=ORIENTED_EDGE('',*,*,#4383,.T.);
#5731=ORIENTED_EDGE('',*,*,#4395,.T.);
#5732=ORIENTED_EDGE('',*,*,#4364,.T.);
#5733=ORIENTED_EDGE('',*,*,#4397,.F.);
#5734=ORIENTED_EDGE('',*,*,#4384,.T.);
#5735=ORIENTED_EDGE('',*,*,#4396,.T.);
#5736=ORIENTED_EDGE('',*,*,#4363,.T.);
#5737=ORIENTED_EDGE('',*,*,#4398,.F.);
#5738=ORIENTED_EDGE('',*,*,#4385,.T.);
#5739=ORIENTED_EDGE('',*,*,#4397,.T.);
#5740=ORIENTED_EDGE('',*,*,#4299,.T.);
#5741=ORIENTED_EDGE('',*,*,#4302,.T.);
#5742=ORIENTED_EDGE('',*,*,#4305,.T.);
#5743=ORIENTED_EDGE('',*,*,#4308,.T.);
#5744=ORIENTED_EDGE('',*,*,#4311,.T.);
#5745=ORIENTED_EDGE('',*,*,#4314,.T.);
#5746=ORIENTED_EDGE('',*,*,#4317,.T.);
#5747=ORIENTED_EDGE('',*,*,#4320,.T.);
#5748=ORIENTED_EDGE('',*,*,#4323,.T.);
#5749=ORIENTED_EDGE('',*,*,#4326,.T.);
#5750=ORIENTED_EDGE('',*,*,#4329,.T.);
#5751=ORIENTED_EDGE('',*,*,#4332,.T.);
#5752=ORIENTED_EDGE('',*,*,#4335,.T.);
#5753=ORIENTED_EDGE('',*,*,#4338,.T.);
#5754=ORIENTED_EDGE('',*,*,#4341,.T.);
#5755=ORIENTED_EDGE('',*,*,#4344,.T.);
#5756=ORIENTED_EDGE('',*,*,#4347,.T.);
#5757=ORIENTED_EDGE('',*,*,#4350,.T.);
#5758=ORIENTED_EDGE('',*,*,#4374,.T.);
#5759=ORIENTED_EDGE('',*,*,#4388,.F.);
#5760=ORIENTED_EDGE('',*,*,#4386,.F.);
#5761=ORIENTED_EDGE('',*,*,#4398,.T.);
#5762=ORIENTED_EDGE('',*,*,#4351,.T.);
#5763=ORIENTED_EDGE('',*,*,#4354,.T.);
#5764=ORIENTED_EDGE('',*,*,#4357,.T.);
#5765=ORIENTED_EDGE('',*,*,#4360,.T.);
#5766=ORIENTED_EDGE('',*,*,#4399,.F.);
#5767=ORIENTED_EDGE('',*,*,#4400,.T.);
#5768=ORIENTED_EDGE('',*,*,#4401,.F.);
#5769=ORIENTED_EDGE('',*,*,#4400,.F.);
#5770=ORIENTED_EDGE('',*,*,#4402,.F.);
#5771=ORIENTED_EDGE('',*,*,#4403,.T.);
#5772=ORIENTED_EDGE('',*,*,#4404,.F.);
#5773=ORIENTED_EDGE('',*,*,#4403,.F.);
#5774=ORIENTED_EDGE('',*,*,#4405,.T.);
#5775=ORIENTED_EDGE('',*,*,#4406,.F.);
#5776=ORIENTED_EDGE('',*,*,#4407,.T.);
#5777=ORIENTED_EDGE('',*,*,#4408,.T.);
#5778=ORIENTED_EDGE('',*,*,#4409,.T.);
#5779=ORIENTED_EDGE('',*,*,#4410,.F.);
#5780=ORIENTED_EDGE('',*,*,#4411,.T.);
#5781=ORIENTED_EDGE('',*,*,#4406,.T.);
#5782=ORIENTED_EDGE('',*,*,#4412,.T.);
#5783=ORIENTED_EDGE('',*,*,#4413,.F.);
#5784=ORIENTED_EDGE('',*,*,#4414,.T.);
#5785=ORIENTED_EDGE('',*,*,#4410,.T.);
#5786=ORIENTED_EDGE('',*,*,#4415,.T.);
#5787=ORIENTED_EDGE('',*,*,#4408,.F.);
#5788=ORIENTED_EDGE('',*,*,#4416,.T.);
#5789=ORIENTED_EDGE('',*,*,#4413,.T.);
#5790=ORIENTED_EDGE('',*,*,#4405,.F.);
#5791=ORIENTED_EDGE('',*,*,#4415,.F.);
#5792=ORIENTED_EDGE('',*,*,#4412,.F.);
#5793=ORIENTED_EDGE('',*,*,#4409,.F.);
#5794=ORIENTED_EDGE('',*,*,#4401,.T.);
#5795=ORIENTED_EDGE('',*,*,#4404,.T.);
#5796=ORIENTED_EDGE('',*,*,#4416,.F.);
#5797=ORIENTED_EDGE('',*,*,#4407,.F.);
#5798=ORIENTED_EDGE('',*,*,#4411,.F.);
#5799=ORIENTED_EDGE('',*,*,#4414,.F.);
#5800=ORIENTED_EDGE('',*,*,#4399,.T.);
#5801=ORIENTED_EDGE('',*,*,#4402,.T.);
#5802=ORIENTED_EDGE('',*,*,#4417,.T.);
#5803=ORIENTED_EDGE('',*,*,#4418,.F.);
#5804=ORIENTED_EDGE('',*,*,#4419,.F.);
#5805=ORIENTED_EDGE('',*,*,#4420,.T.);
#5806=ORIENTED_EDGE('',*,*,#4421,.T.);
#5807=ORIENTED_EDGE('',*,*,#4422,.F.);
#5808=ORIENTED_EDGE('',*,*,#4423,.F.);
#5809=ORIENTED_EDGE('',*,*,#4418,.T.);
#5810=ORIENTED_EDGE('',*,*,#4424,.T.);
#5811=ORIENTED_EDGE('',*,*,#4425,.F.);
#5812=ORIENTED_EDGE('',*,*,#4426,.F.);
#5813=ORIENTED_EDGE('',*,*,#4422,.T.);
#5814=ORIENTED_EDGE('',*,*,#4427,.T.);
#5815=ORIENTED_EDGE('',*,*,#4428,.F.);
#5816=ORIENTED_EDGE('',*,*,#4429,.F.);
#5817=ORIENTED_EDGE('',*,*,#4425,.T.);
#5818=ORIENTED_EDGE('',*,*,#4430,.T.);
#5819=ORIENTED_EDGE('',*,*,#4431,.F.);
#5820=ORIENTED_EDGE('',*,*,#4432,.F.);
#5821=ORIENTED_EDGE('',*,*,#4433,.T.);
#5822=ORIENTED_EDGE('',*,*,#4434,.T.);
#5823=ORIENTED_EDGE('',*,*,#4435,.F.);
#5824=ORIENTED_EDGE('',*,*,#4436,.F.);
#5825=ORIENTED_EDGE('',*,*,#4431,.T.);
#5826=ORIENTED_EDGE('',*,*,#4437,.T.);
#5827=ORIENTED_EDGE('',*,*,#4438,.F.);
#5828=ORIENTED_EDGE('',*,*,#4439,.F.);
#5829=ORIENTED_EDGE('',*,*,#4435,.T.);
#5830=ORIENTED_EDGE('',*,*,#4440,.T.);
#5831=ORIENTED_EDGE('',*,*,#4441,.F.);
#5832=ORIENTED_EDGE('',*,*,#4442,.F.);
#5833=ORIENTED_EDGE('',*,*,#4438,.T.);
#5834=ORIENTED_EDGE('',*,*,#4443,.T.);
#5835=ORIENTED_EDGE('',*,*,#4444,.F.);
#5836=ORIENTED_EDGE('',*,*,#4445,.F.);
#5837=ORIENTED_EDGE('',*,*,#4428,.T.);
#5838=ORIENTED_EDGE('',*,*,#4446,.T.);
#5839=ORIENTED_EDGE('',*,*,#4420,.F.);
#5840=ORIENTED_EDGE('',*,*,#4447,.F.);
#5841=ORIENTED_EDGE('',*,*,#4448,.T.);
#5842=ORIENTED_EDGE('',*,*,#4449,.T.);
#5843=ORIENTED_EDGE('',*,*,#4448,.F.);
#5844=ORIENTED_EDGE('',*,*,#4450,.F.);
#5845=ORIENTED_EDGE('',*,*,#4451,.T.);
#5846=ORIENTED_EDGE('',*,*,#4452,.T.);
#5847=ORIENTED_EDGE('',*,*,#4451,.F.);
#5848=ORIENTED_EDGE('',*,*,#4453,.F.);
#5849=ORIENTED_EDGE('',*,*,#4444,.T.);
#5850=ORIENTED_EDGE('',*,*,#4454,.T.);
#5851=ORIENTED_EDGE('',*,*,#4455,.F.);
#5852=ORIENTED_EDGE('',*,*,#4456,.F.);
#5853=ORIENTED_EDGE('',*,*,#4441,.T.);
#5854=ORIENTED_EDGE('',*,*,#4457,.T.);
#5855=ORIENTED_EDGE('',*,*,#4458,.F.);
#5856=ORIENTED_EDGE('',*,*,#4459,.F.);
#5857=ORIENTED_EDGE('',*,*,#4455,.T.);
#5858=ORIENTED_EDGE('',*,*,#4460,.T.);
#5859=ORIENTED_EDGE('',*,*,#4461,.F.);
#5860=ORIENTED_EDGE('',*,*,#4462,.F.);
#5861=ORIENTED_EDGE('',*,*,#4458,.T.);
#5862=ORIENTED_EDGE('',*,*,#4463,.T.);
#5863=ORIENTED_EDGE('',*,*,#4433,.F.);
#5864=ORIENTED_EDGE('',*,*,#4464,.F.);
#5865=ORIENTED_EDGE('',*,*,#4461,.T.);
#5866=ORIENTED_EDGE('',*,*,#4456,.T.);
#5867=ORIENTED_EDGE('',*,*,#4459,.T.);
#5868=ORIENTED_EDGE('',*,*,#4462,.T.);
#5869=ORIENTED_EDGE('',*,*,#4464,.T.);
#5870=ORIENTED_EDGE('',*,*,#4432,.T.);
#5871=ORIENTED_EDGE('',*,*,#4436,.T.);
#5872=ORIENTED_EDGE('',*,*,#4439,.T.);
#5873=ORIENTED_EDGE('',*,*,#4442,.T.);
#5874=ORIENTED_EDGE('',*,*,#4445,.T.);
#5875=ORIENTED_EDGE('',*,*,#4453,.T.);
#5876=ORIENTED_EDGE('',*,*,#4450,.T.);
#5877=ORIENTED_EDGE('',*,*,#4447,.T.);
#5878=ORIENTED_EDGE('',*,*,#4419,.T.);
#5879=ORIENTED_EDGE('',*,*,#4423,.T.);
#5880=ORIENTED_EDGE('',*,*,#4426,.T.);
#5881=ORIENTED_EDGE('',*,*,#4429,.T.);
#5882=ORIENTED_EDGE('',*,*,#4454,.F.);
#5883=ORIENTED_EDGE('',*,*,#4440,.F.);
#5884=ORIENTED_EDGE('',*,*,#4437,.F.);
#5885=ORIENTED_EDGE('',*,*,#4434,.F.);
#5886=ORIENTED_EDGE('',*,*,#4430,.F.);
#5887=ORIENTED_EDGE('',*,*,#4463,.F.);
#5888=ORIENTED_EDGE('',*,*,#4460,.F.);
#5889=ORIENTED_EDGE('',*,*,#4457,.F.);
#5890=ORIENTED_EDGE('',*,*,#4443,.F.);
#5891=ORIENTED_EDGE('',*,*,#4427,.F.);
#5892=ORIENTED_EDGE('',*,*,#4424,.F.);
#5893=ORIENTED_EDGE('',*,*,#4421,.F.);
#5894=ORIENTED_EDGE('',*,*,#4417,.F.);
#5895=ORIENTED_EDGE('',*,*,#4446,.F.);
#5896=ORIENTED_EDGE('',*,*,#4449,.F.);
#5897=ORIENTED_EDGE('',*,*,#4452,.F.);
#5898=ORIENTED_EDGE('',*,*,#4465,.T.);
#5899=ORIENTED_EDGE('',*,*,#4466,.T.);
#5900=ORIENTED_EDGE('',*,*,#4467,.T.);
#5901=ORIENTED_EDGE('',*,*,#4468,.T.);
#5902=ORIENTED_EDGE('',*,*,#4468,.F.);
#5903=ORIENTED_EDGE('',*,*,#4469,.T.);
#5904=ORIENTED_EDGE('',*,*,#4470,.F.);
#5905=ORIENTED_EDGE('',*,*,#4471,.T.);
#5906=ORIENTED_EDGE('',*,*,#4467,.F.);
#5907=ORIENTED_EDGE('',*,*,#4472,.F.);
#5908=ORIENTED_EDGE('',*,*,#4473,.F.);
#5909=ORIENTED_EDGE('',*,*,#4474,.F.);
#5910=ORIENTED_EDGE('',*,*,#4475,.F.);
#5911=ORIENTED_EDGE('',*,*,#4476,.F.);
#5912=ORIENTED_EDGE('',*,*,#4477,.F.);
#5913=ORIENTED_EDGE('',*,*,#4469,.F.);
#5914=ORIENTED_EDGE('',*,*,#4478,.T.);
#5915=ORIENTED_EDGE('',*,*,#4479,.T.);
#5916=ORIENTED_EDGE('',*,*,#4480,.T.);
#5917=ORIENTED_EDGE('',*,*,#4481,.T.);
#5918=ORIENTED_EDGE('',*,*,#4482,.T.);
#5919=ORIENTED_EDGE('',*,*,#4470,.T.);
#5920=ORIENTED_EDGE('',*,*,#4477,.T.);
#5921=ORIENTED_EDGE('',*,*,#4483,.T.);
#5922=ORIENTED_EDGE('',*,*,#4483,.F.);
#5923=ORIENTED_EDGE('',*,*,#4476,.T.);
#5924=ORIENTED_EDGE('',*,*,#4484,.F.);
#5925=ORIENTED_EDGE('',*,*,#4485,.T.);
#5926=ORIENTED_EDGE('',*,*,#4486,.T.);
#5927=ORIENTED_EDGE('',*,*,#4484,.T.);
#5928=ORIENTED_EDGE('',*,*,#4475,.T.);
#5929=ORIENTED_EDGE('',*,*,#4487,.T.);
#5930=ORIENTED_EDGE('',*,*,#4487,.F.);
#5931=ORIENTED_EDGE('',*,*,#4474,.T.);
#5932=ORIENTED_EDGE('',*,*,#4488,.F.);
#5933=ORIENTED_EDGE('',*,*,#4489,.T.);
#5934=ORIENTED_EDGE('',*,*,#4490,.T.);
#5935=ORIENTED_EDGE('',*,*,#4488,.T.);
#5936=ORIENTED_EDGE('',*,*,#4473,.T.);
#5937=ORIENTED_EDGE('',*,*,#4491,.T.);
#5938=ORIENTED_EDGE('',*,*,#4478,.F.);
#5939=ORIENTED_EDGE('',*,*,#4492,.T.);
#5940=ORIENTED_EDGE('',*,*,#4493,.F.);
#5941=ORIENTED_EDGE('',*,*,#4492,.F.);
#5942=ORIENTED_EDGE('',*,*,#4479,.F.);
#5943=ORIENTED_EDGE('',*,*,#4494,.T.);
#5944=ORIENTED_EDGE('',*,*,#4495,.F.);
#5945=ORIENTED_EDGE('',*,*,#4494,.F.);
#5946=ORIENTED_EDGE('',*,*,#4480,.F.);
#5947=ORIENTED_EDGE('',*,*,#4496,.T.);
#5948=ORIENTED_EDGE('',*,*,#4497,.F.);
#5949=ORIENTED_EDGE('',*,*,#4496,.F.);
#5950=ORIENTED_EDGE('',*,*,#4481,.F.);
#5951=ORIENTED_EDGE('',*,*,#4498,.T.);
#5952=ORIENTED_EDGE('',*,*,#4499,.F.);
#5953=ORIENTED_EDGE('',*,*,#4498,.F.);
#5954=ORIENTED_EDGE('',*,*,#4466,.F.);
#5955=ORIENTED_EDGE('',*,*,#4500,.T.);
#5956=ORIENTED_EDGE('',*,*,#4491,.F.);
#5957=ORIENTED_EDGE('',*,*,#4472,.T.);
#5958=ORIENTED_EDGE('',*,*,#4465,.F.);
#5959=ORIENTED_EDGE('',*,*,#4471,.F.);
#5960=ORIENTED_EDGE('',*,*,#4482,.F.);
#5961=ORIENTED_EDGE('',*,*,#4485,.F.);
#5962=ORIENTED_EDGE('',*,*,#4486,.F.);
#5963=ORIENTED_EDGE('',*,*,#4489,.F.);
#5964=ORIENTED_EDGE('',*,*,#4490,.F.);
#5965=ORIENTED_EDGE('',*,*,#4500,.F.);
#5966=ORIENTED_EDGE('',*,*,#4493,.T.);
#5967=ORIENTED_EDGE('',*,*,#4495,.T.);
#5968=ORIENTED_EDGE('',*,*,#4497,.T.);
#5969=ORIENTED_EDGE('',*,*,#4499,.T.);
#5970=ORIENTED_EDGE('',*,*,#4501,.T.);
#5971=ORIENTED_EDGE('',*,*,#4502,.T.);
#5972=ORIENTED_EDGE('',*,*,#4503,.T.);
#5973=ORIENTED_EDGE('',*,*,#4504,.T.);
#5974=ORIENTED_EDGE('',*,*,#4504,.F.);
#5975=ORIENTED_EDGE('',*,*,#4505,.T.);
#5976=ORIENTED_EDGE('',*,*,#4506,.T.);
#5977=ORIENTED_EDGE('',*,*,#4507,.T.);
#5978=ORIENTED_EDGE('',*,*,#4503,.F.);
#5979=ORIENTED_EDGE('',*,*,#4508,.F.);
#5980=ORIENTED_EDGE('',*,*,#4509,.F.);
#5981=ORIENTED_EDGE('',*,*,#4510,.F.);
#5982=ORIENTED_EDGE('',*,*,#4511,.F.);
#5983=ORIENTED_EDGE('',*,*,#4512,.F.);
#5984=ORIENTED_EDGE('',*,*,#4513,.F.);
#5985=ORIENTED_EDGE('',*,*,#4514,.F.);
#5986=ORIENTED_EDGE('',*,*,#4515,.F.);
#5987=ORIENTED_EDGE('',*,*,#4516,.F.);
#5988=ORIENTED_EDGE('',*,*,#4517,.F.);
#5989=ORIENTED_EDGE('',*,*,#4518,.F.);
#5990=ORIENTED_EDGE('',*,*,#4519,.F.);
#5991=ORIENTED_EDGE('',*,*,#4505,.F.);
#5992=ORIENTED_EDGE('',*,*,#4520,.T.);
#5993=ORIENTED_EDGE('',*,*,#4521,.T.);
#5994=ORIENTED_EDGE('',*,*,#4522,.T.);
#5995=ORIENTED_EDGE('',*,*,#4523,.T.);
#5996=ORIENTED_EDGE('',*,*,#4518,.T.);
#5997=ORIENTED_EDGE('',*,*,#4524,.T.);
#5998=ORIENTED_EDGE('',*,*,#4524,.F.);
#5999=ORIENTED_EDGE('',*,*,#4517,.T.);
#6000=ORIENTED_EDGE('',*,*,#4525,.F.);
#6001=ORIENTED_EDGE('',*,*,#4526,.T.);
#6002=ORIENTED_EDGE('',*,*,#4527,.T.);
#6003=ORIENTED_EDGE('',*,*,#4525,.T.);
#6004=ORIENTED_EDGE('',*,*,#4516,.T.);
#6005=ORIENTED_EDGE('',*,*,#4528,.T.);
#6006=ORIENTED_EDGE('',*,*,#4528,.F.);
#6007=ORIENTED_EDGE('',*,*,#4515,.T.);
#6008=ORIENTED_EDGE('',*,*,#4529,.F.);
#6009=ORIENTED_EDGE('',*,*,#4530,.T.);
#6010=ORIENTED_EDGE('',*,*,#4531,.T.);
#6011=ORIENTED_EDGE('',*,*,#4532,.T.);
#6012=ORIENTED_EDGE('',*,*,#4509,.T.);
#6013=ORIENTED_EDGE('',*,*,#4533,.T.);
#6014=ORIENTED_EDGE('',*,*,#4502,.F.);
#6015=ORIENTED_EDGE('',*,*,#4534,.T.);
#6016=ORIENTED_EDGE('',*,*,#4533,.F.);
#6017=ORIENTED_EDGE('',*,*,#4508,.T.);
#6018=ORIENTED_EDGE('',*,*,#4535,.T.);
#6019=ORIENTED_EDGE('',*,*,#4536,.T.);
#6020=ORIENTED_EDGE('',*,*,#4512,.T.);
#6021=ORIENTED_EDGE('',*,*,#4537,.T.);
#6022=ORIENTED_EDGE('',*,*,#4537,.F.);
#6023=ORIENTED_EDGE('',*,*,#4511,.T.);
#6024=ORIENTED_EDGE('',*,*,#4538,.T.);
#6025=ORIENTED_EDGE('',*,*,#4539,.T.);
#6026=ORIENTED_EDGE('',*,*,#4540,.T.);
#6027=ORIENTED_EDGE('',*,*,#4529,.T.);
#6028=ORIENTED_EDGE('',*,*,#4514,.T.);
#6029=ORIENTED_EDGE('',*,*,#4541,.T.);
#6030=ORIENTED_EDGE('',*,*,#4520,.F.);
#6031=ORIENTED_EDGE('',*,*,#4542,.T.);
#6032=ORIENTED_EDGE('',*,*,#4543,.F.);
#6033=ORIENTED_EDGE('',*,*,#4542,.F.);
#6034=ORIENTED_EDGE('',*,*,#4521,.F.);
#6035=ORIENTED_EDGE('',*,*,#4544,.T.);
#6036=ORIENTED_EDGE('',*,*,#4545,.F.);
#6037=ORIENTED_EDGE('',*,*,#4544,.F.);
#6038=ORIENTED_EDGE('',*,*,#4536,.F.);
#6039=ORIENTED_EDGE('',*,*,#4546,.T.);
#6040=ORIENTED_EDGE('',*,*,#4541,.F.);
#6041=ORIENTED_EDGE('',*,*,#4513,.T.);
#6042=ORIENTED_EDGE('',*,*,#4523,.F.);
#6043=ORIENTED_EDGE('',*,*,#4547,.T.);
#6044=ORIENTED_EDGE('',*,*,#4506,.F.);
#6045=ORIENTED_EDGE('',*,*,#4519,.T.);
#6046=ORIENTED_EDGE('',*,*,#4532,.F.);
#6047=ORIENTED_EDGE('',*,*,#4548,.T.);
#6048=ORIENTED_EDGE('',*,*,#4538,.F.);
#6049=ORIENTED_EDGE('',*,*,#4510,.T.);
#6050=ORIENTED_EDGE('',*,*,#4501,.F.);
#6051=ORIENTED_EDGE('',*,*,#4507,.F.);
#6052=ORIENTED_EDGE('',*,*,#4547,.F.);
#6053=ORIENTED_EDGE('',*,*,#4522,.F.);
#6054=ORIENTED_EDGE('',*,*,#4526,.F.);
#6055=ORIENTED_EDGE('',*,*,#4527,.F.);
#6056=ORIENTED_EDGE('',*,*,#4530,.F.);
#6057=ORIENTED_EDGE('',*,*,#4540,.F.);
#6058=ORIENTED_EDGE('',*,*,#4546,.F.);
#6059=ORIENTED_EDGE('',*,*,#4535,.F.);
#6060=ORIENTED_EDGE('',*,*,#4539,.F.);
#6061=ORIENTED_EDGE('',*,*,#4548,.F.);
#6062=ORIENTED_EDGE('',*,*,#4531,.F.);
#6063=ORIENTED_EDGE('',*,*,#4534,.F.);
#6064=ORIENTED_EDGE('',*,*,#4543,.T.);
#6065=ORIENTED_EDGE('',*,*,#4545,.T.);
#6066=ORIENTED_EDGE('',*,*,#4549,.T.);
#6067=ORIENTED_EDGE('',*,*,#4550,.F.);
#6068=ORIENTED_EDGE('',*,*,#4551,.T.);
#6069=ORIENTED_EDGE('',*,*,#4552,.T.);
#6070=ORIENTED_EDGE('',*,*,#4553,.T.);
#6071=ORIENTED_EDGE('',*,*,#4554,.F.);
#6072=ORIENTED_EDGE('',*,*,#4555,.T.);
#6073=ORIENTED_EDGE('',*,*,#4550,.T.);
#6074=ORIENTED_EDGE('',*,*,#4556,.T.);
#6075=ORIENTED_EDGE('',*,*,#4557,.F.);
#6076=ORIENTED_EDGE('',*,*,#4558,.T.);
#6077=ORIENTED_EDGE('',*,*,#4554,.T.);
#6078=ORIENTED_EDGE('',*,*,#4559,.T.);
#6079=ORIENTED_EDGE('',*,*,#4552,.F.);
#6080=ORIENTED_EDGE('',*,*,#4560,.T.);
#6081=ORIENTED_EDGE('',*,*,#4557,.T.);
#6082=ORIENTED_EDGE('',*,*,#4549,.F.);
#6083=ORIENTED_EDGE('',*,*,#4559,.F.);
#6084=ORIENTED_EDGE('',*,*,#4556,.F.);
#6085=ORIENTED_EDGE('',*,*,#4553,.F.);
#6086=ORIENTED_EDGE('',*,*,#4560,.F.);
#6087=ORIENTED_EDGE('',*,*,#4551,.F.);
#6088=ORIENTED_EDGE('',*,*,#4555,.F.);
#6089=ORIENTED_EDGE('',*,*,#4558,.F.);
#6090=ORIENTED_EDGE('',*,*,#4561,.F.);
#6091=ORIENTED_EDGE('',*,*,#4562,.T.);
#6092=ORIENTED_EDGE('',*,*,#4563,.F.);
#6093=ORIENTED_EDGE('',*,*,#4562,.F.);
#6094=ORIENTED_EDGE('',*,*,#4564,.F.);
#6095=ORIENTED_EDGE('',*,*,#4565,.F.);
#6096=ORIENTED_EDGE('',*,*,#4566,.F.);
#6097=ORIENTED_EDGE('',*,*,#4567,.T.);
#6098=ORIENTED_EDGE('',*,*,#4568,.F.);
#6099=ORIENTED_EDGE('',*,*,#4567,.F.);
#6100=ORIENTED_EDGE('',*,*,#4569,.F.);
#6101=ORIENTED_EDGE('',*,*,#4570,.T.);
#6102=ORIENTED_EDGE('',*,*,#4571,.F.);
#6103=ORIENTED_EDGE('',*,*,#4570,.F.);
#6104=ORIENTED_EDGE('',*,*,#4572,.F.);
#6105=ORIENTED_EDGE('',*,*,#4573,.T.);
#6106=ORIENTED_EDGE('',*,*,#4574,.F.);
#6107=ORIENTED_EDGE('',*,*,#4573,.F.);
#6108=ORIENTED_EDGE('',*,*,#4575,.F.);
#6109=ORIENTED_EDGE('',*,*,#4565,.T.);
#6110=ORIENTED_EDGE('',*,*,#4576,.T.);
#6111=ORIENTED_EDGE('',*,*,#4577,.F.);
#6112=ORIENTED_EDGE('',*,*,#4578,.T.);
#6113=ORIENTED_EDGE('',*,*,#4579,.T.);
#6114=ORIENTED_EDGE('',*,*,#4580,.T.);
#6115=ORIENTED_EDGE('',*,*,#4581,.F.);
#6116=ORIENTED_EDGE('',*,*,#4582,.T.);
#6117=ORIENTED_EDGE('',*,*,#4577,.T.);
#6118=ORIENTED_EDGE('',*,*,#4583,.T.);
#6119=ORIENTED_EDGE('',*,*,#4584,.F.);
#6120=ORIENTED_EDGE('',*,*,#4585,.T.);
#6121=ORIENTED_EDGE('',*,*,#4581,.T.);
#6122=ORIENTED_EDGE('',*,*,#4586,.T.);
#6123=ORIENTED_EDGE('',*,*,#4587,.F.);
#6124=ORIENTED_EDGE('',*,*,#4588,.T.);
#6125=ORIENTED_EDGE('',*,*,#4584,.T.);
#6126=ORIENTED_EDGE('',*,*,#4589,.T.);
#6127=ORIENTED_EDGE('',*,*,#4579,.F.);
#6128=ORIENTED_EDGE('',*,*,#4590,.T.);
#6129=ORIENTED_EDGE('',*,*,#4587,.T.);
#6130=ORIENTED_EDGE('',*,*,#4576,.F.);
#6131=ORIENTED_EDGE('',*,*,#4589,.F.);
#6132=ORIENTED_EDGE('',*,*,#4586,.F.);
#6133=ORIENTED_EDGE('',*,*,#4583,.F.);
#6134=ORIENTED_EDGE('',*,*,#4580,.F.);
#6135=ORIENTED_EDGE('',*,*,#4563,.T.);
#6136=ORIENTED_EDGE('',*,*,#4564,.T.);
#6137=ORIENTED_EDGE('',*,*,#4568,.T.);
#6138=ORIENTED_EDGE('',*,*,#4571,.T.);
#6139=ORIENTED_EDGE('',*,*,#4574,.T.);
#6140=ORIENTED_EDGE('',*,*,#4590,.F.);
#6141=ORIENTED_EDGE('',*,*,#4578,.F.);
#6142=ORIENTED_EDGE('',*,*,#4582,.F.);
#6143=ORIENTED_EDGE('',*,*,#4585,.F.);
#6144=ORIENTED_EDGE('',*,*,#4588,.F.);
#6145=ORIENTED_EDGE('',*,*,#4561,.T.);
#6146=ORIENTED_EDGE('',*,*,#4566,.T.);
#6147=ORIENTED_EDGE('',*,*,#4575,.T.);
#6148=ORIENTED_EDGE('',*,*,#4572,.T.);
#6149=ORIENTED_EDGE('',*,*,#4569,.T.);
#6150=ORIENTED_EDGE('',*,*,#4591,.F.);
#6151=ORIENTED_EDGE('',*,*,#4592,.F.);
#6152=ORIENTED_EDGE('',*,*,#4593,.F.);
#6153=ORIENTED_EDGE('',*,*,#4594,.F.);
#6154=ORIENTED_EDGE('',*,*,#4595,.F.);
#6155=ORIENTED_EDGE('',*,*,#4596,.F.);
#6156=ORIENTED_EDGE('',*,*,#4597,.F.);
#6157=ORIENTED_EDGE('',*,*,#4598,.F.);
#6158=ORIENTED_EDGE('',*,*,#4593,.T.);
#6159=ORIENTED_EDGE('',*,*,#4599,.T.);
#6160=ORIENTED_EDGE('',*,*,#4598,.T.);
#6161=ORIENTED_EDGE('',*,*,#4597,.T.);
#6162=ORIENTED_EDGE('',*,*,#4599,.F.);
#6163=ORIENTED_EDGE('',*,*,#4594,.T.);
#6164=ORIENTED_EDGE('',*,*,#4591,.T.);
#6165=ORIENTED_EDGE('',*,*,#4600,.T.);
#6166=ORIENTED_EDGE('',*,*,#4596,.T.);
#6167=ORIENTED_EDGE('',*,*,#4595,.T.);
#6168=ORIENTED_EDGE('',*,*,#4600,.F.);
#6169=ORIENTED_EDGE('',*,*,#4592,.T.);
#6170=ORIENTED_EDGE('',*,*,#4601,.F.);
#6171=ORIENTED_EDGE('',*,*,#4602,.T.);
#6172=ORIENTED_EDGE('',*,*,#4603,.T.);
#6173=ORIENTED_EDGE('',*,*,#4602,.F.);
#6174=ORIENTED_EDGE('',*,*,#4604,.T.);
#6175=ORIENTED_EDGE('',*,*,#4605,.T.);
#6176=ORIENTED_EDGE('',*,*,#4606,.F.);
#6177=ORIENTED_EDGE('',*,*,#4605,.F.);
#6178=ORIENTED_EDGE('',*,*,#4606,.T.);
#6179=ORIENTED_EDGE('',*,*,#4601,.T.);
#6180=ORIENTED_EDGE('',*,*,#4604,.F.);
#6181=ORIENTED_EDGE('',*,*,#4603,.F.);
#6182=ORIENTED_EDGE('',*,*,#4607,.F.);
#6183=ORIENTED_EDGE('',*,*,#4608,.T.);
#6184=ORIENTED_EDGE('',*,*,#4609,.T.);
#6185=ORIENTED_EDGE('',*,*,#4608,.F.);
#6186=ORIENTED_EDGE('',*,*,#4610,.T.);
#6187=ORIENTED_EDGE('',*,*,#4611,.T.);
#6188=ORIENTED_EDGE('',*,*,#4612,.F.);
#6189=ORIENTED_EDGE('',*,*,#4611,.F.);
#6190=ORIENTED_EDGE('',*,*,#4612,.T.);
#6191=ORIENTED_EDGE('',*,*,#4607,.T.);
#6192=ORIENTED_EDGE('',*,*,#4610,.F.);
#6193=ORIENTED_EDGE('',*,*,#4609,.F.);
#6194=ORIENTED_EDGE('',*,*,#4613,.T.);
#6195=ORIENTED_EDGE('',*,*,#4614,.T.);
#6196=ORIENTED_EDGE('',*,*,#4615,.F.);
#6197=ORIENTED_EDGE('',*,*,#4616,.F.);
#6198=ORIENTED_EDGE('',*,*,#4617,.T.);
#6199=ORIENTED_EDGE('',*,*,#4616,.T.);
#6200=ORIENTED_EDGE('',*,*,#4618,.F.);
#6201=ORIENTED_EDGE('',*,*,#4619,.F.);
#6202=ORIENTED_EDGE('',*,*,#4620,.T.);
#6203=ORIENTED_EDGE('',*,*,#4619,.T.);
#6204=ORIENTED_EDGE('',*,*,#4621,.F.);
#6205=ORIENTED_EDGE('',*,*,#4622,.F.);
#6206=ORIENTED_EDGE('',*,*,#4623,.T.);
#6207=ORIENTED_EDGE('',*,*,#4622,.T.);
#6208=ORIENTED_EDGE('',*,*,#4624,.F.);
#6209=ORIENTED_EDGE('',*,*,#4614,.F.);
#6210=ORIENTED_EDGE('',*,*,#4624,.T.);
#6211=ORIENTED_EDGE('',*,*,#4621,.T.);
#6212=ORIENTED_EDGE('',*,*,#4618,.T.);
#6213=ORIENTED_EDGE('',*,*,#4615,.T.);
#6214=ORIENTED_EDGE('',*,*,#4623,.F.);
#6215=ORIENTED_EDGE('',*,*,#4613,.F.);
#6216=ORIENTED_EDGE('',*,*,#4617,.F.);
#6217=ORIENTED_EDGE('',*,*,#4620,.F.);
#6218=ORIENTED_EDGE('',*,*,#4625,.T.);
#6219=ORIENTED_EDGE('',*,*,#4626,.F.);
#6220=ORIENTED_EDGE('',*,*,#4627,.T.);
#6221=ORIENTED_EDGE('',*,*,#4628,.T.);
#6222=ORIENTED_EDGE('',*,*,#4629,.T.);
#6223=ORIENTED_EDGE('',*,*,#4630,.F.);
#6224=ORIENTED_EDGE('',*,*,#4631,.T.);
#6225=ORIENTED_EDGE('',*,*,#4626,.T.);
#6226=ORIENTED_EDGE('',*,*,#4632,.T.);
#6227=ORIENTED_EDGE('',*,*,#4633,.F.);
#6228=ORIENTED_EDGE('',*,*,#4634,.T.);
#6229=ORIENTED_EDGE('',*,*,#4630,.T.);
#6230=ORIENTED_EDGE('',*,*,#4635,.T.);
#6231=ORIENTED_EDGE('',*,*,#4628,.F.);
#6232=ORIENTED_EDGE('',*,*,#4636,.T.);
#6233=ORIENTED_EDGE('',*,*,#4633,.T.);
#6234=ORIENTED_EDGE('',*,*,#4637,.T.);
#6235=ORIENTED_EDGE('',*,*,#4638,.F.);
#6236=ORIENTED_EDGE('',*,*,#4639,.T.);
#6237=ORIENTED_EDGE('',*,*,#4640,.T.);
#6238=ORIENTED_EDGE('',*,*,#4641,.T.);
#6239=ORIENTED_EDGE('',*,*,#4642,.F.);
#6240=ORIENTED_EDGE('',*,*,#4643,.T.);
#6241=ORIENTED_EDGE('',*,*,#4638,.T.);
#6242=ORIENTED_EDGE('',*,*,#4644,.T.);
#6243=ORIENTED_EDGE('',*,*,#4645,.F.);
#6244=ORIENTED_EDGE('',*,*,#4646,.T.);
#6245=ORIENTED_EDGE('',*,*,#4642,.T.);
#6246=ORIENTED_EDGE('',*,*,#4647,.T.);
#6247=ORIENTED_EDGE('',*,*,#4640,.F.);
#6248=ORIENTED_EDGE('',*,*,#4648,.T.);
#6249=ORIENTED_EDGE('',*,*,#4645,.T.);
#6250=ORIENTED_EDGE('',*,*,#4649,.T.);
#6251=ORIENTED_EDGE('',*,*,#4650,.T.);
#6252=ORIENTED_EDGE('',*,*,#4651,.T.);
#6253=ORIENTED_EDGE('',*,*,#4652,.T.);
#6254=ORIENTED_EDGE('',*,*,#4653,.T.);
#6255=ORIENTED_EDGE('',*,*,#4654,.F.);
#6256=ORIENTED_EDGE('',*,*,#4655,.T.);
#6257=ORIENTED_EDGE('',*,*,#4656,.T.);
#6258=ORIENTED_EDGE('',*,*,#4653,.F.);
#6259=ORIENTED_EDGE('',*,*,#4657,.T.);
#6260=ORIENTED_EDGE('',*,*,#4649,.F.);
#6261=ORIENTED_EDGE('',*,*,#4658,.T.);
#6262=ORIENTED_EDGE('',*,*,#4655,.F.);
#6263=ORIENTED_EDGE('',*,*,#4659,.T.);
#6264=ORIENTED_EDGE('',*,*,#4651,.F.);
#6265=ORIENTED_EDGE('',*,*,#4660,.T.);
#6266=ORIENTED_EDGE('',*,*,#4656,.F.);
#6267=ORIENTED_EDGE('',*,*,#4661,.F.);
#6268=ORIENTED_EDGE('',*,*,#4662,.T.);
#6269=ORIENTED_EDGE('',*,*,#4663,.F.);
#6270=ORIENTED_EDGE('',*,*,#4657,.F.);
#6271=ORIENTED_EDGE('',*,*,#4663,.T.);
#6272=ORIENTED_EDGE('',*,*,#4664,.T.);
#6273=ORIENTED_EDGE('',*,*,#4665,.T.);
#6274=ORIENTED_EDGE('',*,*,#4666,.T.);
#6275=ORIENTED_EDGE('',*,*,#4667,.T.);
#6276=ORIENTED_EDGE('',*,*,#4634,.F.);
#6277=ORIENTED_EDGE('',*,*,#4636,.F.);
#6278=ORIENTED_EDGE('',*,*,#4627,.F.);
#6279=ORIENTED_EDGE('',*,*,#4631,.F.);
#6280=ORIENTED_EDGE('',*,*,#4646,.F.);
#6281=ORIENTED_EDGE('',*,*,#4648,.F.);
#6282=ORIENTED_EDGE('',*,*,#4639,.F.);
#6283=ORIENTED_EDGE('',*,*,#4643,.F.);
#6284=ORIENTED_EDGE('',*,*,#4666,.F.);
#6285=ORIENTED_EDGE('',*,*,#4668,.F.);
#6286=ORIENTED_EDGE('',*,*,#4669,.F.);
#6287=ORIENTED_EDGE('',*,*,#4670,.T.);
#6288=ORIENTED_EDGE('',*,*,#4650,.F.);
#6289=ORIENTED_EDGE('',*,*,#4667,.F.);
#6290=ORIENTED_EDGE('',*,*,#4670,.F.);
#6291=ORIENTED_EDGE('',*,*,#4671,.F.);
#6292=ORIENTED_EDGE('',*,*,#4664,.F.);
#6293=ORIENTED_EDGE('',*,*,#4662,.F.);
#6294=ORIENTED_EDGE('',*,*,#4672,.F.);
#6295=ORIENTED_EDGE('',*,*,#4673,.T.);
#6296=ORIENTED_EDGE('',*,*,#4665,.F.);
#6297=ORIENTED_EDGE('',*,*,#4673,.F.);
#6298=ORIENTED_EDGE('',*,*,#4674,.F.);
#6299=ORIENTED_EDGE('',*,*,#4668,.T.);
#6300=ORIENTED_EDGE('',*,*,#4660,.F.);
#6301=ORIENTED_EDGE('',*,*,#4671,.T.);
#6302=ORIENTED_EDGE('',*,*,#4669,.T.);
#6303=ORIENTED_EDGE('',*,*,#4674,.T.);
#6304=ORIENTED_EDGE('',*,*,#4672,.T.);
#6305=ORIENTED_EDGE('',*,*,#4661,.T.);
#6306=ORIENTED_EDGE('',*,*,#4632,.F.);
#6307=ORIENTED_EDGE('',*,*,#4629,.F.);
#6308=ORIENTED_EDGE('',*,*,#4625,.F.);
#6309=ORIENTED_EDGE('',*,*,#4635,.F.);
#6310=ORIENTED_EDGE('',*,*,#4644,.F.);
#6311=ORIENTED_EDGE('',*,*,#4641,.F.);
#6312=ORIENTED_EDGE('',*,*,#4637,.F.);
#6313=ORIENTED_EDGE('',*,*,#4647,.F.);
#6314=ORIENTED_EDGE('',*,*,#4675,.F.);
#6315=ORIENTED_EDGE('',*,*,#4676,.F.);
#6316=ORIENTED_EDGE('',*,*,#4677,.F.);
#6317=ORIENTED_EDGE('',*,*,#4678,.T.);
#6318=ORIENTED_EDGE('',*,*,#4679,.F.);
#6319=ORIENTED_EDGE('',*,*,#4652,.F.);
#6320=ORIENTED_EDGE('',*,*,#4680,.F.);
#6321=ORIENTED_EDGE('',*,*,#4676,.T.);
#6322=ORIENTED_EDGE('',*,*,#4681,.F.);
#6323=ORIENTED_EDGE('',*,*,#4678,.F.);
#6324=ORIENTED_EDGE('',*,*,#4682,.F.);
#6325=ORIENTED_EDGE('',*,*,#4654,.T.);
#6326=ORIENTED_EDGE('',*,*,#4659,.F.);
#6327=ORIENTED_EDGE('',*,*,#4682,.T.);
#6328=ORIENTED_EDGE('',*,*,#4677,.T.);
#6329=ORIENTED_EDGE('',*,*,#4680,.T.);
#6330=ORIENTED_EDGE('',*,*,#4658,.F.);
#6331=ORIENTED_EDGE('',*,*,#4679,.T.);
#6332=ORIENTED_EDGE('',*,*,#4675,.T.);
#6333=ORIENTED_EDGE('',*,*,#4681,.T.);
#6334=ORIENTED_EDGE('',*,*,#4683,.T.);
#6335=ORIENTED_EDGE('',*,*,#4684,.T.);
#6336=ORIENTED_EDGE('',*,*,#4685,.T.);
#6337=ORIENTED_EDGE('',*,*,#4686,.T.);
#6338=ORIENTED_EDGE('',*,*,#4687,.T.);
#6339=ORIENTED_EDGE('',*,*,#4688,.F.);
#6340=ORIENTED_EDGE('',*,*,#4689,.T.);
#6341=ORIENTED_EDGE('',*,*,#4690,.T.);
#6342=ORIENTED_EDGE('',*,*,#4687,.F.);
#6343=ORIENTED_EDGE('',*,*,#4691,.T.);
#6344=ORIENTED_EDGE('',*,*,#4683,.F.);
#6345=ORIENTED_EDGE('',*,*,#4692,.T.);
#6346=ORIENTED_EDGE('',*,*,#4689,.F.);
#6347=ORIENTED_EDGE('',*,*,#4693,.T.);
#6348=ORIENTED_EDGE('',*,*,#4685,.F.);
#6349=ORIENTED_EDGE('',*,*,#4694,.T.);
#6350=ORIENTED_EDGE('',*,*,#4690,.F.);
#6351=ORIENTED_EDGE('',*,*,#4695,.F.);
#6352=ORIENTED_EDGE('',*,*,#4696,.T.);
#6353=ORIENTED_EDGE('',*,*,#4697,.F.);
#6354=ORIENTED_EDGE('',*,*,#4691,.F.);
#6355=ORIENTED_EDGE('',*,*,#4697,.T.);
#6356=ORIENTED_EDGE('',*,*,#4698,.T.);
#6357=ORIENTED_EDGE('',*,*,#4699,.T.);
#6358=ORIENTED_EDGE('',*,*,#4700,.T.);
#6359=ORIENTED_EDGE('',*,*,#4701,.T.);
#6360=ORIENTED_EDGE('',*,*,#4700,.F.);
#6361=ORIENTED_EDGE('',*,*,#4702,.F.);
#6362=ORIENTED_EDGE('',*,*,#4703,.F.);
#6363=ORIENTED_EDGE('',*,*,#4704,.T.);
#6364=ORIENTED_EDGE('',*,*,#4684,.F.);
#6365=ORIENTED_EDGE('',*,*,#4701,.F.);
#6366=ORIENTED_EDGE('',*,*,#4704,.F.);
#6367=ORIENTED_EDGE('',*,*,#4705,.F.);
#6368=ORIENTED_EDGE('',*,*,#4698,.F.);
#6369=ORIENTED_EDGE('',*,*,#4696,.F.);
#6370=ORIENTED_EDGE('',*,*,#4706,.F.);
#6371=ORIENTED_EDGE('',*,*,#4707,.T.);
#6372=ORIENTED_EDGE('',*,*,#4699,.F.);
#6373=ORIENTED_EDGE('',*,*,#4707,.F.);
#6374=ORIENTED_EDGE('',*,*,#4708,.F.);
#6375=ORIENTED_EDGE('',*,*,#4702,.T.);
#6376=ORIENTED_EDGE('',*,*,#4694,.F.);
#6377=ORIENTED_EDGE('',*,*,#4705,.T.);
#6378=ORIENTED_EDGE('',*,*,#4703,.T.);
#6379=ORIENTED_EDGE('',*,*,#4708,.T.);
#6380=ORIENTED_EDGE('',*,*,#4706,.T.);
#6381=ORIENTED_EDGE('',*,*,#4695,.T.);
#6382=ORIENTED_EDGE('',*,*,#4709,.F.);
#6383=ORIENTED_EDGE('',*,*,#4710,.F.);
#6384=ORIENTED_EDGE('',*,*,#4711,.F.);
#6385=ORIENTED_EDGE('',*,*,#4712,.T.);
#6386=ORIENTED_EDGE('',*,*,#4713,.F.);
#6387=ORIENTED_EDGE('',*,*,#4686,.F.);
#6388=ORIENTED_EDGE('',*,*,#4714,.F.);
#6389=ORIENTED_EDGE('',*,*,#4710,.T.);
#6390=ORIENTED_EDGE('',*,*,#4715,.F.);
#6391=ORIENTED_EDGE('',*,*,#4712,.F.);
#6392=ORIENTED_EDGE('',*,*,#4716,.F.);
#6393=ORIENTED_EDGE('',*,*,#4688,.T.);
#6394=ORIENTED_EDGE('',*,*,#4693,.F.);
#6395=ORIENTED_EDGE('',*,*,#4716,.T.);
#6396=ORIENTED_EDGE('',*,*,#4711,.T.);
#6397=ORIENTED_EDGE('',*,*,#4714,.T.);
#6398=ORIENTED_EDGE('',*,*,#4692,.F.);
#6399=ORIENTED_EDGE('',*,*,#4713,.T.);
#6400=ORIENTED_EDGE('',*,*,#4709,.T.);
#6401=ORIENTED_EDGE('',*,*,#4715,.T.);
#6402=ORIENTED_EDGE('',*,*,#4717,.F.);
#6403=ORIENTED_EDGE('',*,*,#4718,.F.);
#6404=ORIENTED_EDGE('',*,*,#4719,.F.);
#6405=ORIENTED_EDGE('',*,*,#4720,.F.);
#6406=ORIENTED_EDGE('',*,*,#4718,.T.);
#6407=ORIENTED_EDGE('',*,*,#4721,.T.);
#6408=ORIENTED_EDGE('',*,*,#4722,.T.);
#6409=ORIENTED_EDGE('',*,*,#4723,.F.);
#6410=ORIENTED_EDGE('',*,*,#4719,.T.);
#6411=ORIENTED_EDGE('',*,*,#4723,.T.);
#6412=ORIENTED_EDGE('',*,*,#4724,.T.);
#6413=ORIENTED_EDGE('',*,*,#4725,.T.);
#6414=ORIENTED_EDGE('',*,*,#4726,.T.);
#6415=ORIENTED_EDGE('',*,*,#4727,.T.);
#6416=ORIENTED_EDGE('',*,*,#4728,.T.);
#6417=ORIENTED_EDGE('',*,*,#4729,.T.);
#6418=ORIENTED_EDGE('',*,*,#4730,.T.);
#6419=ORIENTED_EDGE('',*,*,#4731,.T.);
#6420=ORIENTED_EDGE('',*,*,#4732,.F.);
#6421=ORIENTED_EDGE('',*,*,#4733,.F.);
#6422=ORIENTED_EDGE('',*,*,#4724,.F.);
#6423=ORIENTED_EDGE('',*,*,#4722,.F.);
#6424=ORIENTED_EDGE('',*,*,#4733,.T.);
#6425=ORIENTED_EDGE('',*,*,#4734,.T.);
#6426=ORIENTED_EDGE('',*,*,#4735,.T.);
#6427=ORIENTED_EDGE('',*,*,#4725,.F.);
#6428=ORIENTED_EDGE('',*,*,#4736,.F.);
#6429=ORIENTED_EDGE('',*,*,#4737,.F.);
#6430=ORIENTED_EDGE('',*,*,#4726,.F.);
#6431=ORIENTED_EDGE('',*,*,#4735,.F.);
#6432=ORIENTED_EDGE('',*,*,#4737,.T.);
#6433=ORIENTED_EDGE('',*,*,#4738,.T.);
#6434=ORIENTED_EDGE('',*,*,#4739,.T.);
#6435=ORIENTED_EDGE('',*,*,#4727,.F.);
#6436=ORIENTED_EDGE('',*,*,#4740,.F.);
#6437=ORIENTED_EDGE('',*,*,#4741,.F.);
#6438=ORIENTED_EDGE('',*,*,#4728,.F.);
#6439=ORIENTED_EDGE('',*,*,#4739,.F.);
#6440=ORIENTED_EDGE('',*,*,#4742,.T.);
#6441=ORIENTED_EDGE('',*,*,#4743,.T.);
#6442=ORIENTED_EDGE('',*,*,#4731,.F.);
#6443=ORIENTED_EDGE('',*,*,#4743,.F.);
#6444=ORIENTED_EDGE('',*,*,#4744,.T.);
#6445=ORIENTED_EDGE('',*,*,#4745,.T.);
#6446=ORIENTED_EDGE('',*,*,#4730,.F.);
#6447=ORIENTED_EDGE('',*,*,#4745,.F.);
#6448=ORIENTED_EDGE('',*,*,#4720,.T.);
#6449=ORIENTED_EDGE('',*,*,#4729,.F.);
#6450=ORIENTED_EDGE('',*,*,#4741,.T.);
#6451=ORIENTED_EDGE('',*,*,#4746,.T.);
#6452=ORIENTED_EDGE('',*,*,#4717,.T.);
#6453=ORIENTED_EDGE('',*,*,#4746,.F.);
#6454=ORIENTED_EDGE('',*,*,#4740,.T.);
#6455=ORIENTED_EDGE('',*,*,#4738,.F.);
#6456=ORIENTED_EDGE('',*,*,#4736,.T.);
#6457=ORIENTED_EDGE('',*,*,#4734,.F.);
#6458=ORIENTED_EDGE('',*,*,#4732,.T.);
#6459=ORIENTED_EDGE('',*,*,#4721,.F.);
#6460=ORIENTED_EDGE('',*,*,#4744,.F.);
#6461=ORIENTED_EDGE('',*,*,#4742,.F.);
#6462=ORIENTED_EDGE('',*,*,#4747,.T.);
#6463=ORIENTED_EDGE('',*,*,#4748,.T.);
#6464=ORIENTED_EDGE('',*,*,#4749,.F.);
#6465=ORIENTED_EDGE('',*,*,#4748,.F.);
#6466=ORIENTED_EDGE('',*,*,#4750,.T.);
#6467=ORIENTED_EDGE('',*,*,#4751,.T.);
#6468=ORIENTED_EDGE('',*,*,#4752,.F.);
#6469=ORIENTED_EDGE('',*,*,#4751,.F.);
#6470=ORIENTED_EDGE('',*,*,#4750,.F.);
#6471=ORIENTED_EDGE('',*,*,#4747,.F.);
#6472=ORIENTED_EDGE('',*,*,#4752,.T.);
#6473=ORIENTED_EDGE('',*,*,#4749,.T.);
#6474=ORIENTED_EDGE('',*,*,#4753,.F.);
#6475=ORIENTED_EDGE('',*,*,#4754,.T.);
#6476=ORIENTED_EDGE('',*,*,#4755,.T.);
#6477=ORIENTED_EDGE('',*,*,#4754,.F.);
#6478=ORIENTED_EDGE('',*,*,#4756,.T.);
#6479=ORIENTED_EDGE('',*,*,#4757,.T.);
#6480=ORIENTED_EDGE('',*,*,#4758,.F.);
#6481=ORIENTED_EDGE('',*,*,#4757,.F.);
#6482=ORIENTED_EDGE('',*,*,#4758,.T.);
#6483=ORIENTED_EDGE('',*,*,#4753,.T.);
#6484=ORIENTED_EDGE('',*,*,#4756,.F.);
#6485=ORIENTED_EDGE('',*,*,#4755,.F.);
#6486=ORIENTED_EDGE('',*,*,#4759,.F.);
#6487=ORIENTED_EDGE('',*,*,#4760,.T.);
#6488=ORIENTED_EDGE('',*,*,#4761,.T.);
#6489=ORIENTED_EDGE('',*,*,#4760,.F.);
#6490=ORIENTED_EDGE('',*,*,#4762,.F.);
#6491=ORIENTED_EDGE('',*,*,#4763,.T.);
#6492=ORIENTED_EDGE('',*,*,#4764,.T.);
#6493=ORIENTED_EDGE('',*,*,#4763,.F.);
#6494=ORIENTED_EDGE('',*,*,#4762,.T.);
#6495=ORIENTED_EDGE('',*,*,#4759,.T.);
#6496=ORIENTED_EDGE('',*,*,#4764,.F.);
#6497=ORIENTED_EDGE('',*,*,#4761,.F.);
#6498=ORIENTED_EDGE('',*,*,#4765,.F.);
#6499=ORIENTED_EDGE('',*,*,#4766,.F.);
#6500=ORIENTED_EDGE('',*,*,#4767,.F.);
#6501=ORIENTED_EDGE('',*,*,#4768,.F.);
#6502=ORIENTED_EDGE('',*,*,#4766,.T.);
#6503=ORIENTED_EDGE('',*,*,#4769,.T.);
#6504=ORIENTED_EDGE('',*,*,#4768,.T.);
#6505=ORIENTED_EDGE('',*,*,#4769,.F.);
#6506=ORIENTED_EDGE('',*,*,#4767,.T.);
#6507=ORIENTED_EDGE('',*,*,#4770,.T.);
#6508=ORIENTED_EDGE('',*,*,#4765,.T.);
#6509=ORIENTED_EDGE('',*,*,#4770,.F.);
#6510=ORIENTED_EDGE('',*,*,#4771,.F.);
#6511=ORIENTED_EDGE('',*,*,#4772,.F.);
#6512=ORIENTED_EDGE('',*,*,#4773,.F.);
#6513=ORIENTED_EDGE('',*,*,#4774,.F.);
#6514=ORIENTED_EDGE('',*,*,#4775,.F.);
#6515=ORIENTED_EDGE('',*,*,#4776,.F.);
#6516=ORIENTED_EDGE('',*,*,#4777,.F.);
#6517=ORIENTED_EDGE('',*,*,#4778,.F.);
#6518=ORIENTED_EDGE('',*,*,#4779,.F.);
#6519=ORIENTED_EDGE('',*,*,#4779,.T.);
#6520=ORIENTED_EDGE('',*,*,#4780,.F.);
#6521=ORIENTED_EDGE('',*,*,#4781,.F.);
#6522=ORIENTED_EDGE('',*,*,#4782,.T.);
#6523=ORIENTED_EDGE('',*,*,#4778,.T.);
#6524=ORIENTED_EDGE('',*,*,#4783,.F.);
#6525=ORIENTED_EDGE('',*,*,#4784,.F.);
#6526=ORIENTED_EDGE('',*,*,#4780,.T.);
#6527=ORIENTED_EDGE('',*,*,#4777,.T.);
#6528=ORIENTED_EDGE('',*,*,#4785,.F.);
#6529=ORIENTED_EDGE('',*,*,#4786,.F.);
#6530=ORIENTED_EDGE('',*,*,#4783,.T.);
#6531=ORIENTED_EDGE('',*,*,#4776,.T.);
#6532=ORIENTED_EDGE('',*,*,#4787,.F.);
#6533=ORIENTED_EDGE('',*,*,#4788,.F.);
#6534=ORIENTED_EDGE('',*,*,#4785,.T.);
#6535=ORIENTED_EDGE('',*,*,#4775,.T.);
#6536=ORIENTED_EDGE('',*,*,#4789,.F.);
#6537=ORIENTED_EDGE('',*,*,#4790,.F.);
#6538=ORIENTED_EDGE('',*,*,#4787,.T.);
#6539=ORIENTED_EDGE('',*,*,#4774,.T.);
#6540=ORIENTED_EDGE('',*,*,#4791,.F.);
#6541=ORIENTED_EDGE('',*,*,#4792,.F.);
#6542=ORIENTED_EDGE('',*,*,#4789,.T.);
#6543=ORIENTED_EDGE('',*,*,#4773,.T.);
#6544=ORIENTED_EDGE('',*,*,#4793,.F.);
#6545=ORIENTED_EDGE('',*,*,#4794,.F.);
#6546=ORIENTED_EDGE('',*,*,#4791,.T.);
#6547=ORIENTED_EDGE('',*,*,#4772,.T.);
#6548=ORIENTED_EDGE('',*,*,#4795,.F.);
#6549=ORIENTED_EDGE('',*,*,#4796,.F.);
#6550=ORIENTED_EDGE('',*,*,#4793,.T.);
#6551=ORIENTED_EDGE('',*,*,#4771,.T.);
#6552=ORIENTED_EDGE('',*,*,#4782,.F.);
#6553=ORIENTED_EDGE('',*,*,#4797,.F.);
#6554=ORIENTED_EDGE('',*,*,#4795,.T.);
#6555=ORIENTED_EDGE('',*,*,#4797,.T.);
#6556=ORIENTED_EDGE('',*,*,#4781,.T.);
#6557=ORIENTED_EDGE('',*,*,#4784,.T.);
#6558=ORIENTED_EDGE('',*,*,#4786,.T.);
#6559=ORIENTED_EDGE('',*,*,#4788,.T.);
#6560=ORIENTED_EDGE('',*,*,#4790,.T.);
#6561=ORIENTED_EDGE('',*,*,#4792,.T.);
#6562=ORIENTED_EDGE('',*,*,#4794,.T.);
#6563=ORIENTED_EDGE('',*,*,#4796,.T.);
#6564=CYLINDRICAL_SURFACE('',#8044,7.00000000000002);
#6565=CYLINDRICAL_SURFACE('',#8047,7.00000000000002);
#6566=CYLINDRICAL_SURFACE('',#8050,7.00000000000002);
#6567=CYLINDRICAL_SURFACE('',#8053,7.00000000000002);
#6568=CYLINDRICAL_SURFACE('',#8063,5.);
#6569=CYLINDRICAL_SURFACE('',#8066,10.);
#6570=CYLINDRICAL_SURFACE('',#8069,10.);
#6571=CYLINDRICAL_SURFACE('',#8072,5.);
#6572=CYLINDRICAL_SURFACE('',#8084,10.);
#6573=CYLINDRICAL_SURFACE('',#8087,10.);
#6574=CYLINDRICAL_SURFACE('',#8090,5.);
#6575=CYLINDRICAL_SURFACE('',#8097,5.);
#6576=CYLINDRICAL_SURFACE('',#8110,10.);
#6577=CYLINDRICAL_SURFACE('',#8114,5.);
#6578=CYLINDRICAL_SURFACE('',#8122,5.);
#6579=CYLINDRICAL_SURFACE('',#8126,10.);
#6580=CYLINDRICAL_SURFACE('',#8137,17.5);
#6581=CYLINDRICAL_SURFACE('',#8141,17.5);
#6582=CYLINDRICAL_SURFACE('',#8146,17.5);
#6583=CYLINDRICAL_SURFACE('',#8150,17.5);
#6584=CYLINDRICAL_SURFACE('',#8159,10.);
#6585=CYLINDRICAL_SURFACE('',#8160,5.);
#6586=CYLINDRICAL_SURFACE('',#8166,24.15);
#6587=CYLINDRICAL_SURFACE('',#8182,10.);
#6588=CYLINDRICAL_SURFACE('',#8183,5.);
#6589=CYLINDRICAL_SURFACE('',#8189,24.15);
#6590=CYLINDRICAL_SURFACE('',#8199,5.);
#6591=CYLINDRICAL_SURFACE('',#8211,10.);
#6592=CYLINDRICAL_SURFACE('',#8217,17.5);
#6593=CYLINDRICAL_SURFACE('',#8219,17.5);
#6594=CYLINDRICAL_SURFACE('',#8224,24.5);
#6595=CYLINDRICAL_SURFACE('',#8228,10.);
#6596=CYLINDRICAL_SURFACE('',#8238,10.);
#6597=CYLINDRICAL_SURFACE('',#8241,10.);
#6598=CYLINDRICAL_SURFACE('',#8244,10.);
#6599=CYLINDRICAL_SURFACE('',#8246,6.25);
#6600=CYLINDRICAL_SURFACE('',#8248,6.25);
#6601=CYLINDRICAL_SURFACE('',#8257,18.3);
#6602=CYLINDRICAL_SURFACE('',#8260,21.2);
#6603=CYLINDRICAL_SURFACE('',#8270,5.);
#6604=CYLINDRICAL_SURFACE('',#8282,10.);
#6605=CYLINDRICAL_SURFACE('',#8289,24.5);
#6606=CYLINDRICAL_SURFACE('',#8297,7.00000000000004);
#6607=CYLINDRICAL_SURFACE('',#8300,7.00000000000004);
#6608=CYLINDRICAL_SURFACE('',#8303,7.00000000000004);
#6609=CYLINDRICAL_SURFACE('',#8306,7.00000000000004);
#6610=CYLINDRICAL_SURFACE('',#8309,6.25000000000008);
#6611=CYLINDRICAL_SURFACE('',#8312,6.25000000000009);
#6612=CYLINDRICAL_SURFACE('',#8315,6.25000000000008);
#6613=CYLINDRICAL_SURFACE('',#8318,6.25000000000009);
#6614=CYLINDRICAL_SURFACE('',#8329,5.);
#6615=CYLINDRICAL_SURFACE('',#8332,10.);
#6616=CYLINDRICAL_SURFACE('',#8336,5.);
#6617=CYLINDRICAL_SURFACE('',#8339,10.);
#6618=CYLINDRICAL_SURFACE('',#8352,7.00000000000001);
#6619=CYLINDRICAL_SURFACE('',#8355,6.99999999999995);
#6620=CYLINDRICAL_SURFACE('',#8358,7.);
#6621=CYLINDRICAL_SURFACE('',#8361,6.99999999999995);
#6622=CYLINDRICAL_SURFACE('',#8364,7.);
#6623=CYLINDRICAL_SURFACE('',#8367,6.99999999999995);
#6624=CYLINDRICAL_SURFACE('',#8370,7.00000000000001);
#6625=CYLINDRICAL_SURFACE('',#8373,6.99999999999995);
#6626=CYLINDRICAL_SURFACE('',#8376,7.00000000000001);
#6627=CYLINDRICAL_SURFACE('',#8379,6.99999999999995);
#6628=CYLINDRICAL_SURFACE('',#8382,7.);
#6629=CYLINDRICAL_SURFACE('',#8385,6.99999999999995);
#6630=CYLINDRICAL_SURFACE('',#8388,6.99999999999999);
#6631=CYLINDRICAL_SURFACE('',#8391,6.99999999999995);
#6632=CYLINDRICAL_SURFACE('',#8394,6.99999999999999);
#6633=CYLINDRICAL_SURFACE('',#8397,6.99999999999995);
#6634=CYLINDRICAL_SURFACE('',#8400,6.99999999999999);
#6635=CYLINDRICAL_SURFACE('',#8403,6.99999999999995);
#6636=CYLINDRICAL_SURFACE('',#8406,6.25000000000006);
#6637=CYLINDRICAL_SURFACE('',#8409,6.25000000000001);
#6638=CYLINDRICAL_SURFACE('',#8412,6.25000000000006);
#6639=CYLINDRICAL_SURFACE('',#8415,6.25000000000001);
#6640=CYLINDRICAL_SURFACE('',#8429,5.);
#6641=CYLINDRICAL_SURFACE('',#8431,10.);
#6642=CYLINDRICAL_SURFACE('',#8433,10.);
#6643=CYLINDRICAL_SURFACE('',#8435,5.);
#6644=CYLINDRICAL_SURFACE('',#8445,7.);
#6645=CYLINDRICAL_SURFACE('',#8448,7.00000000000001);
#6646=CYLINDRICAL_SURFACE('',#8463,4.5);
#6647=CYLINDRICAL_SURFACE('',#8467,4.49999999999999);
#6648=CYLINDRICAL_SURFACE('',#8471,9.);
#6649=CYLINDRICAL_SURFACE('',#8475,9.);
#6650=CYLINDRICAL_SURFACE('',#8479,4.5);
#6651=CYLINDRICAL_SURFACE('',#8483,4.5);
#6652=CYLINDRICAL_SURFACE('',#8487,9.);
#6653=CYLINDRICAL_SURFACE('',#8491,9.);
#6654=CYLINDRICAL_SURFACE('',#8501,5.);
#6655=CYLINDRICAL_SURFACE('',#8513,5.);
#6656=CYLINDRICAL_SURFACE('',#8516,5.);
#6657=CYLINDRICAL_SURFACE('',#8519,5.);
#6658=CYLINDRICAL_SURFACE('',#8521,7.);
#6659=CYLINDRICAL_SURFACE('',#8523,7.);
#6660=CYLINDRICAL_SURFACE('',#8525,7.);
#6661=CYLINDRICAL_SURFACE('',#8527,7.);
#6662=CYLINDRICAL_SURFACE('',#8532,2.);
#6663=CYLINDRICAL_SURFACE('',#8544,2.);
#6664=CYLINDRICAL_SURFACE('',#8547,2.);
#6665=CYLINDRICAL_SURFACE('',#8550,2.);
#6666=CYLINDRICAL_SURFACE('',#8553,2.);
#6667=CYLINDRICAL_SURFACE('',#8556,2.);
#6668=CYLINDRICAL_SURFACE('',#8558,7.);
#6669=CYLINDRICAL_SURFACE('',#8560,7.);
#6670=CYLINDRICAL_SURFACE('',#8575,7.);
#6671=CYLINDRICAL_SURFACE('',#8579,7.);
#6672=CYLINDRICAL_SURFACE('',#8583,7.);
#6673=CYLINDRICAL_SURFACE('',#8608,18.3);
#6674=CYLINDRICAL_SURFACE('',#8611,21.2);
#6675=CYLINDRICAL_SURFACE('',#8625,13.95);
#6676=CYLINDRICAL_SURFACE('',#8628,16.85);
#6677=CYLINDRICAL_SURFACE('',#8645,17.5);
#6678=CYLINDRICAL_SURFACE('',#8649,17.5);
#6679=CYLINDRICAL_SURFACE('',#8654,17.5);
#6680=CYLINDRICAL_SURFACE('',#8658,17.5);
#6681=CYLINDRICAL_SURFACE('',#8667,10.);
#6682=CYLINDRICAL_SURFACE('',#8668,5.);
#6683=CYLINDRICAL_SURFACE('',#8674,24.15);
#6684=CYLINDRICAL_SURFACE('',#8690,10.);
#6685=CYLINDRICAL_SURFACE('',#8691,5.);
#6686=CYLINDRICAL_SURFACE('',#8697,24.15);
#6687=CYLINDRICAL_SURFACE('',#8707,10.);
#6688=CYLINDRICAL_SURFACE('',#8717,10.);
#6689=CYLINDRICAL_SURFACE('',#8720,10.);
#6690=CYLINDRICAL_SURFACE('',#8723,10.);
#6691=CYLINDRICAL_SURFACE('',#8725,6.25);
#6692=CYLINDRICAL_SURFACE('',#8727,6.25);
#6693=CYLINDRICAL_SURFACE('',#8747,18.7);
#6694=CYLINDRICAL_SURFACE('',#8750,21.2);
#6695=CYLINDRICAL_SURFACE('',#8781,14.25);
#6696=CYLINDRICAL_SURFACE('',#8782,16.85);
#6697=CYLINDRICAL_SURFACE('',#8797,7.);
#6698=CYLINDRICAL_SURFACE('',#8800,3.5);
#6699=CYLINDRICAL_SURFACE('',#8806,3.5);
#6700=ADVANCED_FACE('',(#1017),#6564,.F.);
#6701=ADVANCED_FACE('',(#1018),#6565,.F.);
#6702=ADVANCED_FACE('',(#1019),#6566,.F.);
#6703=ADVANCED_FACE('',(#1020),#6567,.F.);
#6704=ADVANCED_FACE('',(#1021),#676,.F.);
#6705=ADVANCED_FACE('',(#1022,#550,#551,#552,#553),#677,.F.);
#6706=ADVANCED_FACE('',(#1023),#678,.F.);
#6707=ADVANCED_FACE('',(#1024),#6568,.T.);
#6708=ADVANCED_FACE('',(#1025,#554,#555,#556,#557),#679,.F.);
#6709=ADVANCED_FACE('',(#1026),#6569,.F.);
#6710=ADVANCED_FACE('',(#1027),#680,.F.);
#6711=ADVANCED_FACE('',(#1028),#6570,.F.);
#6712=ADVANCED_FACE('',(#1029),#681,.F.);
#6713=ADVANCED_FACE('',(#1030),#6571,.T.);
#6714=ADVANCED_FACE('',(#1031),#682,.F.);
#6715=ADVANCED_FACE('',(#1032),#683,.F.);
#6716=ADVANCED_FACE('',(#1033),#684,.F.);
#6717=ADVANCED_FACE('',(#1034),#685,.T.);
#6718=ADVANCED_FACE('',(#1035),#686,.F.);
#6719=ADVANCED_FACE('',(#1036),#6572,.F.);
#6720=ADVANCED_FACE('',(#1037),#687,.F.);
#6721=ADVANCED_FACE('',(#1038),#6573,.F.);
#6722=ADVANCED_FACE('',(#1039),#688,.F.);
#6723=ADVANCED_FACE('',(#1040),#6574,.T.);
#6724=ADVANCED_FACE('',(#1041),#689,.F.);
#6725=ADVANCED_FACE('',(#1042),#690,.T.);
#6726=ADVANCED_FACE('',(#1043),#691,.F.);
#6727=ADVANCED_FACE('',(#1044),#692,.F.);
#6728=ADVANCED_FACE('',(#1045),#6575,.T.);
#6729=ADVANCED_FACE('',(#1046),#693,.F.);
#6730=ADVANCED_FACE('',(#1047),#694,.F.);
#6731=ADVANCED_FACE('',(#1048),#695,.F.);
#6732=ADVANCED_FACE('',(#1049),#6576,.F.);
#6733=ADVANCED_FACE('',(#1050),#696,.T.);
#6734=ADVANCED_FACE('',(#1051),#6577,.T.);
#6735=ADVANCED_FACE('',(#1052),#697,.T.);
#6736=ADVANCED_FACE('',(#1053),#698,.T.);
#6737=ADVANCED_FACE('',(#1054),#699,.T.);
#6738=ADVANCED_FACE('',(#1055),#700,.T.);
#6739=ADVANCED_FACE('',(#1056),#701,.T.);
#6740=ADVANCED_FACE('',(#1057),#6578,.T.);
#6741=ADVANCED_FACE('',(#1058),#702,.T.);
#6742=ADVANCED_FACE('',(#1059),#6579,.F.);
#6743=ADVANCED_FACE('',(#1060),#703,.T.);
#6744=ADVANCED_FACE('',(#1061),#704,.F.);
#6745=ADVANCED_FACE('',(#1062),#705,.T.);
#6746=ADVANCED_FACE('',(#1063),#6580,.F.);
#6747=ADVANCED_FACE('',(#1064),#706,.F.);
#6748=ADVANCED_FACE('',(#1065),#6581,.F.);
#6749=ADVANCED_FACE('',(#1066),#707,.F.);
#6750=ADVANCED_FACE('',(#1067),#708,.F.);
#6751=ADVANCED_FACE('',(#1068),#6582,.F.);
#6752=ADVANCED_FACE('',(#1069),#709,.F.);
#6753=ADVANCED_FACE('',(#1070),#6583,.F.);
#6754=ADVANCED_FACE('',(#1071),#710,.F.);
#6755=ADVANCED_FACE('',(#1072),#711,.F.);
#6756=ADVANCED_FACE('',(#1073),#6584,.T.);
#6757=ADVANCED_FACE('',(#1074),#6585,.F.);
#6758=ADVANCED_FACE('',(#1075),#712,.T.);
#6759=ADVANCED_FACE('',(#1076,#558,#559),#713,.T.);
#6760=ADVANCED_FACE('',(#1077),#714,.T.);
#6761=ADVANCED_FACE('',(#1078),#715,.T.);
#6762=ADVANCED_FACE('',(#1079),#6586,.F.);
#6763=ADVANCED_FACE('',(#1080),#716,.T.);
#6764=ADVANCED_FACE('',(#1081,#560,#561),#717,.F.);
#6765=ADVANCED_FACE('',(#1082),#718,.T.);
#6766=ADVANCED_FACE('',(#1083),#719,.T.);
#6767=ADVANCED_FACE('',(#1084),#720,.T.);
#6768=ADVANCED_FACE('',(#1085),#721,.F.);
#6769=ADVANCED_FACE('',(#1086),#722,.T.);
#6770=ADVANCED_FACE('',(#1087),#723,.F.);
#6771=ADVANCED_FACE('',(#1088),#724,.F.);
#6772=ADVANCED_FACE('',(#1089),#6587,.T.);
#6773=ADVANCED_FACE('',(#1090),#6588,.F.);
#6774=ADVANCED_FACE('',(#1091),#725,.T.);
#6775=ADVANCED_FACE('',(#1092),#726,.T.);
#6776=ADVANCED_FACE('',(#1093),#727,.T.);
#6777=ADVANCED_FACE('',(#1094),#728,.T.);
#6778=ADVANCED_FACE('',(#1095),#6589,.F.);
#6779=ADVANCED_FACE('',(#1096),#729,.T.);
#6780=ADVANCED_FACE('',(#1097),#730,.F.);
#6781=ADVANCED_FACE('',(#1098),#731,.T.);
#6782=ADVANCED_FACE('',(#1099),#732,.T.);
#6783=ADVANCED_FACE('',(#1100),#733,.T.);
#6784=ADVANCED_FACE('',(#1101),#734,.F.);
#6785=ADVANCED_FACE('',(#1102),#735,.T.);
#6786=ADVANCED_FACE('',(#1103),#6590,.F.);
#6787=ADVANCED_FACE('',(#1104),#736,.T.);
#6788=ADVANCED_FACE('',(#1105),#737,.T.);
#6789=ADVANCED_FACE('',(#1106),#738,.T.);
#6790=ADVANCED_FACE('',(#1107),#739,.T.);
#6791=ADVANCED_FACE('',(#1108),#740,.T.);
#6792=ADVANCED_FACE('',(#1109),#741,.T.);
#6793=ADVANCED_FACE('',(#1110),#742,.F.);
#6794=ADVANCED_FACE('',(#1111),#6591,.T.);
#6795=ADVANCED_FACE('',(#1112),#743,.T.);
#6796=ADVANCED_FACE('',(#1113,#562,#563),#744,.F.);
#6797=ADVANCED_FACE('',(#1114),#6592,.F.);
#6798=ADVANCED_FACE('',(#1115),#6593,.F.);
#6799=ADVANCED_FACE('',(#1116),#745,.T.);
#6800=ADVANCED_FACE('',(#1117),#746,.T.);
#6801=ADVANCED_FACE('',(#1118),#747,.T.);
#6802=ADVANCED_FACE('',(#1119),#6594,.F.);
#6803=ADVANCED_FACE('',(#1120,#564,#565),#748,.T.);
#6804=ADVANCED_FACE('',(#1121),#6595,.T.);
#6805=ADVANCED_FACE('',(#1122),#749,.T.);
#6806=ADVANCED_FACE('',(#1123,#566,#567),#750,.F.);
#6807=ADVANCED_FACE('',(#1124),#6596,.T.);
#6808=ADVANCED_FACE('',(#1125),#751,.T.);
#6809=ADVANCED_FACE('',(#1126),#6597,.T.);
#6810=ADVANCED_FACE('',(#1127),#752,.T.);
#6811=ADVANCED_FACE('',(#1128),#6598,.T.);
#6812=ADVANCED_FACE('',(#1129),#6599,.F.);
#6813=ADVANCED_FACE('',(#1130),#6600,.F.);
#6814=ADVANCED_FACE('',(#1131),#753,.T.);
#6815=ADVANCED_FACE('',(#1132,#568,#569),#754,.T.);
#6816=ADVANCED_FACE('',(#1133),#6601,.F.);
#6817=ADVANCED_FACE('',(#1134),#6602,.T.);
#6818=ADVANCED_FACE('',(#1135,#570),#755,.F.);
#6819=ADVANCED_FACE('',(#1136,#571),#756,.T.);
#6820=ADVANCED_FACE('',(#1137),#6603,.F.);
#6821=ADVANCED_FACE('',(#1138),#757,.T.);
#6822=ADVANCED_FACE('',(#1139),#758,.T.);
#6823=ADVANCED_FACE('',(#1140),#759,.T.);
#6824=ADVANCED_FACE('',(#1141),#760,.T.);
#6825=ADVANCED_FACE('',(#1142),#761,.T.);
#6826=ADVANCED_FACE('',(#1143),#762,.T.);
#6827=ADVANCED_FACE('',(#1144),#763,.F.);
#6828=ADVANCED_FACE('',(#1145),#6604,.T.);
#6829=ADVANCED_FACE('',(#1146),#764,.T.);
#6830=ADVANCED_FACE('',(#1147),#765,.F.);
#6831=ADVANCED_FACE('',(#1148),#766,.T.);
#6832=ADVANCED_FACE('',(#1149),#767,.T.);
#6833=ADVANCED_FACE('',(#1150),#768,.T.);
#6834=ADVANCED_FACE('',(#1151),#6605,.F.);
#6835=ADVANCED_FACE('',(#1152),#769,.T.);
#6836=ADVANCED_FACE('',(#1153),#6606,.F.);
#6837=ADVANCED_FACE('',(#1154),#6607,.F.);
#6838=ADVANCED_FACE('',(#1155),#6608,.F.);
#6839=ADVANCED_FACE('',(#1156),#6609,.F.);
#6840=ADVANCED_FACE('',(#1157),#6610,.F.);
#6841=ADVANCED_FACE('',(#1158),#6611,.F.);
#6842=ADVANCED_FACE('',(#1159),#6612,.F.);
#6843=ADVANCED_FACE('',(#1160),#6613,.F.);
#6844=ADVANCED_FACE('',(#1161),#770,.F.);
#6845=ADVANCED_FACE('',(#1162),#771,.T.);
#6846=ADVANCED_FACE('',(#1163,#572,#573,#574,#575),#772,.T.);
#6847=ADVANCED_FACE('',(#1164),#773,.T.);
#6848=ADVANCED_FACE('',(#1165),#6614,.T.);
#6849=ADVANCED_FACE('',(#1166,#576,#577,#578,#579),#774,.T.);
#6850=ADVANCED_FACE('',(#1167),#6615,.F.);
#6851=ADVANCED_FACE('',(#1168,#580,#581,#582,#583),#775,.T.);
#6852=ADVANCED_FACE('',(#1169),#776,.T.);
#6853=ADVANCED_FACE('',(#1170),#6616,.T.);
#6854=ADVANCED_FACE('',(#1171,#584,#585,#586,#587),#777,.T.);
#6855=ADVANCED_FACE('',(#1172),#6617,.F.);
#6856=ADVANCED_FACE('',(#1173),#778,.T.);
#6857=ADVANCED_FACE('',(#1174),#779,.T.);
#6858=ADVANCED_FACE('',(#1175),#6618,.F.);
#6859=ADVANCED_FACE('',(#1176),#6619,.F.);
#6860=ADVANCED_FACE('',(#1177),#6620,.F.);
#6861=ADVANCED_FACE('',(#1178),#6621,.F.);
#6862=ADVANCED_FACE('',(#1179),#6622,.F.);
#6863=ADVANCED_FACE('',(#1180),#6623,.F.);
#6864=ADVANCED_FACE('',(#1181),#6624,.F.);
#6865=ADVANCED_FACE('',(#1182),#6625,.F.);
#6866=ADVANCED_FACE('',(#1183),#6626,.F.);
#6867=ADVANCED_FACE('',(#1184),#6627,.F.);
#6868=ADVANCED_FACE('',(#1185),#6628,.F.);
#6869=ADVANCED_FACE('',(#1186),#6629,.F.);
#6870=ADVANCED_FACE('',(#1187),#6630,.F.);
#6871=ADVANCED_FACE('',(#1188),#6631,.F.);
#6872=ADVANCED_FACE('',(#1189),#6632,.F.);
#6873=ADVANCED_FACE('',(#1190),#6633,.F.);
#6874=ADVANCED_FACE('',(#1191),#6634,.F.);
#6875=ADVANCED_FACE('',(#1192),#6635,.F.);
#6876=ADVANCED_FACE('',(#1193),#6636,.F.);
#6877=ADVANCED_FACE('',(#1194),#6637,.F.);
#6878=ADVANCED_FACE('',(#1195),#6638,.F.);
#6879=ADVANCED_FACE('',(#1196),#6639,.F.);
#6880=ADVANCED_FACE('',(#1197),#780,.F.);
#6881=ADVANCED_FACE('',(#1198),#781,.F.);
#6882=ADVANCED_FACE('',(#1199),#782,.T.);
#6883=ADVANCED_FACE('',(#1200),#6640,.T.);
#6884=ADVANCED_FACE('',(#1201,#588,#589,#590,#591),#783,.T.);
#6885=ADVANCED_FACE('',(#1202),#6641,.F.);
#6886=ADVANCED_FACE('',(#1203,#592,#593,#594,#595,#596,#597,#598,#599,#600,
#601,#602,#603,#604,#605,#606,#607,#608,#609),#784,.T.);
#6887=ADVANCED_FACE('',(#1204),#6642,.F.);
#6888=ADVANCED_FACE('',(#1205),#785,.T.);
#6889=ADVANCED_FACE('',(#1206),#6643,.T.);
#6890=ADVANCED_FACE('',(#1207),#786,.T.);
#6891=ADVANCED_FACE('',(#1208),#787,.T.);
#6892=ADVANCED_FACE('',(#1209,#610,#611,#612,#613,#614,#615,#616,#617,#618,
#619,#620,#621,#622,#623,#624,#625,#626,#627),#788,.T.);
#6893=ADVANCED_FACE('',(#1210,#628,#629,#630,#631),#789,.T.);
#6894=ADVANCED_FACE('',(#1211),#6644,.F.);
#6895=ADVANCED_FACE('',(#1212),#6645,.F.);
#6896=ADVANCED_FACE('',(#1213),#790,.T.);
#6897=ADVANCED_FACE('',(#1214),#791,.T.);
#6898=ADVANCED_FACE('',(#1215),#792,.T.);
#6899=ADVANCED_FACE('',(#1216),#793,.T.);
#6900=ADVANCED_FACE('',(#1217,#632,#633),#794,.T.);
#6901=ADVANCED_FACE('',(#1218,#634,#635),#795,.F.);
#6902=ADVANCED_FACE('',(#1219),#796,.F.);
#6903=ADVANCED_FACE('',(#1220),#6646,.F.);
#6904=ADVANCED_FACE('',(#1221),#797,.F.);
#6905=ADVANCED_FACE('',(#1222),#6647,.F.);
#6906=ADVANCED_FACE('',(#1223),#798,.T.);
#6907=ADVANCED_FACE('',(#1224),#6648,.T.);
#6908=ADVANCED_FACE('',(#1225),#799,.T.);
#6909=ADVANCED_FACE('',(#1226),#6649,.T.);
#6910=ADVANCED_FACE('',(#1227),#800,.F.);
#6911=ADVANCED_FACE('',(#1228),#6650,.F.);
#6912=ADVANCED_FACE('',(#1229),#801,.F.);
#6913=ADVANCED_FACE('',(#1230),#6651,.F.);
#6914=ADVANCED_FACE('',(#1231),#802,.T.);
#6915=ADVANCED_FACE('',(#1232),#6652,.T.);
#6916=ADVANCED_FACE('',(#1233),#803,.T.);
#6917=ADVANCED_FACE('',(#1234),#6653,.T.);
#6918=ADVANCED_FACE('',(#1235,#636),#804,.F.);
#6919=ADVANCED_FACE('',(#1236,#637),#805,.T.);
#6920=ADVANCED_FACE('',(#1237),#6654,.T.);
#6921=ADVANCED_FACE('',(#1238),#806,.T.);
#6922=ADVANCED_FACE('',(#1239,#638,#639,#640,#641),#807,.F.);
#6923=ADVANCED_FACE('',(#1240),#6655,.T.);
#6924=ADVANCED_FACE('',(#1241),#808,.T.);
#6925=ADVANCED_FACE('',(#1242),#6656,.T.);
#6926=ADVANCED_FACE('',(#1243),#809,.T.);
#6927=ADVANCED_FACE('',(#1244),#6657,.T.);
#6928=ADVANCED_FACE('',(#1245),#6658,.F.);
#6929=ADVANCED_FACE('',(#1246),#6659,.F.);
#6930=ADVANCED_FACE('',(#1247),#6660,.F.);
#6931=ADVANCED_FACE('',(#1248),#6661,.F.);
#6932=ADVANCED_FACE('',(#1249),#810,.T.);
#6933=ADVANCED_FACE('',(#1250,#642,#643,#644,#645),#811,.T.);
#6934=ADVANCED_FACE('',(#1251),#6662,.T.);
#6935=ADVANCED_FACE('',(#1252),#812,.T.);
#6936=ADVANCED_FACE('',(#1253,#646,#647),#813,.F.);
#6937=ADVANCED_FACE('',(#1254),#6663,.T.);
#6938=ADVANCED_FACE('',(#1255),#814,.T.);
#6939=ADVANCED_FACE('',(#1256),#6664,.T.);
#6940=ADVANCED_FACE('',(#1257),#815,.T.);
#6941=ADVANCED_FACE('',(#1258),#6665,.T.);
#6942=ADVANCED_FACE('',(#1259),#816,.T.);
#6943=ADVANCED_FACE('',(#1260),#6666,.T.);
#6944=ADVANCED_FACE('',(#1261),#817,.T.);
#6945=ADVANCED_FACE('',(#1262),#6667,.T.);
#6946=ADVANCED_FACE('',(#1263),#6668,.F.);
#6947=ADVANCED_FACE('',(#1264),#6669,.F.);
#6948=ADVANCED_FACE('',(#1265),#818,.T.);
#6949=ADVANCED_FACE('',(#1266),#819,.T.);
#6950=ADVANCED_FACE('',(#1267),#820,.T.);
#6951=ADVANCED_FACE('',(#1268,#648,#649),#821,.T.);
#6952=ADVANCED_FACE('',(#1269),#822,.T.);
#6953=ADVANCED_FACE('',(#1270),#823,.T.);
#6954=ADVANCED_FACE('',(#1271),#824,.T.);
#6955=ADVANCED_FACE('',(#1272),#825,.T.);
#6956=ADVANCED_FACE('',(#1273),#826,.T.);
#6957=ADVANCED_FACE('',(#1274),#827,.F.);
#6958=ADVANCED_FACE('',(#1275),#6670,.F.);
#6959=ADVANCED_FACE('',(#1276),#828,.F.);
#6960=ADVANCED_FACE('',(#1277),#6671,.F.);
#6961=ADVANCED_FACE('',(#1278),#829,.F.);
#6962=ADVANCED_FACE('',(#1279),#6672,.F.);
#6963=ADVANCED_FACE('',(#1280),#830,.T.);
#6964=ADVANCED_FACE('',(#1281),#831,.T.);
#6965=ADVANCED_FACE('',(#1282),#832,.T.);
#6966=ADVANCED_FACE('',(#1283),#833,.T.);
#6967=ADVANCED_FACE('',(#1284),#834,.T.);
#6968=ADVANCED_FACE('',(#1285,#650,#651),#835,.T.);
#6969=ADVANCED_FACE('',(#1286,#652,#653),#836,.F.);
#6970=ADVANCED_FACE('',(#1287,#654),#837,.F.);
#6971=ADVANCED_FACE('',(#1288,#655),#838,.F.);
#6972=ADVANCED_FACE('',(#1289),#15,.F.);
#6973=ADVANCED_FACE('',(#1290),#16,.T.);
#6974=ADVANCED_FACE('',(#1291),#6673,.F.);
#6975=ADVANCED_FACE('',(#1292),#6674,.T.);
#6976=ADVANCED_FACE('',(#1293,#656),#839,.F.);
#6977=ADVANCED_FACE('',(#1294,#657),#840,.T.);
#6978=ADVANCED_FACE('',(#1295),#6675,.F.);
#6979=ADVANCED_FACE('',(#1296),#6676,.T.);
#6980=ADVANCED_FACE('',(#1297,#658),#841,.F.);
#6981=ADVANCED_FACE('',(#1298,#659),#842,.T.);
#6982=ADVANCED_FACE('',(#1299),#843,.T.);
#6983=ADVANCED_FACE('',(#1300),#844,.T.);
#6984=ADVANCED_FACE('',(#1301),#845,.T.);
#6985=ADVANCED_FACE('',(#1302),#846,.T.);
#6986=ADVANCED_FACE('',(#1303),#847,.T.);
#6987=ADVANCED_FACE('',(#1304),#848,.F.);
#6988=ADVANCED_FACE('',(#1305),#6677,.F.);
#6989=ADVANCED_FACE('',(#1306),#849,.T.);
#6990=ADVANCED_FACE('',(#1307),#6678,.F.);
#6991=ADVANCED_FACE('',(#1308),#850,.T.);
#6992=ADVANCED_FACE('',(#1309),#851,.T.);
#6993=ADVANCED_FACE('',(#1310),#6679,.F.);
#6994=ADVANCED_FACE('',(#1311),#852,.T.);
#6995=ADVANCED_FACE('',(#1312),#6680,.F.);
#6996=ADVANCED_FACE('',(#1313),#853,.T.);
#6997=ADVANCED_FACE('',(#1314),#854,.T.);
#6998=ADVANCED_FACE('',(#1315),#6681,.T.);
#6999=ADVANCED_FACE('',(#1316),#6682,.F.);
#7000=ADVANCED_FACE('',(#1317),#855,.F.);
#7001=ADVANCED_FACE('',(#1318,#660,#661),#856,.F.);
#7002=ADVANCED_FACE('',(#1319),#857,.F.);
#7003=ADVANCED_FACE('',(#1320),#858,.F.);
#7004=ADVANCED_FACE('',(#1321),#6683,.F.);
#7005=ADVANCED_FACE('',(#1322),#859,.F.);
#7006=ADVANCED_FACE('',(#1323,#662,#663),#860,.T.);
#7007=ADVANCED_FACE('',(#1324),#861,.F.);
#7008=ADVANCED_FACE('',(#1325),#862,.F.);
#7009=ADVANCED_FACE('',(#1326),#863,.F.);
#7010=ADVANCED_FACE('',(#1327),#864,.T.);
#7011=ADVANCED_FACE('',(#1328),#865,.F.);
#7012=ADVANCED_FACE('',(#1329),#866,.T.);
#7013=ADVANCED_FACE('',(#1330),#867,.T.);
#7014=ADVANCED_FACE('',(#1331),#6684,.T.);
#7015=ADVANCED_FACE('',(#1332),#6685,.F.);
#7016=ADVANCED_FACE('',(#1333),#868,.F.);
#7017=ADVANCED_FACE('',(#1334),#869,.F.);
#7018=ADVANCED_FACE('',(#1335),#870,.F.);
#7019=ADVANCED_FACE('',(#1336),#871,.F.);
#7020=ADVANCED_FACE('',(#1337),#6686,.F.);
#7021=ADVANCED_FACE('',(#1338),#872,.F.);
#7022=ADVANCED_FACE('',(#1339),#873,.T.);
#7023=ADVANCED_FACE('',(#1340),#874,.F.);
#7024=ADVANCED_FACE('',(#1341),#875,.F.);
#7025=ADVANCED_FACE('',(#1342),#876,.F.);
#7026=ADVANCED_FACE('',(#1343),#877,.T.);
#7027=ADVANCED_FACE('',(#1344),#878,.F.);
#7028=ADVANCED_FACE('',(#1345),#6687,.T.);
#7029=ADVANCED_FACE('',(#1346),#879,.F.);
#7030=ADVANCED_FACE('',(#1347,#664,#665),#880,.T.);
#7031=ADVANCED_FACE('',(#1348),#6688,.T.);
#7032=ADVANCED_FACE('',(#1349),#881,.F.);
#7033=ADVANCED_FACE('',(#1350),#6689,.T.);
#7034=ADVANCED_FACE('',(#1351),#882,.F.);
#7035=ADVANCED_FACE('',(#1352),#6690,.T.);
#7036=ADVANCED_FACE('',(#1353),#6691,.F.);
#7037=ADVANCED_FACE('',(#1354),#6692,.F.);
#7038=ADVANCED_FACE('',(#1355),#883,.F.);
#7039=ADVANCED_FACE('',(#1356,#666,#667),#884,.F.);
#7040=ADVANCED_FACE('',(#1357),#17,.F.);
#7041=ADVANCED_FACE('',(#1358),#18,.T.);
#7042=ADVANCED_FACE('',(#1359,#668),#885,.F.);
#7043=ADVANCED_FACE('',(#1360,#669),#886,.T.);
#7044=ADVANCED_FACE('',(#1361),#6693,.F.);
#7045=ADVANCED_FACE('',(#1362),#6694,.T.);
#7046=ADVANCED_FACE('',(#1363,#670),#887,.F.);
#7047=ADVANCED_FACE('',(#1364,#671),#888,.T.);
#7048=ADVANCED_FACE('',(#1365),#19,.F.);
#7049=ADVANCED_FACE('',(#1366),#20,.T.);
#7050=ADVANCED_FACE('',(#1367,#672),#889,.T.);
#7051=ADVANCED_FACE('',(#1368,#673),#890,.F.);
#7052=ADVANCED_FACE('',(#1369,#674),#891,.F.);
#7053=ADVANCED_FACE('',(#1370,#675),#892,.F.);
#7054=ADVANCED_FACE('',(#1371),#6695,.F.);
#7055=ADVANCED_FACE('',(#1372),#6696,.T.);
#7056=ADVANCED_FACE('',(#1373),#893,.F.);
#7057=ADVANCED_FACE('',(#1374),#894,.T.);
#7058=ADVANCED_FACE('',(#1375),#6697,.F.);
#7059=ADVANCED_FACE('',(#1376),#895,.T.);
#7060=ADVANCED_FACE('',(#1377),#6698,.T.);
#7061=ADVANCED_FACE('',(#1378),#896,.T.);
#7062=ADVANCED_FACE('',(#1379),#897,.T.);
#7063=ADVANCED_FACE('',(#1380),#898,.T.);
#7064=ADVANCED_FACE('',(#1381),#899,.T.);
#7065=ADVANCED_FACE('',(#1382),#6699,.T.);
#7066=ADVANCED_FACE('',(#1383),#900,.F.);
#7067=CLOSED_SHELL('',(#6700,#6701,#6702,#6703,#6704,#6705,#6706,#6707,
#6708,#6709,#6710,#6711,#6712,#6713,#6714,#6715,#6716,#6717));
#7068=CLOSED_SHELL('',(#6718,#6719,#6720,#6721,#6722,#6723,#6724,#6725,
#6726,#6727,#6728,#6729,#6730,#6731));
#7069=CLOSED_SHELL('',(#6732,#6733,#6734,#6735,#6736,#6737,#6738,#6739,
#6740,#6741,#6742,#6743,#6744,#6745));
#7070=CLOSED_SHELL('',(#6746,#6747,#6748,#6749,#6750,#6751,#6752,#6753,
#6754,#6755,#6756,#6757,#6758,#6759,#6760,#6761,#6762,#6763,#6764,#6765,
#6766,#6767,#6768,#6769));
#7071=CLOSED_SHELL('',(#6770,#6771,#6772,#6773,#6774,#6775,#6776,#6777,
#6778,#6779,#6780,#6781,#6782,#6783,#6784,#6785));
#7072=CLOSED_SHELL('',(#6786,#6787,#6788,#6789,#6790,#6791,#6792,#6793,
#6794,#6795,#6796,#6797,#6798,#6799,#6800,#6801,#6802,#6803));
#7073=CLOSED_SHELL('',(#6804,#6805,#6806,#6807,#6808,#6809,#6810,#6811,
#6812,#6813,#6814,#6815));
#7074=CLOSED_SHELL('',(#6816,#6817,#6818,#6819));
#7075=CLOSED_SHELL('',(#6820,#6821,#6822,#6823,#6824,#6825,#6826,#6827,
#6828,#6829,#6830,#6831,#6832,#6833,#6834,#6835));
#7076=CLOSED_SHELL('',(#6836,#6837,#6838,#6839,#6840,#6841,#6842,#6843,
#6844,#6845,#6846,#6847,#6848,#6849,#6850,#6851,#6852,#6853,#6854,#6855,
#6856,#6857));
#7077=CLOSED_SHELL('',(#6858,#6859,#6860,#6861,#6862,#6863,#6864,#6865,
#6866,#6867,#6868,#6869,#6870,#6871,#6872,#6873,#6874,#6875,#6876,#6877,
#6878,#6879,#6880,#6881,#6882,#6883,#6884,#6885,#6886,#6887,#6888,#6889,
#6890,#6891,#6892,#6893));
#7078=CLOSED_SHELL('',(#6894,#6895,#6896,#6897,#6898,#6899,#6900,#6901));
#7079=CLOSED_SHELL('',(#6902,#6903,#6904,#6905,#6906,#6907,#6908,#6909,
#6910,#6911,#6912,#6913,#6914,#6915,#6916,#6917,#6918,#6919));
#7080=CLOSED_SHELL('',(#6920,#6921,#6922,#6923,#6924,#6925,#6926,#6927,
#6928,#6929,#6930,#6931,#6932,#6933));
#7081=CLOSED_SHELL('',(#6934,#6935,#6936,#6937,#6938,#6939,#6940,#6941,
#6942,#6943,#6944,#6945,#6946,#6947,#6948,#6949,#6950,#6951));
#7082=CLOSED_SHELL('',(#6952,#6953,#6954,#6955,#6956,#6957));
#7083=CLOSED_SHELL('',(#6958,#6959,#6960,#6961,#6962,#6963,#6964,#6965,
#6966,#6967,#6968,#6969));
#7084=CLOSED_SHELL('',(#6970,#6971,#6972,#6973));
#7085=CLOSED_SHELL('',(#6974,#6975,#6976,#6977));
#7086=CLOSED_SHELL('',(#6978,#6979,#6980,#6981));
#7087=CLOSED_SHELL('',(#6982,#6983,#6984,#6985,#6986,#6987));
#7088=CLOSED_SHELL('',(#6988,#6989,#6990,#6991,#6992,#6993,#6994,#6995,
#6996,#6997,#6998,#6999,#7000,#7001,#7002,#7003,#7004,#7005,#7006,#7007,
#7008,#7009,#7010,#7011));
#7089=CLOSED_SHELL('',(#7012,#7013,#7014,#7015,#7016,#7017,#7018,#7019,
#7020,#7021,#7022,#7023,#7024,#7025,#7026,#7027));
#7090=CLOSED_SHELL('',(#7028,#7029,#7030,#7031,#7032,#7033,#7034,#7035,
#7036,#7037,#7038,#7039));
#7091=CLOSED_SHELL('',(#7040,#7041,#7042,#7043));
#7092=CLOSED_SHELL('',(#7044,#7045,#7046,#7047));
#7093=CLOSED_SHELL('',(#7048,#7049,#7050,#7051));
#7094=CLOSED_SHELL('',(#7052,#7053,#7054,#7055));
#7095=CLOSED_SHELL('',(#7056,#7057,#7058,#7059,#7060,#7061,#7062,#7063,
#7064,#7065,#7066));
#7096=DERIVED_UNIT_ELEMENT(#7197,1.);
#7097=DERIVED_UNIT_ELEMENT(#13562,-3.);
#7098=DERIVED_UNIT_ELEMENT(#7197,1.);
#7099=DERIVED_UNIT_ELEMENT(#13562,-3.);
#7100=DERIVED_UNIT_ELEMENT(#7197,1.);
#7101=DERIVED_UNIT_ELEMENT(#13562,-3.);
#7102=DERIVED_UNIT_ELEMENT(#7197,1.);
#7103=DERIVED_UNIT_ELEMENT(#13562,-3.);
#7104=DERIVED_UNIT_ELEMENT(#7197,1.);
#7105=DERIVED_UNIT_ELEMENT(#13562,-3.);
#7106=DERIVED_UNIT_ELEMENT(#7197,1.);
#7107=DERIVED_UNIT_ELEMENT(#13562,-3.);
#7108=DERIVED_UNIT_ELEMENT(#7197,1.);
#7109=DERIVED_UNIT_ELEMENT(#13562,-3.);
#7110=DERIVED_UNIT_ELEMENT(#7197,1.);
#7111=DERIVED_UNIT_ELEMENT(#13562,-3.);
#7112=DERIVED_UNIT_ELEMENT(#7197,1.);
#7113=DERIVED_UNIT_ELEMENT(#13562,-3.);
#7114=DERIVED_UNIT_ELEMENT(#7197,1.);
#7115=DERIVED_UNIT_ELEMENT(#13562,-3.);
#7116=DERIVED_UNIT_ELEMENT(#7197,1.);
#7117=DERIVED_UNIT_ELEMENT(#13562,-3.);
#7118=DERIVED_UNIT_ELEMENT(#7197,1.);
#7119=DERIVED_UNIT_ELEMENT(#13562,-3.);
#7120=DERIVED_UNIT_ELEMENT(#7197,1.);
#7121=DERIVED_UNIT_ELEMENT(#13562,-3.);
#7122=DERIVED_UNIT_ELEMENT(#7197,1.);
#7123=DERIVED_UNIT_ELEMENT(#13562,-3.);
#7124=DERIVED_UNIT_ELEMENT(#7197,1.);
#7125=DERIVED_UNIT_ELEMENT(#13562,-3.);
#7126=DERIVED_UNIT_ELEMENT(#7197,1.);
#7127=DERIVED_UNIT_ELEMENT(#13562,-3.);
#7128=DERIVED_UNIT_ELEMENT(#7197,1.);
#7129=DERIVED_UNIT_ELEMENT(#13562,-3.);
#7130=DERIVED_UNIT_ELEMENT(#7197,1.);
#7131=DERIVED_UNIT_ELEMENT(#13562,-3.);
#7132=DERIVED_UNIT_ELEMENT(#7197,1.);
#7133=DERIVED_UNIT_ELEMENT(#13562,-3.);
#7134=DERIVED_UNIT_ELEMENT(#7197,1.);
#7135=DERIVED_UNIT_ELEMENT(#13562,-3.);
#7136=DERIVED_UNIT_ELEMENT(#7197,1.);
#7137=DERIVED_UNIT_ELEMENT(#13562,-3.);
#7138=DERIVED_UNIT_ELEMENT(#7197,1.);
#7139=DERIVED_UNIT_ELEMENT(#13562,-3.);
#7140=DERIVED_UNIT_ELEMENT(#7197,1.);
#7141=DERIVED_UNIT_ELEMENT(#13562,-3.);
#7142=DERIVED_UNIT_ELEMENT(#7197,1.);
#7143=DERIVED_UNIT_ELEMENT(#13562,-3.);
#7144=DERIVED_UNIT_ELEMENT(#7197,1.);
#7145=DERIVED_UNIT_ELEMENT(#13562,-3.);
#7146=DERIVED_UNIT_ELEMENT(#7197,1.);
#7147=DERIVED_UNIT_ELEMENT(#13562,-3.);
#7148=DERIVED_UNIT_ELEMENT(#7197,1.);
#7149=DERIVED_UNIT_ELEMENT(#13562,-3.);
#7150=DERIVED_UNIT_ELEMENT(#7197,1.);
#7151=DERIVED_UNIT_ELEMENT(#13562,-3.);
#7152=DERIVED_UNIT_ELEMENT(#7197,1.);
#7153=DERIVED_UNIT_ELEMENT(#13562,-3.);
#7154=DERIVED_UNIT_ELEMENT(#7197,1.);
#7155=DERIVED_UNIT_ELEMENT(#13562,-3.);
#7156=DERIVED_UNIT_ELEMENT(#7197,1.);
#7157=DERIVED_UNIT_ELEMENT(#13562,-3.);
#7158=DERIVED_UNIT_ELEMENT(#7197,1.);
#7159=DERIVED_UNIT_ELEMENT(#13562,-3.);
#7160=DERIVED_UNIT_ELEMENT(#7197,1.);
#7161=DERIVED_UNIT_ELEMENT(#13562,-3.);
#7162=DERIVED_UNIT_ELEMENT(#7197,1.);
#7163=DERIVED_UNIT_ELEMENT(#13562,-3.);
#7164=DERIVED_UNIT_ELEMENT(#7197,1.);
#7165=DERIVED_UNIT_ELEMENT(#13562,-3.);
#7166=DERIVED_UNIT_ELEMENT(#7197,1.);
#7167=DERIVED_UNIT_ELEMENT(#13562,-3.);
#7168=DERIVED_UNIT_ELEMENT(#7197,1.);
#7169=DERIVED_UNIT_ELEMENT(#13562,-3.);
#7170=DERIVED_UNIT_ELEMENT(#7197,1.);
#7171=DERIVED_UNIT_ELEMENT(#13562,-3.);
#7172=DERIVED_UNIT_ELEMENT(#7197,1.);
#7173=DERIVED_UNIT_ELEMENT(#13562,-3.);
#7174=DERIVED_UNIT_ELEMENT(#7197,1.);
#7175=DERIVED_UNIT_ELEMENT(#13562,-3.);
#7176=DERIVED_UNIT_ELEMENT(#7197,1.);
#7177=DERIVED_UNIT_ELEMENT(#13562,-3.);
#7178=DERIVED_UNIT_ELEMENT(#7197,1.);
#7179=DERIVED_UNIT_ELEMENT(#13562,-3.);
#7180=DERIVED_UNIT_ELEMENT(#7197,1.);
#7181=DERIVED_UNIT_ELEMENT(#13562,-3.);
#7182=DERIVED_UNIT_ELEMENT(#7197,1.);
#7183=DERIVED_UNIT_ELEMENT(#13562,-3.);
#7184=DERIVED_UNIT_ELEMENT(#7197,1.);
#7185=DERIVED_UNIT_ELEMENT(#13562,-3.);
#7186=DERIVED_UNIT_ELEMENT(#7197,1.);
#7187=DERIVED_UNIT_ELEMENT(#13562,-3.);
#7188=DERIVED_UNIT_ELEMENT(#7197,1.);
#7189=DERIVED_UNIT_ELEMENT(#13562,-3.);
#7190=DERIVED_UNIT_ELEMENT(#7197,1.);
#7191=DERIVED_UNIT_ELEMENT(#13562,-3.);
#7192=DERIVED_UNIT_ELEMENT(#7197,1.);
#7193=DERIVED_UNIT_ELEMENT(#13562,-3.);
#7194=DERIVED_UNIT_ELEMENT(#7197,1.);
#7195=DERIVED_UNIT_ELEMENT(#13562,-3.);
#7196=DIMENSIONAL_EXPONENTS(0.,1.,0.,0.,0.,0.,0.);
#7197=(
CONVERSION_BASED_UNIT('gram',#7199)
MASS_UNIT()
NAMED_UNIT(#7196)
);
#7198=(
MASS_UNIT()
NAMED_UNIT(*)
SI_UNIT(.KILO.,.GRAM.)
);
#7199=MASS_MEASURE_WITH_UNIT(MASS_MEASURE(0.001),#7198);
#7200=DERIVED_UNIT((#7096,#7097));
#7201=DERIVED_UNIT((#7098,#7099));
#7202=DERIVED_UNIT((#7100,#7101));
#7203=DERIVED_UNIT((#7102,#7103));
#7204=DERIVED_UNIT((#7104,#7105));
#7205=DERIVED_UNIT((#7106,#7107));
#7206=DERIVED_UNIT((#7108,#7109));
#7207=DERIVED_UNIT((#7110,#7111));
#7208=DERIVED_UNIT((#7112,#7113));
#7209=DERIVED_UNIT((#7114,#7115));
#7210=DERIVED_UNIT((#7116,#7117));
#7211=DERIVED_UNIT((#7118,#7119));
#7212=DERIVED_UNIT((#7120,#7121));
#7213=DERIVED_UNIT((#7122,#7123));
#7214=DERIVED_UNIT((#7124,#7125));
#7215=DERIVED_UNIT((#7126,#7127));
#7216=DERIVED_UNIT((#7128,#7129));
#7217=DERIVED_UNIT((#7130,#7131));
#7218=DERIVED_UNIT((#7132,#7133));
#7219=DERIVED_UNIT((#7134,#7135));
#7220=DERIVED_UNIT((#7136,#7137));
#7221=DERIVED_UNIT((#7138,#7139));
#7222=DERIVED_UNIT((#7140,#7141));
#7223=DERIVED_UNIT((#7142,#7143));
#7224=DERIVED_UNIT((#7144,#7145));
#7225=DERIVED_UNIT((#7146,#7147));
#7226=DERIVED_UNIT((#7148,#7149));
#7227=DERIVED_UNIT((#7150,#7151));
#7228=DERIVED_UNIT((#7152,#7153));
#7229=DERIVED_UNIT((#7154,#7155));
#7230=DERIVED_UNIT((#7156,#7157));
#7231=DERIVED_UNIT((#7158,#7159));
#7232=DERIVED_UNIT((#7160,#7161));
#7233=DERIVED_UNIT((#7162,#7163));
#7234=DERIVED_UNIT((#7164,#7165));
#7235=DERIVED_UNIT((#7166,#7167));
#7236=DERIVED_UNIT((#7168,#7169));
#7237=DERIVED_UNIT((#7170,#7171));
#7238=DERIVED_UNIT((#7172,#7173));
#7239=DERIVED_UNIT((#7174,#7175));
#7240=DERIVED_UNIT((#7176,#7177));
#7241=DERIVED_UNIT((#7178,#7179));
#7242=DERIVED_UNIT((#7180,#7181));
#7243=DERIVED_UNIT((#7182,#7183));
#7244=DERIVED_UNIT((#7184,#7185));
#7245=DERIVED_UNIT((#7186,#7187));
#7246=DERIVED_UNIT((#7188,#7189));
#7247=DERIVED_UNIT((#7190,#7191));
#7248=DERIVED_UNIT((#7192,#7193));
#7249=DERIVED_UNIT((#7194,#7195));
#7250=MEASURE_REPRESENTATION_ITEM('density measure',
POSITIVE_RATIO_MEASURE(7.85),#7200);
#7251=MEASURE_REPRESENTATION_ITEM('density measure',
POSITIVE_RATIO_MEASURE(7.85),#7201);
#7252=MEASURE_REPRESENTATION_ITEM('density measure',
POSITIVE_RATIO_MEASURE(7.85),#7202);
#7253=MEASURE_REPRESENTATION_ITEM('density measure',
POSITIVE_RATIO_MEASURE(7.85),#7203);
#7254=MEASURE_REPRESENTATION_ITEM('density measure',
POSITIVE_RATIO_MEASURE(1.),#7204);
#7255=MEASURE_REPRESENTATION_ITEM('density measure',
POSITIVE_RATIO_MEASURE(7.85),#7205);
#7256=MEASURE_REPRESENTATION_ITEM('density measure',
POSITIVE_RATIO_MEASURE(7.85),#7206);
#7257=MEASURE_REPRESENTATION_ITEM('density measure',
POSITIVE_RATIO_MEASURE(7.85),#7207);
#7258=MEASURE_REPRESENTATION_ITEM('density measure',
POSITIVE_RATIO_MEASURE(7.85),#7208);
#7259=MEASURE_REPRESENTATION_ITEM('density measure',
POSITIVE_RATIO_MEASURE(7.85),#7209);
#7260=MEASURE_REPRESENTATION_ITEM('density measure',
POSITIVE_RATIO_MEASURE(7.85),#7210);
#7261=MEASURE_REPRESENTATION_ITEM('density measure',
POSITIVE_RATIO_MEASURE(1.),#7211);
#7262=MEASURE_REPRESENTATION_ITEM('density measure',
POSITIVE_RATIO_MEASURE(7.85),#7212);
#7263=MEASURE_REPRESENTATION_ITEM('density measure',
POSITIVE_RATIO_MEASURE(7.85),#7213);
#7264=MEASURE_REPRESENTATION_ITEM('density measure',
POSITIVE_RATIO_MEASURE(7.85),#7214);
#7265=MEASURE_REPRESENTATION_ITEM('density measure',
POSITIVE_RATIO_MEASURE(1.),#7215);
#7266=MEASURE_REPRESENTATION_ITEM('density measure',
POSITIVE_RATIO_MEASURE(7.85),#7216);
#7267=MEASURE_REPRESENTATION_ITEM('density measure',
POSITIVE_RATIO_MEASURE(7.85),#7217);
#7268=MEASURE_REPRESENTATION_ITEM('density measure',
POSITIVE_RATIO_MEASURE(1.),#7218);
#7269=MEASURE_REPRESENTATION_ITEM('density measure',
POSITIVE_RATIO_MEASURE(7.85),#7219);
#7270=MEASURE_REPRESENTATION_ITEM('density measure',
POSITIVE_RATIO_MEASURE(7.85),#7220);
#7271=MEASURE_REPRESENTATION_ITEM('density measure',
POSITIVE_RATIO_MEASURE(7.85),#7221);
#7272=MEASURE_REPRESENTATION_ITEM('density measure',
POSITIVE_RATIO_MEASURE(1.),#7222);
#7273=MEASURE_REPRESENTATION_ITEM('density measure',
POSITIVE_RATIO_MEASURE(7.85),#7223);
#7274=MEASURE_REPRESENTATION_ITEM('density measure',
POSITIVE_RATIO_MEASURE(7.85),#7224);
#7275=MEASURE_REPRESENTATION_ITEM('density measure',
POSITIVE_RATIO_MEASURE(7.85),#7225);
#7276=MEASURE_REPRESENTATION_ITEM('density measure',
POSITIVE_RATIO_MEASURE(7.85),#7226);
#7277=MEASURE_REPRESENTATION_ITEM('density measure',
POSITIVE_RATIO_MEASURE(7.85),#7227);
#7278=MEASURE_REPRESENTATION_ITEM('density measure',
POSITIVE_RATIO_MEASURE(7.85),#7228);
#7279=MEASURE_REPRESENTATION_ITEM('density measure',
POSITIVE_RATIO_MEASURE(7.85),#7229);
#7280=MEASURE_REPRESENTATION_ITEM('density measure',
POSITIVE_RATIO_MEASURE(1.),#7230);
#7281=MEASURE_REPRESENTATION_ITEM('density measure',
POSITIVE_RATIO_MEASURE(7.85),#7231);
#7282=MEASURE_REPRESENTATION_ITEM('density measure',
POSITIVE_RATIO_MEASURE(7.85),#7232);
#7283=MEASURE_REPRESENTATION_ITEM('density measure',
POSITIVE_RATIO_MEASURE(1.),#7233);
#7284=MEASURE_REPRESENTATION_ITEM('density measure',
POSITIVE_RATIO_MEASURE(7.85),#7234);
#7285=MEASURE_REPRESENTATION_ITEM('density measure',
POSITIVE_RATIO_MEASURE(7.85),#7235);
#7286=MEASURE_REPRESENTATION_ITEM('density measure',
POSITIVE_RATIO_MEASURE(7.85),#7236);
#7287=MEASURE_REPRESENTATION_ITEM('density measure',
POSITIVE_RATIO_MEASURE(7.85),#7237);
#7288=MEASURE_REPRESENTATION_ITEM('density measure',
POSITIVE_RATIO_MEASURE(7.85),#7238);
#7289=MEASURE_REPRESENTATION_ITEM('density measure',
POSITIVE_RATIO_MEASURE(7.85),#7239);
#7290=MEASURE_REPRESENTATION_ITEM('density measure',
POSITIVE_RATIO_MEASURE(7.85),#7240);
#7291=MEASURE_REPRESENTATION_ITEM('density measure',
POSITIVE_RATIO_MEASURE(1.),#7241);
#7292=MEASURE_REPRESENTATION_ITEM('density measure',
POSITIVE_RATIO_MEASURE(7.85),#7242);
#7293=MEASURE_REPRESENTATION_ITEM('density measure',
POSITIVE_RATIO_MEASURE(7.85),#7243);
#7294=MEASURE_REPRESENTATION_ITEM('density measure',
POSITIVE_RATIO_MEASURE(7.85),#7244);
#7295=MEASURE_REPRESENTATION_ITEM('density measure',
POSITIVE_RATIO_MEASURE(1.),#7245);
#7296=MEASURE_REPRESENTATION_ITEM('density measure',
POSITIVE_RATIO_MEASURE(7.85),#7246);
#7297=MEASURE_REPRESENTATION_ITEM('density measure',
POSITIVE_RATIO_MEASURE(7.85),#7247);
#7298=MEASURE_REPRESENTATION_ITEM('density measure',
POSITIVE_RATIO_MEASURE(1.),#7248);
#7299=MEASURE_REPRESENTATION_ITEM('density measure',
POSITIVE_RATIO_MEASURE(7.85),#7249);
#7300=PROPERTY_DEFINITION_REPRESENTATION(#7550,#7400);
#7301=PROPERTY_DEFINITION_REPRESENTATION(#7551,#7401);
#7302=PROPERTY_DEFINITION_REPRESENTATION(#7552,#7402);
#7303=PROPERTY_DEFINITION_REPRESENTATION(#7553,#7403);
#7304=PROPERTY_DEFINITION_REPRESENTATION(#7554,#7404);
#7305=PROPERTY_DEFINITION_REPRESENTATION(#7555,#7405);
#7306=PROPERTY_DEFINITION_REPRESENTATION(#7556,#7406);
#7307=PROPERTY_DEFINITION_REPRESENTATION(#7557,#7407);
#7308=PROPERTY_DEFINITION_REPRESENTATION(#7558,#7408);
#7309=PROPERTY_DEFINITION_REPRESENTATION(#7559,#7409);
#7310=PROPERTY_DEFINITION_REPRESENTATION(#7560,#7410);
#7311=PROPERTY_DEFINITION_REPRESENTATION(#7561,#7411);
#7312=PROPERTY_DEFINITION_REPRESENTATION(#7562,#7412);
#7313=PROPERTY_DEFINITION_REPRESENTATION(#7563,#7413);
#7314=PROPERTY_DEFINITION_REPRESENTATION(#7564,#7414);
#7315=PROPERTY_DEFINITION_REPRESENTATION(#7565,#7415);
#7316=PROPERTY_DEFINITION_REPRESENTATION(#7566,#7416);
#7317=PROPERTY_DEFINITION_REPRESENTATION(#7567,#7417);
#7318=PROPERTY_DEFINITION_REPRESENTATION(#7568,#7418);
#7319=PROPERTY_DEFINITION_REPRESENTATION(#7569,#7419);
#7320=PROPERTY_DEFINITION_REPRESENTATION(#7570,#7420);
#7321=PROPERTY_DEFINITION_REPRESENTATION(#7571,#7421);
#7322=PROPERTY_DEFINITION_REPRESENTATION(#7572,#7422);
#7323=PROPERTY_DEFINITION_REPRESENTATION(#7573,#7423);
#7324=PROPERTY_DEFINITION_REPRESENTATION(#7574,#7424);
#7325=PROPERTY_DEFINITION_REPRESENTATION(#7575,#7425);
#7326=PROPERTY_DEFINITION_REPRESENTATION(#7576,#7426);
#7327=PROPERTY_DEFINITION_REPRESENTATION(#7577,#7427);
#7328=PROPERTY_DEFINITION_REPRESENTATION(#7578,#7428);
#7329=PROPERTY_DEFINITION_REPRESENTATION(#7579,#7429);
#7330=PROPERTY_DEFINITION_REPRESENTATION(#7580,#7430);
#7331=PROPERTY_DEFINITION_REPRESENTATION(#7581,#7431);
#7332=PROPERTY_DEFINITION_REPRESENTATION(#7582,#7432);
#7333=PROPERTY_DEFINITION_REPRESENTATION(#7583,#7433);
#7334=PROPERTY_DEFINITION_REPRESENTATION(#7584,#7434);
#7335=PROPERTY_DEFINITION_REPRESENTATION(#7585,#7435);
#7336=PROPERTY_DEFINITION_REPRESENTATION(#7586,#7436);
#7337=PROPERTY_DEFINITION_REPRESENTATION(#7587,#7437);
#7338=PROPERTY_DEFINITION_REPRESENTATION(#7588,#7438);
#7339=PROPERTY_DEFINITION_REPRESENTATION(#7589,#7439);
#7340=PROPERTY_DEFINITION_REPRESENTATION(#7590,#7440);
#7341=PROPERTY_DEFINITION_REPRESENTATION(#7591,#7441);
#7342=PROPERTY_DEFINITION_REPRESENTATION(#7592,#7442);
#7343=PROPERTY_DEFINITION_REPRESENTATION(#7593,#7443);
#7344=PROPERTY_DEFINITION_REPRESENTATION(#7594,#7444);
#7345=PROPERTY_DEFINITION_REPRESENTATION(#7595,#7445);
#7346=PROPERTY_DEFINITION_REPRESENTATION(#7596,#7446);
#7347=PROPERTY_DEFINITION_REPRESENTATION(#7597,#7447);
#7348=PROPERTY_DEFINITION_REPRESENTATION(#7598,#7448);
#7349=PROPERTY_DEFINITION_REPRESENTATION(#7599,#7449);
#7350=PROPERTY_DEFINITION_REPRESENTATION(#7600,#7450);
#7351=PROPERTY_DEFINITION_REPRESENTATION(#7601,#7451);
#7352=PROPERTY_DEFINITION_REPRESENTATION(#7602,#7452);
#7353=PROPERTY_DEFINITION_REPRESENTATION(#7603,#7453);
#7354=PROPERTY_DEFINITION_REPRESENTATION(#7604,#7454);
#7355=PROPERTY_DEFINITION_REPRESENTATION(#7605,#7455);
#7356=PROPERTY_DEFINITION_REPRESENTATION(#7606,#7456);
#7357=PROPERTY_DEFINITION_REPRESENTATION(#7607,#7457);
#7358=PROPERTY_DEFINITION_REPRESENTATION(#7608,#7458);
#7359=PROPERTY_DEFINITION_REPRESENTATION(#7609,#7459);
#7360=PROPERTY_DEFINITION_REPRESENTATION(#7610,#7460);
#7361=PROPERTY_DEFINITION_REPRESENTATION(#7611,#7461);
#7362=PROPERTY_DEFINITION_REPRESENTATION(#7612,#7462);
#7363=PROPERTY_DEFINITION_REPRESENTATION(#7613,#7463);
#7364=PROPERTY_DEFINITION_REPRESENTATION(#7614,#7464);
#7365=PROPERTY_DEFINITION_REPRESENTATION(#7615,#7465);
#7366=PROPERTY_DEFINITION_REPRESENTATION(#7616,#7466);
#7367=PROPERTY_DEFINITION_REPRESENTATION(#7617,#7467);
#7368=PROPERTY_DEFINITION_REPRESENTATION(#7618,#7468);
#7369=PROPERTY_DEFINITION_REPRESENTATION(#7619,#7469);
#7370=PROPERTY_DEFINITION_REPRESENTATION(#7620,#7470);
#7371=PROPERTY_DEFINITION_REPRESENTATION(#7621,#7471);
#7372=PROPERTY_DEFINITION_REPRESENTATION(#7622,#7472);
#7373=PROPERTY_DEFINITION_REPRESENTATION(#7623,#7473);
#7374=PROPERTY_DEFINITION_REPRESENTATION(#7624,#7474);
#7375=PROPERTY_DEFINITION_REPRESENTATION(#7625,#7475);
#7376=PROPERTY_DEFINITION_REPRESENTATION(#7626,#7476);
#7377=PROPERTY_DEFINITION_REPRESENTATION(#7627,#7477);
#7378=PROPERTY_DEFINITION_REPRESENTATION(#7628,#7478);
#7379=PROPERTY_DEFINITION_REPRESENTATION(#7629,#7479);
#7380=PROPERTY_DEFINITION_REPRESENTATION(#7630,#7480);
#7381=PROPERTY_DEFINITION_REPRESENTATION(#7631,#7481);
#7382=PROPERTY_DEFINITION_REPRESENTATION(#7632,#7482);
#7383=PROPERTY_DEFINITION_REPRESENTATION(#7633,#7483);
#7384=PROPERTY_DEFINITION_REPRESENTATION(#7634,#7484);
#7385=PROPERTY_DEFINITION_REPRESENTATION(#7635,#7485);
#7386=PROPERTY_DEFINITION_REPRESENTATION(#7636,#7486);
#7387=PROPERTY_DEFINITION_REPRESENTATION(#7637,#7487);
#7388=PROPERTY_DEFINITION_REPRESENTATION(#7638,#7488);
#7389=PROPERTY_DEFINITION_REPRESENTATION(#7639,#7489);
#7390=PROPERTY_DEFINITION_REPRESENTATION(#7640,#7490);
#7391=PROPERTY_DEFINITION_REPRESENTATION(#7641,#7491);
#7392=PROPERTY_DEFINITION_REPRESENTATION(#7642,#7492);
#7393=PROPERTY_DEFINITION_REPRESENTATION(#7643,#7493);
#7394=PROPERTY_DEFINITION_REPRESENTATION(#7644,#7494);
#7395=PROPERTY_DEFINITION_REPRESENTATION(#7645,#7495);
#7396=PROPERTY_DEFINITION_REPRESENTATION(#7646,#7496);
#7397=PROPERTY_DEFINITION_REPRESENTATION(#7647,#7497);
#7398=PROPERTY_DEFINITION_REPRESENTATION(#7648,#7498);
#7399=PROPERTY_DEFINITION_REPRESENTATION(#7649,#7499);
#7400=REPRESENTATION('material name',(#7500),#13486);
#7401=REPRESENTATION('density',(#7250),#13486);
#7402=REPRESENTATION('material name',(#7501),#13490);
#7403=REPRESENTATION('density',(#7251),#13490);
#7404=REPRESENTATION('material name',(#7502),#13491);
#7405=REPRESENTATION('density',(#7252),#13491);
#7406=REPRESENTATION('material name',(#7503),#13493);
#7407=REPRESENTATION('density',(#7253),#13493);
#7408=REPRESENTATION('material name',(#7504),#13495);
#7409=REPRESENTATION('density',(#7254),#13495);
#7410=REPRESENTATION('material name',(#7505),#13496);
#7411=REPRESENTATION('density',(#7255),#13496);
#7412=REPRESENTATION('material name',(#7506),#13497);
#7413=REPRESENTATION('density',(#7256),#13497);
#7414=REPRESENTATION('material name',(#7507),#13498);
#7415=REPRESENTATION('density',(#7257),#13498);
#7416=REPRESENTATION('material name',(#7508),#13499);
#7417=REPRESENTATION('density',(#7258),#13499);
#7418=REPRESENTATION('material name',(#7509),#13500);
#7419=REPRESENTATION('density',(#7259),#13500);
#7420=REPRESENTATION('material name',(#7510),#13502);
#7421=REPRESENTATION('density',(#7260),#13502);
#7422=REPRESENTATION('material name',(#7511),#13504);
#7423=REPRESENTATION('density',(#7261),#13504);
#7424=REPRESENTATION('material name',(#7512),#13505);
#7425=REPRESENTATION('density',(#7262),#13505);
#7426=REPRESENTATION('material name',(#7513),#13506);
#7427=REPRESENTATION('density',(#7263),#13506);
#7428=REPRESENTATION('material name',(#7514),#13508);
#7429=REPRESENTATION('density',(#7264),#13508);
#7430=REPRESENTATION('material name',(#7515),#13510);
#7431=REPRESENTATION('density',(#7265),#13510);
#7432=REPRESENTATION('material name',(#7516),#13511);
#7433=REPRESENTATION('density',(#7266),#13511);
#7434=REPRESENTATION('material name',(#7517),#13513);
#7435=REPRESENTATION('density',(#7267),#13513);
#7436=REPRESENTATION('material name',(#7518),#13515);
#7437=REPRESENTATION('density',(#7268),#13515);
#7438=REPRESENTATION('material name',(#7519),#13516);
#7439=REPRESENTATION('density',(#7269),#13516);
#7440=REPRESENTATION('material name',(#7520),#13517);
#7441=REPRESENTATION('density',(#7270),#13517);
#7442=REPRESENTATION('material name',(#7521),#13519);
#7443=REPRESENTATION('density',(#7271),#13519);
#7444=REPRESENTATION('material name',(#7522),#13521);
#7445=REPRESENTATION('density',(#7272),#13521);
#7446=REPRESENTATION('material name',(#7523),#13522);
#7447=REPRESENTATION('density',(#7273),#13522);
#7448=REPRESENTATION('material name',(#7524),#13523);
#7449=REPRESENTATION('density',(#7274),#13523);
#7450=REPRESENTATION('material name',(#7525),#13524);
#7451=REPRESENTATION('density',(#7275),#13524);
#7452=REPRESENTATION('material name',(#7526),#13526);
#7453=REPRESENTATION('density',(#7276),#13526);
#7454=REPRESENTATION('material name',(#7527),#13527);
#7455=REPRESENTATION('density',(#7277),#13527);
#7456=REPRESENTATION('material name',(#7528),#13528);
#7457=REPRESENTATION('density',(#7278),#13528);
#7458=REPRESENTATION('material name',(#7529),#13530);
#7459=REPRESENTATION('density',(#7279),#13530);
#7460=REPRESENTATION('material name',(#7530),#13532);
#7461=REPRESENTATION('density',(#7280),#13532);
#7462=REPRESENTATION('material name',(#7531),#13533);
#7463=REPRESENTATION('density',(#7281),#13533);
#7464=REPRESENTATION('material name',(#7532),#13535);
#7465=REPRESENTATION('density',(#7282),#13535);
#7466=REPRESENTATION('material name',(#7533),#13537);
#7467=REPRESENTATION('density',(#7283),#13537);
#7468=REPRESENTATION('material name',(#7534),#13538);
#7469=REPRESENTATION('density',(#7284),#13538);
#7470=REPRESENTATION('material name',(#7535),#13539);
#7471=REPRESENTATION('density',(#7285),#13539);
#7472=REPRESENTATION('material name',(#7536),#13540);
#7473=REPRESENTATION('density',(#7286),#13540);
#7474=REPRESENTATION('material name',(#7537),#13541);
#7475=REPRESENTATION('density',(#7287),#13541);
#7476=REPRESENTATION('material name',(#7538),#13542);
#7477=REPRESENTATION('density',(#7288),#13542);
#7478=REPRESENTATION('material name',(#7539),#13543);
#7479=REPRESENTATION('density',(#7289),#13543);
#7480=REPRESENTATION('material name',(#7540),#13545);
#7481=REPRESENTATION('density',(#7290),#13545);
#7482=REPRESENTATION('material name',(#7541),#13547);
#7483=REPRESENTATION('density',(#7291),#13547);
#7484=REPRESENTATION('material name',(#7542),#13548);
#7485=REPRESENTATION('density',(#7292),#13548);
#7486=REPRESENTATION('material name',(#7543),#13549);
#7487=REPRESENTATION('density',(#7293),#13549);
#7488=REPRESENTATION('material name',(#7544),#13551);
#7489=REPRESENTATION('density',(#7294),#13551);
#7490=REPRESENTATION('material name',(#7545),#13553);
#7491=REPRESENTATION('density',(#7295),#13553);
#7492=REPRESENTATION('material name',(#7546),#13554);
#7493=REPRESENTATION('density',(#7296),#13554);
#7494=REPRESENTATION('material name',(#7547),#13556);
#7495=REPRESENTATION('density',(#7297),#13556);
#7496=REPRESENTATION('material name',(#7548),#13558);
#7497=REPRESENTATION('density',(#7298),#13558);
#7498=REPRESENTATION('material name',(#7549),#13559);
#7499=REPRESENTATION('density',(#7299),#13559);
#7500=DESCRIPTIVE_REPRESENTATION_ITEM('Steel, Mild','Steel, Mild');
#7501=DESCRIPTIVE_REPRESENTATION_ITEM('Steel, Mild','Steel, Mild');
#7502=DESCRIPTIVE_REPRESENTATION_ITEM('Steel, Mild','Steel, Mild');
#7503=DESCRIPTIVE_REPRESENTATION_ITEM('Steel, Mild','Steel, Mild');
#7504=DESCRIPTIVE_REPRESENTATION_ITEM('Generic','Generic');
#7505=DESCRIPTIVE_REPRESENTATION_ITEM('Steel, Mild','Steel, Mild');
#7506=DESCRIPTIVE_REPRESENTATION_ITEM('Steel, Mild','Steel, Mild');
#7507=DESCRIPTIVE_REPRESENTATION_ITEM('Steel, Mild','Steel, Mild');
#7508=DESCRIPTIVE_REPRESENTATION_ITEM('Steel, Mild','Steel, Mild');
#7509=DESCRIPTIVE_REPRESENTATION_ITEM('Steel, Mild','Steel, Mild');
#7510=DESCRIPTIVE_REPRESENTATION_ITEM('Steel, Mild','Steel, Mild');
#7511=DESCRIPTIVE_REPRESENTATION_ITEM('Generic','Generic');
#7512=DESCRIPTIVE_REPRESENTATION_ITEM('Steel, Mild','Steel, Mild');
#7513=DESCRIPTIVE_REPRESENTATION_ITEM('Steel, Mild','Steel, Mild');
#7514=DESCRIPTIVE_REPRESENTATION_ITEM('Steel, Mild','Steel, Mild');
#7515=DESCRIPTIVE_REPRESENTATION_ITEM('Generic','Generic');
#7516=DESCRIPTIVE_REPRESENTATION_ITEM('Steel, Mild','Steel, Mild');
#7517=DESCRIPTIVE_REPRESENTATION_ITEM('Steel, Mild','Steel, Mild');
#7518=DESCRIPTIVE_REPRESENTATION_ITEM('Generic','Generic');
#7519=DESCRIPTIVE_REPRESENTATION_ITEM('Steel, Mild','Steel, Mild');
#7520=DESCRIPTIVE_REPRESENTATION_ITEM('Steel, Mild','Steel, Mild');
#7521=DESCRIPTIVE_REPRESENTATION_ITEM('Steel, Mild','Steel, Mild');
#7522=DESCRIPTIVE_REPRESENTATION_ITEM('Generic','Generic');
#7523=DESCRIPTIVE_REPRESENTATION_ITEM('Steel, Mild','Steel, Mild');
#7524=DESCRIPTIVE_REPRESENTATION_ITEM('Steel, Mild','Steel, Mild');
#7525=DESCRIPTIVE_REPRESENTATION_ITEM('Steel, Mild','Steel, Mild');
#7526=DESCRIPTIVE_REPRESENTATION_ITEM('Steel, Mild','Steel, Mild');
#7527=DESCRIPTIVE_REPRESENTATION_ITEM('Steel, Mild','Steel, Mild');
#7528=DESCRIPTIVE_REPRESENTATION_ITEM('Steel, Mild','Steel, Mild');
#7529=DESCRIPTIVE_REPRESENTATION_ITEM('Steel, Mild','Steel, Mild');
#7530=DESCRIPTIVE_REPRESENTATION_ITEM('Generic','Generic');
#7531=DESCRIPTIVE_REPRESENTATION_ITEM('Steel, Mild','Steel, Mild');
#7532=DESCRIPTIVE_REPRESENTATION_ITEM('Steel, Mild','Steel, Mild');
#7533=DESCRIPTIVE_REPRESENTATION_ITEM('Generic','Generic');
#7534=DESCRIPTIVE_REPRESENTATION_ITEM('Steel, Mild','Steel, Mild');
#7535=DESCRIPTIVE_REPRESENTATION_ITEM('Steel, Mild','Steel, Mild');
#7536=DESCRIPTIVE_REPRESENTATION_ITEM('Steel, Mild','Steel, Mild');
#7537=DESCRIPTIVE_REPRESENTATION_ITEM('Steel, Mild','Steel, Mild');
#7538=DESCRIPTIVE_REPRESENTATION_ITEM('Steel, Mild','Steel, Mild');
#7539=DESCRIPTIVE_REPRESENTATION_ITEM('Steel, Mild','Steel, Mild');
#7540=DESCRIPTIVE_REPRESENTATION_ITEM('Steel, Mild','Steel, Mild');
#7541=DESCRIPTIVE_REPRESENTATION_ITEM('Generic','Generic');
#7542=DESCRIPTIVE_REPRESENTATION_ITEM('Steel, Mild','Steel, Mild');
#7543=DESCRIPTIVE_REPRESENTATION_ITEM('Steel, Mild','Steel, Mild');
#7544=DESCRIPTIVE_REPRESENTATION_ITEM('Steel, Mild','Steel, Mild');
#7545=DESCRIPTIVE_REPRESENTATION_ITEM('Generic','Generic');
#7546=DESCRIPTIVE_REPRESENTATION_ITEM('Steel, Mild','Steel, Mild');
#7547=DESCRIPTIVE_REPRESENTATION_ITEM('Steel, Mild','Steel, Mild');
#7548=DESCRIPTIVE_REPRESENTATION_ITEM('Generic','Generic');
#7549=DESCRIPTIVE_REPRESENTATION_ITEM('Steel, Mild','Steel, Mild');
#7550=PROPERTY_DEFINITION('material property','material name',#13899);
#7551=PROPERTY_DEFINITION('material property','density of part',#13899);
#7552=PROPERTY_DEFINITION('material property','material name',#13903);
#7553=PROPERTY_DEFINITION('material property','density of part',#13903);
#7554=PROPERTY_DEFINITION('material property','material name',#13904);
#7555=PROPERTY_DEFINITION('material property','density of part',#13904);
#7556=PROPERTY_DEFINITION('material property','material name',#13906);
#7557=PROPERTY_DEFINITION('material property','density of part',#13906);
#7558=PROPERTY_DEFINITION('material property','material name',#13908);
#7559=PROPERTY_DEFINITION('material property','density of part',#13908);
#7560=PROPERTY_DEFINITION('material property','material name',#13909);
#7561=PROPERTY_DEFINITION('material property','density of part',#13909);
#7562=PROPERTY_DEFINITION('material property','material name',#13910);
#7563=PROPERTY_DEFINITION('material property','density of part',#13910);
#7564=PROPERTY_DEFINITION('material property','material name',#13911);
#7565=PROPERTY_DEFINITION('material property','density of part',#13911);
#7566=PROPERTY_DEFINITION('material property','material name',#13912);
#7567=PROPERTY_DEFINITION('material property','density of part',#13912);
#7568=PROPERTY_DEFINITION('material property','material name',#13913);
#7569=PROPERTY_DEFINITION('material property','density of part',#13913);
#7570=PROPERTY_DEFINITION('material property','material name',#13915);
#7571=PROPERTY_DEFINITION('material property','density of part',#13915);
#7572=PROPERTY_DEFINITION('material property','material name',#13917);
#7573=PROPERTY_DEFINITION('material property','density of part',#13917);
#7574=PROPERTY_DEFINITION('material property','material name',#13918);
#7575=PROPERTY_DEFINITION('material property','density of part',#13918);
#7576=PROPERTY_DEFINITION('material property','material name',#13919);
#7577=PROPERTY_DEFINITION('material property','density of part',#13919);
#7578=PROPERTY_DEFINITION('material property','material name',#13921);
#7579=PROPERTY_DEFINITION('material property','density of part',#13921);
#7580=PROPERTY_DEFINITION('material property','material name',#13923);
#7581=PROPERTY_DEFINITION('material property','density of part',#13923);
#7582=PROPERTY_DEFINITION('material property','material name',#13924);
#7583=PROPERTY_DEFINITION('material property','density of part',#13924);
#7584=PROPERTY_DEFINITION('material property','material name',#13926);
#7585=PROPERTY_DEFINITION('material property','density of part',#13926);
#7586=PROPERTY_DEFINITION('material property','material name',#13928);
#7587=PROPERTY_DEFINITION('material property','density of part',#13928);
#7588=PROPERTY_DEFINITION('material property','material name',#13929);
#7589=PROPERTY_DEFINITION('material property','density of part',#13929);
#7590=PROPERTY_DEFINITION('material property','material name',#13930);
#7591=PROPERTY_DEFINITION('material property','density of part',#13930);
#7592=PROPERTY_DEFINITION('material property','material name',#13932);
#7593=PROPERTY_DEFINITION('material property','density of part',#13932);
#7594=PROPERTY_DEFINITION('material property','material name',#13934);
#7595=PROPERTY_DEFINITION('material property','density of part',#13934);
#7596=PROPERTY_DEFINITION('material property','material name',#13935);
#7597=PROPERTY_DEFINITION('material property','density of part',#13935);
#7598=PROPERTY_DEFINITION('material property','material name',#13936);
#7599=PROPERTY_DEFINITION('material property','density of part',#13936);
#7600=PROPERTY_DEFINITION('material property','material name',#13937);
#7601=PROPERTY_DEFINITION('material property','density of part',#13937);
#7602=PROPERTY_DEFINITION('material property','material name',#13939);
#7603=PROPERTY_DEFINITION('material property','density of part',#13939);
#7604=PROPERTY_DEFINITION('material property','material name',#13940);
#7605=PROPERTY_DEFINITION('material property','density of part',#13940);
#7606=PROPERTY_DEFINITION('material property','material name',#13941);
#7607=PROPERTY_DEFINITION('material property','density of part',#13941);
#7608=PROPERTY_DEFINITION('material property','material name',#13943);
#7609=PROPERTY_DEFINITION('material property','density of part',#13943);
#7610=PROPERTY_DEFINITION('material property','material name',#13945);
#7611=PROPERTY_DEFINITION('material property','density of part',#13945);
#7612=PROPERTY_DEFINITION('material property','material name',#13946);
#7613=PROPERTY_DEFINITION('material property','density of part',#13946);
#7614=PROPERTY_DEFINITION('material property','material name',#13948);
#7615=PROPERTY_DEFINITION('material property','density of part',#13948);
#7616=PROPERTY_DEFINITION('material property','material name',#13950);
#7617=PROPERTY_DEFINITION('material property','density of part',#13950);
#7618=PROPERTY_DEFINITION('material property','material name',#13951);
#7619=PROPERTY_DEFINITION('material property','density of part',#13951);
#7620=PROPERTY_DEFINITION('material property','material name',#13952);
#7621=PROPERTY_DEFINITION('material property','density of part',#13952);
#7622=PROPERTY_DEFINITION('material property','material name',#13953);
#7623=PROPERTY_DEFINITION('material property','density of part',#13953);
#7624=PROPERTY_DEFINITION('material property','material name',#13954);
#7625=PROPERTY_DEFINITION('material property','density of part',#13954);
#7626=PROPERTY_DEFINITION('material property','material name',#13955);
#7627=PROPERTY_DEFINITION('material property','density of part',#13955);
#7628=PROPERTY_DEFINITION('material property','material name',#13956);
#7629=PROPERTY_DEFINITION('material property','density of part',#13956);
#7630=PROPERTY_DEFINITION('material property','material name',#13958);
#7631=PROPERTY_DEFINITION('material property','density of part',#13958);
#7632=PROPERTY_DEFINITION('material property','material name',#13960);
#7633=PROPERTY_DEFINITION('material property','density of part',#13960);
#7634=PROPERTY_DEFINITION('material property','material name',#13961);
#7635=PROPERTY_DEFINITION('material property','density of part',#13961);
#7636=PROPERTY_DEFINITION('material property','material name',#13962);
#7637=PROPERTY_DEFINITION('material property','density of part',#13962);
#7638=PROPERTY_DEFINITION('material property','material name',#13964);
#7639=PROPERTY_DEFINITION('material property','density of part',#13964);
#7640=PROPERTY_DEFINITION('material property','material name',#13966);
#7641=PROPERTY_DEFINITION('material property','density of part',#13966);
#7642=PROPERTY_DEFINITION('material property','material name',#13967);
#7643=PROPERTY_DEFINITION('material property','density of part',#13967);
#7644=PROPERTY_DEFINITION('material property','material name',#13969);
#7645=PROPERTY_DEFINITION('material property','density of part',#13969);
#7646=PROPERTY_DEFINITION('material property','material name',#13971);
#7647=PROPERTY_DEFINITION('material property','density of part',#13971);
#7648=PROPERTY_DEFINITION('material property','material name',#13972);
#7649=PROPERTY_DEFINITION('material property','density of part',#13972);
#7650=SURFACE_STYLE_RENDERING_WITH_PROPERTIES($,#14233,(#7652));
#7651=SURFACE_STYLE_RENDERING_WITH_PROPERTIES($,#14235,(#7653));
#7652=SURFACE_STYLE_TRANSPARENT(0.);
#7653=SURFACE_STYLE_TRANSPARENT(0.);
#7654=DATE_TIME_ROLE('creation_date');
#7655=DATE_TIME_ROLE('creation_date');
#7656=DATE_TIME_ROLE('creation_date');
#7657=DATE_TIME_ROLE('creation_date');
#7658=DATE_TIME_ROLE('creation_date');
#7659=DATE_TIME_ROLE('creation_date');
#7660=DATE_TIME_ROLE('creation_date');
#7661=DATE_TIME_ROLE('creation_date');
#7662=DATE_TIME_ROLE('creation_date');
#7663=DATE_TIME_ROLE('creation_date');
#7664=DATE_TIME_ROLE('creation_date');
#7665=DATE_TIME_ROLE('creation_date');
#7666=DATE_TIME_ROLE('creation_date');
#7667=DATE_TIME_ROLE('creation_date');
#7668=DATE_TIME_ROLE('creation_date');
#7669=DATE_TIME_ROLE('creation_date');
#7670=DATE_TIME_ROLE('creation_date');
#7671=DATE_TIME_ROLE('creation_date');
#7672=DATE_TIME_ROLE('creation_date');
#7673=DATE_TIME_ROLE('creation_date');
#7674=DATE_TIME_ROLE('creation_date');
#7675=DATE_TIME_ROLE('creation_date');
#7676=DATE_TIME_ROLE('creation_date');
#7677=DATE_TIME_ROLE('creation_date');
#7678=DATE_TIME_ROLE('creation_date');
#7679=DATE_TIME_ROLE('creation_date');
#7680=DATE_TIME_ROLE('creation_date');
#7681=DATE_TIME_ROLE('creation_date');
#7682=DATE_TIME_ROLE('creation_date');
#7683=DATE_TIME_ROLE('creation_date');
#7684=DATE_TIME_ROLE('creation_date');
#7685=DATE_TIME_ROLE('creation_date');
#7686=DATE_TIME_ROLE('creation_date');
#7687=DATE_TIME_ROLE('creation_date');
#7688=DATE_TIME_ROLE('creation_date');
#7689=DATE_TIME_ROLE('creation_date');
#7690=DATE_TIME_ROLE('creation_date');
#7691=DATE_TIME_ROLE('creation_date');
#7692=DATE_TIME_ROLE('creation_date');
#7693=DATE_TIME_ROLE('creation_date');
#7694=DATE_TIME_ROLE('creation_date');
#7695=DATE_TIME_ROLE('creation_date');
#7696=DATE_TIME_ROLE('creation_date');
#7697=DATE_TIME_ROLE('creation_date');
#7698=DATE_TIME_ROLE('creation_date');
#7699=DATE_TIME_ROLE('creation_date');
#7700=DATE_TIME_ROLE('creation_date');
#7701=DATE_TIME_ROLE('creation_date');
#7702=DATE_TIME_ROLE('creation_date');
#7703=DATE_TIME_ROLE('creation_date');
#7704=DATE_TIME_ROLE('creation_date');
#7705=DATE_TIME_ROLE('creation_date');
#7706=DATE_TIME_ROLE('creation_date');
#7707=DATE_TIME_ROLE('creation_date');
#7708=DATE_TIME_ROLE('creation_date');
#7709=DATE_TIME_ROLE('creation_date');
#7710=DATE_TIME_ROLE('creation_date');
#7711=DATE_TIME_ROLE('creation_date');
#7712=DATE_TIME_ROLE('creation_date');
#7713=DATE_TIME_ROLE('creation_date');
#7714=DATE_TIME_ROLE('creation_date');
#7715=DATE_TIME_ROLE('creation_date');
#7716=DATE_TIME_ROLE('creation_date');
#7717=DATE_TIME_ROLE('creation_date');
#7718=APPLIED_DATE_AND_TIME_ASSIGNMENT(#7782,#7654,(#13898));
#7719=APPLIED_DATE_AND_TIME_ASSIGNMENT(#7783,#7655,(#13899));
#7720=APPLIED_DATE_AND_TIME_ASSIGNMENT(#7784,#7656,(#13900));
#7721=APPLIED_DATE_AND_TIME_ASSIGNMENT(#7785,#7657,(#13901));
#7722=APPLIED_DATE_AND_TIME_ASSIGNMENT(#7786,#7658,(#13902));
#7723=APPLIED_DATE_AND_TIME_ASSIGNMENT(#7787,#7659,(#13903));
#7724=APPLIED_DATE_AND_TIME_ASSIGNMENT(#7788,#7660,(#13904));
#7725=APPLIED_DATE_AND_TIME_ASSIGNMENT(#7789,#7661,(#13905));
#7726=APPLIED_DATE_AND_TIME_ASSIGNMENT(#7790,#7662,(#13906));
#7727=APPLIED_DATE_AND_TIME_ASSIGNMENT(#7791,#7663,(#13907));
#7728=APPLIED_DATE_AND_TIME_ASSIGNMENT(#7792,#7664,(#13909));
#7729=APPLIED_DATE_AND_TIME_ASSIGNMENT(#7793,#7665,(#13910));
#7730=APPLIED_DATE_AND_TIME_ASSIGNMENT(#7794,#7666,(#13911));
#7731=APPLIED_DATE_AND_TIME_ASSIGNMENT(#7795,#7667,(#13912));
#7732=APPLIED_DATE_AND_TIME_ASSIGNMENT(#7796,#7668,(#13913));
#7733=APPLIED_DATE_AND_TIME_ASSIGNMENT(#7797,#7669,(#13914));
#7734=APPLIED_DATE_AND_TIME_ASSIGNMENT(#7798,#7670,(#13915));
#7735=APPLIED_DATE_AND_TIME_ASSIGNMENT(#7799,#7671,(#13916));
#7736=APPLIED_DATE_AND_TIME_ASSIGNMENT(#7800,#7672,(#13918));
#7737=APPLIED_DATE_AND_TIME_ASSIGNMENT(#7801,#7673,(#13919));
#7738=APPLIED_DATE_AND_TIME_ASSIGNMENT(#7802,#7674,(#13920));
#7739=APPLIED_DATE_AND_TIME_ASSIGNMENT(#7803,#7675,(#13921));
#7740=APPLIED_DATE_AND_TIME_ASSIGNMENT(#7804,#7676,(#13922));
#7741=APPLIED_DATE_AND_TIME_ASSIGNMENT(#7805,#7677,(#13924));
#7742=APPLIED_DATE_AND_TIME_ASSIGNMENT(#7806,#7678,(#13925));
#7743=APPLIED_DATE_AND_TIME_ASSIGNMENT(#7807,#7679,(#13926));
#7744=APPLIED_DATE_AND_TIME_ASSIGNMENT(#7808,#7680,(#13927));
#7745=APPLIED_DATE_AND_TIME_ASSIGNMENT(#7809,#7681,(#13929));
#7746=APPLIED_DATE_AND_TIME_ASSIGNMENT(#7810,#7682,(#13930));
#7747=APPLIED_DATE_AND_TIME_ASSIGNMENT(#7811,#7683,(#13931));
#7748=APPLIED_DATE_AND_TIME_ASSIGNMENT(#7812,#7684,(#13932));
#7749=APPLIED_DATE_AND_TIME_ASSIGNMENT(#7813,#7685,(#13933));
#7750=APPLIED_DATE_AND_TIME_ASSIGNMENT(#7814,#7686,(#13935));
#7751=APPLIED_DATE_AND_TIME_ASSIGNMENT(#7815,#7687,(#13936));
#7752=APPLIED_DATE_AND_TIME_ASSIGNMENT(#7816,#7688,(#13937));
#7753=APPLIED_DATE_AND_TIME_ASSIGNMENT(#7817,#7689,(#13938));
#7754=APPLIED_DATE_AND_TIME_ASSIGNMENT(#7818,#7690,(#13939));
#7755=APPLIED_DATE_AND_TIME_ASSIGNMENT(#7819,#7691,(#13940));
#7756=APPLIED_DATE_AND_TIME_ASSIGNMENT(#7820,#7692,(#13941));
#7757=APPLIED_DATE_AND_TIME_ASSIGNMENT(#7821,#7693,(#13943));
#7758=APPLIED_DATE_AND_TIME_ASSIGNMENT(#7822,#7694,(#13944));
#7759=APPLIED_DATE_AND_TIME_ASSIGNMENT(#7823,#7695,(#13946));
#7760=APPLIED_DATE_AND_TIME_ASSIGNMENT(#7824,#7696,(#13947));
#7761=APPLIED_DATE_AND_TIME_ASSIGNMENT(#7825,#7697,(#13948));
#7762=APPLIED_DATE_AND_TIME_ASSIGNMENT(#7826,#7698,(#13949));
#7763=APPLIED_DATE_AND_TIME_ASSIGNMENT(#7827,#7699,(#13951));
#7764=APPLIED_DATE_AND_TIME_ASSIGNMENT(#7828,#7700,(#13952));
#7765=APPLIED_DATE_AND_TIME_ASSIGNMENT(#7829,#7701,(#13953));
#7766=APPLIED_DATE_AND_TIME_ASSIGNMENT(#7830,#7702,(#13954));
#7767=APPLIED_DATE_AND_TIME_ASSIGNMENT(#7831,#7703,(#13955));
#7768=APPLIED_DATE_AND_TIME_ASSIGNMENT(#7832,#7704,(#13956));
#7769=APPLIED_DATE_AND_TIME_ASSIGNMENT(#7833,#7705,(#13957));
#7770=APPLIED_DATE_AND_TIME_ASSIGNMENT(#7834,#7706,(#13958));
#7771=APPLIED_DATE_AND_TIME_ASSIGNMENT(#7835,#7707,(#13959));
#7772=APPLIED_DATE_AND_TIME_ASSIGNMENT(#7836,#7708,(#13961));
#7773=APPLIED_DATE_AND_TIME_ASSIGNMENT(#7837,#7709,(#13962));
#7774=APPLIED_DATE_AND_TIME_ASSIGNMENT(#7838,#7710,(#13963));
#7775=APPLIED_DATE_AND_TIME_ASSIGNMENT(#7839,#7711,(#13964));
#7776=APPLIED_DATE_AND_TIME_ASSIGNMENT(#7840,#7712,(#13965));
#7777=APPLIED_DATE_AND_TIME_ASSIGNMENT(#7841,#7713,(#13967));
#7778=APPLIED_DATE_AND_TIME_ASSIGNMENT(#7842,#7714,(#13968));
#7779=APPLIED_DATE_AND_TIME_ASSIGNMENT(#7843,#7715,(#13969));
#7780=APPLIED_DATE_AND_TIME_ASSIGNMENT(#7844,#7716,(#13970));
#7781=APPLIED_DATE_AND_TIME_ASSIGNMENT(#7845,#7717,(#13972));
#7782=DATE_AND_TIME(#7846,#7910);
#7783=DATE_AND_TIME(#7847,#7911);
#7784=DATE_AND_TIME(#7848,#7912);
#7785=DATE_AND_TIME(#7849,#7913);
#7786=DATE_AND_TIME(#7850,#7914);
#7787=DATE_AND_TIME(#7851,#7915);
#7788=DATE_AND_TIME(#7852,#7916);
#7789=DATE_AND_TIME(#7853,#7917);
#7790=DATE_AND_TIME(#7854,#7918);
#7791=DATE_AND_TIME(#7855,#7919);
#7792=DATE_AND_TIME(#7856,#7920);
#7793=DATE_AND_TIME(#7857,#7921);
#7794=DATE_AND_TIME(#7858,#7922);
#7795=DATE_AND_TIME(#7859,#7923);
#7796=DATE_AND_TIME(#7860,#7924);
#7797=DATE_AND_TIME(#7861,#7925);
#7798=DATE_AND_TIME(#7862,#7926);
#7799=DATE_AND_TIME(#7863,#7927);
#7800=DATE_AND_TIME(#7864,#7928);
#7801=DATE_AND_TIME(#7865,#7929);
#7802=DATE_AND_TIME(#7866,#7930);
#7803=DATE_AND_TIME(#7867,#7931);
#7804=DATE_AND_TIME(#7868,#7932);
#7805=DATE_AND_TIME(#7869,#7933);
#7806=DATE_AND_TIME(#7870,#7934);
#7807=DATE_AND_TIME(#7871,#7935);
#7808=DATE_AND_TIME(#7872,#7936);
#7809=DATE_AND_TIME(#7873,#7937);
#7810=DATE_AND_TIME(#7874,#7938);
#7811=DATE_AND_TIME(#7875,#7939);
#7812=DATE_AND_TIME(#7876,#7940);
#7813=DATE_AND_TIME(#7877,#7941);
#7814=DATE_AND_TIME(#7878,#7942);
#7815=DATE_AND_TIME(#7879,#7943);
#7816=DATE_AND_TIME(#7880,#7944);
#7817=DATE_AND_TIME(#7881,#7945);
#7818=DATE_AND_TIME(#7882,#7946);
#7819=DATE_AND_TIME(#7883,#7947);
#7820=DATE_AND_TIME(#7884,#7948);
#7821=DATE_AND_TIME(#7885,#7949);
#7822=DATE_AND_TIME(#7886,#7950);
#7823=DATE_AND_TIME(#7887,#7951);
#7824=DATE_AND_TIME(#7888,#7952);
#7825=DATE_AND_TIME(#7889,#7953);
#7826=DATE_AND_TIME(#7890,#7954);
#7827=DATE_AND_TIME(#7891,#7955);
#7828=DATE_AND_TIME(#7892,#7956);
#7829=DATE_AND_TIME(#7893,#7957);
#7830=DATE_AND_TIME(#7894,#7958);
#7831=DATE_AND_TIME(#7895,#7959);
#7832=DATE_AND_TIME(#7896,#7960);
#7833=DATE_AND_TIME(#7897,#7961);
#7834=DATE_AND_TIME(#7898,#7962);
#7835=DATE_AND_TIME(#7899,#7963);
#7836=DATE_AND_TIME(#7900,#7964);
#7837=DATE_AND_TIME(#7901,#7965);
#7838=DATE_AND_TIME(#7902,#7966);
#7839=DATE_AND_TIME(#7903,#7967);
#7840=DATE_AND_TIME(#7904,#7968);
#7841=DATE_AND_TIME(#7905,#7969);
#7842=DATE_AND_TIME(#7906,#7970);
#7843=DATE_AND_TIME(#7907,#7971);
#7844=DATE_AND_TIME(#7908,#7972);
#7845=DATE_AND_TIME(#7909,#7973);
#7846=CALENDAR_DATE(2025,8,9);
#7847=CALENDAR_DATE(2025,8,9);
#7848=CALENDAR_DATE(2025,8,9);
#7849=CALENDAR_DATE(2025,8,9);
#7850=CALENDAR_DATE(2025,8,9);
#7851=CALENDAR_DATE(2025,21,1);
#7852=CALENDAR_DATE(2025,21,1);
#7853=CALENDAR_DATE(2025,8,9);
#7854=CALENDAR_DATE(2025,8,9);
#7855=CALENDAR_DATE(2025,8,9);
#7856=CALENDAR_DATE(2025,21,1);
#7857=CALENDAR_DATE(2025,5,6);
#7858=CALENDAR_DATE(2025,5,6);
#7859=CALENDAR_DATE(2022,1,7);
#7860=CALENDAR_DATE(2022,5,7);
#7861=CALENDAR_DATE(2025,9,9);
#7862=CALENDAR_DATE(2025,9,9);
#7863=CALENDAR_DATE(2025,9,9);
#7864=CALENDAR_DATE(2025,21,1);
#7865=CALENDAR_DATE(2022,1,7);
#7866=CALENDAR_DATE(2025,9,9);
#7867=CALENDAR_DATE(2025,9,9);
#7868=CALENDAR_DATE(2025,9,9);
#7869=CALENDAR_DATE(2025,21,1);
#7870=CALENDAR_DATE(2025,9,9);
#7871=CALENDAR_DATE(2025,9,9);
#7872=CALENDAR_DATE(2025,9,9);
#7873=CALENDAR_DATE(2025,21,1);
#7874=CALENDAR_DATE(2025,8,9);
#7875=CALENDAR_DATE(2025,9,9);
#7876=CALENDAR_DATE(2025,9,9);
#7877=CALENDAR_DATE(2025,9,9);
#7878=CALENDAR_DATE(2025,21,1);
#7879=CALENDAR_DATE(2025,9,9);
#7880=CALENDAR_DATE(2025,9,9);
#7881=CALENDAR_DATE(2025,10,9);
#7882=CALENDAR_DATE(2025,10,9);
#7883=CALENDAR_DATE(2025,10,9);
#7884=CALENDAR_DATE(2025,1,4);
#7885=CALENDAR_DATE(2025,10,9);
#7886=CALENDAR_DATE(2025,10,9);
#7887=CALENDAR_DATE(2025,21,1);
#7888=CALENDAR_DATE(2025,10,9);
#7889=CALENDAR_DATE(2025,10,9);
#7890=CALENDAR_DATE(2025,10,9);
#7891=CALENDAR_DATE(2025,21,1);
#7892=CALENDAR_DATE(2025,10,9);
#7893=CALENDAR_DATE(2025,5,6);
#7894=CALENDAR_DATE(2025,5,6);
#7895=CALENDAR_DATE(2022,5,7);
#7896=CALENDAR_DATE(2025,1,4);
#7897=CALENDAR_DATE(2025,10,9);
#7898=CALENDAR_DATE(2025,10,9);
#7899=CALENDAR_DATE(2025,10,9);
#7900=CALENDAR_DATE(2025,21,1);
#7901=CALENDAR_DATE(2025,1,4);
#7902=CALENDAR_DATE(2025,9,9);
#7903=CALENDAR_DATE(2025,9,9);
#7904=CALENDAR_DATE(2025,9,9);
#7905=CALENDAR_DATE(2025,21,1);
#7906=CALENDAR_DATE(2025,11,9);
#7907=CALENDAR_DATE(2025,11,9);
#7908=CALENDAR_DATE(2025,11,9);
#7909=CALENDAR_DATE(2025,21,1);
#7910=LOCAL_TIME(0,0,0.,#7974);
#7911=LOCAL_TIME(0,0,0.,#7975);
#7912=LOCAL_TIME(0,0,0.,#7976);
#7913=LOCAL_TIME(0,0,0.,#7977);
#7914=LOCAL_TIME(0,0,0.,#7978);
#7915=LOCAL_TIME(0,0,0.,#7979);
#7916=LOCAL_TIME(0,0,0.,#7980);
#7917=LOCAL_TIME(0,0,0.,#7981);
#7918=LOCAL_TIME(0,0,0.,#7982);
#7919=LOCAL_TIME(0,0,0.,#7983);
#7920=LOCAL_TIME(0,0,0.,#7984);
#7921=LOCAL_TIME(0,0,0.,#7985);
#7922=LOCAL_TIME(0,0,0.,#7986);
#7923=LOCAL_TIME(0,0,0.,#7987);
#7924=LOCAL_TIME(0,0,0.,#7988);
#7925=LOCAL_TIME(0,0,0.,#7989);
#7926=LOCAL_TIME(0,0,0.,#7990);
#7927=LOCAL_TIME(0,0,0.,#7991);
#7928=LOCAL_TIME(0,0,0.,#7992);
#7929=LOCAL_TIME(0,0,0.,#7993);
#7930=LOCAL_TIME(0,0,0.,#7994);
#7931=LOCAL_TIME(0,0,0.,#7995);
#7932=LOCAL_TIME(0,0,0.,#7996);
#7933=LOCAL_TIME(0,0,0.,#7997);
#7934=LOCAL_TIME(0,0,0.,#7998);
#7935=LOCAL_TIME(0,0,0.,#7999);
#7936=LOCAL_TIME(0,0,0.,#8000);
#7937=LOCAL_TIME(0,0,0.,#8001);
#7938=LOCAL_TIME(0,0,0.,#8002);
#7939=LOCAL_TIME(0,0,0.,#8003);
#7940=LOCAL_TIME(0,0,0.,#8004);
#7941=LOCAL_TIME(0,0,0.,#8005);
#7942=LOCAL_TIME(0,0,0.,#8006);
#7943=LOCAL_TIME(0,0,0.,#8007);
#7944=LOCAL_TIME(0,0,0.,#8008);
#7945=LOCAL_TIME(0,0,0.,#8009);
#7946=LOCAL_TIME(0,0,0.,#8010);
#7947=LOCAL_TIME(0,0,0.,#8011);
#7948=LOCAL_TIME(0,0,0.,#8012);
#7949=LOCAL_TIME(0,0,0.,#8013);
#7950=LOCAL_TIME(0,0,0.,#8014);
#7951=LOCAL_TIME(0,0,0.,#8015);
#7952=LOCAL_TIME(0,0,0.,#8016);
#7953=LOCAL_TIME(0,0,0.,#8017);
#7954=LOCAL_TIME(0,0,0.,#8018);
#7955=LOCAL_TIME(0,0,0.,#8019);
#7956=LOCAL_TIME(0,0,0.,#8020);
#7957=LOCAL_TIME(0,0,0.,#8021);
#7958=LOCAL_TIME(0,0,0.,#8022);
#7959=LOCAL_TIME(0,0,0.,#8023);
#7960=LOCAL_TIME(0,0,0.,#8024);
#7961=LOCAL_TIME(0,0,0.,#8025);
#7962=LOCAL_TIME(0,0,0.,#8026);
#7963=LOCAL_TIME(0,0,0.,#8027);
#7964=LOCAL_TIME(0,0,0.,#8028);
#7965=LOCAL_TIME(0,0,0.,#8029);
#7966=LOCAL_TIME(0,0,0.,#8030);
#7967=LOCAL_TIME(0,0,0.,#8031);
#7968=LOCAL_TIME(0,0,0.,#8032);
#7969=LOCAL_TIME(0,0,0.,#8033);
#7970=LOCAL_TIME(0,0,0.,#8034);
#7971=LOCAL_TIME(0,0,0.,#8035);
#7972=LOCAL_TIME(0,0,0.,#8036);
#7973=LOCAL_TIME(0,0,0.,#8037);
#7974=COORDINATED_UNIVERSAL_TIME_OFFSET(0,0,.BEHIND.);
#7975=COORDINATED_UNIVERSAL_TIME_OFFSET(0,0,.BEHIND.);
#7976=COORDINATED_UNIVERSAL_TIME_OFFSET(0,0,.BEHIND.);
#7977=COORDINATED_UNIVERSAL_TIME_OFFSET(0,0,.BEHIND.);
#7978=COORDINATED_UNIVERSAL_TIME_OFFSET(0,0,.BEHIND.);
#7979=COORDINATED_UNIVERSAL_TIME_OFFSET(0,0,.BEHIND.);
#7980=COORDINATED_UNIVERSAL_TIME_OFFSET(0,0,.BEHIND.);
#7981=COORDINATED_UNIVERSAL_TIME_OFFSET(0,0,.BEHIND.);
#7982=COORDINATED_UNIVERSAL_TIME_OFFSET(0,0,.BEHIND.);
#7983=COORDINATED_UNIVERSAL_TIME_OFFSET(0,0,.BEHIND.);
#7984=COORDINATED_UNIVERSAL_TIME_OFFSET(0,0,.BEHIND.);
#7985=COORDINATED_UNIVERSAL_TIME_OFFSET(0,0,.BEHIND.);
#7986=COORDINATED_UNIVERSAL_TIME_OFFSET(0,0,.BEHIND.);
#7987=COORDINATED_UNIVERSAL_TIME_OFFSET(0,0,.BEHIND.);
#7988=COORDINATED_UNIVERSAL_TIME_OFFSET(0,0,.BEHIND.);
#7989=COORDINATED_UNIVERSAL_TIME_OFFSET(0,0,.BEHIND.);
#7990=COORDINATED_UNIVERSAL_TIME_OFFSET(0,0,.BEHIND.);
#7991=COORDINATED_UNIVERSAL_TIME_OFFSET(0,0,.BEHIND.);
#7992=COORDINATED_UNIVERSAL_TIME_OFFSET(0,0,.BEHIND.);
#7993=COORDINATED_UNIVERSAL_TIME_OFFSET(0,0,.BEHIND.);
#7994=COORDINATED_UNIVERSAL_TIME_OFFSET(0,0,.BEHIND.);
#7995=COORDINATED_UNIVERSAL_TIME_OFFSET(0,0,.BEHIND.);
#7996=COORDINATED_UNIVERSAL_TIME_OFFSET(0,0,.BEHIND.);
#7997=COORDINATED_UNIVERSAL_TIME_OFFSET(0,0,.BEHIND.);
#7998=COORDINATED_UNIVERSAL_TIME_OFFSET(0,0,.BEHIND.);
#7999=COORDINATED_UNIVERSAL_TIME_OFFSET(0,0,.BEHIND.);
#8000=COORDINATED_UNIVERSAL_TIME_OFFSET(0,0,.BEHIND.);
#8001=COORDINATED_UNIVERSAL_TIME_OFFSET(0,0,.BEHIND.);
#8002=COORDINATED_UNIVERSAL_TIME_OFFSET(0,0,.BEHIND.);
#8003=COORDINATED_UNIVERSAL_TIME_OFFSET(0,0,.BEHIND.);
#8004=COORDINATED_UNIVERSAL_TIME_OFFSET(0,0,.BEHIND.);
#8005=COORDINATED_UNIVERSAL_TIME_OFFSET(0,0,.BEHIND.);
#8006=COORDINATED_UNIVERSAL_TIME_OFFSET(0,0,.BEHIND.);
#8007=COORDINATED_UNIVERSAL_TIME_OFFSET(0,0,.BEHIND.);
#8008=COORDINATED_UNIVERSAL_TIME_OFFSET(0,0,.BEHIND.);
#8009=COORDINATED_UNIVERSAL_TIME_OFFSET(0,0,.BEHIND.);
#8010=COORDINATED_UNIVERSAL_TIME_OFFSET(0,0,.BEHIND.);
#8011=COORDINATED_UNIVERSAL_TIME_OFFSET(0,0,.BEHIND.);
#8012=COORDINATED_UNIVERSAL_TIME_OFFSET(0,0,.BEHIND.);
#8013=COORDINATED_UNIVERSAL_TIME_OFFSET(0,0,.BEHIND.);
#8014=COORDINATED_UNIVERSAL_TIME_OFFSET(0,0,.BEHIND.);
#8015=COORDINATED_UNIVERSAL_TIME_OFFSET(0,0,.BEHIND.);
#8016=COORDINATED_UNIVERSAL_TIME_OFFSET(0,0,.BEHIND.);
#8017=COORDINATED_UNIVERSAL_TIME_OFFSET(0,0,.BEHIND.);
#8018=COORDINATED_UNIVERSAL_TIME_OFFSET(0,0,.BEHIND.);
#8019=COORDINATED_UNIVERSAL_TIME_OFFSET(0,0,.BEHIND.);
#8020=COORDINATED_UNIVERSAL_TIME_OFFSET(0,0,.BEHIND.);
#8021=COORDINATED_UNIVERSAL_TIME_OFFSET(0,0,.BEHIND.);
#8022=COORDINATED_UNIVERSAL_TIME_OFFSET(0,0,.BEHIND.);
#8023=COORDINATED_UNIVERSAL_TIME_OFFSET(0,0,.BEHIND.);
#8024=COORDINATED_UNIVERSAL_TIME_OFFSET(0,0,.BEHIND.);
#8025=COORDINATED_UNIVERSAL_TIME_OFFSET(0,0,.BEHIND.);
#8026=COORDINATED_UNIVERSAL_TIME_OFFSET(0,0,.BEHIND.);
#8027=COORDINATED_UNIVERSAL_TIME_OFFSET(0,0,.BEHIND.);
#8028=COORDINATED_UNIVERSAL_TIME_OFFSET(0,0,.BEHIND.);
#8029=COORDINATED_UNIVERSAL_TIME_OFFSET(0,0,.BEHIND.);
#8030=COORDINATED_UNIVERSAL_TIME_OFFSET(0,0,.BEHIND.);
#8031=COORDINATED_UNIVERSAL_TIME_OFFSET(0,0,.BEHIND.);
#8032=COORDINATED_UNIVERSAL_TIME_OFFSET(0,0,.BEHIND.);
#8033=COORDINATED_UNIVERSAL_TIME_OFFSET(0,0,.BEHIND.);
#8034=COORDINATED_UNIVERSAL_TIME_OFFSET(0,0,.BEHIND.);
#8035=COORDINATED_UNIVERSAL_TIME_OFFSET(0,0,.BEHIND.);
#8036=COORDINATED_UNIVERSAL_TIME_OFFSET(0,0,.BEHIND.);
#8037=COORDINATED_UNIVERSAL_TIME_OFFSET(0,0,.BEHIND.);
#8038=AXIS2_PLACEMENT_3D('',#11135,#8874,#8875);
#8039=AXIS2_PLACEMENT_3D('',#11136,#8876,#8877);
#8040=AXIS2_PLACEMENT_3D('',#11137,#8878,#8879);
#8041=AXIS2_PLACEMENT_3D('',#11138,#8880,#8881);
#8042=AXIS2_PLACEMENT_3D('',#11139,#8882,#8883);
#8043=AXIS2_PLACEMENT_3D('',#11140,#8884,#8885);
#8044=AXIS2_PLACEMENT_3D('',#11141,#8886,#8887);
#8045=AXIS2_PLACEMENT_3D('',#11143,#8888,#8889);
#8046=AXIS2_PLACEMENT_3D('',#11146,#8891,#8892);
#8047=AXIS2_PLACEMENT_3D('',#11147,#8893,#8894);
#8048=AXIS2_PLACEMENT_3D('',#11149,#8895,#8896);
#8049=AXIS2_PLACEMENT_3D('',#11152,#8898,#8899);
#8050=AXIS2_PLACEMENT_3D('',#11153,#8900,#8901);
#8051=AXIS2_PLACEMENT_3D('',#11155,#8902,#8903);
#8052=AXIS2_PLACEMENT_3D('',#11158,#8905,#8906);
#8053=AXIS2_PLACEMENT_3D('',#11159,#8907,#8908);
#8054=AXIS2_PLACEMENT_3D('',#11161,#8909,#8910);
#8055=AXIS2_PLACEMENT_3D('',#11164,#8912,#8913);
#8056=AXIS2_PLACEMENT_3D('',#11165,#8914,#8915);
#8057=AXIS2_PLACEMENT_3D('',#11168,#8916,#8917);
#8058=AXIS2_PLACEMENT_3D('',#11172,#8919,#8920);
#8059=AXIS2_PLACEMENT_3D('',#11184,#8926,#8927);
#8060=AXIS2_PLACEMENT_3D('',#11188,#8929,#8930);
#8061=AXIS2_PLACEMENT_3D('',#11190,#8932,#8933);
#8062=AXIS2_PLACEMENT_3D('',#11196,#8937,#8938);
#8063=AXIS2_PLACEMENT_3D('',#11200,#8941,#8942);
#8064=AXIS2_PLACEMENT_3D('',#11202,#8943,#8944);
#8065=AXIS2_PLACEMENT_3D('',#11204,#8946,#8947);
#8066=AXIS2_PLACEMENT_3D('',#11208,#8950,#8951);
#8067=AXIS2_PLACEMENT_3D('',#11210,#8952,#8953);
#8068=AXIS2_PLACEMENT_3D('',#11212,#8955,#8956);
#8069=AXIS2_PLACEMENT_3D('',#11216,#8959,#8960);
#8070=AXIS2_PLACEMENT_3D('',#11218,#8961,#8962);
#8071=AXIS2_PLACEMENT_3D('',#11220,#8964,#8965);
#8072=AXIS2_PLACEMENT_3D('',#11224,#8968,#8969);
#8073=AXIS2_PLACEMENT_3D('',#11226,#8970,#8971);
#8074=AXIS2_PLACEMENT_3D('',#11228,#8973,#8974);
#8075=AXIS2_PLACEMENT_3D('',#11232,#8977,#8978);
#8076=AXIS2_PLACEMENT_3D('',#11236,#8981,#8982);
#8077=AXIS2_PLACEMENT_3D('',#11238,#8984,#8985);
#8078=AXIS2_PLACEMENT_3D('',#11239,#8986,#8987);
#8079=AXIS2_PLACEMENT_3D('',#11240,#8988,#8989);
#8080=AXIS2_PLACEMENT_3D('',#11251,#8994,#8995);
#8081=AXIS2_PLACEMENT_3D('',#11255,#8997,#8998);
#8082=AXIS2_PLACEMENT_3D('',#11259,#9000,#9001);
#8083=AXIS2_PLACEMENT_3D('',#11263,#9003,#9004);
#8084=AXIS2_PLACEMENT_3D('',#11265,#9006,#9007);
#8085=AXIS2_PLACEMENT_3D('',#11269,#9009,#9010);
#8086=AXIS2_PLACEMENT_3D('',#11271,#9012,#9013);
#8087=AXIS2_PLACEMENT_3D('',#11275,#9016,#9017);
#8088=AXIS2_PLACEMENT_3D('',#11277,#9018,#9019);
#8089=AXIS2_PLACEMENT_3D('',#11279,#9021,#9022);
#8090=AXIS2_PLACEMENT_3D('',#11283,#9025,#9026);
#8091=AXIS2_PLACEMENT_3D('',#11285,#9027,#9028);
#8092=AXIS2_PLACEMENT_3D('',#11287,#9030,#9031);
#8093=AXIS2_PLACEMENT_3D('',#11291,#9034,#9035);
#8094=AXIS2_PLACEMENT_3D('',#11297,#9038,#9039);
#8095=AXIS2_PLACEMENT_3D('',#11303,#9043,#9044);
#8096=AXIS2_PLACEMENT_3D('',#11305,#9046,#9047);
#8097=AXIS2_PLACEMENT_3D('',#11307,#9049,#9050);
#8098=AXIS2_PLACEMENT_3D('',#11309,#9052,#9053);
#8099=AXIS2_PLACEMENT_3D('',#11311,#9055,#9056);
#8100=AXIS2_PLACEMENT_3D('',#11313,#9058,#9059);
#8101=AXIS2_PLACEMENT_3D('',#11314,#9060,#9061);
#8102=AXIS2_PLACEMENT_3D('',#11315,#9062,#9063);
#8103=AXIS2_PLACEMENT_3D('',#11316,#9064,#9065);
#8104=AXIS2_PLACEMENT_3D('',#11317,#9066,#9067);
#8105=AXIS2_PLACEMENT_3D('',#11318,#9068,#9069);
#8106=AXIS2_PLACEMENT_3D('',#11319,#9070,#9071);
#8107=AXIS2_PLACEMENT_3D('',#11320,#9072,#9073);
#8108=AXIS2_PLACEMENT_3D('',#11321,#9074,#9075);
#8109=AXIS2_PLACEMENT_3D('',#11322,#9076,#9077);
#8110=AXIS2_PLACEMENT_3D('',#11323,#9078,#9079);
#8111=AXIS2_PLACEMENT_3D('',#11326,#9080,#9081);
#8112=AXIS2_PLACEMENT_3D('',#11330,#9083,#9084);
#8113=AXIS2_PLACEMENT_3D('',#11332,#9086,#9087);
#8114=AXIS2_PLACEMENT_3D('',#11338,#9091,#9092);
#8115=AXIS2_PLACEMENT_3D('',#11340,#9093,#9094);
#8116=AXIS2_PLACEMENT_3D('',#11343,#9096,#9097);
#8117=AXIS2_PLACEMENT_3D('',#11344,#9098,#9099);
#8118=AXIS2_PLACEMENT_3D('',#11350,#9103,#9104);
#8119=AXIS2_PLACEMENT_3D('',#11356,#9108,#9109);
#8120=AXIS2_PLACEMENT_3D('',#11362,#9113,#9114);
#8121=AXIS2_PLACEMENT_3D('',#11368,#9118,#9119);
#8122=AXIS2_PLACEMENT_3D('',#11374,#9123,#9124);
#8123=AXIS2_PLACEMENT_3D('',#11376,#9125,#9126);
#8124=AXIS2_PLACEMENT_3D('',#11379,#9128,#9129);
#8125=AXIS2_PLACEMENT_3D('',#11380,#9130,#9131);
#8126=AXIS2_PLACEMENT_3D('',#11386,#9135,#9136);
#8127=AXIS2_PLACEMENT_3D('',#11388,#9137,#9138);
#8128=AXIS2_PLACEMENT_3D('',#11391,#9140,#9141);
#8129=AXIS2_PLACEMENT_3D('',#11392,#9142,#9143);
#8130=AXIS2_PLACEMENT_3D('',#11395,#9146,#9147);
#8131=AXIS2_PLACEMENT_3D('',#11396,#9148,#9149);
#8132=AXIS2_PLACEMENT_3D('',#11397,#9150,#9151);
#8133=AXIS2_PLACEMENT_3D('',#11398,#9152,#9153);
#8134=AXIS2_PLACEMENT_3D('',#11399,#9154,#9155);
#8135=AXIS2_PLACEMENT_3D('',#11400,#9156,#9157);
#8136=AXIS2_PLACEMENT_3D('',#11401,#9158,#9159);
#8137=AXIS2_PLACEMENT_3D('',#11402,#9160,#9161);
#8138=AXIS2_PLACEMENT_3D('',#11405,#9162,#9163);
#8139=AXIS2_PLACEMENT_3D('',#11409,#9165,#9166);
#8140=AXIS2_PLACEMENT_3D('',#11411,#9168,#9169);
#8141=AXIS2_PLACEMENT_3D('',#11417,#9173,#9174);
#8142=AXIS2_PLACEMENT_3D('',#11419,#9175,#9176);
#8143=AXIS2_PLACEMENT_3D('',#11421,#9177,#9178);
#8144=AXIS2_PLACEMENT_3D('',#11423,#9180,#9181);
#8145=AXIS2_PLACEMENT_3D('',#11426,#9184,#9185);
#8146=AXIS2_PLACEMENT_3D('',#11435,#9190,#9191);
#8147=AXIS2_PLACEMENT_3D('',#11437,#9192,#9193);
#8148=AXIS2_PLACEMENT_3D('',#11439,#9194,#9195);
#8149=AXIS2_PLACEMENT_3D('',#11441,#9197,#9198);
#8150=AXIS2_PLACEMENT_3D('',#11447,#9202,#9203);
#8151=AXIS2_PLACEMENT_3D('',#11448,#9204,#9205);
#8152=AXIS2_PLACEMENT_3D('',#11449,#9206,#9207);
#8153=AXIS2_PLACEMENT_3D('',#11450,#9208,#9209);
#8154=AXIS2_PLACEMENT_3D('',#11453,#9210,#9211);
#8155=AXIS2_PLACEMENT_3D('',#11457,#9213,#9214);
#8156=AXIS2_PLACEMENT_3D('',#11459,#9216,#9217);
#8157=AXIS2_PLACEMENT_3D('',#11462,#9218,#9219);
#8158=AXIS2_PLACEMENT_3D('',#11466,#9221,#9222);
#8159=AXIS2_PLACEMENT_3D('',#11468,#9224,#9225);
#8160=AXIS2_PLACEMENT_3D('',#11471,#9228,#9229);
#8161=AXIS2_PLACEMENT_3D('',#11474,#9232,#9233);
#8162=AXIS2_PLACEMENT_3D('',#11480,#9237,#9238);
#8163=AXIS2_PLACEMENT_3D('',#11487,#9242,#9243);
#8164=AXIS2_PLACEMENT_3D('',#11488,#9244,#9245);
#8165=AXIS2_PLACEMENT_3D('',#11494,#9249,#9250);
#8166=AXIS2_PLACEMENT_3D('',#11496,#9252,#9253);
#8167=AXIS2_PLACEMENT_3D('',#11499,#9255,#9256);
#8168=AXIS2_PLACEMENT_3D('',#11500,#9257,#9258);
#8169=AXIS2_PLACEMENT_3D('',#11502,#9260,#9261);
#8170=AXIS2_PLACEMENT_3D('',#11503,#9262,#9263);
#8171=AXIS2_PLACEMENT_3D('',#11512,#9268,#9269);
#8172=AXIS2_PLACEMENT_3D('',#11515,#9272,#9273);
#8173=AXIS2_PLACEMENT_3D('',#11518,#9276,#9277);
#8174=AXIS2_PLACEMENT_3D('',#11519,#9278,#9279);
#8175=AXIS2_PLACEMENT_3D('',#11520,#9280,#9281);
#8176=AXIS2_PLACEMENT_3D('',#11521,#9282,#9283);
#8177=AXIS2_PLACEMENT_3D('',#11524,#9284,#9285);
#8178=AXIS2_PLACEMENT_3D('',#11528,#9287,#9288);
#8179=AXIS2_PLACEMENT_3D('',#11530,#9290,#9291);
#8180=AXIS2_PLACEMENT_3D('',#11533,#9292,#9293);
#8181=AXIS2_PLACEMENT_3D('',#11537,#9295,#9296);
#8182=AXIS2_PLACEMENT_3D('',#11539,#9298,#9299);
#8183=AXIS2_PLACEMENT_3D('',#11542,#9302,#9303);
#8184=AXIS2_PLACEMENT_3D('',#11545,#9306,#9307);
#8185=AXIS2_PLACEMENT_3D('',#11551,#9311,#9312);
#8186=AXIS2_PLACEMENT_3D('',#11558,#9316,#9317);
#8187=AXIS2_PLACEMENT_3D('',#11559,#9318,#9319);
#8188=AXIS2_PLACEMENT_3D('',#11565,#9323,#9324);
#8189=AXIS2_PLACEMENT_3D('',#11567,#9326,#9327);
#8190=AXIS2_PLACEMENT_3D('',#11570,#9329,#9330);
#8191=AXIS2_PLACEMENT_3D('',#11571,#9331,#9332);
#8192=AXIS2_PLACEMENT_3D('',#11573,#9334,#9335);
#8193=AXIS2_PLACEMENT_3D('',#11574,#9336,#9337);
#8194=AXIS2_PLACEMENT_3D('',#11583,#9342,#9343);
#8195=AXIS2_PLACEMENT_3D('',#11586,#9346,#9347);
#8196=AXIS2_PLACEMENT_3D('',#11589,#9350,#9351);
#8197=AXIS2_PLACEMENT_3D('',#11590,#9352,#9353);
#8198=AXIS2_PLACEMENT_3D('',#11591,#9354,#9355);
#8199=AXIS2_PLACEMENT_3D('',#11592,#9356,#9357);
#8200=AXIS2_PLACEMENT_3D('',#11597,#9359,#9360);
#8201=AXIS2_PLACEMENT_3D('',#11600,#9362,#9363);
#8202=AXIS2_PLACEMENT_3D('',#11601,#9364,#9365);
#8203=AXIS2_PLACEMENT_3D('',#11609,#9370,#9371);
#8204=AXIS2_PLACEMENT_3D('',#11615,#9375,#9376);
#8205=AXIS2_PLACEMENT_3D('',#11618,#9378,#9379);
#8206=AXIS2_PLACEMENT_3D('',#11620,#9381,#9382);
#8207=AXIS2_PLACEMENT_3D('',#11623,#9384,#9385);
#8208=AXIS2_PLACEMENT_3D('',#11624,#9386,#9387);
#8209=AXIS2_PLACEMENT_3D('',#11628,#9390,#9391);
#8210=AXIS2_PLACEMENT_3D('',#11630,#9393,#9394);
#8211=AXIS2_PLACEMENT_3D('',#11631,#9395,#9396);
#8212=AXIS2_PLACEMENT_3D('',#11633,#9398,#9399);
#8213=AXIS2_PLACEMENT_3D('',#11639,#9403,#9404);
#8214=AXIS2_PLACEMENT_3D('',#11646,#9408,#9409);
#8215=AXIS2_PLACEMENT_3D('',#11648,#9410,#9411);
#8216=AXIS2_PLACEMENT_3D('',#11650,#9412,#9413);
#8217=AXIS2_PLACEMENT_3D('',#11651,#9414,#9415);
#8218=AXIS2_PLACEMENT_3D('',#11654,#9417,#9418);
#8219=AXIS2_PLACEMENT_3D('',#11655,#9419,#9420);
#8220=AXIS2_PLACEMENT_3D('',#11658,#9422,#9423);
#8221=AXIS2_PLACEMENT_3D('',#11659,#9424,#9425);
#8222=AXIS2_PLACEMENT_3D('',#11663,#9428,#9429);
#8223=AXIS2_PLACEMENT_3D('',#11667,#9432,#9433);
#8224=AXIS2_PLACEMENT_3D('',#11671,#9436,#9437);
#8225=AXIS2_PLACEMENT_3D('',#11672,#9438,#9439);
#8226=AXIS2_PLACEMENT_3D('',#11673,#9440,#9441);
#8227=AXIS2_PLACEMENT_3D('',#11674,#9442,#9443);
#8228=AXIS2_PLACEMENT_3D('',#11675,#9444,#9445);
#8229=AXIS2_PLACEMENT_3D('',#11678,#9446,#9447);
#8230=AXIS2_PLACEMENT_3D('',#11682,#9449,#9450);
#8231=AXIS2_PLACEMENT_3D('',#11684,#9452,#9453);
#8232=AXIS2_PLACEMENT_3D('',#11690,#9457,#9458);
#8233=AXIS2_PLACEMENT_3D('',#11694,#9460,#9461);
#8234=AXIS2_PLACEMENT_3D('',#11698,#9463,#9464);
#8235=AXIS2_PLACEMENT_3D('',#11701,#9466,#9467);
#8236=AXIS2_PLACEMENT_3D('',#11703,#9468,#9469);
#8237=AXIS2_PLACEMENT_3D('',#11705,#9470,#9471);
#8238=AXIS2_PLACEMENT_3D('',#11706,#9472,#9473);
#8239=AXIS2_PLACEMENT_3D('',#11708,#9474,#9475);
#8240=AXIS2_PLACEMENT_3D('',#11710,#9477,#9478);
#8241=AXIS2_PLACEMENT_3D('',#11714,#9481,#9482);
#8242=AXIS2_PLACEMENT_3D('',#11716,#9483,#9484);
#8243=AXIS2_PLACEMENT_3D('',#11718,#9486,#9487);
#8244=AXIS2_PLACEMENT_3D('',#11722,#9490,#9491);
#8245=AXIS2_PLACEMENT_3D('',#11724,#9492,#9493);
#8246=AXIS2_PLACEMENT_3D('',#11726,#9495,#9496);
#8247=AXIS2_PLACEMENT_3D('',#11728,#9497,#9498);
#8248=AXIS2_PLACEMENT_3D('',#11730,#9500,#9501);
#8249=AXIS2_PLACEMENT_3D('',#11732,#9502,#9503);
#8250=AXIS2_PLACEMENT_3D('',#11734,#9505,#9506);
#8251=AXIS2_PLACEMENT_3D('',#11736,#9508,#9509);
#8252=AXIS2_PLACEMENT_3D('',#11737,#9510,#9511);
#8253=AXIS2_PLACEMENT_3D('',#11738,#9512,#9513);
#8254=AXIS2_PLACEMENT_3D('',#11739,#9514,#9515);
#8255=AXIS2_PLACEMENT_3D('',#11740,#9516,#9517);
#8256=AXIS2_PLACEMENT_3D('',#11741,#9518,#9519);
#8257=AXIS2_PLACEMENT_3D('',#11742,#9520,#9521);
#8258=AXIS2_PLACEMENT_3D('',#11744,#9522,#9523);
#8259=AXIS2_PLACEMENT_3D('',#11747,#9525,#9526);
#8260=AXIS2_PLACEMENT_3D('',#11748,#9527,#9528);
#8261=AXIS2_PLACEMENT_3D('',#11750,#9529,#9530);
#8262=AXIS2_PLACEMENT_3D('',#11753,#9532,#9533);
#8263=AXIS2_PLACEMENT_3D('',#11754,#9534,#9535);
#8264=AXIS2_PLACEMENT_3D('',#11755,#9536,#9537);
#8265=AXIS2_PLACEMENT_3D('',#11757,#9538,#9539);
#8266=AXIS2_PLACEMENT_3D('',#11758,#9540,#9541);
#8267=AXIS2_PLACEMENT_3D('',#11759,#9542,#9543);
#8268=AXIS2_PLACEMENT_3D('',#11760,#9544,#9545);
#8269=AXIS2_PLACEMENT_3D('',#11761,#9546,#9547);
#8270=AXIS2_PLACEMENT_3D('',#11762,#9548,#9549);
#8271=AXIS2_PLACEMENT_3D('',#11767,#9551,#9552);
#8272=AXIS2_PLACEMENT_3D('',#11770,#9554,#9555);
#8273=AXIS2_PLACEMENT_3D('',#11771,#9556,#9557);
#8274=AXIS2_PLACEMENT_3D('',#11779,#9562,#9563);
#8275=AXIS2_PLACEMENT_3D('',#11785,#9567,#9568);
#8276=AXIS2_PLACEMENT_3D('',#11788,#9570,#9571);
#8277=AXIS2_PLACEMENT_3D('',#11790,#9573,#9574);
#8278=AXIS2_PLACEMENT_3D('',#11793,#9576,#9577);
#8279=AXIS2_PLACEMENT_3D('',#11794,#9578,#9579);
#8280=AXIS2_PLACEMENT_3D('',#11798,#9582,#9583);
#8281=AXIS2_PLACEMENT_3D('',#11800,#9585,#9586);
#8282=AXIS2_PLACEMENT_3D('',#11801,#9587,#9588);
#8283=AXIS2_PLACEMENT_3D('',#11803,#9590,#9591);
#8284=AXIS2_PLACEMENT_3D('',#11809,#9595,#9596);
#8285=AXIS2_PLACEMENT_3D('',#11816,#9600,#9601);
#8286=AXIS2_PLACEMENT_3D('',#11817,#9602,#9603);
#8287=AXIS2_PLACEMENT_3D('',#11821,#9606,#9607);
#8288=AXIS2_PLACEMENT_3D('',#11825,#9610,#9611);
#8289=AXIS2_PLACEMENT_3D('',#11829,#9614,#9615);
#8290=AXIS2_PLACEMENT_3D('',#11830,#9616,#9617);
#8291=AXIS2_PLACEMENT_3D('',#11831,#9618,#9619);
#8292=AXIS2_PLACEMENT_3D('',#11832,#9620,#9621);
#8293=AXIS2_PLACEMENT_3D('',#11833,#9622,#9623);
#8294=AXIS2_PLACEMENT_3D('',#11834,#9624,#9625);
#8295=AXIS2_PLACEMENT_3D('',#11835,#9626,#9627);
#8296=AXIS2_PLACEMENT_3D('',#11836,#9628,#9629);
#8297=AXIS2_PLACEMENT_3D('',#11837,#9630,#9631);
#8298=AXIS2_PLACEMENT_3D('',#11839,#9632,#9633);
#8299=AXIS2_PLACEMENT_3D('',#11842,#9635,#9636);
#8300=AXIS2_PLACEMENT_3D('',#11843,#9637,#9638);
#8301=AXIS2_PLACEMENT_3D('',#11845,#9639,#9640);
#8302=AXIS2_PLACEMENT_3D('',#11848,#9642,#9643);
#8303=AXIS2_PLACEMENT_3D('',#11849,#9644,#9645);
#8304=AXIS2_PLACEMENT_3D('',#11851,#9646,#9647);
#8305=AXIS2_PLACEMENT_3D('',#11854,#9649,#9650);
#8306=AXIS2_PLACEMENT_3D('',#11855,#9651,#9652);
#8307=AXIS2_PLACEMENT_3D('',#11857,#9653,#9654);
#8308=AXIS2_PLACEMENT_3D('',#11860,#9656,#9657);
#8309=AXIS2_PLACEMENT_3D('',#11861,#9658,#9659);
#8310=AXIS2_PLACEMENT_3D('',#11863,#9660,#9661);
#8311=AXIS2_PLACEMENT_3D('',#11866,#9663,#9664);
#8312=AXIS2_PLACEMENT_3D('',#11867,#9665,#9666);
#8313=AXIS2_PLACEMENT_3D('',#11869,#9667,#9668);
#8314=AXIS2_PLACEMENT_3D('',#11872,#9670,#9671);
#8315=AXIS2_PLACEMENT_3D('',#11873,#9672,#9673);
#8316=AXIS2_PLACEMENT_3D('',#11875,#9674,#9675);
#8317=AXIS2_PLACEMENT_3D('',#11878,#9677,#9678);
#8318=AXIS2_PLACEMENT_3D('',#11879,#9679,#9680);
#8319=AXIS2_PLACEMENT_3D('',#11881,#9681,#9682);
#8320=AXIS2_PLACEMENT_3D('',#11884,#9684,#9685);
#8321=AXIS2_PLACEMENT_3D('',#11885,#9686,#9687);
#8322=AXIS2_PLACEMENT_3D('',#11890,#9689,#9690);
#8323=AXIS2_PLACEMENT_3D('',#11894,#9692,#9693);
#8324=AXIS2_PLACEMENT_3D('',#11898,#9695,#9696);
#8325=AXIS2_PLACEMENT_3D('',#11902,#9698,#9699);
#8326=AXIS2_PLACEMENT_3D('',#11910,#9704,#9705);
#8327=AXIS2_PLACEMENT_3D('',#11916,#9709,#9710);
#8328=AXIS2_PLACEMENT_3D('',#11920,#9713,#9714);
#8329=AXIS2_PLACEMENT_3D('',#11924,#9717,#9718);
#8330=AXIS2_PLACEMENT_3D('',#11927,#9720,#9721);
#8331=AXIS2_PLACEMENT_3D('',#11928,#9722,#9723);
#8332=AXIS2_PLACEMENT_3D('',#11932,#9726,#9727);
#8333=AXIS2_PLACEMENT_3D('',#11935,#9729,#9730);
#8334=AXIS2_PLACEMENT_3D('',#11936,#9731,#9732);
#8335=AXIS2_PLACEMENT_3D('',#11940,#9735,#9736);
#8336=AXIS2_PLACEMENT_3D('',#11944,#9739,#9740);
#8337=AXIS2_PLACEMENT_3D('',#11946,#9741,#9742);
#8338=AXIS2_PLACEMENT_3D('',#11948,#9744,#9745);
#8339=AXIS2_PLACEMENT_3D('',#11952,#9748,#9749);
#8340=AXIS2_PLACEMENT_3D('',#11954,#9750,#9751);
#8341=AXIS2_PLACEMENT_3D('',#11956,#9753,#9754);
#8342=AXIS2_PLACEMENT_3D('',#11958,#9756,#9757);
#8343=AXIS2_PLACEMENT_3D('',#11959,#9758,#9759);
#8344=AXIS2_PLACEMENT_3D('',#11960,#9760,#9761);
#8345=AXIS2_PLACEMENT_3D('',#11961,#9762,#9763);
#8346=AXIS2_PLACEMENT_3D('',#11962,#9764,#9765);
#8347=AXIS2_PLACEMENT_3D('',#11963,#9766,#9767);
#8348=AXIS2_PLACEMENT_3D('',#11964,#9768,#9769);
#8349=AXIS2_PLACEMENT_3D('',#11965,#9770,#9771);
#8350=AXIS2_PLACEMENT_3D('',#11966,#9772,#9773);
#8351=AXIS2_PLACEMENT_3D('',#11967,#9774,#9775);
#8352=AXIS2_PLACEMENT_3D('',#11968,#9776,#9777);
#8353=AXIS2_PLACEMENT_3D('',#11970,#9778,#9779);
#8354=AXIS2_PLACEMENT_3D('',#11973,#9781,#9782);
#8355=AXIS2_PLACEMENT_3D('',#11974,#9783,#9784);
#8356=AXIS2_PLACEMENT_3D('',#11976,#9785,#9786);
#8357=AXIS2_PLACEMENT_3D('',#11979,#9788,#9789);
#8358=AXIS2_PLACEMENT_3D('',#11980,#9790,#9791);
#8359=AXIS2_PLACEMENT_3D('',#11982,#9792,#9793);
#8360=AXIS2_PLACEMENT_3D('',#11985,#9795,#9796);
#8361=AXIS2_PLACEMENT_3D('',#11986,#9797,#9798);
#8362=AXIS2_PLACEMENT_3D('',#11988,#9799,#9800);
#8363=AXIS2_PLACEMENT_3D('',#11991,#9802,#9803);
#8364=AXIS2_PLACEMENT_3D('',#11992,#9804,#9805);
#8365=AXIS2_PLACEMENT_3D('',#11994,#9806,#9807);
#8366=AXIS2_PLACEMENT_3D('',#11997,#9809,#9810);
#8367=AXIS2_PLACEMENT_3D('',#11998,#9811,#9812);
#8368=AXIS2_PLACEMENT_3D('',#12000,#9813,#9814);
#8369=AXIS2_PLACEMENT_3D('',#12003,#9816,#9817);
#8370=AXIS2_PLACEMENT_3D('',#12004,#9818,#9819);
#8371=AXIS2_PLACEMENT_3D('',#12006,#9820,#9821);
#8372=AXIS2_PLACEMENT_3D('',#12009,#9823,#9824);
#8373=AXIS2_PLACEMENT_3D('',#12010,#9825,#9826);
#8374=AXIS2_PLACEMENT_3D('',#12012,#9827,#9828);
#8375=AXIS2_PLACEMENT_3D('',#12015,#9830,#9831);
#8376=AXIS2_PLACEMENT_3D('',#12016,#9832,#9833);
#8377=AXIS2_PLACEMENT_3D('',#12018,#9834,#9835);
#8378=AXIS2_PLACEMENT_3D('',#12021,#9837,#9838);
#8379=AXIS2_PLACEMENT_3D('',#12022,#9839,#9840);
#8380=AXIS2_PLACEMENT_3D('',#12024,#9841,#9842);
#8381=AXIS2_PLACEMENT_3D('',#12027,#9844,#9845);
#8382=AXIS2_PLACEMENT_3D('',#12028,#9846,#9847);
#8383=AXIS2_PLACEMENT_3D('',#12030,#9848,#9849);
#8384=AXIS2_PLACEMENT_3D('',#12033,#9851,#9852);
#8385=AXIS2_PLACEMENT_3D('',#12034,#9853,#9854);
#8386=AXIS2_PLACEMENT_3D('',#12036,#9855,#9856);
#8387=AXIS2_PLACEMENT_3D('',#12039,#9858,#9859);
#8388=AXIS2_PLACEMENT_3D('',#12040,#9860,#9861);
#8389=AXIS2_PLACEMENT_3D('',#12042,#9862,#9863);
#8390=AXIS2_PLACEMENT_3D('',#12045,#9865,#9866);
#8391=AXIS2_PLACEMENT_3D('',#12046,#9867,#9868);
#8392=AXIS2_PLACEMENT_3D('',#12048,#9869,#9870);
#8393=AXIS2_PLACEMENT_3D('',#12051,#9872,#9873);
#8394=AXIS2_PLACEMENT_3D('',#12052,#9874,#9875);
#8395=AXIS2_PLACEMENT_3D('',#12054,#9876,#9877);
#8396=AXIS2_PLACEMENT_3D('',#12057,#9879,#9880);
#8397=AXIS2_PLACEMENT_3D('',#12058,#9881,#9882);
#8398=AXIS2_PLACEMENT_3D('',#12060,#9883,#9884);
#8399=AXIS2_PLACEMENT_3D('',#12063,#9886,#9887);
#8400=AXIS2_PLACEMENT_3D('',#12064,#9888,#9889);
#8401=AXIS2_PLACEMENT_3D('',#12066,#9890,#9891);
#8402=AXIS2_PLACEMENT_3D('',#12069,#9893,#9894);
#8403=AXIS2_PLACEMENT_3D('',#12070,#9895,#9896);
#8404=AXIS2_PLACEMENT_3D('',#12072,#9897,#9898);
#8405=AXIS2_PLACEMENT_3D('',#12075,#9900,#9901);
#8406=AXIS2_PLACEMENT_3D('',#12076,#9902,#9903);
#8407=AXIS2_PLACEMENT_3D('',#12078,#9904,#9905);
#8408=AXIS2_PLACEMENT_3D('',#12081,#9907,#9908);
#8409=AXIS2_PLACEMENT_3D('',#12082,#9909,#9910);
#8410=AXIS2_PLACEMENT_3D('',#12084,#9911,#9912);
#8411=AXIS2_PLACEMENT_3D('',#12087,#9914,#9915);
#8412=AXIS2_PLACEMENT_3D('',#12088,#9916,#9917);
#8413=AXIS2_PLACEMENT_3D('',#12090,#9918,#9919);
#8414=AXIS2_PLACEMENT_3D('',#12093,#9921,#9922);
#8415=AXIS2_PLACEMENT_3D('',#12094,#9923,#9924);
#8416=AXIS2_PLACEMENT_3D('',#12096,#9925,#9926);
#8417=AXIS2_PLACEMENT_3D('',#12099,#9928,#9929);
#8418=AXIS2_PLACEMENT_3D('',#12100,#9930,#9931);
#8419=AXIS2_PLACEMENT_3D('',#12109,#9935,#9936);
#8420=AXIS2_PLACEMENT_3D('',#12113,#9938,#9939);
#8421=AXIS2_PLACEMENT_3D('',#12117,#9941,#9942);
#8422=AXIS2_PLACEMENT_3D('',#12121,#9944,#9945);
#8423=AXIS2_PLACEMENT_3D('',#12125,#9948,#9949);
#8424=AXIS2_PLACEMENT_3D('',#12130,#9951,#9952);
#8425=AXIS2_PLACEMENT_3D('',#12134,#9954,#9955);
#8426=AXIS2_PLACEMENT_3D('',#12138,#9957,#9958);
#8427=AXIS2_PLACEMENT_3D('',#12142,#9960,#9961);
#8428=AXIS2_PLACEMENT_3D('',#12150,#9966,#9967);
#8429=AXIS2_PLACEMENT_3D('',#12153,#9970,#9971);
#8430=AXIS2_PLACEMENT_3D('',#12155,#9973,#9974);
#8431=AXIS2_PLACEMENT_3D('',#12157,#9976,#9977);
#8432=AXIS2_PLACEMENT_3D('',#12159,#9979,#9980);
#8433=AXIS2_PLACEMENT_3D('',#12161,#9982,#9983);
#8434=AXIS2_PLACEMENT_3D('',#12163,#9985,#9986);
#8435=AXIS2_PLACEMENT_3D('',#12165,#9988,#9989);
#8436=AXIS2_PLACEMENT_3D('',#12167,#9991,#9992);
#8437=AXIS2_PLACEMENT_3D('',#12169,#9994,#9995);
#8438=AXIS2_PLACEMENT_3D('',#12171,#9997,#9998);
#8439=AXIS2_PLACEMENT_3D('',#12173,#10000,#10001);
#8440=AXIS2_PLACEMENT_3D('',#12174,#10002,#10003);
#8441=AXIS2_PLACEMENT_3D('',#12175,#10004,#10005);
#8442=AXIS2_PLACEMENT_3D('',#12176,#10006,#10007);
#8443=AXIS2_PLACEMENT_3D('',#12177,#10008,#10009);
#8444=AXIS2_PLACEMENT_3D('',#12178,#10010,#10011);
#8445=AXIS2_PLACEMENT_3D('',#12179,#10012,#10013);
#8446=AXIS2_PLACEMENT_3D('',#12181,#10014,#10015);
#8447=AXIS2_PLACEMENT_3D('',#12184,#10017,#10018);
#8448=AXIS2_PLACEMENT_3D('',#12185,#10019,#10020);
#8449=AXIS2_PLACEMENT_3D('',#12187,#10021,#10022);
#8450=AXIS2_PLACEMENT_3D('',#12190,#10024,#10025);
#8451=AXIS2_PLACEMENT_3D('',#12191,#10026,#10027);
#8452=AXIS2_PLACEMENT_3D('',#12200,#10032,#10033);
#8453=AXIS2_PLACEMENT_3D('',#12206,#10037,#10038);
#8454=AXIS2_PLACEMENT_3D('',#12212,#10042,#10043);
#8455=AXIS2_PLACEMENT_3D('',#12215,#10046,#10047);
#8456=AXIS2_PLACEMENT_3D('',#12216,#10048,#10049);
#8457=AXIS2_PLACEMENT_3D('',#12217,#10050,#10051);
#8458=AXIS2_PLACEMENT_3D('',#12218,#10052,#10053);
#8459=AXIS2_PLACEMENT_3D('',#12219,#10054,#10055);
#8460=AXIS2_PLACEMENT_3D('',#12220,#10056,#10057);
#8461=AXIS2_PLACEMENT_3D('',#12221,#10058,#10059);
#8462=AXIS2_PLACEMENT_3D('',#12222,#10060,#10061);
#8463=AXIS2_PLACEMENT_3D('',#12231,#10066,#10067);
#8464=AXIS2_PLACEMENT_3D('',#12233,#10068,#10069);
#8465=AXIS2_PLACEMENT_3D('',#12236,#10071,#10072);
#8466=AXIS2_PLACEMENT_3D('',#12237,#10073,#10074);
#8467=AXIS2_PLACEMENT_3D('',#12243,#10078,#10079);
#8468=AXIS2_PLACEMENT_3D('',#12245,#10080,#10081);
#8469=AXIS2_PLACEMENT_3D('',#12248,#10083,#10084);
#8470=AXIS2_PLACEMENT_3D('',#12249,#10085,#10086);
#8471=AXIS2_PLACEMENT_3D('',#12258,#10091,#10092);
#8472=AXIS2_PLACEMENT_3D('',#12260,#10093,#10094);
#8473=AXIS2_PLACEMENT_3D('',#12263,#10096,#10097);
#8474=AXIS2_PLACEMENT_3D('',#12264,#10098,#10099);
#8475=AXIS2_PLACEMENT_3D('',#12270,#10103,#10104);
#8476=AXIS2_PLACEMENT_3D('',#12272,#10105,#10106);
#8477=AXIS2_PLACEMENT_3D('',#12275,#10108,#10109);
#8478=AXIS2_PLACEMENT_3D('',#12276,#10110,#10111);
#8479=AXIS2_PLACEMENT_3D('',#12282,#10115,#10116);
#8480=AXIS2_PLACEMENT_3D('',#12284,#10117,#10118);
#8481=AXIS2_PLACEMENT_3D('',#12286,#10119,#10120);
#8482=AXIS2_PLACEMENT_3D('',#12288,#10122,#10123);
#8483=AXIS2_PLACEMENT_3D('',#12294,#10127,#10128);
#8484=AXIS2_PLACEMENT_3D('',#12295,#10129,#10130);
#8485=AXIS2_PLACEMENT_3D('',#12296,#10131,#10132);
#8486=AXIS2_PLACEMENT_3D('',#12297,#10133,#10134);
#8487=AXIS2_PLACEMENT_3D('',#12303,#10138,#10139);
#8488=AXIS2_PLACEMENT_3D('',#12305,#10140,#10141);
#8489=AXIS2_PLACEMENT_3D('',#12308,#10143,#10144);
#8490=AXIS2_PLACEMENT_3D('',#12309,#10145,#10146);
#8491=AXIS2_PLACEMENT_3D('',#12315,#10150,#10151);
#8492=AXIS2_PLACEMENT_3D('',#12316,#10152,#10153);
#8493=AXIS2_PLACEMENT_3D('',#12317,#10154,#10155);
#8494=AXIS2_PLACEMENT_3D('',#12318,#10156,#10157);
#8495=AXIS2_PLACEMENT_3D('',#12319,#10158,#10159);
#8496=AXIS2_PLACEMENT_3D('',#12320,#10160,#10161);
#8497=AXIS2_PLACEMENT_3D('',#12321,#10162,#10163);
#8498=AXIS2_PLACEMENT_3D('',#12322,#10164,#10165);
#8499=AXIS2_PLACEMENT_3D('',#12323,#10166,#10167);
#8500=AXIS2_PLACEMENT_3D('',#12324,#10168,#10169);
#8501=AXIS2_PLACEMENT_3D('',#12325,#10170,#10171);
#8502=AXIS2_PLACEMENT_3D('',#12328,#10172,#10173);
#8503=AXIS2_PLACEMENT_3D('',#12332,#10175,#10176);
#8504=AXIS2_PLACEMENT_3D('',#12334,#10178,#10179);
#8505=AXIS2_PLACEMENT_3D('',#12340,#10183,#10184);
#8506=AXIS2_PLACEMENT_3D('',#12344,#10186,#10187);
#8507=AXIS2_PLACEMENT_3D('',#12348,#10189,#10190);
#8508=AXIS2_PLACEMENT_3D('',#12351,#10192,#10193);
#8509=AXIS2_PLACEMENT_3D('',#12353,#10194,#10195);
#8510=AXIS2_PLACEMENT_3D('',#12355,#10196,#10197);
#8511=AXIS2_PLACEMENT_3D('',#12357,#10198,#10199);
#8512=AXIS2_PLACEMENT_3D('',#12359,#10200,#10201);
#8513=AXIS2_PLACEMENT_3D('',#12360,#10202,#10203);
#8514=AXIS2_PLACEMENT_3D('',#12362,#10204,#10205);
#8515=AXIS2_PLACEMENT_3D('',#12364,#10207,#10208);
#8516=AXIS2_PLACEMENT_3D('',#12368,#10211,#10212);
#8517=AXIS2_PLACEMENT_3D('',#12370,#10213,#10214);
#8518=AXIS2_PLACEMENT_3D('',#12372,#10216,#10217);
#8519=AXIS2_PLACEMENT_3D('',#12376,#10220,#10221);
#8520=AXIS2_PLACEMENT_3D('',#12378,#10222,#10223);
#8521=AXIS2_PLACEMENT_3D('',#12380,#10225,#10226);
#8522=AXIS2_PLACEMENT_3D('',#12383,#10228,#10229);
#8523=AXIS2_PLACEMENT_3D('',#12384,#10230,#10231);
#8524=AXIS2_PLACEMENT_3D('',#12387,#10233,#10234);
#8525=AXIS2_PLACEMENT_3D('',#12388,#10235,#10236);
#8526=AXIS2_PLACEMENT_3D('',#12391,#10238,#10239);
#8527=AXIS2_PLACEMENT_3D('',#12392,#10240,#10241);
#8528=AXIS2_PLACEMENT_3D('',#12395,#10243,#10244);
#8529=AXIS2_PLACEMENT_3D('',#12396,#10245,#10246);
#8530=AXIS2_PLACEMENT_3D('',#12398,#10248,#10249);
#8531=AXIS2_PLACEMENT_3D('',#12399,#10250,#10251);
#8532=AXIS2_PLACEMENT_3D('',#12400,#10252,#10253);
#8533=AXIS2_PLACEMENT_3D('',#12403,#10254,#10255);
#8534=AXIS2_PLACEMENT_3D('',#12407,#10257,#10258);
#8535=AXIS2_PLACEMENT_3D('',#12409,#10260,#10261);
#8536=AXIS2_PLACEMENT_3D('',#12415,#10265,#10266);
#8537=AXIS2_PLACEMENT_3D('',#12419,#10268,#10269);
#8538=AXIS2_PLACEMENT_3D('',#12425,#10272,#10273);
#8539=AXIS2_PLACEMENT_3D('',#12429,#10275,#10276);
#8540=AXIS2_PLACEMENT_3D('',#12433,#10278,#10279);
#8541=AXIS2_PLACEMENT_3D('',#12437,#10281,#10282);
#8542=AXIS2_PLACEMENT_3D('',#12440,#10284,#10285);
#8543=AXIS2_PLACEMENT_3D('',#12442,#10286,#10287);
#8544=AXIS2_PLACEMENT_3D('',#12443,#10288,#10289);
#8545=AXIS2_PLACEMENT_3D('',#12446,#10290,#10291);
#8546=AXIS2_PLACEMENT_3D('',#12449,#10294,#10295);
#8547=AXIS2_PLACEMENT_3D('',#12453,#10298,#10299);
#8548=AXIS2_PLACEMENT_3D('',#12455,#10300,#10301);
#8549=AXIS2_PLACEMENT_3D('',#12457,#10303,#10304);
#8550=AXIS2_PLACEMENT_3D('',#12461,#10307,#10308);
#8551=AXIS2_PLACEMENT_3D('',#12464,#10309,#10310);
#8552=AXIS2_PLACEMENT_3D('',#12467,#10313,#10314);
#8553=AXIS2_PLACEMENT_3D('',#12469,#10316,#10317);
#8554=AXIS2_PLACEMENT_3D('',#12472,#10318,#10319);
#8555=AXIS2_PLACEMENT_3D('',#12475,#10322,#10323);
#8556=AXIS2_PLACEMENT_3D('',#12479,#10326,#10327);
#8557=AXIS2_PLACEMENT_3D('',#12481,#10328,#10329);
#8558=AXIS2_PLACEMENT_3D('',#12483,#10331,#10332);
#8559=AXIS2_PLACEMENT_3D('',#12486,#10334,#10335);
#8560=AXIS2_PLACEMENT_3D('',#12487,#10336,#10337);
#8561=AXIS2_PLACEMENT_3D('',#12490,#10339,#10340);
#8562=AXIS2_PLACEMENT_3D('',#12491,#10341,#10342);
#8563=AXIS2_PLACEMENT_3D('',#12493,#10344,#10345);
#8564=AXIS2_PLACEMENT_3D('',#12495,#10347,#10348);
#8565=AXIS2_PLACEMENT_3D('',#12497,#10350,#10351);
#8566=AXIS2_PLACEMENT_3D('',#12498,#10352,#10353);
#8567=AXIS2_PLACEMENT_3D('',#12499,#10354,#10355);
#8568=AXIS2_PLACEMENT_3D('',#12500,#10356,#10357);
#8569=AXIS2_PLACEMENT_3D('',#12509,#10362,#10363);
#8570=AXIS2_PLACEMENT_3D('',#12515,#10367,#10368);
#8571=AXIS2_PLACEMENT_3D('',#12521,#10372,#10373);
#8572=AXIS2_PLACEMENT_3D('',#12524,#10376,#10377);
#8573=AXIS2_PLACEMENT_3D('',#12525,#10378,#10379);
#8574=AXIS2_PLACEMENT_3D('',#12526,#10380,#10381);
#8575=AXIS2_PLACEMENT_3D('',#12527,#10382,#10383);
#8576=AXIS2_PLACEMENT_3D('',#12529,#10384,#10385);
#8577=AXIS2_PLACEMENT_3D('',#12532,#10387,#10388);
#8578=AXIS2_PLACEMENT_3D('',#12533,#10389,#10390);
#8579=AXIS2_PLACEMENT_3D('',#12542,#10395,#10396);
#8580=AXIS2_PLACEMENT_3D('',#12544,#10397,#10398);
#8581=AXIS2_PLACEMENT_3D('',#12546,#10399,#10400);
#8582=AXIS2_PLACEMENT_3D('',#12548,#10402,#10403);
#8583=AXIS2_PLACEMENT_3D('',#12554,#10407,#10408);
#8584=AXIS2_PLACEMENT_3D('',#12555,#10409,#10410);
#8585=AXIS2_PLACEMENT_3D('',#12556,#10411,#10412);
#8586=AXIS2_PLACEMENT_3D('',#12557,#10413,#10414);
#8587=AXIS2_PLACEMENT_3D('',#12566,#10419,#10420);
#8588=AXIS2_PLACEMENT_3D('',#12572,#10424,#10425);
#8589=AXIS2_PLACEMENT_3D('',#12578,#10429,#10430);
#8590=AXIS2_PLACEMENT_3D('',#12584,#10434,#10435);
#8591=AXIS2_PLACEMENT_3D('',#12587,#10438,#10439);
#8592=AXIS2_PLACEMENT_3D('',#12588,#10440,#10441);
#8593=AXIS2_PLACEMENT_3D('',#12589,#10442,#10443);
#8594=AXIS2_PLACEMENT_3D('',#12590,#10444,#10445);
#8595=AXIS2_PLACEMENT_3D('',#12591,#10446,#10447);
#8596=AXIS2_PLACEMENT_3D('',#12592,#10448,#10449);
#8597=AXIS2_PLACEMENT_3D('',#12593,#10450,#10451);
#8598=AXIS2_PLACEMENT_3D('',#12734,#10452,#10453);
#8599=AXIS2_PLACEMENT_3D('',#12875,#10454,#10455);
#8600=AXIS2_PLACEMENT_3D('',#12876,#10456,#10457);
#8601=AXIS2_PLACEMENT_3D('',#12877,#10458,#10459);
#8602=AXIS2_PLACEMENT_3D('',#12878,#10460,#10461);
#8603=AXIS2_PLACEMENT_3D('',#12879,#10462,#10463);
#8604=AXIS2_PLACEMENT_3D('',#12880,#10464,#10465);
#8605=AXIS2_PLACEMENT_3D('',#12883,#10466,#10467);
#8606=AXIS2_PLACEMENT_3D('',#12884,#10468,#10469);
#8607=AXIS2_PLACEMENT_3D('',#12885,#10470,#10471);
#8608=AXIS2_PLACEMENT_3D('',#12886,#10472,#10473);
#8609=AXIS2_PLACEMENT_3D('',#12888,#10474,#10475);
#8610=AXIS2_PLACEMENT_3D('',#12891,#10477,#10478);
#8611=AXIS2_PLACEMENT_3D('',#12892,#10479,#10480);
#8612=AXIS2_PLACEMENT_3D('',#12894,#10481,#10482);
#8613=AXIS2_PLACEMENT_3D('',#12897,#10484,#10485);
#8614=AXIS2_PLACEMENT_3D('',#12898,#10486,#10487);
#8615=AXIS2_PLACEMENT_3D('',#12899,#10488,#10489);
#8616=AXIS2_PLACEMENT_3D('',#12900,#10490,#10491);
#8617=AXIS2_PLACEMENT_3D('',#12901,#10492,#10493);
#8618=AXIS2_PLACEMENT_3D('',#12902,#10494,#10495);
#8619=AXIS2_PLACEMENT_3D('',#12903,#10496,#10497);
#8620=AXIS2_PLACEMENT_3D('',#12904,#10498,#10499);
#8621=AXIS2_PLACEMENT_3D('',#12905,#10500,#10501);
#8622=AXIS2_PLACEMENT_3D('',#12906,#10502,#10503);
#8623=AXIS2_PLACEMENT_3D('',#12907,#10504,#10505);
#8624=AXIS2_PLACEMENT_3D('',#12908,#10506,#10507);
#8625=AXIS2_PLACEMENT_3D('',#12909,#10508,#10509);
#8626=AXIS2_PLACEMENT_3D('',#12911,#10510,#10511);
#8627=AXIS2_PLACEMENT_3D('',#12914,#10513,#10514);
#8628=AXIS2_PLACEMENT_3D('',#12915,#10515,#10516);
#8629=AXIS2_PLACEMENT_3D('',#12917,#10517,#10518);
#8630=AXIS2_PLACEMENT_3D('',#12920,#10520,#10521);
#8631=AXIS2_PLACEMENT_3D('',#12921,#10522,#10523);
#8632=AXIS2_PLACEMENT_3D('',#12922,#10524,#10525);
#8633=AXIS2_PLACEMENT_3D('',#12923,#10526,#10527);
#8634=AXIS2_PLACEMENT_3D('',#12924,#10528,#10529);
#8635=AXIS2_PLACEMENT_3D('',#12925,#10530,#10531);
#8636=AXIS2_PLACEMENT_3D('',#12926,#10532,#10533);
#8637=AXIS2_PLACEMENT_3D('',#12927,#10534,#10535);
#8638=AXIS2_PLACEMENT_3D('',#12928,#10536,#10537);
#8639=AXIS2_PLACEMENT_3D('',#12937,#10542,#10543);
#8640=AXIS2_PLACEMENT_3D('',#12943,#10547,#10548);
#8641=AXIS2_PLACEMENT_3D('',#12949,#10552,#10553);
#8642=AXIS2_PLACEMENT_3D('',#12952,#10556,#10557);
#8643=AXIS2_PLACEMENT_3D('',#12953,#10558,#10559);
#8644=AXIS2_PLACEMENT_3D('',#12954,#10560,#10561);
#8645=AXIS2_PLACEMENT_3D('',#12955,#10562,#10563);
#8646=AXIS2_PLACEMENT_3D('',#12958,#10564,#10565);
#8647=AXIS2_PLACEMENT_3D('',#12962,#10567,#10568);
#8648=AXIS2_PLACEMENT_3D('',#12964,#10570,#10571);
#8649=AXIS2_PLACEMENT_3D('',#12970,#10575,#10576);
#8650=AXIS2_PLACEMENT_3D('',#12972,#10577,#10578);
#8651=AXIS2_PLACEMENT_3D('',#12975,#10580,#10581);
#8652=AXIS2_PLACEMENT_3D('',#12976,#10582,#10583);
#8653=AXIS2_PLACEMENT_3D('',#12979,#10586,#10587);
#8654=AXIS2_PLACEMENT_3D('',#12988,#10592,#10593);
#8655=AXIS2_PLACEMENT_3D('',#12990,#10594,#10595);
#8656=AXIS2_PLACEMENT_3D('',#12993,#10597,#10598);
#8657=AXIS2_PLACEMENT_3D('',#12994,#10599,#10600);
#8658=AXIS2_PLACEMENT_3D('',#13000,#10604,#10605);
#8659=AXIS2_PLACEMENT_3D('',#13001,#10606,#10607);
#8660=AXIS2_PLACEMENT_3D('',#13002,#10608,#10609);
#8661=AXIS2_PLACEMENT_3D('',#13003,#10610,#10611);
#8662=AXIS2_PLACEMENT_3D('',#13006,#10612,#10613);
#8663=AXIS2_PLACEMENT_3D('',#13010,#10615,#10616);
#8664=AXIS2_PLACEMENT_3D('',#13012,#10618,#10619);
#8665=AXIS2_PLACEMENT_3D('',#13015,#10620,#10621);
#8666=AXIS2_PLACEMENT_3D('',#13019,#10623,#10624);
#8667=AXIS2_PLACEMENT_3D('',#13021,#10626,#10627);
#8668=AXIS2_PLACEMENT_3D('',#13024,#10630,#10631);
#8669=AXIS2_PLACEMENT_3D('',#13027,#10634,#10635);
#8670=AXIS2_PLACEMENT_3D('',#13033,#10639,#10640);
#8671=AXIS2_PLACEMENT_3D('',#13035,#10641,#10642);
#8672=AXIS2_PLACEMENT_3D('',#13041,#10646,#10647);
#8673=AXIS2_PLACEMENT_3D('',#13047,#10651,#10652);
#8674=AXIS2_PLACEMENT_3D('',#13049,#10654,#10655);
#8675=AXIS2_PLACEMENT_3D('',#13051,#10656,#10657);
#8676=AXIS2_PLACEMENT_3D('',#13053,#10659,#10660);
#8677=AXIS2_PLACEMENT_3D('',#13055,#10662,#10663);
#8678=AXIS2_PLACEMENT_3D('',#13056,#10664,#10665);
#8679=AXIS2_PLACEMENT_3D('',#13065,#10670,#10671);
#8680=AXIS2_PLACEMENT_3D('',#13068,#10674,#10675);
#8681=AXIS2_PLACEMENT_3D('',#13071,#10678,#10679);
#8682=AXIS2_PLACEMENT_3D('',#13072,#10680,#10681);
#8683=AXIS2_PLACEMENT_3D('',#13073,#10682,#10683);
#8684=AXIS2_PLACEMENT_3D('',#13074,#10684,#10685);
#8685=AXIS2_PLACEMENT_3D('',#13077,#10686,#10687);
#8686=AXIS2_PLACEMENT_3D('',#13081,#10689,#10690);
#8687=AXIS2_PLACEMENT_3D('',#13083,#10692,#10693);
#8688=AXIS2_PLACEMENT_3D('',#13086,#10694,#10695);
#8689=AXIS2_PLACEMENT_3D('',#13090,#10697,#10698);
#8690=AXIS2_PLACEMENT_3D('',#13092,#10700,#10701);
#8691=AXIS2_PLACEMENT_3D('',#13095,#10704,#10705);
#8692=AXIS2_PLACEMENT_3D('',#13098,#10708,#10709);
#8693=AXIS2_PLACEMENT_3D('',#13104,#10713,#10714);
#8694=AXIS2_PLACEMENT_3D('',#13106,#10715,#10716);
#8695=AXIS2_PLACEMENT_3D('',#13112,#10720,#10721);
#8696=AXIS2_PLACEMENT_3D('',#13118,#10725,#10726);
#8697=AXIS2_PLACEMENT_3D('',#13120,#10728,#10729);
#8698=AXIS2_PLACEMENT_3D('',#13122,#10730,#10731);
#8699=AXIS2_PLACEMENT_3D('',#13124,#10733,#10734);
#8700=AXIS2_PLACEMENT_3D('',#13126,#10736,#10737);
#8701=AXIS2_PLACEMENT_3D('',#13127,#10738,#10739);
#8702=AXIS2_PLACEMENT_3D('',#13136,#10744,#10745);
#8703=AXIS2_PLACEMENT_3D('',#13139,#10748,#10749);
#8704=AXIS2_PLACEMENT_3D('',#13142,#10752,#10753);
#8705=AXIS2_PLACEMENT_3D('',#13143,#10754,#10755);
#8706=AXIS2_PLACEMENT_3D('',#13144,#10756,#10757);
#8707=AXIS2_PLACEMENT_3D('',#13145,#10758,#10759);
#8708=AXIS2_PLACEMENT_3D('',#13148,#10760,#10761);
#8709=AXIS2_PLACEMENT_3D('',#13152,#10763,#10764);
#8710=AXIS2_PLACEMENT_3D('',#13154,#10766,#10767);
#8711=AXIS2_PLACEMENT_3D('',#13160,#10771,#10772);
#8712=AXIS2_PLACEMENT_3D('',#13162,#10773,#10774);
#8713=AXIS2_PLACEMENT_3D('',#13166,#10776,#10777);
#8714=AXIS2_PLACEMENT_3D('',#13170,#10779,#10780);
#8715=AXIS2_PLACEMENT_3D('',#13173,#10782,#10783);
#8716=AXIS2_PLACEMENT_3D('',#13175,#10784,#10785);
#8717=AXIS2_PLACEMENT_3D('',#13176,#10786,#10787);
#8718=AXIS2_PLACEMENT_3D('',#13178,#10788,#10789);
#8719=AXIS2_PLACEMENT_3D('',#13180,#10791,#10792);
#8720=AXIS2_PLACEMENT_3D('',#13184,#10795,#10796);
#8721=AXIS2_PLACEMENT_3D('',#13186,#10797,#10798);
#8722=AXIS2_PLACEMENT_3D('',#13188,#10800,#10801);
#8723=AXIS2_PLACEMENT_3D('',#13192,#10804,#10805);
#8724=AXIS2_PLACEMENT_3D('',#13194,#10806,#10807);
#8725=AXIS2_PLACEMENT_3D('',#13196,#10809,#10810);
#8726=AXIS2_PLACEMENT_3D('',#13198,#10811,#10812);
#8727=AXIS2_PLACEMENT_3D('',#13200,#10814,#10815);
#8728=AXIS2_PLACEMENT_3D('',#13202,#10816,#10817);
#8729=AXIS2_PLACEMENT_3D('',#13204,#10819,#10820);
#8730=AXIS2_PLACEMENT_3D('',#13206,#10822,#10823);
#8731=AXIS2_PLACEMENT_3D('',#13207,#10824,#10825);
#8732=AXIS2_PLACEMENT_3D('',#13208,#10826,#10827);
#8733=AXIS2_PLACEMENT_3D('',#13210,#10828,#10829);
#8734=AXIS2_PLACEMENT_3D('',#13212,#10830,#10831);
#8735=AXIS2_PLACEMENT_3D('',#13213,#10832,#10833);
#8736=AXIS2_PLACEMENT_3D('',#13214,#10834,#10835);
#8737=AXIS2_PLACEMENT_3D('',#13216,#10836,#10837);
#8738=AXIS2_PLACEMENT_3D('',#13218,#10838,#10839);
#8739=AXIS2_PLACEMENT_3D('',#13219,#10840,#10841);
#8740=AXIS2_PLACEMENT_3D('',#13220,#10842,#10843);
#8741=AXIS2_PLACEMENT_3D('',#13221,#10844,#10845);
#8742=AXIS2_PLACEMENT_3D('',#13222,#10846,#10847);
#8743=AXIS2_PLACEMENT_3D('',#13223,#10848,#10849);
#8744=AXIS2_PLACEMENT_3D('',#13224,#10850,#10851);
#8745=AXIS2_PLACEMENT_3D('',#13225,#10852,#10853);
#8746=AXIS2_PLACEMENT_3D('',#13226,#10854,#10855);
#8747=AXIS2_PLACEMENT_3D('',#13227,#10856,#10857);
#8748=AXIS2_PLACEMENT_3D('',#13229,#10858,#10859);
#8749=AXIS2_PLACEMENT_3D('',#13232,#10861,#10862);
#8750=AXIS2_PLACEMENT_3D('',#13233,#10863,#10864);
#8751=AXIS2_PLACEMENT_3D('',#13235,#10865,#10866);
#8752=AXIS2_PLACEMENT_3D('',#13238,#10868,#10869);
#8753=AXIS2_PLACEMENT_3D('',#13239,#10870,#10871);
#8754=AXIS2_PLACEMENT_3D('',#13240,#10872,#10873);
#8755=AXIS2_PLACEMENT_3D('',#13241,#10874,#10875);
#8756=AXIS2_PLACEMENT_3D('',#13242,#10876,#10877);
#8757=AXIS2_PLACEMENT_3D('',#13243,#10878,#10879);
#8758=AXIS2_PLACEMENT_3D('',#13244,#10880,#10881);
#8759=AXIS2_PLACEMENT_3D('',#13245,#10882,#10883);
#8760=AXIS2_PLACEMENT_3D('',#13246,#10884,#10885);
#8761=AXIS2_PLACEMENT_3D('',#13248,#10886,#10887);
#8762=AXIS2_PLACEMENT_3D('',#13250,#10888,#10889);
#8763=AXIS2_PLACEMENT_3D('',#13251,#10890,#10891);
#8764=AXIS2_PLACEMENT_3D('',#13252,#10892,#10893);
#8765=AXIS2_PLACEMENT_3D('',#13254,#10894,#10895);
#8766=AXIS2_PLACEMENT_3D('',#13256,#10896,#10897);
#8767=AXIS2_PLACEMENT_3D('',#13257,#10898,#10899);
#8768=AXIS2_PLACEMENT_3D('',#13258,#10900,#10901);
#8769=AXIS2_PLACEMENT_3D('',#13259,#10902,#10903);
#8770=AXIS2_PLACEMENT_3D('',#13260,#10904,#10905);
#8771=AXIS2_PLACEMENT_3D('',#13261,#10906,#10907);
#8772=AXIS2_PLACEMENT_3D('',#13262,#10908,#10909);
#8773=AXIS2_PLACEMENT_3D('',#13263,#10910,#10911);
#8774=AXIS2_PLACEMENT_3D('',#13264,#10912,#10913);
#8775=AXIS2_PLACEMENT_3D('',#13265,#10914,#10915);
#8776=AXIS2_PLACEMENT_3D('',#13267,#10916,#10917);
#8777=AXIS2_PLACEMENT_3D('',#13269,#10918,#10919);
#8778=AXIS2_PLACEMENT_3D('',#13270,#10920,#10921);
#8779=AXIS2_PLACEMENT_3D('',#13272,#10922,#10923);
#8780=AXIS2_PLACEMENT_3D('',#13274,#10924,#10925);
#8781=AXIS2_PLACEMENT_3D('',#13275,#10926,#10927);
#8782=AXIS2_PLACEMENT_3D('',#13277,#10929,#10930);
#8783=AXIS2_PLACEMENT_3D('',#13279,#10932,#10933);
#8784=AXIS2_PLACEMENT_3D('',#13280,#10934,#10935);
#8785=AXIS2_PLACEMENT_3D('',#13281,#10936,#10937);
#8786=AXIS2_PLACEMENT_3D('',#13282,#10938,#10939);
#8787=AXIS2_PLACEMENT_3D('',#13283,#10940,#10941);
#8788=AXIS2_PLACEMENT_3D('',#13284,#10942,#10943);
#8789=AXIS2_PLACEMENT_3D('',#13285,#10944,#10945);
#8790=AXIS2_PLACEMENT_3D('',#13286,#10946,#10947);
#8791=AXIS2_PLACEMENT_3D('',#13287,#10948,#10949);
#8792=AXIS2_PLACEMENT_3D('',#13288,#10950,#10951);
#8793=AXIS2_PLACEMENT_3D('',#13291,#10952,#10953);
#8794=AXIS2_PLACEMENT_3D('',#13301,#10958,#10959);
#8795=AXIS2_PLACEMENT_3D('',#13305,#10961,#10962);
#8796=AXIS2_PLACEMENT_3D('',#13307,#10964,#10965);
#8797=AXIS2_PLACEMENT_3D('',#13313,#10969,#10970);
#8798=AXIS2_PLACEMENT_3D('',#13316,#10972,#10973);
#8799=AXIS2_PLACEMENT_3D('',#13317,#10974,#10975);
#8800=AXIS2_PLACEMENT_3D('',#13321,#10978,#10979);
#8801=AXIS2_PLACEMENT_3D('',#13324,#10981,#10982);
#8802=AXIS2_PLACEMENT_3D('',#13325,#10983,#10984);
#8803=AXIS2_PLACEMENT_3D('',#13329,#10987,#10988);
#8804=AXIS2_PLACEMENT_3D('',#13333,#10991,#10992);
#8805=AXIS2_PLACEMENT_3D('',#13337,#10995,#10996);
#8806=AXIS2_PLACEMENT_3D('',#13341,#10999,#11000);
#8807=AXIS2_PLACEMENT_3D('',#13342,#11001,#11002);
#8808=AXIS2_PLACEMENT_3D('',#13343,#11003,#11004);
#8809=AXIS2_PLACEMENT_3D('',#13344,#11005,#11006);
#8810=AXIS2_PLACEMENT_3D('',#13345,#11007,#11008);
#8811=AXIS2_PLACEMENT_3D('',#13346,#11009,#11010);
#8812=AXIS2_PLACEMENT_3D('',#13347,#11011,#11012);
#8813=AXIS2_PLACEMENT_3D('',#13348,#11013,#11014);
#8814=AXIS2_PLACEMENT_3D('',#13349,#11015,#11016);
#8815=AXIS2_PLACEMENT_3D('',#13350,#11017,#11018);
#8816=AXIS2_PLACEMENT_3D('',#13351,#11019,#11020);
#8817=AXIS2_PLACEMENT_3D('',#13352,#11021,#11022);
#8818=AXIS2_PLACEMENT_3D('',#13353,#11023,#11024);
#8819=AXIS2_PLACEMENT_3D('',#13354,#11025,#11026);
#8820=AXIS2_PLACEMENT_3D('',#13355,#11027,#11028);
#8821=AXIS2_PLACEMENT_3D('',#13356,#11029,#11030);
#8822=AXIS2_PLACEMENT_3D('',#13357,#11031,#11032);
#8823=AXIS2_PLACEMENT_3D('',#13358,#11033,#11034);
#8824=AXIS2_PLACEMENT_3D('',#13359,#11035,#11036);
#8825=AXIS2_PLACEMENT_3D('',#13360,#11037,#11038);
#8826=AXIS2_PLACEMENT_3D('',#13361,#11039,#11040);
#8827=AXIS2_PLACEMENT_3D('',#13362,#11041,#11042);
#8828=AXIS2_PLACEMENT_3D('',#13363,#11043,#11044);
#8829=AXIS2_PLACEMENT_3D('',#13364,#11045,#11046);
#8830=AXIS2_PLACEMENT_3D('',#13365,#11047,#11048);
#8831=AXIS2_PLACEMENT_3D('',#13366,#11049,#11050);
#8832=AXIS2_PLACEMENT_3D('',#13367,#11051,#11052);
#8833=AXIS2_PLACEMENT_3D('',#13368,#11053,#11054);
#8834=AXIS2_PLACEMENT_3D('',#13369,#11055,#11056);
#8835=AXIS2_PLACEMENT_3D('',#13370,#11057,#11058);
#8836=AXIS2_PLACEMENT_3D('',#13371,#11059,#11060);
#8837=AXIS2_PLACEMENT_3D('',#13372,#11061,#11062);
#8838=AXIS2_PLACEMENT_3D('',#13373,#11063,#11064);
#8839=AXIS2_PLACEMENT_3D('',#13374,#11065,#11066);
#8840=AXIS2_PLACEMENT_3D('',#13375,#11067,#11068);
#8841=AXIS2_PLACEMENT_3D('',#13376,#11069,#11070);
#8842=AXIS2_PLACEMENT_3D('',#13377,#11071,#11072);
#8843=AXIS2_PLACEMENT_3D('',#13378,#11073,#11074);
#8844=AXIS2_PLACEMENT_3D('',#13379,#11075,#11076);
#8845=AXIS2_PLACEMENT_3D('',#13380,#11077,#11078);
#8846=AXIS2_PLACEMENT_3D('',#13381,#11079,#11080);
#8847=AXIS2_PLACEMENT_3D('',#13382,#11081,#11082);
#8848=AXIS2_PLACEMENT_3D('',#13383,#11083,#11084);
#8849=AXIS2_PLACEMENT_3D('',#13384,#11085,#11086);
#8850=AXIS2_PLACEMENT_3D('',#13385,#11087,#11088);
#8851=AXIS2_PLACEMENT_3D('',#13386,#11089,#11090);
#8852=AXIS2_PLACEMENT_3D('',#13387,#11091,#11092);
#8853=AXIS2_PLACEMENT_3D('',#13388,#11093,#11094);
#8854=AXIS2_PLACEMENT_3D('',#13389,#11095,#11096);
#8855=AXIS2_PLACEMENT_3D('',#13390,#11097,#11098);
#8856=AXIS2_PLACEMENT_3D('',#13391,#11099,#11100);
#8857=AXIS2_PLACEMENT_3D('',#13392,#11101,#11102);
#8858=AXIS2_PLACEMENT_3D('',#13393,#11103,#11104);
#8859=AXIS2_PLACEMENT_3D('',#13394,#11105,#11106);
#8860=AXIS2_PLACEMENT_3D('',#13395,#11107,#11108);
#8861=AXIS2_PLACEMENT_3D('',#13396,#11109,#11110);
#8862=AXIS2_PLACEMENT_3D('',#13397,#11111,#11112);
#8863=AXIS2_PLACEMENT_3D('',#13398,#11113,#11114);
#8864=AXIS2_PLACEMENT_3D('',#13399,#11115,#11116);
#8865=AXIS2_PLACEMENT_3D('',#13400,#11117,#11118);
#8866=AXIS2_PLACEMENT_3D('',#13401,#11119,#11120);
#8867=AXIS2_PLACEMENT_3D('',#13402,#11121,#11122);
#8868=AXIS2_PLACEMENT_3D('',#13403,#11123,#11124);
#8869=AXIS2_PLACEMENT_3D('',#13404,#11125,#11126);
#8870=AXIS2_PLACEMENT_3D('',#13405,#11127,#11128);
#8871=AXIS2_PLACEMENT_3D('',#13406,#11129,#11130);
#8872=AXIS2_PLACEMENT_3D('',#13407,#11131,#11132);
#8873=AXIS2_PLACEMENT_3D('',#13408,#11133,#11134);
#8874=DIRECTION('axis',(0.,0.,1.));
#8875=DIRECTION('refdir',(1.,0.,0.));
#8876=DIRECTION('axis',(0.,0.,1.));
#8877=DIRECTION('refdir',(1.,0.,0.));
#8878=DIRECTION('axis',(0.,0.,1.));
#8879=DIRECTION('refdir',(1.,0.,0.));
#8880=DIRECTION('axis',(0.,0.,1.));
#8881=DIRECTION('refdir',(1.,0.,0.));
#8882=DIRECTION('axis',(0.,0.,1.));
#8883=DIRECTION('refdir',(1.,0.,0.));
#8884=DIRECTION('axis',(0.,0.,1.));
#8885=DIRECTION('refdir',(1.,0.,0.));
#8886=DIRECTION('center_axis',(0.,-1.,0.));
#8887=DIRECTION('ref_axis',(1.,0.,0.));
#8888=DIRECTION('center_axis',(1.48029736616688E-16,-1.,0.));
#8889=DIRECTION('ref_axis',(1.,0.,0.));
#8890=DIRECTION('',(0.,-1.,0.));
#8891=DIRECTION('center_axis',(-0.0797452222828901,0.996815278536125,0.));
#8892=DIRECTION('ref_axis',(0.996815278536125,0.0797452222828901,0.));
#8893=DIRECTION('center_axis',(0.,-1.,0.));
#8894=DIRECTION('ref_axis',(1.,0.,0.));
#8895=DIRECTION('center_axis',(1.48029736616688E-16,-1.,0.));
#8896=DIRECTION('ref_axis',(1.,0.,0.));
#8897=DIRECTION('',(0.,-1.,0.));
#8898=DIRECTION('center_axis',(-0.0797452222828901,0.996815278536125,0.));
#8899=DIRECTION('ref_axis',(0.996815278536125,0.0797452222828901,0.));
#8900=DIRECTION('center_axis',(0.,-1.,0.));
#8901=DIRECTION('ref_axis',(1.,0.,0.));
#8902=DIRECTION('center_axis',(1.48029736616688E-16,-1.,0.));
#8903=DIRECTION('ref_axis',(1.,0.,0.));
#8904=DIRECTION('',(0.,-1.,0.));
#8905=DIRECTION('center_axis',(-0.0797452222828901,0.996815278536125,0.));
#8906=DIRECTION('ref_axis',(0.996815278536125,0.0797452222828901,0.));
#8907=DIRECTION('center_axis',(0.,-1.,0.));
#8908=DIRECTION('ref_axis',(1.,0.,0.));
#8909=DIRECTION('center_axis',(1.48029736616688E-16,-1.,0.));
#8910=DIRECTION('ref_axis',(1.,0.,0.));
#8911=DIRECTION('',(0.,-1.,0.));
#8912=DIRECTION('center_axis',(-0.0797452222828901,0.996815278536125,0.));
#8913=DIRECTION('ref_axis',(0.996815278536125,0.0797452222828901,0.));
#8914=DIRECTION('center_axis',(-3.96146542825529E-17,-0.323478200491229,
0.946235622774241));
#8915=DIRECTION('ref_axis',(1.,1.07852076885685E-32,4.18655283410361E-17));
#8916=DIRECTION('center_axis',(-3.96146542825529E-17,-0.323478200491229,
0.946235622774241));
#8917=DIRECTION('ref_axis',(0.,-0.946235622774241,-0.323478200491229));
#8918=DIRECTION('',(0.996445072500599,-0.0797156058000476,-0.0272514161321316));
#8919=DIRECTION('center_axis',(3.96146542825529E-17,0.323478200491229,-0.946235622774241));
#8920=DIRECTION('ref_axis',(0.,-0.946235622774241,-0.323478200491229));
#8921=DIRECTION('',(-1.68985028093554E-14,-0.946235622774241,-0.323478200491229));
#8922=DIRECTION('',(-1.,-1.48029736616688E-16,0.));
#8923=DIRECTION('',(-1.20060865728513E-16,0.946235622774241,0.323478200491229));
#8924=DIRECTION('',(1.,1.48029736616688E-16,9.24706753757311E-17));
#8925=DIRECTION('',(1.97149199442479E-14,-0.946235622774241,-0.323478200491229));
#8926=DIRECTION('center_axis',(3.96146542825529E-17,0.323478200491229,-0.946235622774241));
#8927=DIRECTION('ref_axis',(2.3636982940301E-16,0.946235622774241,0.323478200491229));
#8928=DIRECTION('',(-0.996445072500599,-0.079715605800048,-0.0272514161321318));
#8929=DIRECTION('center_axis',(-3.96146542825529E-17,-0.323478200491229,
0.946235622774241));
#8930=DIRECTION('ref_axis',(1.44448229079617E-16,0.946235622774241,0.323478200491229));
#8931=DIRECTION('',(5.15303210913063E-16,-0.946235622774241,-0.323478200491229));
#8932=DIRECTION('center_axis',(1.48029736616688E-16,-1.,0.));
#8933=DIRECTION('ref_axis',(0.,0.,-1.));
#8934=DIRECTION('',(0.,0.,-1.));
#8935=DIRECTION('',(1.,1.48029736616688E-16,0.));
#8936=DIRECTION('',(0.,0.,-1.));
#8937=DIRECTION('center_axis',(-1.,-2.08351064679285E-14,0.));
#8938=DIRECTION('ref_axis',(0.,0.,1.));
#8939=DIRECTION('',(2.08351064679285E-14,-1.,0.));
#8940=DIRECTION('',(0.,0.,-1.));
#8941=DIRECTION('center_axis',(0.,0.,1.));
#8942=DIRECTION('ref_axis',(-0.0797452222828914,0.996815278536125,0.));
#8943=DIRECTION('center_axis',(0.,0.,-1.));
#8944=DIRECTION('ref_axis',(-0.0797452222828914,0.996815278536125,0.));
#8945=DIRECTION('',(0.,0.,-1.));
#8946=DIRECTION('center_axis',(-0.0797452222828901,0.996815278536125,0.));
#8947=DIRECTION('ref_axis',(0.,0.,1.));
#8948=DIRECTION('',(-0.996815278536125,-0.07974522228289,0.));
#8949=DIRECTION('',(0.,0.,-1.));
#8950=DIRECTION('center_axis',(0.,0.,1.));
#8951=DIRECTION('ref_axis',(-0.0797452222828901,0.996815278536125,0.));
#8952=DIRECTION('center_axis',(0.,0.,1.));
#8953=DIRECTION('ref_axis',(-0.0797452222828901,0.996815278536125,0.));
#8954=DIRECTION('',(0.,0.,-1.));
#8955=DIRECTION('center_axis',(-1.,-5.44582341343545E-16,0.));
#8956=DIRECTION('ref_axis',(0.,0.,1.));
#8957=DIRECTION('',(5.44582341343545E-16,-1.,0.));
#8958=DIRECTION('',(0.,0.,-1.));
#8959=DIRECTION('center_axis',(0.,0.,1.));
#8960=DIRECTION('ref_axis',(-1.,0.,0.));
#8961=DIRECTION('center_axis',(0.,0.,1.));
#8962=DIRECTION('ref_axis',(-1.,0.,0.));
#8963=DIRECTION('',(0.,0.,-1.));
#8964=DIRECTION('center_axis',(-0.0797452222828896,-0.996815278536125,0.));
#8965=DIRECTION('ref_axis',(0.,0.,-1.));
#8966=DIRECTION('',(0.996815278536125,-0.0797452222828896,0.));
#8967=DIRECTION('',(0.,0.,-1.));
#8968=DIRECTION('center_axis',(0.,0.,1.));
#8969=DIRECTION('ref_axis',(-1.,0.,0.));
#8970=DIRECTION('center_axis',(0.,0.,-1.));
#8971=DIRECTION('ref_axis',(-1.,0.,0.));
#8972=DIRECTION('',(0.,0.,-1.));
#8973=DIRECTION('center_axis',(-1.,1.78586626867958E-14,0.));
#8974=DIRECTION('ref_axis',(0.,0.,1.));
#8975=DIRECTION('',(-1.78586626867958E-14,-1.,0.));
#8976=DIRECTION('',(0.,0.,-1.));
#8977=DIRECTION('center_axis',(-1.48029736616688E-16,1.,0.));
#8978=DIRECTION('ref_axis',(0.,0.,1.));
#8979=DIRECTION('',(-1.,-1.48029736616688E-16,0.));
#8980=DIRECTION('',(0.,0.,-1.));
#8981=DIRECTION('center_axis',(1.,1.26882631385732E-16,0.));
#8982=DIRECTION('ref_axis',(0.,0.,-1.));
#8983=DIRECTION('',(-1.26882631385732E-16,1.,0.));
#8984=DIRECTION('center_axis',(0.,0.,1.));
#8985=DIRECTION('ref_axis',(1.,0.,0.));
#8986=DIRECTION('axis',(0.,0.,1.));
#8987=DIRECTION('refdir',(1.,0.,0.));
#8988=DIRECTION('center_axis',(-3.96146542825529E-17,-0.323478200491228,
-0.946235622774242));
#8989=DIRECTION('ref_axis',(-1.,9.24446373305873E-33,4.1865528341036E-17));
#8990=DIRECTION('',(-1.,-1.48029736616688E-16,9.24706753757309E-17));
#8991=DIRECTION('',(1.20060865728513E-16,-0.946235622774242,0.323478200491228));
#8992=DIRECTION('',(-1.,-1.48029736616688E-16,0.));
#8993=DIRECTION('',(1.68985028093554E-14,0.946235622774242,-0.323478200491228));
#8994=DIRECTION('center_axis',(3.96146542825529E-17,0.323478200491228,0.946235622774242));
#8995=DIRECTION('ref_axis',(0.,-0.946235622774242,0.323478200491228));
#8996=DIRECTION('',(-0.996445072500599,0.0797156058000476,-0.0272514161321315));
#8997=DIRECTION('center_axis',(-3.96146542825529E-17,-0.323478200491228,
-0.946235622774242));
#8998=DIRECTION('ref_axis',(0.,-0.946235622774242,0.323478200491228));
#8999=DIRECTION('',(-5.15303210913064E-16,0.946235622774242,-0.323478200491228));
#9000=DIRECTION('center_axis',(-3.96146542825529E-17,-0.323478200491228,
-0.946235622774242));
#9001=DIRECTION('ref_axis',(9.19216003233926E-17,0.946235622774242,-0.323478200491228));
#9002=DIRECTION('',(0.996445072500599,0.079715605800048,-0.0272514161321317));
#9003=DIRECTION('center_axis',(3.96146542825529E-17,0.323478200491228,0.946235622774242));
#9004=DIRECTION('ref_axis',(5.25266287562244E-17,0.946235622774242,-0.323478200491228));
#9005=DIRECTION('',(-1.97149199442479E-14,0.946235622774242,-0.323478200491228));
#9006=DIRECTION('center_axis',(0.,0.,1.));
#9007=DIRECTION('ref_axis',(-1.,0.,0.));
#9008=DIRECTION('',(0.,0.,-1.));
#9009=DIRECTION('center_axis',(7.80337481164387E-17,-0.790723707613913,
0.612173192991417));
#9010=DIRECTION('ref_axis',(-6.16297582203915E-33,-0.612173192991417,-0.790723707613913));
#9011=DIRECTION('',(0.,0.,-1.));
#9012=DIRECTION('center_axis',(-1.,-5.44582341343545E-16,0.));
#9013=DIRECTION('ref_axis',(0.,0.,1.));
#9014=DIRECTION('',(3.3337871074702E-16,-0.612173192991417,-0.790723707613913));
#9015=DIRECTION('',(0.,0.,-1.));
#9016=DIRECTION('center_axis',(0.,0.,1.));
#9017=DIRECTION('ref_axis',(-0.0797452222828901,0.996815278536125,0.));
#9018=DIRECTION('center_axis',(7.80337481164387E-17,-0.790723707613913,
0.612173192991417));
#9019=DIRECTION('ref_axis',(-6.79648773917371E-17,0.612173192991417,0.790723707613913));
#9020=DIRECTION('',(0.,0.,-1.));
#9021=DIRECTION('center_axis',(-0.0797452222828901,0.996815278536125,0.));
#9022=DIRECTION('ref_axis',(0.,0.,1.));
#9023=DIRECTION('',(-0.991568946470941,-0.0793255157176754,-0.102462124468664));
#9024=DIRECTION('',(0.,0.,-1.));
#9025=DIRECTION('center_axis',(0.,0.,1.));
#9026=DIRECTION('ref_axis',(-0.0797452222828914,0.996815278536125,0.));
#9027=DIRECTION('center_axis',(-7.80337481164387E-17,0.790723707613913,
-0.612173192991417));
#9028=DIRECTION('ref_axis',(-6.79648773917371E-17,0.612173192991417,0.790723707613913));
#9029=DIRECTION('',(0.,0.,-1.));
#9030=DIRECTION('center_axis',(-1.,-2.08351064679285E-14,0.));
#9031=DIRECTION('ref_axis',(0.,0.,1.));
#9032=DIRECTION('',(1.27546936527879E-14,-0.612173192991417,-0.790723707613913));
#9033=DIRECTION('',(0.,0.,-1.));
#9034=DIRECTION('center_axis',(-7.80337481164387E-17,0.790723707613913,
-0.612173192991417));
#9035=DIRECTION('ref_axis',(-7.76741455905567E-17,0.612173192991417,0.790723707613913));
#9036=DIRECTION('',(1.,1.48029736616688E-16,6.37350254877408E-17));
#9037=DIRECTION('',(0.991568946470942,-0.0793255157176749,-0.102462124468663));
#9038=DIRECTION('center_axis',(-7.80337481164387E-17,0.790723707613913,
-0.612173192991417));
#9039=DIRECTION('ref_axis',(-6.16297582203915E-33,-0.612173192991417,-0.790723707613913));
#9040=DIRECTION('',(-1.09325945595325E-14,-0.612173192991417,-0.790723707613913));
#9041=DIRECTION('',(-1.,-1.48029736616688E-16,0.));
#9042=DIRECTION('',(-7.76741455905567E-17,0.612173192991417,0.790723707613913));
#9043=DIRECTION('center_axis',(1.48029736616688E-16,-1.,0.));
#9044=DIRECTION('ref_axis',(0.,0.,-1.));
#9045=DIRECTION('',(0.,0.,-1.));
#9046=DIRECTION('center_axis',(-0.0797452222828896,-0.996815278536125,0.));
#9047=DIRECTION('ref_axis',(0.,0.,-1.));
#9048=DIRECTION('',(0.,0.,-1.));
#9049=DIRECTION('center_axis',(0.,0.,1.));
#9050=DIRECTION('ref_axis',(-1.,0.,0.));
#9051=DIRECTION('',(0.,0.,-1.));
#9052=DIRECTION('center_axis',(-1.,1.78586626867958E-14,0.));
#9053=DIRECTION('ref_axis',(0.,0.,1.));
#9054=DIRECTION('',(0.,0.,-1.));
#9055=DIRECTION('center_axis',(-1.48029736616688E-16,1.,0.));
#9056=DIRECTION('ref_axis',(0.,0.,1.));
#9057=DIRECTION('',(0.,0.,-1.));
#9058=DIRECTION('center_axis',(1.,1.26882631385732E-16,0.));
#9059=DIRECTION('ref_axis',(0.,0.,-1.));
#9060=DIRECTION('',(-1.,-1.45391201139155E-14,-2.7014985049946E-13));
#9061=DIRECTION('',(2.70149850499445E-13,1.02219215639919E-12,-1.));
#9062=DIRECTION('',(-0.790723707613836,0.612173192991517,-1.27953676194151E-14));
#9063=DIRECTION('',(5.8872434634569E-13,7.3953406563468E-13,-1.));
#9064=DIRECTION('',(-1.04154291392462E-30,-2.0828869690763E-59,1.));
#9065=DIRECTION('',(1.,-1.68139469732681E-29,1.04154291392462E-30));
#9066=DIRECTION('',(-3.08148791101955E-31,-4.98694622600934E-16,1.));
#9067=DIRECTION('',(1.,-4.9236630732418E-30,3.08148791101953E-31));
#9068=DIRECTION('axis',(0.,0.,1.));
#9069=DIRECTION('refdir',(1.,0.,0.));
#9070=DIRECTION('axis',(0.,0.,1.));
#9071=DIRECTION('refdir',(1.,0.,0.));
#9072=DIRECTION('axis',(0.,0.,1.));
#9073=DIRECTION('refdir',(1.,0.,0.));
#9074=DIRECTION('axis',(0.,0.,1.));
#9075=DIRECTION('refdir',(1.,0.,0.));
#9076=DIRECTION('axis',(0.,0.,1.));
#9077=DIRECTION('refdir',(1.,0.,0.));
#9078=DIRECTION('center_axis',(0.,0.,1.));
#9079=DIRECTION('ref_axis',(-1.,0.,0.));
#9080=DIRECTION('center_axis',(0.,0.,1.));
#9081=DIRECTION('ref_axis',(-1.,0.,0.));
#9082=DIRECTION('',(0.,0.,1.));
#9083=DIRECTION('center_axis',(0.,0.,1.));
#9084=DIRECTION('ref_axis',(-1.,0.,0.));
#9085=DIRECTION('',(0.,0.,1.));
#9086=DIRECTION('center_axis',(0.0797452222828896,0.996815278536125,0.));
#9087=DIRECTION('ref_axis',(0.,0.,1.));
#9088=DIRECTION('',(0.996815278536125,-0.0797452222828896,0.));
#9089=DIRECTION('',(0.,0.,1.));
#9090=DIRECTION('',(0.996815278536125,-0.0797452222828896,0.));
#9091=DIRECTION('center_axis',(0.,0.,1.));
#9092=DIRECTION('ref_axis',(-1.,0.,0.));
#9093=DIRECTION('center_axis',(0.,0.,-1.));
#9094=DIRECTION('ref_axis',(-1.,0.,0.));
#9095=DIRECTION('',(0.,0.,1.));
#9096=DIRECTION('center_axis',(0.,0.,-1.));
#9097=DIRECTION('ref_axis',(-1.,0.,0.));
#9098=DIRECTION('center_axis',(1.,-1.78586626867958E-14,0.));
#9099=DIRECTION('ref_axis',(0.,0.,-1.));
#9100=DIRECTION('',(-1.78586626867958E-14,-1.,0.));
#9101=DIRECTION('',(0.,0.,1.));
#9102=DIRECTION('',(-1.78586626867958E-14,-1.,0.));
#9103=DIRECTION('center_axis',(1.48029736616688E-16,-1.,0.));
#9104=DIRECTION('ref_axis',(0.,0.,-1.));
#9105=DIRECTION('',(-1.,-1.48029736616688E-16,0.));
#9106=DIRECTION('',(0.,0.,1.));
#9107=DIRECTION('',(-1.,-1.48029736616688E-16,0.));
#9108=DIRECTION('center_axis',(-1.,-1.26882631385732E-16,0.));
#9109=DIRECTION('ref_axis',(0.,0.,1.));
#9110=DIRECTION('',(-1.26882631385732E-16,1.,0.));
#9111=DIRECTION('',(0.,0.,1.));
#9112=DIRECTION('',(-1.26882631385732E-16,1.,0.));
#9113=DIRECTION('center_axis',(-1.48029736616688E-16,1.,0.));
#9114=DIRECTION('ref_axis',(0.,0.,1.));
#9115=DIRECTION('',(1.,1.48029736616688E-16,0.));
#9116=DIRECTION('',(0.,0.,1.));
#9117=DIRECTION('',(1.,1.48029736616688E-16,0.));
#9118=DIRECTION('center_axis',(1.,2.08351064679285E-14,0.));
#9119=DIRECTION('ref_axis',(0.,0.,-1.));
#9120=DIRECTION('',(2.08351064679285E-14,-1.,0.));
#9121=DIRECTION('',(0.,0.,1.));
#9122=DIRECTION('',(2.08351064679285E-14,-1.,0.));
#9123=DIRECTION('center_axis',(0.,0.,1.));
#9124=DIRECTION('ref_axis',(-0.0797452222828914,0.996815278536125,0.));
#9125=DIRECTION('center_axis',(0.,0.,-1.));
#9126=DIRECTION('ref_axis',(-0.0797452222828914,0.996815278536125,0.));
#9127=DIRECTION('',(0.,0.,1.));
#9128=DIRECTION('center_axis',(0.,0.,-1.));
#9129=DIRECTION('ref_axis',(-0.0797452222828914,0.996815278536125,0.));
#9130=DIRECTION('center_axis',(0.0797452222828901,-0.996815278536125,0.));
#9131=DIRECTION('ref_axis',(0.,0.,-1.));
#9132=DIRECTION('',(-0.996815278536125,-0.07974522228289,0.));
#9133=DIRECTION('',(0.,0.,1.));
#9134=DIRECTION('',(-0.996815278536125,-0.07974522228289,0.));
#9135=DIRECTION('center_axis',(0.,0.,1.));
#9136=DIRECTION('ref_axis',(-0.0797452222828901,0.996815278536125,0.));
#9137=DIRECTION('center_axis',(0.,0.,1.));
#9138=DIRECTION('ref_axis',(-0.0797452222828901,0.996815278536125,0.));
#9139=DIRECTION('',(0.,0.,1.));
#9140=DIRECTION('center_axis',(0.,0.,1.));
#9141=DIRECTION('ref_axis',(-0.0797452222828901,0.996815278536125,0.));
#9142=DIRECTION('center_axis',(1.,5.44582341343545E-16,0.));
#9143=DIRECTION('ref_axis',(0.,0.,-1.));
#9144=DIRECTION('',(5.44582341343545E-16,-1.,0.));
#9145=DIRECTION('',(5.44582341343545E-16,-1.,0.));
#9146=DIRECTION('center_axis',(0.,0.,1.));
#9147=DIRECTION('ref_axis',(1.,0.,0.));
#9148=DIRECTION('center_axis',(0.,0.,1.));
#9149=DIRECTION('ref_axis',(1.,0.,0.));
#9150=DIRECTION('',(0.,0.,1.));
#9151=DIRECTION('',(1.,0.,0.));
#9152=DIRECTION('',(0.,0.,1.));
#9153=DIRECTION('',(-1.,-1.22464679914735E-16,0.));
#9154=DIRECTION('',(0.,0.,1.));
#9155=DIRECTION('',(1.,0.,0.));
#9156=DIRECTION('',(0.,0.,1.));
#9157=DIRECTION('',(1.,0.,0.));
#9158=DIRECTION('axis',(0.,0.,1.));
#9159=DIRECTION('refdir',(1.,0.,0.));
#9160=DIRECTION('center_axis',(0.,0.,-1.));
#9161=DIRECTION('ref_axis',(1.,0.,0.));
#9162=DIRECTION('center_axis',(0.,0.,1.));
#9163=DIRECTION('ref_axis',(1.,0.,0.));
#9164=DIRECTION('',(0.,0.,-1.));
#9165=DIRECTION('center_axis',(0.,0.,-1.));
#9166=DIRECTION('ref_axis',(1.,0.,0.));
#9167=DIRECTION('',(0.,0.,-1.));
#9168=DIRECTION('center_axis',(-1.,-4.44089209850126E-16,0.));
#9169=DIRECTION('ref_axis',(-4.44089209850126E-16,1.,0.));
#9170=DIRECTION('',(4.44089209850126E-16,-1.,0.));
#9171=DIRECTION('',(-4.44089209850126E-16,1.,0.));
#9172=DIRECTION('',(0.,0.,-1.));
#9173=DIRECTION('center_axis',(0.,0.,-1.));
#9174=DIRECTION('ref_axis',(-1.,0.,0.));
#9175=DIRECTION('center_axis',(0.,0.,1.));
#9176=DIRECTION('ref_axis',(-1.,0.,0.));
#9177=DIRECTION('center_axis',(0.,0.,-1.));
#9178=DIRECTION('ref_axis',(-1.,0.,0.));
#9179=DIRECTION('',(0.,0.,-1.));
#9180=DIRECTION('center_axis',(1.,0.,0.));
#9181=DIRECTION('ref_axis',(0.,-1.,0.));
#9182=DIRECTION('',(0.,1.,0.));
#9183=DIRECTION('',(0.,-1.,0.));
#9184=DIRECTION('center_axis',(-1.,-6.66133814775189E-16,0.));
#9185=DIRECTION('ref_axis',(-6.66133814775189E-16,1.,0.));
#9186=DIRECTION('',(6.66133814775189E-16,-1.,0.));
#9187=DIRECTION('',(0.,0.,-1.));
#9188=DIRECTION('',(-6.66133814775189E-16,1.,0.));
#9189=DIRECTION('',(0.,0.,-1.));
#9190=DIRECTION('center_axis',(0.,0.,-1.));
#9191=DIRECTION('ref_axis',(-1.,0.,0.));
#9192=DIRECTION('center_axis',(0.,0.,1.));
#9193=DIRECTION('ref_axis',(-1.,0.,0.));
#9194=DIRECTION('center_axis',(0.,0.,-1.));
#9195=DIRECTION('ref_axis',(-1.,0.,0.));
#9196=DIRECTION('',(0.,0.,-1.));
#9197=DIRECTION('center_axis',(1.,4.44089209850126E-16,0.));
#9198=DIRECTION('ref_axis',(4.44089209850126E-16,-1.,0.));
#9199=DIRECTION('',(-4.44089209850126E-16,1.,0.));
#9200=DIRECTION('',(4.44089209850126E-16,-1.,0.));
#9201=DIRECTION('',(0.,0.,-1.));
#9202=DIRECTION('center_axis',(0.,0.,-1.));
#9203=DIRECTION('ref_axis',(1.,0.,0.));
#9204=DIRECTION('center_axis',(0.,0.,1.));
#9205=DIRECTION('ref_axis',(1.,0.,0.));
#9206=DIRECTION('center_axis',(0.,0.,-1.));
#9207=DIRECTION('ref_axis',(1.,0.,0.));
#9208=DIRECTION('center_axis',(0.,1.,0.));
#9209=DIRECTION('ref_axis',(0.,0.,1.));
#9210=DIRECTION('center_axis',(0.,1.,0.));
#9211=DIRECTION('ref_axis',(-1.357738624134E-16,0.,1.));
#9212=DIRECTION('',(-1.,-6.11974207516715E-17,-2.22044604925031E-16));
#9213=DIRECTION('center_axis',(0.,-1.,0.));
#9214=DIRECTION('ref_axis',(-1.357738624134E-16,0.,1.));
#9215=DIRECTION('',(0.,0.,-1.));
#9216=DIRECTION('center_axis',(1.05975570498247E-13,-1.,-3.65743648095553E-30));
#9217=DIRECTION('ref_axis',(0.,3.65743648095553E-30,-1.));
#9218=DIRECTION('center_axis',(1.05975570498247E-13,-1.,-3.65743648095553E-30));
#9219=DIRECTION('ref_axis',(-1.357738624134E-16,0.,1.));
#9220=DIRECTION('',(0.,0.,1.));
#9221=DIRECTION('center_axis',(-1.05975570498247E-13,1.,3.65743648095553E-30));
#9222=DIRECTION('ref_axis',(-1.357738624134E-16,0.,1.));
#9223=DIRECTION('',(-1.,-6.11974207516715E-17,-2.22044604925031E-16));
#9224=DIRECTION('center_axis',(6.11974207516715E-17,-1.,0.));
#9225=DIRECTION('ref_axis',(-1.357738624134E-16,0.,1.));
#9226=DIRECTION('',(-6.11974207516715E-17,1.,-2.46519032881566E-32));
#9227=DIRECTION('',(6.11974207516715E-17,-1.,0.));
#9228=DIRECTION('center_axis',(6.11974207516715E-17,-1.,0.));
#9229=DIRECTION('ref_axis',(-1.357738624134E-16,0.,1.));
#9230=DIRECTION('',(-6.11974207516715E-17,1.,0.));
#9231=DIRECTION('',(6.11974207516715E-17,-1.,2.46519032881566E-32));
#9232=DIRECTION('center_axis',(2.58379176640036E-15,1.,0.));
#9233=DIRECTION('ref_axis',(0.,0.,1.));
#9234=DIRECTION('',(1.,-2.58379176640036E-15,0.));
#9235=DIRECTION('',(0.,0.,1.));
#9236=DIRECTION('',(-1.,2.58379176640036E-15,0.));
#9237=DIRECTION('center_axis',(0.,0.,1.));
#9238=DIRECTION('ref_axis',(1.,0.,0.));
#9239=DIRECTION('',(-1.,0.,0.));
#9240=DIRECTION('',(7.54932783425521E-17,-1.,0.));
#9241=DIRECTION('',(1.,-2.58379176640036E-15,0.));
#9242=DIRECTION('center_axis',(0.,0.,1.));
#9243=DIRECTION('ref_axis',(-1.,0.,0.));
#9244=DIRECTION('center_axis',(1.,7.54932783425521E-17,0.));
#9245=DIRECTION('ref_axis',(0.,0.,-1.));
#9246=DIRECTION('',(0.,0.,1.));
#9247=DIRECTION('',(-7.54932783425521E-17,1.,0.));
#9248=DIRECTION('',(0.,0.,1.));
#9249=DIRECTION('center_axis',(0.,-1.,0.));
#9250=DIRECTION('ref_axis',(0.,0.,-1.));
#9251=DIRECTION('',(1.,0.,0.));
#9252=DIRECTION('center_axis',(0.,0.,1.));
#9253=DIRECTION('ref_axis',(-1.,0.,0.));
#9254=DIRECTION('',(0.,0.,1.));
#9255=DIRECTION('center_axis',(0.,0.,-1.));
#9256=DIRECTION('ref_axis',(-1.,0.,0.));
#9257=DIRECTION('center_axis',(2.58379176640036E-15,1.,0.));
#9258=DIRECTION('ref_axis',(0.,0.,1.));
#9259=DIRECTION('',(-1.,2.58379176640036E-15,0.));
#9260=DIRECTION('center_axis',(0.,0.,1.));
#9261=DIRECTION('ref_axis',(1.,0.,0.));
#9262=DIRECTION('center_axis',(2.22044604925031E-16,1.85891471696067E-15,
-1.));
#9263=DIRECTION('ref_axis',(-1.,-6.11974207516715E-17,-2.22044604925031E-16));
#9264=DIRECTION('',(-6.11974207516719E-17,1.,1.85891471696067E-15));
#9265=DIRECTION('',(-1.,-6.11974207516715E-17,-2.22044604925031E-16));
#9266=DIRECTION('',(6.11974207516719E-17,-1.,-1.85891471696067E-15));
#9267=DIRECTION('',(-1.,-6.11974207516715E-17,-2.22044604925031E-16));
#9268=DIRECTION('center_axis',(1.84327706601888E-16,-0.790689573743844,
-0.612217280034449));
#9269=DIRECTION('ref_axis',(-1.,-6.11974207516715E-17,-2.22044604925031E-16));
#9270=DIRECTION('',(1.38102235542581E-16,0.612217280034449,-0.790689573743844));
#9271=DIRECTION('',(-1.38102235542581E-16,-0.612217280034449,0.790689573743844));
#9272=DIRECTION('center_axis',(-2.07832380772252E-16,0.655268339386099,
0.755396189690009));
#9273=DIRECTION('ref_axis',(1.,6.11974207516715E-17,2.22044604925031E-16));
#9274=DIRECTION('',(-9.92705010841988E-17,-0.755396189690009,0.655268339386099));
#9275=DIRECTION('',(9.92705010841988E-17,0.755396189690009,-0.655268339386099));
#9276=DIRECTION('center_axis',(-1.,-6.11974207516715E-17,-2.22044604925031E-16));
#9277=DIRECTION('ref_axis',(-2.22044604925031E-16,-6.11974207516715E-17,
1.));
#9278=DIRECTION('center_axis',(-1.,-6.11974207516715E-17,-2.22044604925031E-16));
#9279=DIRECTION('ref_axis',(-2.22044604925031E-16,-6.11974207516715E-17,
1.));
#9280=DIRECTION('axis',(0.,0.,1.));
#9281=DIRECTION('refdir',(1.,0.,0.));
#9282=DIRECTION('center_axis',(0.,1.,0.));
#9283=DIRECTION('ref_axis',(0.,0.,1.));
#9284=DIRECTION('center_axis',(0.,1.,0.));
#9285=DIRECTION('ref_axis',(-1.357738624134E-16,0.,1.));
#9286=DIRECTION('',(-1.,-6.11974207516715E-17,-2.22044604925031E-16));
#9287=DIRECTION('center_axis',(0.,-1.,0.));
#9288=DIRECTION('ref_axis',(-1.357738624134E-16,0.,1.));
#9289=DIRECTION('',(0.,0.,-1.));
#9290=DIRECTION('center_axis',(1.05975570498247E-13,-1.,-3.65743648095553E-30));
#9291=DIRECTION('ref_axis',(0.,3.65743648095553E-30,-1.));
#9292=DIRECTION('center_axis',(1.05975570498247E-13,-1.,-3.65743648095553E-30));
#9293=DIRECTION('ref_axis',(-1.357738624134E-16,0.,1.));
#9294=DIRECTION('',(0.,0.,1.));
#9295=DIRECTION('center_axis',(-1.05975570498247E-13,1.,3.65743648095553E-30));
#9296=DIRECTION('ref_axis',(-1.357738624134E-16,0.,1.));
#9297=DIRECTION('',(-1.,-6.11974207516715E-17,-2.22044604925031E-16));
#9298=DIRECTION('center_axis',(6.11974207516715E-17,-1.,0.));
#9299=DIRECTION('ref_axis',(-1.357738624134E-16,0.,1.));
#9300=DIRECTION('',(-6.11974207516715E-17,1.,-2.46519032881566E-32));
#9301=DIRECTION('',(6.11974207516715E-17,-1.,0.));
#9302=DIRECTION('center_axis',(6.11974207516715E-17,-1.,0.));
#9303=DIRECTION('ref_axis',(-1.357738624134E-16,0.,1.));
#9304=DIRECTION('',(-6.11974207516715E-17,1.,0.));
#9305=DIRECTION('',(6.11974207516715E-17,-1.,2.46519032881566E-32));
#9306=DIRECTION('center_axis',(2.58379176640036E-15,1.,0.));
#9307=DIRECTION('ref_axis',(0.,0.,1.));
#9308=DIRECTION('',(1.,-2.58379176640036E-15,0.));
#9309=DIRECTION('',(0.,0.,1.));
#9310=DIRECTION('',(-1.,2.58379176640036E-15,0.));
#9311=DIRECTION('center_axis',(0.,0.,1.));
#9312=DIRECTION('ref_axis',(1.,0.,0.));
#9313=DIRECTION('',(-1.,0.,0.));
#9314=DIRECTION('',(7.54932783425521E-17,-1.,0.));
#9315=DIRECTION('',(1.,-2.58379176640036E-15,0.));
#9316=DIRECTION('center_axis',(0.,0.,1.));
#9317=DIRECTION('ref_axis',(-1.,0.,0.));
#9318=DIRECTION('center_axis',(1.,7.54932783425521E-17,0.));
#9319=DIRECTION('ref_axis',(0.,0.,-1.));
#9320=DIRECTION('',(0.,0.,1.));
#9321=DIRECTION('',(-7.54932783425521E-17,1.,0.));
#9322=DIRECTION('',(0.,0.,1.));
#9323=DIRECTION('center_axis',(0.,-1.,0.));
#9324=DIRECTION('ref_axis',(0.,0.,-1.));
#9325=DIRECTION('',(1.,0.,0.));
#9326=DIRECTION('center_axis',(0.,0.,1.));
#9327=DIRECTION('ref_axis',(-1.,0.,0.));
#9328=DIRECTION('',(0.,0.,1.));
#9329=DIRECTION('center_axis',(0.,0.,-1.));
#9330=DIRECTION('ref_axis',(-1.,0.,0.));
#9331=DIRECTION('center_axis',(2.58379176640036E-15,1.,0.));
#9332=DIRECTION('ref_axis',(0.,0.,1.));
#9333=DIRECTION('',(-1.,2.58379176640036E-15,0.));
#9334=DIRECTION('center_axis',(0.,0.,1.));
#9335=DIRECTION('ref_axis',(1.,0.,0.));
#9336=DIRECTION('center_axis',(2.22044604925031E-16,1.85891471696067E-15,
-1.));
#9337=DIRECTION('ref_axis',(-1.,-6.11974207516715E-17,-2.22044604925031E-16));
#9338=DIRECTION('',(-6.11974207516719E-17,1.,1.85891471696067E-15));
#9339=DIRECTION('',(-1.,-6.11974207516715E-17,-2.22044604925031E-16));
#9340=DIRECTION('',(6.11974207516719E-17,-1.,-1.85891471696067E-15));
#9341=DIRECTION('',(-1.,-6.11974207516715E-17,-2.22044604925031E-16));
#9342=DIRECTION('center_axis',(1.84327706601888E-16,-0.790689573743844,
-0.612217280034449));
#9343=DIRECTION('ref_axis',(-1.,-6.11974207516715E-17,-2.22044604925031E-16));
#9344=DIRECTION('',(1.38102235542581E-16,0.612217280034449,-0.790689573743844));
#9345=DIRECTION('',(-1.38102235542581E-16,-0.612217280034449,0.790689573743844));
#9346=DIRECTION('center_axis',(-2.07832380772252E-16,0.655268339386099,
0.755396189690009));
#9347=DIRECTION('ref_axis',(1.,6.11974207516715E-17,2.22044604925031E-16));
#9348=DIRECTION('',(-9.92705010841988E-17,-0.755396189690009,0.655268339386099));
#9349=DIRECTION('',(9.92705010841988E-17,0.755396189690009,-0.655268339386099));
#9350=DIRECTION('center_axis',(-1.,-6.11974207516715E-17,-2.22044604925031E-16));
#9351=DIRECTION('ref_axis',(-2.22044604925031E-16,-6.11974207516715E-17,
1.));
#9352=DIRECTION('center_axis',(-1.,-6.11974207516715E-17,-2.22044604925031E-16));
#9353=DIRECTION('ref_axis',(-2.22044604925031E-16,-6.11974207516715E-17,
1.));
#9354=DIRECTION('axis',(0.,0.,1.));
#9355=DIRECTION('refdir',(1.,0.,0.));
#9356=DIRECTION('center_axis',(4.30494690192557E-18,1.,0.));
#9357=DIRECTION('ref_axis',(0.,0.,1.));
#9358=DIRECTION('',(4.30494690192557E-18,1.,2.26842262815824E-50));
#9359=DIRECTION('center_axis',(4.30494690192557E-18,1.,0.));
#9360=DIRECTION('ref_axis',(0.,0.,1.));
#9361=DIRECTION('',(-4.21301119553535E-18,-1.,0.));
#9362=DIRECTION('center_axis',(-4.30494690192557E-18,-1.,0.));
#9363=DIRECTION('ref_axis',(1.,0.,1.11022302462516E-16));
#9364=DIRECTION('center_axis',(4.30494690192864E-18,1.,-5.02563122416574E-14));
#9365=DIRECTION('ref_axis',(1.,-4.30494690192557E-18,6.12323399573677E-17));
#9366=DIRECTION('',(1.,-4.30494690192557E-18,6.12323399573677E-17));
#9367=DIRECTION('',(1.59397607903772E-16,-5.02563122416574E-14,-1.));
#9368=DIRECTION('',(-1.,4.30494690192557E-18,-6.12323399573677E-17));
#9369=DIRECTION('',(-1.59397607903772E-16,5.02563122416574E-14,1.));
#9370=DIRECTION('center_axis',(1.,-4.30494690192557E-18,9.05864043047971E-17));
#9371=DIRECTION('ref_axis',(9.05864043047971E-17,4.30494690192557E-18,-1.));
#9372=DIRECTION('',(-4.30494690192557E-18,-1.,-2.97829571114466E-50));
#9373=DIRECTION('',(1.59397607903773E-16,-3.79301919986172E-18,-1.));
#9374=DIRECTION('',(4.30494690192557E-18,1.,9.19357064723826E-20));
#9375=DIRECTION('center_axis',(-4.30494690192557E-18,-1.,0.));
#9376=DIRECTION('ref_axis',(0.,0.,-1.));
#9377=DIRECTION('',(-1.,4.30494690192557E-18,-6.12323399573677E-17));
#9378=DIRECTION('center_axis',(4.30494690192557E-18,1.,0.));
#9379=DIRECTION('ref_axis',(0.,0.,1.));
#9380=DIRECTION('',(0.,0.,1.));
#9381=DIRECTION('center_axis',(4.30494690192557E-18,1.,0.));
#9382=DIRECTION('ref_axis',(0.,0.,1.));
#9383=DIRECTION('',(0.,0.,-1.));
#9384=DIRECTION('center_axis',(4.30494690192557E-18,1.,0.));
#9385=DIRECTION('ref_axis',(0.,0.,1.));
#9386=DIRECTION('center_axis',(-4.30494690192557E-18,-1.,0.));
#9387=DIRECTION('ref_axis',(-1.,4.30494690192557E-18,-6.12323399573677E-17));
#9388=DIRECTION('',(6.12323399573677E-17,0.,-1.));
#9389=DIRECTION('',(-1.,4.30494690192557E-18,-6.12323399573677E-17));
#9390=DIRECTION('center_axis',(6.12323399573677E-17,9.19357064723826E-20,
-1.));
#9391=DIRECTION('ref_axis',(-1.,4.30494690192557E-18,-6.12323399573677E-17));
#9392=DIRECTION('',(4.30494690192557E-18,1.,9.19357064723826E-20));
#9393=DIRECTION('center_axis',(1.,-4.30494690192557E-18,9.05864043047971E-17));
#9394=DIRECTION('ref_axis',(9.05864043047971E-17,4.30494690192557E-18,-1.));
#9395=DIRECTION('center_axis',(4.30494690192557E-18,1.,0.));
#9396=DIRECTION('ref_axis',(0.,0.,1.));
#9397=DIRECTION('',(4.21301119553535E-18,1.,0.));
#9398=DIRECTION('center_axis',(-2.05573197792493E-9,1.,0.));
#9399=DIRECTION('ref_axis',(0.,0.,1.));
#9400=DIRECTION('',(-1.,-2.05573197792493E-9,0.));
#9401=DIRECTION('',(0.,0.,1.));
#9402=DIRECTION('',(1.,2.05573197792493E-9,0.));
#9403=DIRECTION('center_axis',(0.,0.,1.));
#9404=DIRECTION('ref_axis',(1.,0.,0.));
#9405=DIRECTION('',(1.,6.12323399573677E-17,0.));
#9406=DIRECTION('',(3.5834287826518E-16,-1.,0.));
#9407=DIRECTION('',(-0.707106781186548,-0.707106781186547,0.));
#9408=DIRECTION('center_axis',(0.,0.,-1.));
#9409=DIRECTION('ref_axis',(-1.,0.,0.));
#9410=DIRECTION('center_axis',(0.,0.,1.));
#9411=DIRECTION('ref_axis',(-1.,0.,0.));
#9412=DIRECTION('center_axis',(0.,0.,1.));
#9413=DIRECTION('ref_axis',(-1.,0.,0.));
#9414=DIRECTION('center_axis',(0.,0.,1.));
#9415=DIRECTION('ref_axis',(-1.,0.,0.));
#9416=DIRECTION('',(0.,0.,1.));
#9417=DIRECTION('center_axis',(0.,0.,-1.));
#9418=DIRECTION('ref_axis',(-1.,0.,0.));
#9419=DIRECTION('center_axis',(0.,0.,1.));
#9420=DIRECTION('ref_axis',(-1.,0.,0.));
#9421=DIRECTION('',(0.,0.,1.));
#9422=DIRECTION('center_axis',(0.,0.,-1.));
#9423=DIRECTION('ref_axis',(-1.,0.,0.));
#9424=DIRECTION('center_axis',(6.12323399573677E-17,-1.,0.));
#9425=DIRECTION('ref_axis',(0.,0.,-1.));
#9426=DIRECTION('',(-1.,-6.12323399573677E-17,0.));
#9427=DIRECTION('',(0.,0.,1.));
#9428=DIRECTION('center_axis',(-1.,-3.5834287826518E-16,0.));
#9429=DIRECTION('ref_axis',(0.,0.,1.));
#9430=DIRECTION('',(-3.5834287826518E-16,1.,0.));
#9431=DIRECTION('',(0.,0.,1.));
#9432=DIRECTION('center_axis',(-0.707106781186547,0.707106781186548,0.));
#9433=DIRECTION('ref_axis',(0.,0.,1.));
#9434=DIRECTION('',(0.707106781186548,0.707106781186547,0.));
#9435=DIRECTION('',(0.,0.,1.));
#9436=DIRECTION('center_axis',(0.,0.,1.));
#9437=DIRECTION('ref_axis',(-1.,0.,0.));
#9438=DIRECTION('center_axis',(0.,0.,1.));
#9439=DIRECTION('ref_axis',(-1.,0.,0.));
#9440=DIRECTION('center_axis',(0.,0.,1.));
#9441=DIRECTION('ref_axis',(1.,0.,0.));
#9442=DIRECTION('axis',(0.,0.,1.));
#9443=DIRECTION('refdir',(1.,0.,0.));
#9444=DIRECTION('center_axis',(0.,0.,1.));
#9445=DIRECTION('ref_axis',(-0.707106781186547,-0.707106781186548,0.));
#9446=DIRECTION('center_axis',(0.,0.,-1.));
#9447=DIRECTION('ref_axis',(-0.707106781186547,-0.707106781186548,0.));
#9448=DIRECTION('',(0.,0.,-1.));
#9449=DIRECTION('center_axis',(0.,0.,1.));
#9450=DIRECTION('ref_axis',(-0.707106781186547,-0.707106781186548,0.));
#9451=DIRECTION('',(0.,0.,1.));
#9452=DIRECTION('center_axis',(0.,-1.,0.));
#9453=DIRECTION('ref_axis',(1.,0.,0.));
#9454=DIRECTION('',(1.,0.,0.));
#9455=DIRECTION('',(0.,0.,-1.));
#9456=DIRECTION('',(1.,0.,0.));
#9457=DIRECTION('center_axis',(0.,0.,1.));
#9458=DIRECTION('ref_axis',(1.,0.,0.));
#9459=DIRECTION('',(3.06161699786838E-16,-1.,0.));
#9460=DIRECTION('center_axis',(0.,0.,1.));
#9461=DIRECTION('ref_axis',(-0.707106781186547,0.707106781186548,0.));
#9462=DIRECTION('',(-1.,-1.36642833800019E-16,0.));
#9463=DIRECTION('center_axis',(0.,0.,1.));
#9464=DIRECTION('ref_axis',(0.707106781186547,0.707106781186547,0.));
#9465=DIRECTION('',(0.,1.,0.));
#9466=DIRECTION('center_axis',(0.,0.,1.));
#9467=DIRECTION('ref_axis',(0.707106781186547,-0.707106781186547,0.));
#9468=DIRECTION('center_axis',(0.,0.,-1.));
#9469=DIRECTION('ref_axis',(-1.,0.,0.));
#9470=DIRECTION('center_axis',(0.,0.,-1.));
#9471=DIRECTION('ref_axis',(-1.,0.,0.));
#9472=DIRECTION('center_axis',(0.,0.,1.));
#9473=DIRECTION('ref_axis',(0.707106781186547,-0.707106781186547,0.));
#9474=DIRECTION('center_axis',(0.,0.,-1.));
#9475=DIRECTION('ref_axis',(0.707106781186547,-0.707106781186547,0.));
#9476=DIRECTION('',(0.,0.,1.));
#9477=DIRECTION('center_axis',(1.,0.,0.));
#9478=DIRECTION('ref_axis',(0.,1.,0.));
#9479=DIRECTION('',(0.,0.,-1.));
#9480=DIRECTION('',(0.,1.,0.));
#9481=DIRECTION('center_axis',(0.,0.,1.));
#9482=DIRECTION('ref_axis',(0.707106781186547,0.707106781186547,0.));
#9483=DIRECTION('center_axis',(0.,0.,-1.));
#9484=DIRECTION('ref_axis',(0.707106781186547,0.707106781186547,0.));
#9485=DIRECTION('',(0.,0.,1.));
#9486=DIRECTION('center_axis',(-1.36642833800019E-16,1.,0.));
#9487=DIRECTION('ref_axis',(-1.,-1.36642833800019E-16,0.));
#9488=DIRECTION('',(0.,0.,-1.));
#9489=DIRECTION('',(-1.,-1.36642833800019E-16,0.));
#9490=DIRECTION('center_axis',(0.,0.,1.));
#9491=DIRECTION('ref_axis',(-0.707106781186547,0.707106781186548,0.));
#9492=DIRECTION('center_axis',(0.,0.,-1.));
#9493=DIRECTION('ref_axis',(-0.707106781186547,0.707106781186548,0.));
#9494=DIRECTION('',(0.,0.,1.));
#9495=DIRECTION('center_axis',(0.,0.,1.));
#9496=DIRECTION('ref_axis',(-1.,0.,0.));
#9497=DIRECTION('center_axis',(0.,0.,-1.));
#9498=DIRECTION('ref_axis',(-1.,0.,0.));
#9499=DIRECTION('',(0.,0.,-1.));
#9500=DIRECTION('center_axis',(0.,0.,1.));
#9501=DIRECTION('ref_axis',(-1.,0.,0.));
#9502=DIRECTION('center_axis',(0.,0.,-1.));
#9503=DIRECTION('ref_axis',(-1.,0.,0.));
#9504=DIRECTION('',(0.,0.,-1.));
#9505=DIRECTION('center_axis',(-1.,-3.06161699786838E-16,0.));
#9506=DIRECTION('ref_axis',(3.06161699786838E-16,-1.,0.));
#9507=DIRECTION('',(3.06161699786838E-16,-1.,0.));
#9508=DIRECTION('center_axis',(0.,0.,1.));
#9509=DIRECTION('ref_axis',(1.,0.,0.));
#9510=DIRECTION('axis',(0.,0.,1.));
#9511=DIRECTION('refdir',(1.,0.,0.));
#9512=DIRECTION('axis',(0.,0.,1.));
#9513=DIRECTION('refdir',(1.,0.,0.));
#9514=DIRECTION('axis',(0.,0.,1.));
#9515=DIRECTION('refdir',(1.,0.,0.));
#9516=DIRECTION('axis',(0.,0.,1.));
#9517=DIRECTION('refdir',(1.,0.,0.));
#9518=DIRECTION('axis',(0.,0.,1.));
#9519=DIRECTION('refdir',(1.,0.,0.));
#9520=DIRECTION('center_axis',(0.,0.,1.));
#9521=DIRECTION('ref_axis',(-1.,0.,0.));
#9522=DIRECTION('center_axis',(0.,0.,1.));
#9523=DIRECTION('ref_axis',(-1.,0.,0.));
#9524=DIRECTION('',(0.,0.,1.));
#9525=DIRECTION('center_axis',(0.,0.,1.));
#9526=DIRECTION('ref_axis',(-1.,0.,0.));
#9527=DIRECTION('center_axis',(0.,0.,1.));
#9528=DIRECTION('ref_axis',(-1.,0.,0.));
#9529=DIRECTION('center_axis',(0.,0.,-1.));
#9530=DIRECTION('ref_axis',(-1.,0.,0.));
#9531=DIRECTION('',(0.,0.,-1.));
#9532=DIRECTION('center_axis',(0.,0.,-1.));
#9533=DIRECTION('ref_axis',(-1.,0.,0.));
#9534=DIRECTION('center_axis',(0.,0.,1.));
#9535=DIRECTION('ref_axis',(1.,0.,0.));
#9536=DIRECTION('center_axis',(0.,0.,1.));
#9537=DIRECTION('ref_axis',(1.,0.,0.));
#9538=DIRECTION('',(0.,0.,1.));
#9539=DIRECTION('',(1.,0.,0.));
#9540=DIRECTION('',(-1.,0.,0.));
#9541=DIRECTION('',(0.,-1.22464679914735E-16,-1.));
#9542=DIRECTION('',(0.,0.,1.));
#9543=DIRECTION('',(1.,0.,0.));
#9544=DIRECTION('',(0.,0.,1.));
#9545=DIRECTION('',(1.,0.,0.));
#9546=DIRECTION('axis',(0.,0.,1.));
#9547=DIRECTION('refdir',(1.,0.,0.));
#9548=DIRECTION('center_axis',(4.30494690192557E-18,1.,0.));
#9549=DIRECTION('ref_axis',(0.,0.,1.));
#9550=DIRECTION('',(4.30494690192557E-18,1.,2.26842262815824E-50));
#9551=DIRECTION('center_axis',(4.30494690192557E-18,1.,0.));
#9552=DIRECTION('ref_axis',(0.,0.,1.));
#9553=DIRECTION('',(-4.21301119553535E-18,-1.,0.));
#9554=DIRECTION('center_axis',(-4.30494690192557E-18,-1.,0.));
#9555=DIRECTION('ref_axis',(1.,0.,1.11022302462516E-16));
#9556=DIRECTION('center_axis',(4.30494690192864E-18,1.,-5.02563122416574E-14));
#9557=DIRECTION('ref_axis',(1.,-4.30494690192557E-18,6.12323399573677E-17));
#9558=DIRECTION('',(1.,-4.30494690192557E-18,6.12323399573677E-17));
#9559=DIRECTION('',(1.59397607903772E-16,-5.02563122416574E-14,-1.));
#9560=DIRECTION('',(-1.,4.30494690192557E-18,-6.12323399573677E-17));
#9561=DIRECTION('',(-1.59397607903772E-16,5.02563122416574E-14,1.));
#9562=DIRECTION('center_axis',(1.,-4.30494690192557E-18,9.05864043047971E-17));
#9563=DIRECTION('ref_axis',(9.05864043047971E-17,4.30494690192557E-18,-1.));
#9564=DIRECTION('',(-4.30494690192557E-18,-1.,-2.97829571114466E-50));
#9565=DIRECTION('',(1.59397607903773E-16,-3.79301919986172E-18,-1.));
#9566=DIRECTION('',(4.30494690192557E-18,1.,9.19357064723826E-20));
#9567=DIRECTION('center_axis',(-4.30494690192557E-18,-1.,0.));
#9568=DIRECTION('ref_axis',(0.,0.,-1.));
#9569=DIRECTION('',(-1.,4.30494690192557E-18,-6.12323399573677E-17));
#9570=DIRECTION('center_axis',(4.30494690192557E-18,1.,0.));
#9571=DIRECTION('ref_axis',(0.,0.,1.));
#9572=DIRECTION('',(0.,0.,1.));
#9573=DIRECTION('center_axis',(4.30494690192557E-18,1.,0.));
#9574=DIRECTION('ref_axis',(0.,0.,1.));
#9575=DIRECTION('',(0.,0.,-1.));
#9576=DIRECTION('center_axis',(4.30494690192557E-18,1.,0.));
#9577=DIRECTION('ref_axis',(0.,0.,1.));
#9578=DIRECTION('center_axis',(-4.30494690192557E-18,-1.,0.));
#9579=DIRECTION('ref_axis',(-1.,4.30494690192557E-18,-6.12323399573677E-17));
#9580=DIRECTION('',(6.12323399573677E-17,0.,-1.));
#9581=DIRECTION('',(-1.,4.30494690192557E-18,-6.12323399573677E-17));
#9582=DIRECTION('center_axis',(6.12323399573677E-17,9.19357064723826E-20,
-1.));
#9583=DIRECTION('ref_axis',(-1.,4.30494690192557E-18,-6.12323399573677E-17));
#9584=DIRECTION('',(4.30494690192557E-18,1.,9.19357064723826E-20));
#9585=DIRECTION('center_axis',(1.,-4.30494690192557E-18,9.05864043047971E-17));
#9586=DIRECTION('ref_axis',(9.05864043047971E-17,4.30494690192557E-18,-1.));
#9587=DIRECTION('center_axis',(4.30494690192557E-18,1.,0.));
#9588=DIRECTION('ref_axis',(0.,0.,1.));
#9589=DIRECTION('',(4.21301119553535E-18,1.,0.));
#9590=DIRECTION('center_axis',(-2.05573197792493E-9,1.,0.));
#9591=DIRECTION('ref_axis',(0.,0.,1.));
#9592=DIRECTION('',(-1.,-2.05573197792493E-9,0.));
#9593=DIRECTION('',(0.,0.,1.));
#9594=DIRECTION('',(1.,2.05573197792493E-9,0.));
#9595=DIRECTION('center_axis',(0.,0.,1.));
#9596=DIRECTION('ref_axis',(1.,0.,0.));
#9597=DIRECTION('',(1.,6.12323399573677E-17,0.));
#9598=DIRECTION('',(3.5834287826518E-16,-1.,0.));
#9599=DIRECTION('',(-0.707106781186548,-0.707106781186547,0.));
#9600=DIRECTION('center_axis',(0.,0.,-1.));
#9601=DIRECTION('ref_axis',(-1.,0.,0.));
#9602=DIRECTION('center_axis',(6.12323399573677E-17,-1.,0.));
#9603=DIRECTION('ref_axis',(0.,0.,-1.));
#9604=DIRECTION('',(-1.,-6.12323399573677E-17,0.));
#9605=DIRECTION('',(0.,0.,1.));
#9606=DIRECTION('center_axis',(-1.,-3.5834287826518E-16,0.));
#9607=DIRECTION('ref_axis',(0.,0.,1.));
#9608=DIRECTION('',(-3.5834287826518E-16,1.,0.));
#9609=DIRECTION('',(0.,0.,1.));
#9610=DIRECTION('center_axis',(-0.707106781186547,0.707106781186548,0.));
#9611=DIRECTION('ref_axis',(0.,0.,1.));
#9612=DIRECTION('',(0.707106781186548,0.707106781186547,0.));
#9613=DIRECTION('',(0.,0.,1.));
#9614=DIRECTION('center_axis',(0.,0.,1.));
#9615=DIRECTION('ref_axis',(-1.,0.,0.));
#9616=DIRECTION('center_axis',(0.,0.,1.));
#9617=DIRECTION('ref_axis',(-1.,0.,0.));
#9618=DIRECTION('center_axis',(0.,0.,1.));
#9619=DIRECTION('ref_axis',(1.,0.,0.));
#9620=DIRECTION('axis',(0.,0.,1.));
#9621=DIRECTION('refdir',(1.,0.,0.));
#9622=DIRECTION('axis',(0.,0.,1.));
#9623=DIRECTION('refdir',(1.,0.,0.));
#9624=DIRECTION('axis',(0.,0.,1.));
#9625=DIRECTION('refdir',(1.,0.,0.));
#9626=DIRECTION('axis',(0.,0.,1.));
#9627=DIRECTION('refdir',(1.,0.,0.));
#9628=DIRECTION('axis',(0.,0.,1.));
#9629=DIRECTION('refdir',(1.,0.,0.));
#9630=DIRECTION('center_axis',(-2.96059473233375E-16,1.,0.));
#9631=DIRECTION('ref_axis',(1.,2.96059473233375E-16,0.));
#9632=DIRECTION('center_axis',(-1.48029736616688E-16,1.,0.));
#9633=DIRECTION('ref_axis',(1.,2.96059473233375E-16,0.));
#9634=DIRECTION('',(-2.96059473233375E-16,1.,0.));
#9635=DIRECTION('center_axis',(-0.0797452222828896,-0.996815278536125,0.));
#9636=DIRECTION('ref_axis',(0.996815278536125,-0.0797452222828896,0.));
#9637=DIRECTION('center_axis',(-2.96059473233375E-16,1.,0.));
#9638=DIRECTION('ref_axis',(1.,2.96059473233375E-16,0.));
#9639=DIRECTION('center_axis',(-1.48029736616688E-16,1.,0.));
#9640=DIRECTION('ref_axis',(1.,2.96059473233375E-16,0.));
#9641=DIRECTION('',(-2.96059473233375E-16,1.,0.));
#9642=DIRECTION('center_axis',(-0.0797452222828896,-0.996815278536125,0.));
#9643=DIRECTION('ref_axis',(0.996815278536125,-0.0797452222828896,0.));
#9644=DIRECTION('center_axis',(-2.96059473233375E-16,1.,0.));
#9645=DIRECTION('ref_axis',(1.,2.96059473233375E-16,0.));
#9646=DIRECTION('center_axis',(-1.48029736616688E-16,1.,0.));
#9647=DIRECTION('ref_axis',(1.,2.96059473233375E-16,0.));
#9648=DIRECTION('',(-2.96059473233375E-16,1.,0.));
#9649=DIRECTION('center_axis',(-0.0797452222828896,-0.996815278536125,0.));
#9650=DIRECTION('ref_axis',(0.996815278536125,-0.0797452222828896,0.));
#9651=DIRECTION('center_axis',(-2.96059473233375E-16,1.,0.));
#9652=DIRECTION('ref_axis',(1.,2.96059473233375E-16,0.));
#9653=DIRECTION('center_axis',(-1.48029736616688E-16,1.,0.));
#9654=DIRECTION('ref_axis',(1.,2.96059473233375E-16,0.));
#9655=DIRECTION('',(-2.96059473233375E-16,1.,0.));
#9656=DIRECTION('center_axis',(-0.0797452222828896,-0.996815278536125,0.));
#9657=DIRECTION('ref_axis',(0.996815278536125,-0.0797452222828896,0.));
#9658=DIRECTION('center_axis',(1.48029736616688E-16,-1.,0.));
#9659=DIRECTION('ref_axis',(1.,1.48029736616688E-16,0.));
#9660=DIRECTION('center_axis',(1.48029736616688E-16,-1.,0.));
#9661=DIRECTION('ref_axis',(1.,1.48029736616688E-16,0.));
#9662=DIRECTION('',(1.48029736616688E-16,-1.,0.));
#9663=DIRECTION('center_axis',(-0.0797452222828901,0.996815278536125,0.));
#9664=DIRECTION('ref_axis',(0.996815278536125,0.0797452222828901,0.));
#9665=DIRECTION('center_axis',(1.48029736616688E-16,-1.,0.));
#9666=DIRECTION('ref_axis',(1.,1.48029736616688E-16,0.));
#9667=DIRECTION('center_axis',(1.48029736616688E-16,-1.,0.));
#9668=DIRECTION('ref_axis',(1.,1.48029736616688E-16,0.));
#9669=DIRECTION('',(1.48029736616688E-16,-1.,0.));
#9670=DIRECTION('center_axis',(-0.0797452222828901,0.996815278536125,0.));
#9671=DIRECTION('ref_axis',(0.996815278536125,0.07974522228289,0.));
#9672=DIRECTION('center_axis',(1.48029736616688E-16,-1.,0.));
#9673=DIRECTION('ref_axis',(1.,1.48029736616688E-16,0.));
#9674=DIRECTION('center_axis',(1.48029736616688E-16,-1.,0.));
#9675=DIRECTION('ref_axis',(1.,1.48029736616688E-16,0.));
#9676=DIRECTION('',(1.48029736616688E-16,-1.,0.));
#9677=DIRECTION('center_axis',(-0.0797452222828901,0.996815278536125,0.));
#9678=DIRECTION('ref_axis',(0.996815278536125,0.0797452222828901,0.));
#9679=DIRECTION('center_axis',(1.48029736616688E-16,-1.,0.));
#9680=DIRECTION('ref_axis',(1.,1.48029736616688E-16,0.));
#9681=DIRECTION('center_axis',(1.48029736616688E-16,-1.,0.));
#9682=DIRECTION('ref_axis',(1.,1.48029736616688E-16,0.));
#9683=DIRECTION('',(1.48029736616688E-16,-1.,0.));
#9684=DIRECTION('center_axis',(-0.0797452222828901,0.996815278536125,0.));
#9685=DIRECTION('ref_axis',(0.996815278536125,0.07974522228289,0.));
#9686=DIRECTION('center_axis',(-1.44531544662108E-16,0.323422004683392,
0.946254831896026));
#9687=DIRECTION('ref_axis',(5.1531367186158E-16,-0.946254831896026,0.323422004683392));
#9688=DIRECTION('',(-1.97153201683455E-14,0.946254831896026,-0.323422004683392));
#9689=DIRECTION('center_axis',(-1.44531544662108E-16,0.323422004683392,
0.946254831896026));
#9690=DIRECTION('ref_axis',(-3.93957713075166E-16,0.946254831896026,-0.323422004683392));
#9691=DIRECTION('',(0.996445216061629,0.0797156172849303,-0.0272461327306585));
#9692=DIRECTION('center_axis',(1.44531544662108E-16,-0.323422004683392,
-0.946254831896026));
#9693=DIRECTION('ref_axis',(-4.59617331921026E-16,0.946254831896026,-0.323422004683392));
#9694=DIRECTION('',(-5.1531367186158E-16,0.946254831896026,-0.323422004683392));
#9695=DIRECTION('center_axis',(1.44531544662108E-16,-0.323422004683392,
-0.946254831896026));
#9696=DIRECTION('ref_axis',(0.,-0.946254831896026,0.323422004683392));
#9697=DIRECTION('',(-0.996445216061629,0.0797156172849299,-0.0272461327306587));
#9698=DIRECTION('center_axis',(-1.44531544662108E-16,0.323422004683392,
0.946254831896026));
#9699=DIRECTION('ref_axis',(0.,-0.946254831896026,0.323422004683392));
#9700=DIRECTION('',(1.68988458585818E-14,0.946254831896026,-0.323422004683392));
#9701=DIRECTION('',(1.,1.48029736616688E-16,1.02145286063285E-16));
#9702=DIRECTION('',(1.20063303032431E-16,-0.946254831896026,0.323422004683392));
#9703=DIRECTION('',(1.,1.48029736616688E-16,0.));
#9704=DIRECTION('center_axis',(-1.,-1.26882631385732E-16,0.));
#9705=DIRECTION('ref_axis',(0.,0.,1.));
#9706=DIRECTION('',(0.,0.,1.));
#9707=DIRECTION('',(-1.26882631385732E-16,1.,0.));
#9708=DIRECTION('',(0.,0.,1.));
#9709=DIRECTION('center_axis',(1.48029736616688E-16,-1.,0.));
#9710=DIRECTION('ref_axis',(0.,0.,-1.));
#9711=DIRECTION('',(0.,0.,1.));
#9712=DIRECTION('',(-1.,-1.48029736616688E-16,0.));
#9713=DIRECTION('center_axis',(1.,-1.78586626867958E-14,0.));
#9714=DIRECTION('ref_axis',(0.,0.,-1.));
#9715=DIRECTION('',(0.,0.,1.));
#9716=DIRECTION('',(-1.78586626867958E-14,-1.,0.));
#9717=DIRECTION('center_axis',(0.,0.,1.));
#9718=DIRECTION('ref_axis',(-1.,0.,0.));
#9719=DIRECTION('',(0.,0.,1.));
#9720=DIRECTION('center_axis',(0.,0.,-1.));
#9721=DIRECTION('ref_axis',(-1.,0.,0.));
#9722=DIRECTION('center_axis',(0.0797452222828896,0.996815278536125,0.));
#9723=DIRECTION('ref_axis',(0.,0.,1.));
#9724=DIRECTION('',(0.,0.,1.));
#9725=DIRECTION('',(0.996815278536125,-0.0797452222828896,0.));
#9726=DIRECTION('center_axis',(0.,0.,1.));
#9727=DIRECTION('ref_axis',(-1.,0.,0.));
#9728=DIRECTION('',(0.,0.,1.));
#9729=DIRECTION('center_axis',(0.,0.,1.));
#9730=DIRECTION('ref_axis',(-1.,0.,0.));
#9731=DIRECTION('center_axis',(-1.48029736616688E-16,1.,0.));
#9732=DIRECTION('ref_axis',(0.,0.,1.));
#9733=DIRECTION('',(1.,1.48029736616688E-16,0.));
#9734=DIRECTION('',(0.,0.,1.));
#9735=DIRECTION('center_axis',(1.,2.08351064679285E-14,0.));
#9736=DIRECTION('ref_axis',(0.,0.,-1.));
#9737=DIRECTION('',(2.08351064679285E-14,-1.,0.));
#9738=DIRECTION('',(0.,0.,1.));
#9739=DIRECTION('center_axis',(0.,0.,1.));
#9740=DIRECTION('ref_axis',(-0.0797452222828914,0.996815278536125,0.));
#9741=DIRECTION('center_axis',(0.,0.,-1.));
#9742=DIRECTION('ref_axis',(-0.0797452222828914,0.996815278536125,0.));
#9743=DIRECTION('',(0.,0.,1.));
#9744=DIRECTION('center_axis',(0.0797452222828901,-0.996815278536125,0.));
#9745=DIRECTION('ref_axis',(0.,0.,-1.));
#9746=DIRECTION('',(-0.996815278536125,-0.07974522228289,0.));
#9747=DIRECTION('',(0.,0.,1.));
#9748=DIRECTION('center_axis',(0.,0.,1.));
#9749=DIRECTION('ref_axis',(-0.0797452222828901,0.996815278536125,0.));
#9750=DIRECTION('center_axis',(0.,0.,1.));
#9751=DIRECTION('ref_axis',(-0.0797452222828901,0.996815278536125,0.));
#9752=DIRECTION('',(0.,0.,1.));
#9753=DIRECTION('center_axis',(1.,5.44582341343545E-16,0.));
#9754=DIRECTION('ref_axis',(0.,0.,-1.));
#9755=DIRECTION('',(5.44582341343545E-16,-1.,0.));
#9756=DIRECTION('center_axis',(0.,0.,1.));
#9757=DIRECTION('ref_axis',(1.,0.,0.));
#9758=DIRECTION('',(0.,0.,1.));
#9759=DIRECTION('',(1.,0.,0.));
#9760=DIRECTION('',(-1.,-7.55417093831037E-15,-2.14654396235761E-13));
#9761=DIRECTION('',(-2.14654396235754E-13,-1.02209464682518E-12,1.));
#9762=DIRECTION('',(0.,0.,1.));
#9763=DIRECTION('',(1.,0.,0.));
#9764=DIRECTION('',(0.,0.,1.));
#9765=DIRECTION('',(1.,0.,0.));
#9766=DIRECTION('axis',(0.,0.,1.));
#9767=DIRECTION('refdir',(1.,0.,0.));
#9768=DIRECTION('axis',(0.,0.,1.));
#9769=DIRECTION('refdir',(1.,0.,0.));
#9770=DIRECTION('axis',(0.,0.,1.));
#9771=DIRECTION('refdir',(1.,0.,0.));
#9772=DIRECTION('axis',(0.,0.,1.));
#9773=DIRECTION('refdir',(1.,0.,0.));
#9774=DIRECTION('axis',(0.,0.,1.));
#9775=DIRECTION('refdir',(1.,0.,0.));
#9776=DIRECTION('center_axis',(-1.,-5.9211894646675E-16,0.));
#9777=DIRECTION('ref_axis',(0.,0.,-1.));
#9778=DIRECTION('center_axis',(-1.,-5.44582341343545E-16,0.));
#9779=DIRECTION('ref_axis',(0.,0.,-1.));
#9780=DIRECTION('',(-1.,-5.9211894646675E-16,0.));
#9781=DIRECTION('center_axis',(1.,1.26882631385732E-16,0.));
#9782=DIRECTION('ref_axis',(0.,0.,-1.));
#9783=DIRECTION('center_axis',(-1.,-5.18104078158406E-16,0.));
#9784=DIRECTION('ref_axis',(0.,0.,-1.));
#9785=DIRECTION('center_axis',(-1.,-5.44582341343545E-16,0.));
#9786=DIRECTION('ref_axis',(0.,0.,-1.));
#9787=DIRECTION('',(-1.,-5.18104078158406E-16,0.));
#9788=DIRECTION('center_axis',(1.,1.26882631385732E-16,0.));
#9789=DIRECTION('ref_axis',(0.,0.,-1.));
#9790=DIRECTION('center_axis',(-1.,-5.9211894646675E-16,0.));
#9791=DIRECTION('ref_axis',(0.,0.,-1.));
#9792=DIRECTION('center_axis',(-1.,-5.44582341343545E-16,0.));
#9793=DIRECTION('ref_axis',(0.,0.,-1.));
#9794=DIRECTION('',(-1.,-5.9211894646675E-16,0.));
#9795=DIRECTION('center_axis',(1.,1.26882631385732E-16,0.));
#9796=DIRECTION('ref_axis',(0.,0.,-1.));
#9797=DIRECTION('center_axis',(-1.,-5.18104078158406E-16,0.));
#9798=DIRECTION('ref_axis',(0.,0.,-1.));
#9799=DIRECTION('center_axis',(-1.,-5.44582341343545E-16,0.));
#9800=DIRECTION('ref_axis',(0.,0.,-1.));
#9801=DIRECTION('',(-1.,-5.18104078158406E-16,0.));
#9802=DIRECTION('center_axis',(1.,1.26882631385732E-16,0.));
#9803=DIRECTION('ref_axis',(0.,0.,-1.));
#9804=DIRECTION('center_axis',(-1.,-5.9211894646675E-16,0.));
#9805=DIRECTION('ref_axis',(0.,0.,-1.));
#9806=DIRECTION('center_axis',(-1.,-5.44582341343545E-16,0.));
#9807=DIRECTION('ref_axis',(0.,0.,-1.));
#9808=DIRECTION('',(-1.,-5.9211894646675E-16,0.));
#9809=DIRECTION('center_axis',(1.,1.26882631385732E-16,0.));
#9810=DIRECTION('ref_axis',(0.,0.,-1.));
#9811=DIRECTION('center_axis',(-1.,-5.18104078158406E-16,0.));
#9812=DIRECTION('ref_axis',(0.,0.,-1.));
#9813=DIRECTION('center_axis',(-1.,-5.44582341343545E-16,0.));
#9814=DIRECTION('ref_axis',(0.,0.,-1.));
#9815=DIRECTION('',(-1.,-5.18104078158406E-16,0.));
#9816=DIRECTION('center_axis',(1.,1.26882631385732E-16,0.));
#9817=DIRECTION('ref_axis',(0.,0.,-1.));
#9818=DIRECTION('center_axis',(-1.,-5.9211894646675E-16,0.));
#9819=DIRECTION('ref_axis',(0.,0.,-1.));
#9820=DIRECTION('center_axis',(-1.,-5.44582341343545E-16,0.));
#9821=DIRECTION('ref_axis',(0.,0.,-1.));
#9822=DIRECTION('',(-1.,-5.9211894646675E-16,0.));
#9823=DIRECTION('center_axis',(1.,1.26882631385732E-16,0.));
#9824=DIRECTION('ref_axis',(0.,0.,-1.));
#9825=DIRECTION('center_axis',(-1.,-5.18104078158406E-16,0.));
#9826=DIRECTION('ref_axis',(0.,0.,-1.));
#9827=DIRECTION('center_axis',(-1.,-5.44582341343545E-16,0.));
#9828=DIRECTION('ref_axis',(0.,0.,-1.));
#9829=DIRECTION('',(-1.,-5.18104078158406E-16,0.));
#9830=DIRECTION('center_axis',(1.,1.26882631385732E-16,0.));
#9831=DIRECTION('ref_axis',(0.,0.,-1.));
#9832=DIRECTION('center_axis',(-1.,-5.9211894646675E-16,0.));
#9833=DIRECTION('ref_axis',(0.,0.,-1.));
#9834=DIRECTION('center_axis',(-1.,-5.44582341343545E-16,0.));
#9835=DIRECTION('ref_axis',(0.,0.,-1.));
#9836=DIRECTION('',(-1.,-5.9211894646675E-16,0.));
#9837=DIRECTION('center_axis',(1.,1.26882631385732E-16,0.));
#9838=DIRECTION('ref_axis',(0.,0.,-1.));
#9839=DIRECTION('center_axis',(-1.,-5.18104078158406E-16,0.));
#9840=DIRECTION('ref_axis',(0.,0.,-1.));
#9841=DIRECTION('center_axis',(-1.,-5.44582341343545E-16,0.));
#9842=DIRECTION('ref_axis',(0.,0.,-1.));
#9843=DIRECTION('',(-1.,-5.18104078158406E-16,0.));
#9844=DIRECTION('center_axis',(1.,1.26882631385732E-16,0.));
#9845=DIRECTION('ref_axis',(0.,0.,-1.));
#9846=DIRECTION('center_axis',(-1.,-5.9211894646675E-16,0.));
#9847=DIRECTION('ref_axis',(0.,0.,-1.));
#9848=DIRECTION('center_axis',(-1.,-5.44582341343545E-16,0.));
#9849=DIRECTION('ref_axis',(0.,0.,-1.));
#9850=DIRECTION('',(-1.,-5.9211894646675E-16,0.));
#9851=DIRECTION('center_axis',(1.,1.26882631385732E-16,0.));
#9852=DIRECTION('ref_axis',(0.,0.,-1.));
#9853=DIRECTION('center_axis',(-1.,-5.18104078158406E-16,0.));
#9854=DIRECTION('ref_axis',(0.,0.,-1.));
#9855=DIRECTION('center_axis',(-1.,-5.44582341343545E-16,0.));
#9856=DIRECTION('ref_axis',(0.,0.,-1.));
#9857=DIRECTION('',(-1.,-5.18104078158406E-16,0.));
#9858=DIRECTION('center_axis',(1.,1.26882631385732E-16,0.));
#9859=DIRECTION('ref_axis',(0.,0.,-1.));
#9860=DIRECTION('center_axis',(-1.,-5.9211894646675E-16,0.));
#9861=DIRECTION('ref_axis',(0.,0.,-1.));
#9862=DIRECTION('center_axis',(-1.,-5.44582341343545E-16,0.));
#9863=DIRECTION('ref_axis',(0.,0.,-1.));
#9864=DIRECTION('',(-1.,-5.9211894646675E-16,0.));
#9865=DIRECTION('center_axis',(1.,1.26882631385732E-16,0.));
#9866=DIRECTION('ref_axis',(0.,0.,-1.));
#9867=DIRECTION('center_axis',(-1.,-5.18104078158406E-16,0.));
#9868=DIRECTION('ref_axis',(0.,0.,-1.));
#9869=DIRECTION('center_axis',(-1.,-5.44582341343545E-16,0.));
#9870=DIRECTION('ref_axis',(0.,0.,-1.));
#9871=DIRECTION('',(-1.,-5.18104078158406E-16,0.));
#9872=DIRECTION('center_axis',(1.,1.26882631385732E-16,0.));
#9873=DIRECTION('ref_axis',(0.,0.,-1.));
#9874=DIRECTION('center_axis',(-1.,-5.9211894646675E-16,0.));
#9875=DIRECTION('ref_axis',(0.,0.,-1.));
#9876=DIRECTION('center_axis',(-1.,-5.44582341343545E-16,0.));
#9877=DIRECTION('ref_axis',(0.,0.,-1.));
#9878=DIRECTION('',(-1.,-5.9211894646675E-16,0.));
#9879=DIRECTION('center_axis',(1.,1.26882631385732E-16,0.));
#9880=DIRECTION('ref_axis',(0.,0.,-1.));
#9881=DIRECTION('center_axis',(-1.,-5.18104078158406E-16,0.));
#9882=DIRECTION('ref_axis',(0.,0.,-1.));
#9883=DIRECTION('center_axis',(-1.,-5.44582341343545E-16,0.));
#9884=DIRECTION('ref_axis',(0.,0.,-1.));
#9885=DIRECTION('',(-1.,-5.18104078158406E-16,0.));
#9886=DIRECTION('center_axis',(1.,1.26882631385732E-16,0.));
#9887=DIRECTION('ref_axis',(0.,0.,-1.));
#9888=DIRECTION('center_axis',(-1.,-5.9211894646675E-16,0.));
#9889=DIRECTION('ref_axis',(0.,0.,-1.));
#9890=DIRECTION('center_axis',(-1.,-5.44582341343545E-16,0.));
#9891=DIRECTION('ref_axis',(0.,0.,-1.));
#9892=DIRECTION('',(-1.,-5.9211894646675E-16,0.));
#9893=DIRECTION('center_axis',(1.,1.26882631385732E-16,0.));
#9894=DIRECTION('ref_axis',(0.,0.,-1.));
#9895=DIRECTION('center_axis',(-1.,-5.18104078158406E-16,0.));
#9896=DIRECTION('ref_axis',(0.,0.,-1.));
#9897=DIRECTION('center_axis',(-1.,-5.44582341343545E-16,0.));
#9898=DIRECTION('ref_axis',(0.,0.,-1.));
#9899=DIRECTION('',(-1.,-5.18104078158406E-16,0.));
#9900=DIRECTION('center_axis',(1.,1.26882631385732E-16,0.));
#9901=DIRECTION('ref_axis',(0.,0.,-1.));
#9902=DIRECTION('center_axis',(1.48029736616688E-16,-1.,0.));
#9903=DIRECTION('ref_axis',(1.,1.48029736616688E-16,0.));
#9904=DIRECTION('center_axis',(1.48029736616688E-16,-1.,0.));
#9905=DIRECTION('ref_axis',(1.,1.48029736616688E-16,0.));
#9906=DIRECTION('',(1.48029736616688E-16,-1.,0.));
#9907=DIRECTION('center_axis',(-0.0797452222828901,0.996815278536125,0.));
#9908=DIRECTION('ref_axis',(0.996815278536125,0.07974522228289,0.));
#9909=DIRECTION('center_axis',(1.48029736616688E-16,-1.,0.));
#9910=DIRECTION('ref_axis',(1.,1.48029736616688E-16,0.));
#9911=DIRECTION('center_axis',(1.48029736616688E-16,-1.,0.));
#9912=DIRECTION('ref_axis',(1.,1.48029736616688E-16,0.));
#9913=DIRECTION('',(1.48029736616688E-16,-1.,0.));
#9914=DIRECTION('center_axis',(-0.0797452222828901,0.996815278536125,0.));
#9915=DIRECTION('ref_axis',(0.996815278536125,0.0797452222828901,0.));
#9916=DIRECTION('center_axis',(1.48029736616688E-16,-1.,0.));
#9917=DIRECTION('ref_axis',(1.,1.48029736616688E-16,0.));
#9918=DIRECTION('center_axis',(1.48029736616688E-16,-1.,0.));
#9919=DIRECTION('ref_axis',(1.,1.48029736616688E-16,0.));
#9920=DIRECTION('',(1.48029736616688E-16,-1.,0.));
#9921=DIRECTION('center_axis',(-0.0797452222828901,0.996815278536125,0.));
#9922=DIRECTION('ref_axis',(0.996815278536125,0.07974522228289,0.));
#9923=DIRECTION('center_axis',(1.48029736616688E-16,-1.,0.));
#9924=DIRECTION('ref_axis',(1.,1.48029736616688E-16,0.));
#9925=DIRECTION('center_axis',(1.48029736616688E-16,-1.,0.));
#9926=DIRECTION('ref_axis',(1.,1.48029736616688E-16,0.));
#9927=DIRECTION('',(1.48029736616688E-16,-1.,0.));
#9928=DIRECTION('center_axis',(-0.0797452222828901,0.996815278536125,0.));
#9929=DIRECTION('ref_axis',(0.996815278536125,0.0797452222828901,0.));
#9930=DIRECTION('center_axis',(-1.80664430827637E-16,0.323422004683394,
-0.946254831896025));
#9931=DIRECTION('ref_axis',(-5.15313671861579E-16,0.946254831896025,0.323422004683394));
#9932=DIRECTION('',(-1.20063303032431E-16,0.946254831896025,0.323422004683394));
#9933=DIRECTION('',(-1.,-1.48029736616688E-16,1.40330439731803E-16));
#9934=DIRECTION('',(-1.68988458585818E-14,-0.946254831896025,-0.323422004683394));
#9935=DIRECTION('center_axis',(-1.80664430827637E-16,0.323422004683394,
-0.946254831896025));
#9936=DIRECTION('ref_axis',(0.,-0.946254831896025,-0.323422004683394));
#9937=DIRECTION('',(0.996445216061629,-0.0797156172849299,-0.0272461327306589));
#9938=DIRECTION('center_axis',(1.80664430827637E-16,-0.323422004683394,
0.946254831896025));
#9939=DIRECTION('ref_axis',(0.,-0.946254831896025,-0.323422004683394));
#9940=DIRECTION('',(5.1531367186158E-16,-0.946254831896025,-0.323422004683394));
#9941=DIRECTION('center_axis',(1.80664430827637E-16,-0.323422004683394,
0.946254831896025));
#9942=DIRECTION('ref_axis',(-5.64672722074404E-16,0.946254831896025,0.323422004683394));
#9943=DIRECTION('',(-0.996445216061629,-0.0797156172849303,-0.0272461327306587));
#9944=DIRECTION('center_axis',(-1.80664430827637E-16,0.323422004683394,
-0.946254831896025));
#9945=DIRECTION('ref_axis',(-4.85881179459371E-16,0.946254831896025,0.323422004683394));
#9946=DIRECTION('',(1.97153201683454E-14,-0.946254831896025,-0.323422004683394));
#9947=DIRECTION('',(1.,1.48029736616688E-16,0.));
#9948=DIRECTION('center_axis',(-4.41681393761742E-16,0.790689573743843,
0.612217280034449));
#9949=DIRECTION('ref_axis',(3.33402719772137E-16,-0.612217280034449,0.790689573743843));
#9950=DIRECTION('',(-1.27556122110233E-14,0.612217280034449,-0.790689573743843));
#9951=DIRECTION('center_axis',(-4.41681393761742E-16,0.790689573743843,
0.612217280034449));
#9952=DIRECTION('ref_axis',(-3.65337524697603E-16,0.612217280034449,-0.790689573743843));
#9953=DIRECTION('',(0.991570145392163,0.0793256116313731,-0.102450447076976));
#9954=DIRECTION('center_axis',(4.41681393761742E-16,-0.790689573743843,
-0.612217280034449));
#9955=DIRECTION('ref_axis',(-3.56841303193007E-16,0.612217280034449,-0.790689573743843));
#9956=DIRECTION('',(-3.33402719772137E-16,0.612217280034449,-0.790689573743843));
#9957=DIRECTION('center_axis',(4.41681393761742E-16,-0.790689573743843,
-0.612217280034449));
#9958=DIRECTION('ref_axis',(0.,-0.612217280034449,0.790689573743843));
#9959=DIRECTION('',(-0.991570145392163,0.0793256116313727,-0.102450447076977));
#9960=DIRECTION('center_axis',(-4.41681393761742E-16,0.790689573743843,
0.612217280034449));
#9961=DIRECTION('ref_axis',(0.,-0.612217280034449,0.790689573743843));
#9962=DIRECTION('',(1.09333818951629E-14,0.612217280034449,-0.790689573743843));
#9963=DIRECTION('',(1.,1.48029736616688E-16,0.));
#9964=DIRECTION('',(7.76797394705866E-17,-0.612217280034449,0.790689573743843));
#9965=DIRECTION('',(1.,1.48029736616688E-16,0.));
#9966=DIRECTION('center_axis',(1.,2.08351064679285E-14,0.));
#9967=DIRECTION('ref_axis',(0.,0.,-1.));
#9968=DIRECTION('',(0.,0.,1.));
#9969=DIRECTION('',(0.,0.,1.));
#9970=DIRECTION('center_axis',(0.,0.,1.));
#9971=DIRECTION('ref_axis',(-0.0797452222828914,0.996815278536125,0.));
#9972=DIRECTION('',(0.,0.,1.));
#9973=DIRECTION('center_axis',(0.0797452222828901,-0.996815278536125,0.));
#9974=DIRECTION('ref_axis',(0.,0.,-1.));
#9975=DIRECTION('',(0.,0.,1.));
#9976=DIRECTION('center_axis',(0.,0.,1.));
#9977=DIRECTION('ref_axis',(-0.0797452222828901,0.996815278536125,0.));
#9978=DIRECTION('',(0.,0.,1.));
#9979=DIRECTION('center_axis',(1.,5.44582341343545E-16,0.));
#9980=DIRECTION('ref_axis',(0.,0.,-1.));
#9981=DIRECTION('',(0.,0.,1.));
#9982=DIRECTION('center_axis',(0.,0.,1.));
#9983=DIRECTION('ref_axis',(-1.,0.,0.));
#9984=DIRECTION('',(0.,0.,1.));
#9985=DIRECTION('center_axis',(0.0797452222828896,0.996815278536125,0.));
#9986=DIRECTION('ref_axis',(0.,0.,1.));
#9987=DIRECTION('',(0.,0.,1.));
#9988=DIRECTION('center_axis',(0.,0.,1.));
#9989=DIRECTION('ref_axis',(-1.,0.,0.));
#9990=DIRECTION('',(0.,0.,1.));
#9991=DIRECTION('center_axis',(1.,-1.78586626867958E-14,0.));
#9992=DIRECTION('ref_axis',(0.,0.,-1.));
#9993=DIRECTION('',(0.,0.,1.));
#9994=DIRECTION('center_axis',(1.48029736616688E-16,-1.,0.));
#9995=DIRECTION('ref_axis',(0.,0.,-1.));
#9996=DIRECTION('',(0.,0.,1.));
#9997=DIRECTION('center_axis',(-1.,-1.26882631385732E-16,0.));
#9998=DIRECTION('ref_axis',(0.,0.,1.));
#9999=DIRECTION('',(0.,0.,1.));
#10000=DIRECTION('center_axis',(-1.48029736616688E-16,1.,0.));
#10001=DIRECTION('ref_axis',(0.,0.,1.));
#10002=DIRECTION('',(0.,0.,1.));
#10003=DIRECTION('',(1.,0.,0.));
#10004=DIRECTION('',(-1.,7.04991620588589E-15,5.25495647462583E-13));
#10005=DIRECTION('',(5.25495647462577E-13,-9.44774050139499E-13,1.));
#10006=DIRECTION('',(0.,0.,1.));
#10007=DIRECTION('',(1.,0.,0.));
#10008=DIRECTION('',(0.,0.,1.));
#10009=DIRECTION('',(1.,0.,0.));
#10010=DIRECTION('axis',(0.,0.,1.));
#10011=DIRECTION('refdir',(1.,0.,0.));
#10012=DIRECTION('center_axis',(0.,0.,1.));
#10013=DIRECTION('ref_axis',(-1.,0.,0.));
#10014=DIRECTION('center_axis',(0.,0.,1.));
#10015=DIRECTION('ref_axis',(-1.,0.,0.));
#10016=DIRECTION('',(0.,0.,1.));
#10017=DIRECTION('center_axis',(0.,0.,-1.));
#10018=DIRECTION('ref_axis',(-1.,0.,0.));
#10019=DIRECTION('center_axis',(0.,0.,1.));
#10020=DIRECTION('ref_axis',(-1.,0.,0.));
#10021=DIRECTION('center_axis',(0.,0.,1.));
#10022=DIRECTION('ref_axis',(-1.,0.,0.));
#10023=DIRECTION('',(0.,0.,1.));
#10024=DIRECTION('center_axis',(0.,0.,-1.));
#10025=DIRECTION('ref_axis',(-1.,0.,0.));
#10026=DIRECTION('center_axis',(-2.07594975058161E-31,-1.,0.));
#10027=DIRECTION('ref_axis',(0.,0.,-1.));
#10028=DIRECTION('',(-1.,2.07594975058161E-31,0.));
#10029=DIRECTION('',(0.,0.,1.));
#10030=DIRECTION('',(1.,-2.07594975058161E-31,0.));
#10031=DIRECTION('',(0.,0.,1.));
#10032=DIRECTION('center_axis',(-1.,-3.46485697238439E-16,0.));
#10033=DIRECTION('ref_axis',(0.,0.,1.));
#10034=DIRECTION('',(-3.46485697238439E-16,1.,0.));
#10035=DIRECTION('',(0.,0.,1.));
#10036=DIRECTION('',(3.46485697238439E-16,-1.,0.));
#10037=DIRECTION('center_axis',(1.1686558153949E-16,1.,0.));
#10038=DIRECTION('ref_axis',(0.,0.,1.));
#10039=DIRECTION('',(1.,-1.1686558153949E-16,0.));
#10040=DIRECTION('',(0.,0.,1.));
#10041=DIRECTION('',(-1.,1.1686558153949E-16,0.));
#10042=DIRECTION('center_axis',(1.,0.,0.));
#10043=DIRECTION('ref_axis',(0.,0.,-1.));
#10044=DIRECTION('',(0.,-1.,0.));
#10045=DIRECTION('',(0.,1.,0.));
#10046=DIRECTION('center_axis',(0.,0.,1.));
#10047=DIRECTION('ref_axis',(1.,0.,0.));
#10048=DIRECTION('center_axis',(0.,0.,1.));
#10049=DIRECTION('ref_axis',(1.,0.,0.));
#10050=DIRECTION('axis',(0.,0.,1.));
#10051=DIRECTION('refdir',(1.,0.,0.));
#10052=DIRECTION('axis',(0.,0.,1.));
#10053=DIRECTION('refdir',(1.,0.,0.));
#10054=DIRECTION('axis',(0.,0.,1.));
#10055=DIRECTION('refdir',(1.,0.,0.));
#10056=DIRECTION('axis',(0.,0.,1.));
#10057=DIRECTION('refdir',(1.,0.,0.));
#10058=DIRECTION('axis',(0.,0.,1.));
#10059=DIRECTION('refdir',(1.,0.,0.));
#10060=DIRECTION('center_axis',(7.16272919113004E-17,-1.,0.));
#10061=DIRECTION('ref_axis',(0.,0.,-1.));
#10062=DIRECTION('',(1.,7.16272919113004E-17,0.));
#10063=DIRECTION('',(0.,0.,1.));
#10064=DIRECTION('',(1.,7.16272919113004E-17,0.));
#10065=DIRECTION('',(0.,0.,1.));
#10066=DIRECTION('center_axis',(0.,0.,1.));
#10067=DIRECTION('ref_axis',(0.,1.,0.));
#10068=DIRECTION('center_axis',(0.,0.,1.));
#10069=DIRECTION('ref_axis',(0.,1.,0.));
#10070=DIRECTION('',(0.,0.,1.));
#10071=DIRECTION('center_axis',(0.,0.,1.));
#10072=DIRECTION('ref_axis',(0.,1.,0.));
#10073=DIRECTION('center_axis',(1.,0.,0.));
#10074=DIRECTION('ref_axis',(0.,0.,-1.));
#10075=DIRECTION('',(0.,1.,0.));
#10076=DIRECTION('',(0.,0.,1.));
#10077=DIRECTION('',(0.,1.,0.));
#10078=DIRECTION('center_axis',(0.,0.,1.));
#10079=DIRECTION('ref_axis',(-1.,0.,0.));
#10080=DIRECTION('center_axis',(0.,0.,1.));
#10081=DIRECTION('ref_axis',(-1.,0.,0.));
#10082=DIRECTION('',(0.,0.,1.));
#10083=DIRECTION('center_axis',(0.,0.,1.));
#10084=DIRECTION('ref_axis',(-1.,0.,0.));
#10085=DIRECTION('center_axis',(1.43254583822601E-16,-1.,0.));
#10086=DIRECTION('ref_axis',(0.,0.,-1.));
#10087=DIRECTION('',(-1.,-1.43254583822601E-16,0.));
#10088=DIRECTION('',(0.,0.,1.));
#10089=DIRECTION('',(-1.,-1.43254583822601E-16,0.));
#10090=DIRECTION('',(0.,0.,1.));
#10091=DIRECTION('center_axis',(0.,0.,1.));
#10092=DIRECTION('ref_axis',(1.,0.,0.));
#10093=DIRECTION('center_axis',(0.,0.,-1.));
#10094=DIRECTION('ref_axis',(1.,0.,0.));
#10095=DIRECTION('',(0.,0.,1.));
#10096=DIRECTION('center_axis',(0.,0.,-1.));
#10097=DIRECTION('ref_axis',(1.,0.,0.));
#10098=DIRECTION('center_axis',(-1.,-2.86509167645202E-16,0.));
#10099=DIRECTION('ref_axis',(0.,0.,1.));
#10100=DIRECTION('',(-2.86509167645202E-16,1.,0.));
#10101=DIRECTION('',(0.,0.,1.));
#10102=DIRECTION('',(-2.86509167645202E-16,1.,0.));
#10103=DIRECTION('center_axis',(0.,0.,1.));
#10104=DIRECTION('ref_axis',(0.,-1.,0.));
#10105=DIRECTION('center_axis',(0.,0.,-1.));
#10106=DIRECTION('ref_axis',(0.,-1.,0.));
#10107=DIRECTION('',(0.,0.,1.));
#10108=DIRECTION('center_axis',(0.,0.,-1.));
#10109=DIRECTION('ref_axis',(0.,-1.,0.));
#10110=DIRECTION('center_axis',(0.,1.,0.));
#10111=DIRECTION('ref_axis',(0.,0.,1.));
#10112=DIRECTION('',(-1.,0.,0.));
#10113=DIRECTION('',(0.,0.,1.));
#10114=DIRECTION('',(-1.,0.,0.));
#10115=DIRECTION('center_axis',(0.,0.,1.));
#10116=DIRECTION('ref_axis',(1.,0.,0.));
#10117=DIRECTION('center_axis',(0.,0.,1.));
#10118=DIRECTION('ref_axis',(1.,0.,0.));
#10119=DIRECTION('center_axis',(0.,0.,1.));
#10120=DIRECTION('ref_axis',(1.,0.,0.));
#10121=DIRECTION('',(0.,0.,1.));
#10122=DIRECTION('center_axis',(-1.,-1.43254583822601E-16,0.));
#10123=DIRECTION('ref_axis',(0.,0.,1.));
#10124=DIRECTION('',(1.43254583822601E-16,-1.,0.));
#10125=DIRECTION('',(1.43254583822601E-16,-1.,0.));
#10126=DIRECTION('',(0.,0.,1.));
#10127=DIRECTION('center_axis',(0.,0.,1.));
#10128=DIRECTION('ref_axis',(0.,-1.,0.));
#10129=DIRECTION('center_axis',(0.,0.,1.));
#10130=DIRECTION('ref_axis',(0.,-1.,0.));
#10131=DIRECTION('center_axis',(0.,0.,1.));
#10132=DIRECTION('ref_axis',(0.,-1.,0.));
#10133=DIRECTION('center_axis',(-7.16272919113004E-17,1.,0.));
#10134=DIRECTION('ref_axis',(0.,0.,1.));
#10135=DIRECTION('',(1.,7.16272919113004E-17,0.));
#10136=DIRECTION('',(0.,0.,1.));
#10137=DIRECTION('',(1.,7.16272919113004E-17,0.));
#10138=DIRECTION('center_axis',(0.,0.,1.));
#10139=DIRECTION('ref_axis',(-1.,0.,0.));
#10140=DIRECTION('center_axis',(0.,0.,-1.));
#10141=DIRECTION('ref_axis',(-1.,0.,0.));
#10142=DIRECTION('',(0.,0.,1.));
#10143=DIRECTION('center_axis',(0.,0.,-1.));
#10144=DIRECTION('ref_axis',(-1.,0.,0.));
#10145=DIRECTION('center_axis',(1.,0.,0.));
#10146=DIRECTION('ref_axis',(0.,0.,-1.));
#10147=DIRECTION('',(0.,-1.,0.));
#10148=DIRECTION('',(0.,0.,1.));
#10149=DIRECTION('',(0.,-1.,0.));
#10150=DIRECTION('center_axis',(0.,0.,1.));
#10151=DIRECTION('ref_axis',(0.,1.,0.));
#10152=DIRECTION('center_axis',(0.,0.,-1.));
#10153=DIRECTION('ref_axis',(0.,1.,0.));
#10154=DIRECTION('center_axis',(0.,0.,-1.));
#10155=DIRECTION('ref_axis',(0.,1.,0.));
#10156=DIRECTION('center_axis',(0.,0.,1.));
#10157=DIRECTION('ref_axis',(1.,0.,0.));
#10158=DIRECTION('center_axis',(0.,0.,1.));
#10159=DIRECTION('ref_axis',(1.,0.,0.));
#10160=DIRECTION('',(0.,0.,1.));
#10161=DIRECTION('',(1.,0.,0.));
#10162=DIRECTION('',(-1.,0.,0.));
#10163=DIRECTION('',(0.,0.,1.));
#10164=DIRECTION('',(0.,0.,1.));
#10165=DIRECTION('',(1.,0.,0.));
#10166=DIRECTION('',(0.,0.,1.));
#10167=DIRECTION('',(1.,0.,0.));
#10168=DIRECTION('axis',(0.,0.,1.));
#10169=DIRECTION('refdir',(1.,0.,0.));
#10170=DIRECTION('center_axis',(0.,0.,1.));
#10171=DIRECTION('ref_axis',(-0.707106781186547,-0.707106781186547,0.));
#10172=DIRECTION('center_axis',(0.,0.,-1.));
#10173=DIRECTION('ref_axis',(-0.707106781186547,-0.707106781186547,0.));
#10174=DIRECTION('',(0.,0.,-1.));
#10175=DIRECTION('center_axis',(0.,0.,1.));
#10176=DIRECTION('ref_axis',(-0.707106781186547,-0.707106781186547,0.));
#10177=DIRECTION('',(0.,0.,1.));
#10178=DIRECTION('center_axis',(0.,-1.,0.));
#10179=DIRECTION('ref_axis',(0.,0.,-1.));
#10180=DIRECTION('',(1.,0.,0.));
#10181=DIRECTION('',(0.,0.,-1.));
#10182=DIRECTION('',(-1.,0.,0.));
#10183=DIRECTION('center_axis',(0.,0.,1.));
#10184=DIRECTION('ref_axis',(1.,0.,0.));
#10185=DIRECTION('',(2.53765262771464E-16,-1.,0.));
#10186=DIRECTION('center_axis',(0.,0.,1.));
#10187=DIRECTION('ref_axis',(-0.707106781186547,0.707106781186547,0.));
#10188=DIRECTION('',(-1.,-6.34413156928661E-17,0.));
#10189=DIRECTION('center_axis',(0.,0.,1.));
#10190=DIRECTION('ref_axis',(0.707106781186547,0.707106781186547,0.));
#10191=DIRECTION('',(-1.26882631385732E-16,1.,0.));
#10192=DIRECTION('center_axis',(0.,0.,1.));
#10193=DIRECTION('ref_axis',(0.707106781186547,-0.707106781186547,0.));
#10194=DIRECTION('center_axis',(0.,0.,1.));
#10195=DIRECTION('ref_axis',(-1.,0.,0.));
#10196=DIRECTION('center_axis',(0.,0.,1.));
#10197=DIRECTION('ref_axis',(-1.,0.,0.));
#10198=DIRECTION('center_axis',(0.,0.,1.));
#10199=DIRECTION('ref_axis',(-1.,0.,0.));
#10200=DIRECTION('center_axis',(0.,0.,1.));
#10201=DIRECTION('ref_axis',(-1.,0.,0.));
#10202=DIRECTION('center_axis',(0.,0.,1.));
#10203=DIRECTION('ref_axis',(0.707106781186547,-0.707106781186547,0.));
#10204=DIRECTION('center_axis',(0.,0.,-1.));
#10205=DIRECTION('ref_axis',(0.707106781186547,-0.707106781186547,0.));
#10206=DIRECTION('',(0.,0.,1.));
#10207=DIRECTION('center_axis',(1.,1.26882631385732E-16,0.));
#10208=DIRECTION('ref_axis',(0.,0.,-1.));
#10209=DIRECTION('',(0.,0.,-1.));
#10210=DIRECTION('',(1.26882631385732E-16,-1.,0.));
#10211=DIRECTION('center_axis',(0.,0.,1.));
#10212=DIRECTION('ref_axis',(0.707106781186547,0.707106781186547,0.));
#10213=DIRECTION('center_axis',(0.,0.,-1.));
#10214=DIRECTION('ref_axis',(0.707106781186547,0.707106781186547,0.));
#10215=DIRECTION('',(0.,0.,1.));
#10216=DIRECTION('center_axis',(-6.34413156928661E-17,1.,0.));
#10217=DIRECTION('ref_axis',(0.,0.,1.));
#10218=DIRECTION('',(0.,0.,-1.));
#10219=DIRECTION('',(1.,6.34413156928661E-17,0.));
#10220=DIRECTION('center_axis',(0.,0.,1.));
#10221=DIRECTION('ref_axis',(-0.707106781186547,0.707106781186547,0.));
#10222=DIRECTION('center_axis',(0.,0.,-1.));
#10223=DIRECTION('ref_axis',(-0.707106781186547,0.707106781186547,0.));
#10224=DIRECTION('',(0.,0.,1.));
#10225=DIRECTION('center_axis',(0.,0.,1.));
#10226=DIRECTION('ref_axis',(-1.,0.,0.));
#10227=DIRECTION('',(0.,0.,1.));
#10228=DIRECTION('center_axis',(0.,0.,-1.));
#10229=DIRECTION('ref_axis',(-1.,0.,0.));
#10230=DIRECTION('center_axis',(0.,0.,1.));
#10231=DIRECTION('ref_axis',(-1.,0.,0.));
#10232=DIRECTION('',(0.,0.,1.));
#10233=DIRECTION('center_axis',(0.,0.,-1.));
#10234=DIRECTION('ref_axis',(-1.,0.,0.));
#10235=DIRECTION('center_axis',(0.,0.,1.));
#10236=DIRECTION('ref_axis',(-1.,0.,0.));
#10237=DIRECTION('',(0.,0.,1.));
#10238=DIRECTION('center_axis',(0.,0.,-1.));
#10239=DIRECTION('ref_axis',(-1.,0.,0.));
#10240=DIRECTION('center_axis',(0.,0.,1.));
#10241=DIRECTION('ref_axis',(-1.,0.,0.));
#10242=DIRECTION('',(0.,0.,1.));
#10243=DIRECTION('center_axis',(0.,0.,-1.));
#10244=DIRECTION('ref_axis',(-1.,0.,0.));
#10245=DIRECTION('center_axis',(-1.,-2.53765262771464E-16,0.));
#10246=DIRECTION('ref_axis',(0.,0.,1.));
#10247=DIRECTION('',(-2.53765262771464E-16,1.,0.));
#10248=DIRECTION('center_axis',(0.,0.,1.));
#10249=DIRECTION('ref_axis',(1.,0.,0.));
#10250=DIRECTION('axis',(0.,0.,1.));
#10251=DIRECTION('refdir',(1.,0.,0.));
#10252=DIRECTION('center_axis',(0.,0.,1.));
#10253=DIRECTION('ref_axis',(-0.707106781186548,-0.707106781186548,0.));
#10254=DIRECTION('center_axis',(0.,0.,-1.));
#10255=DIRECTION('ref_axis',(-0.707106781186548,-0.707106781186548,0.));
#10256=DIRECTION('',(0.,0.,-1.));
#10257=DIRECTION('center_axis',(0.,0.,1.));
#10258=DIRECTION('ref_axis',(-0.707106781186548,-0.707106781186548,0.));
#10259=DIRECTION('',(0.,0.,1.));
#10260=DIRECTION('center_axis',(0.,-1.,0.));
#10261=DIRECTION('ref_axis',(0.,0.,-1.));
#10262=DIRECTION('',(1.,0.,0.));
#10263=DIRECTION('',(0.,0.,1.));
#10264=DIRECTION('',(-1.,0.,0.));
#10265=DIRECTION('center_axis',(0.,0.,1.));
#10266=DIRECTION('ref_axis',(1.,0.,0.));
#10267=DIRECTION('',(0.,-1.,0.));
#10268=DIRECTION('center_axis',(0.,0.,1.));
#10269=DIRECTION('ref_axis',(-0.707106781186548,0.707106781186548,0.));
#10270=DIRECTION('',(-1.,0.,0.));
#10271=DIRECTION('',(1.26882631385732E-16,-1.,0.));
#10272=DIRECTION('center_axis',(0.,0.,1.));
#10273=DIRECTION('ref_axis',(-0.707106781186545,0.70710678118655,0.));
#10274=DIRECTION('',(-1.,-1.48029736616688E-16,0.));
#10275=DIRECTION('center_axis',(0.,0.,1.));
#10276=DIRECTION('ref_axis',(0.707106781186549,0.707106781186546,0.));
#10277=DIRECTION('',(0.,1.,0.));
#10278=DIRECTION('center_axis',(0.,0.,1.));
#10279=DIRECTION('ref_axis',(0.707106781186549,-0.707106781186546,0.));
#10280=DIRECTION('',(1.,2.96059473233375E-16,0.));
#10281=DIRECTION('center_axis',(0.,0.,1.));
#10282=DIRECTION('ref_axis',(-0.707106781186549,-0.707106781186546,0.));
#10283=DIRECTION('',(1.26882631385732E-16,-1.,0.));
#10284=DIRECTION('center_axis',(0.,0.,1.));
#10285=DIRECTION('ref_axis',(-1.,0.,0.));
#10286=DIRECTION('center_axis',(0.,0.,1.));
#10287=DIRECTION('ref_axis',(-1.,0.,0.));
#10288=DIRECTION('center_axis',(0.,0.,1.));
#10289=DIRECTION('ref_axis',(-0.707106781186549,-0.707106781186546,0.));
#10290=DIRECTION('center_axis',(0.,0.,-1.));
#10291=DIRECTION('ref_axis',(-0.707106781186549,-0.707106781186546,0.));
#10292=DIRECTION('',(0.,0.,-1.));
#10293=DIRECTION('',(0.,0.,1.));
#10294=DIRECTION('center_axis',(2.96059473233375E-16,-1.,0.));
#10295=DIRECTION('ref_axis',(0.,0.,-1.));
#10296=DIRECTION('',(0.,0.,-1.));
#10297=DIRECTION('',(-1.,-2.96059473233375E-16,0.));
#10298=DIRECTION('center_axis',(0.,0.,1.));
#10299=DIRECTION('ref_axis',(0.707106781186549,-0.707106781186546,0.));
#10300=DIRECTION('center_axis',(0.,0.,-1.));
#10301=DIRECTION('ref_axis',(0.707106781186549,-0.707106781186546,0.));
#10302=DIRECTION('',(0.,0.,1.));
#10303=DIRECTION('center_axis',(1.,0.,0.));
#10304=DIRECTION('ref_axis',(0.,0.,-1.));
#10305=DIRECTION('',(0.,0.,-1.));
#10306=DIRECTION('',(0.,-1.,0.));
#10307=DIRECTION('center_axis',(0.,0.,1.));
#10308=DIRECTION('ref_axis',(-0.707106781186548,0.707106781186548,0.));
#10309=DIRECTION('center_axis',(0.,0.,-1.));
#10310=DIRECTION('ref_axis',(-0.707106781186548,0.707106781186548,0.));
#10311=DIRECTION('',(0.,0.,-1.));
#10312=DIRECTION('',(0.,0.,1.));
#10313=DIRECTION('center_axis',(-1.,0.,0.));
#10314=DIRECTION('ref_axis',(0.,0.,1.));
#10315=DIRECTION('',(0.,1.,0.));
#10316=DIRECTION('center_axis',(0.,0.,1.));
#10317=DIRECTION('ref_axis',(-0.707106781186545,0.70710678118655,0.));
#10318=DIRECTION('center_axis',(0.,0.,-1.));
#10319=DIRECTION('ref_axis',(-0.707106781186545,0.70710678118655,0.));
#10320=DIRECTION('',(0.,0.,-1.));
#10321=DIRECTION('',(0.,0.,1.));
#10322=DIRECTION('center_axis',(-1.,-1.26882631385732E-16,0.));
#10323=DIRECTION('ref_axis',(0.,0.,1.));
#10324=DIRECTION('',(0.,0.,1.));
#10325=DIRECTION('',(-1.26882631385732E-16,1.,0.));
#10326=DIRECTION('center_axis',(0.,0.,1.));
#10327=DIRECTION('ref_axis',(0.707106781186549,0.707106781186546,0.));
#10328=DIRECTION('center_axis',(0.,0.,-1.));
#10329=DIRECTION('ref_axis',(0.707106781186549,0.707106781186546,0.));
#10330=DIRECTION('',(0.,0.,1.));
#10331=DIRECTION('center_axis',(0.,0.,1.));
#10332=DIRECTION('ref_axis',(-1.,0.,0.));
#10333=DIRECTION('',(0.,0.,1.));
#10334=DIRECTION('center_axis',(0.,0.,-1.));
#10335=DIRECTION('ref_axis',(-1.,0.,0.));
#10336=DIRECTION('center_axis',(0.,0.,1.));
#10337=DIRECTION('ref_axis',(-1.,0.,0.));
#10338=DIRECTION('',(0.,0.,1.));
#10339=DIRECTION('center_axis',(0.,0.,-1.));
#10340=DIRECTION('ref_axis',(-1.,0.,0.));
#10341=DIRECTION('center_axis',(-1.48029736616688E-16,1.,0.));
#10342=DIRECTION('ref_axis',(0.,0.,1.));
#10343=DIRECTION('',(1.,1.48029736616688E-16,0.));
#10344=DIRECTION('center_axis',(-1.,-1.26882631385732E-16,0.));
#10345=DIRECTION('ref_axis',(0.,0.,1.));
#10346=DIRECTION('',(-1.26882631385732E-16,1.,0.));
#10347=DIRECTION('center_axis',(0.,1.,0.));
#10348=DIRECTION('ref_axis',(0.,0.,1.));
#10349=DIRECTION('',(1.,0.,0.));
#10350=DIRECTION('center_axis',(0.,0.,1.));
#10351=DIRECTION('ref_axis',(1.,0.,0.));
#10352=DIRECTION('axis',(0.,0.,1.));
#10353=DIRECTION('refdir',(1.,0.,0.));
#10354=DIRECTION('axis',(0.,0.,1.));
#10355=DIRECTION('refdir',(1.,0.,0.));
#10356=DIRECTION('center_axis',(0.,-1.,0.));
#10357=DIRECTION('ref_axis',(0.,0.,-1.));
#10358=DIRECTION('',(-1.,0.,0.));
#10359=DIRECTION('',(0.,0.,1.));
#10360=DIRECTION('',(1.,0.,0.));
#10361=DIRECTION('',(0.,0.,1.));
#10362=DIRECTION('center_axis',(-1.,0.,0.));
#10363=DIRECTION('ref_axis',(0.,0.,1.));
#10364=DIRECTION('',(0.,1.,0.));
#10365=DIRECTION('',(0.,0.,1.));
#10366=DIRECTION('',(0.,-1.,0.));
#10367=DIRECTION('center_axis',(0.,1.,0.));
#10368=DIRECTION('ref_axis',(0.,0.,1.));
#10369=DIRECTION('',(1.,0.,0.));
#10370=DIRECTION('',(0.,0.,1.));
#10371=DIRECTION('',(-1.,0.,0.));
#10372=DIRECTION('center_axis',(1.,0.,0.));
#10373=DIRECTION('ref_axis',(0.,0.,-1.));
#10374=DIRECTION('',(0.,-1.,0.));
#10375=DIRECTION('',(0.,1.,0.));
#10376=DIRECTION('center_axis',(0.,0.,1.));
#10377=DIRECTION('ref_axis',(1.,0.,0.));
#10378=DIRECTION('center_axis',(0.,0.,1.));
#10379=DIRECTION('ref_axis',(1.,0.,0.));
#10380=DIRECTION('axis',(0.,0.,1.));
#10381=DIRECTION('refdir',(1.,0.,0.));
#10382=DIRECTION('center_axis',(0.,0.,1.));
#10383=DIRECTION('ref_axis',(-1.,0.,0.));
#10384=DIRECTION('center_axis',(0.,0.,1.));
#10385=DIRECTION('ref_axis',(-1.,0.,0.));
#10386=DIRECTION('',(0.,0.,1.));
#10387=DIRECTION('center_axis',(0.,0.,-1.));
#10388=DIRECTION('ref_axis',(-1.,0.,0.));
#10389=DIRECTION('center_axis',(3.483052626275E-16,1.,0.));
#10390=DIRECTION('ref_axis',(0.,0.,1.));
#10391=DIRECTION('',(1.,-3.483052626275E-16,0.));
#10392=DIRECTION('',(0.,0.,1.));
#10393=DIRECTION('',(-1.,3.483052626275E-16,0.));
#10394=DIRECTION('',(0.,0.,1.));
#10395=DIRECTION('center_axis',(0.,0.,1.));
#10396=DIRECTION('ref_axis',(0.,1.,0.));
#10397=DIRECTION('center_axis',(0.,0.,-1.));
#10398=DIRECTION('ref_axis',(0.,1.,0.));
#10399=DIRECTION('center_axis',(0.,0.,1.));
#10400=DIRECTION('ref_axis',(0.,1.,0.));
#10401=DIRECTION('',(0.,0.,1.));
#10402=DIRECTION('center_axis',(-3.483052626275E-16,-1.,0.));
#10403=DIRECTION('ref_axis',(0.,0.,-1.));
#10404=DIRECTION('',(-1.,3.483052626275E-16,0.));
#10405=DIRECTION('',(1.,-3.483052626275E-16,0.));
#10406=DIRECTION('',(0.,0.,1.));
#10407=DIRECTION('center_axis',(0.,0.,1.));
#10408=DIRECTION('ref_axis',(0.,-1.,0.));
#10409=DIRECTION('center_axis',(0.,0.,-1.));
#10410=DIRECTION('ref_axis',(0.,-1.,0.));
#10411=DIRECTION('center_axis',(0.,0.,1.));
#10412=DIRECTION('ref_axis',(0.,-1.,0.));
#10413=DIRECTION('center_axis',(0.,-1.,0.));
#10414=DIRECTION('ref_axis',(0.,0.,-1.));
#10415=DIRECTION('',(-1.,0.,0.));
#10416=DIRECTION('',(0.,0.,1.));
#10417=DIRECTION('',(1.,0.,0.));
#10418=DIRECTION('',(0.,0.,1.));
#10419=DIRECTION('center_axis',(-1.,0.,0.));
#10420=DIRECTION('ref_axis',(0.,0.,1.));
#10421=DIRECTION('',(0.,1.,0.));
#10422=DIRECTION('',(0.,0.,1.));
#10423=DIRECTION('',(0.,-1.,0.));
#10424=DIRECTION('center_axis',(0.,1.,0.));
#10425=DIRECTION('ref_axis',(0.,0.,1.));
#10426=DIRECTION('',(1.,0.,0.));
#10427=DIRECTION('',(0.,0.,1.));
#10428=DIRECTION('',(-1.,0.,0.));
#10429=DIRECTION('center_axis',(0.707106781186547,0.707106781186548,0.));
#10430=DIRECTION('ref_axis',(0.,0.,-1.));
#10431=DIRECTION('',(0.707106781186548,-0.707106781186547,0.));
#10432=DIRECTION('',(0.,0.,1.));
#10433=DIRECTION('',(-0.707106781186548,0.707106781186547,0.));
#10434=DIRECTION('center_axis',(1.,0.,0.));
#10435=DIRECTION('ref_axis',(0.,0.,-1.));
#10436=DIRECTION('',(0.,-1.,0.));
#10437=DIRECTION('',(0.,1.,0.));
#10438=DIRECTION('center_axis',(0.,0.,1.));
#10439=DIRECTION('ref_axis',(1.,0.,0.));
#10440=DIRECTION('center_axis',(0.,0.,1.));
#10441=DIRECTION('ref_axis',(1.,0.,0.));
#10442=DIRECTION('',(0.,-1.,-2.22044604925031E-16));
#10443=DIRECTION('',(1.,0.,0.));
#10444=DIRECTION('',(1.,0.,0.));
#10445=DIRECTION('',(0.,2.22044604925031E-16,-1.));
#10446=DIRECTION('',(1.,0.,0.));
#10447=DIRECTION('',(0.,2.22044604925031E-16,-1.));
#10448=DIRECTION('axis',(0.,0.,1.));
#10449=DIRECTION('refdir',(1.,0.,0.));
#10450=DIRECTION('center_axis',(-1.,6.05336830986169E-16,0.));
#10451=DIRECTION('ref_axis',(-6.05336830986169E-16,-1.,0.));
#10452=DIRECTION('center_axis',(0.804187194058314,0.594376107286132,0.));
#10453=DIRECTION('ref_axis',(-0.594376107286132,0.804187194058314,0.));
#10454=DIRECTION('center_axis',(0.,0.,-1.));
#10455=DIRECTION('ref_axis',(-1.,0.,0.));
#10456=DIRECTION('center_axis',(0.,0.,1.));
#10457=DIRECTION('ref_axis',(-1.,0.,0.));
#10458=DIRECTION('center_axis',(0.,0.,-1.));
#10459=DIRECTION('ref_axis',(-1.,0.,0.));
#10460=DIRECTION('center_axis',(0.,0.,1.));
#10461=DIRECTION('ref_axis',(-1.,0.,0.));
#10462=DIRECTION('axis',(0.,0.,1.));
#10463=DIRECTION('refdir',(1.,0.,0.));
#10464=DIRECTION('axis',(0.,0.,1.));
#10465=DIRECTION('refdir',(1.,0.,0.));
#10466=DIRECTION('axis',(0.,0.,1.));
#10467=DIRECTION('refdir',(1.,0.,0.));
#10468=DIRECTION('axis',(0.,0.,1.));
#10469=DIRECTION('refdir',(1.,0.,0.));
#10470=DIRECTION('axis',(0.,0.,1.));
#10471=DIRECTION('refdir',(1.,0.,0.));
#10472=DIRECTION('center_axis',(0.,0.,1.));
#10473=DIRECTION('ref_axis',(-1.,0.,0.));
#10474=DIRECTION('center_axis',(0.,0.,1.));
#10475=DIRECTION('ref_axis',(-1.,0.,0.));
#10476=DIRECTION('',(0.,0.,1.));
#10477=DIRECTION('center_axis',(0.,0.,1.));
#10478=DIRECTION('ref_axis',(-1.,0.,0.));
#10479=DIRECTION('center_axis',(0.,0.,1.));
#10480=DIRECTION('ref_axis',(-1.,0.,0.));
#10481=DIRECTION('center_axis',(0.,0.,-1.));
#10482=DIRECTION('ref_axis',(-1.,0.,0.));
#10483=DIRECTION('',(0.,0.,-1.));
#10484=DIRECTION('center_axis',(0.,0.,-1.));
#10485=DIRECTION('ref_axis',(-1.,0.,0.));
#10486=DIRECTION('center_axis',(0.,0.,1.));
#10487=DIRECTION('ref_axis',(1.,0.,0.));
#10488=DIRECTION('center_axis',(0.,0.,1.));
#10489=DIRECTION('ref_axis',(1.,0.,0.));
#10490=DIRECTION('',(0.,0.,1.));
#10491=DIRECTION('',(1.,0.,0.));
#10492=DIRECTION('',(-1.,0.,0.));
#10493=DIRECTION('',(0.,0.,1.));
#10494=DIRECTION('',(0.,0.,1.));
#10495=DIRECTION('',(1.,0.,0.));
#10496=DIRECTION('',(0.,0.,1.));
#10497=DIRECTION('',(1.,0.,0.));
#10498=DIRECTION('axis',(0.,0.,1.));
#10499=DIRECTION('refdir',(1.,0.,0.));
#10500=DIRECTION('axis',(0.,0.,1.));
#10501=DIRECTION('refdir',(1.,0.,0.));
#10502=DIRECTION('axis',(0.,0.,1.));
#10503=DIRECTION('refdir',(1.,0.,0.));
#10504=DIRECTION('axis',(0.,0.,1.));
#10505=DIRECTION('refdir',(1.,0.,0.));
#10506=DIRECTION('axis',(0.,0.,1.));
#10507=DIRECTION('refdir',(1.,0.,0.));
#10508=DIRECTION('center_axis',(0.,0.,1.));
#10509=DIRECTION('ref_axis',(-1.,0.,0.));
#10510=DIRECTION('center_axis',(0.,0.,1.));
#10511=DIRECTION('ref_axis',(-1.,0.,0.));
#10512=DIRECTION('',(0.,0.,1.));
#10513=DIRECTION('center_axis',(0.,0.,1.));
#10514=DIRECTION('ref_axis',(-1.,0.,0.));
#10515=DIRECTION('center_axis',(0.,0.,1.));
#10516=DIRECTION('ref_axis',(-1.,0.,0.));
#10517=DIRECTION('center_axis',(0.,0.,-1.));
#10518=DIRECTION('ref_axis',(-1.,0.,0.));
#10519=DIRECTION('',(0.,0.,-1.));
#10520=DIRECTION('center_axis',(0.,0.,-1.));
#10521=DIRECTION('ref_axis',(-1.,0.,0.));
#10522=DIRECTION('center_axis',(0.,0.,1.));
#10523=DIRECTION('ref_axis',(1.,0.,0.));
#10524=DIRECTION('center_axis',(0.,0.,1.));
#10525=DIRECTION('ref_axis',(1.,0.,0.));
#10526=DIRECTION('',(0.,0.,1.));
#10527=DIRECTION('',(1.,0.,0.));
#10528=DIRECTION('',(-1.,0.,0.));
#10529=DIRECTION('',(0.,0.,1.));
#10530=DIRECTION('',(0.,0.,1.));
#10531=DIRECTION('',(1.,0.,0.));
#10532=DIRECTION('',(0.,0.,1.));
#10533=DIRECTION('',(1.,0.,0.));
#10534=DIRECTION('axis',(0.,0.,1.));
#10535=DIRECTION('refdir',(1.,0.,0.));
#10536=DIRECTION('center_axis',(0.,-1.,0.));
#10537=DIRECTION('ref_axis',(1.,0.,0.));
#10538=DIRECTION('',(1.,0.,0.));
#10539=DIRECTION('',(0.,0.,1.));
#10540=DIRECTION('',(1.,0.,0.));
#10541=DIRECTION('',(0.,0.,1.));
#10542=DIRECTION('center_axis',(-1.,0.,0.));
#10543=DIRECTION('ref_axis',(0.,-1.,0.));
#10544=DIRECTION('',(0.,-1.,0.));
#10545=DIRECTION('',(0.,-1.,0.));
#10546=DIRECTION('',(0.,0.,1.));
#10547=DIRECTION('center_axis',(0.,1.,0.));
#10548=DIRECTION('ref_axis',(-1.,0.,0.));
#10549=DIRECTION('',(-1.,0.,0.));
#10550=DIRECTION('',(-1.,0.,0.));
#10551=DIRECTION('',(0.,0.,1.));
#10552=DIRECTION('center_axis',(1.,0.,0.));
#10553=DIRECTION('ref_axis',(0.,1.,0.));
#10554=DIRECTION('',(0.,1.,0.));
#10555=DIRECTION('',(0.,1.,0.));
#10556=DIRECTION('center_axis',(0.,0.,1.));
#10557=DIRECTION('ref_axis',(1.,0.,0.));
#10558=DIRECTION('center_axis',(0.,0.,1.));
#10559=DIRECTION('ref_axis',(1.,0.,0.));
#10560=DIRECTION('axis',(0.,0.,1.));
#10561=DIRECTION('refdir',(1.,0.,0.));
#10562=DIRECTION('center_axis',(0.,0.,-1.));
#10563=DIRECTION('ref_axis',(1.,0.,0.));
#10564=DIRECTION('center_axis',(0.,0.,1.));
#10565=DIRECTION('ref_axis',(1.,0.,0.));
#10566=DIRECTION('',(0.,0.,1.));
#10567=DIRECTION('center_axis',(0.,0.,-1.));
#10568=DIRECTION('ref_axis',(1.,0.,0.));
#10569=DIRECTION('',(0.,0.,1.));
#10570=DIRECTION('center_axis',(1.,4.44089209850126E-16,0.));
#10571=DIRECTION('ref_axis',(-4.44089209850126E-16,1.,0.));
#10572=DIRECTION('',(4.44089209850126E-16,-1.,0.));
#10573=DIRECTION('',(0.,0.,1.));
#10574=DIRECTION('',(-4.44089209850126E-16,1.,0.));
#10575=DIRECTION('center_axis',(0.,0.,-1.));
#10576=DIRECTION('ref_axis',(-1.,0.,0.));
#10577=DIRECTION('center_axis',(0.,0.,1.));
#10578=DIRECTION('ref_axis',(-1.,0.,0.));
#10579=DIRECTION('',(0.,0.,1.));
#10580=DIRECTION('center_axis',(0.,0.,-1.));
#10581=DIRECTION('ref_axis',(-1.,0.,0.));
#10582=DIRECTION('center_axis',(-1.,0.,0.));
#10583=DIRECTION('ref_axis',(0.,-1.,0.));
#10584=DIRECTION('',(0.,1.,0.));
#10585=DIRECTION('',(0.,-1.,0.));
#10586=DIRECTION('center_axis',(1.,6.66133814775189E-16,0.));
#10587=DIRECTION('ref_axis',(-6.66133814775189E-16,1.,0.));
#10588=DIRECTION('',(6.66133814775189E-16,-1.,0.));
#10589=DIRECTION('',(0.,0.,1.));
#10590=DIRECTION('',(-6.66133814775189E-16,1.,0.));
#10591=DIRECTION('',(0.,0.,1.));
#10592=DIRECTION('center_axis',(0.,0.,-1.));
#10593=DIRECTION('ref_axis',(-1.,0.,0.));
#10594=DIRECTION('center_axis',(0.,0.,1.));
#10595=DIRECTION('ref_axis',(-1.,0.,0.));
#10596=DIRECTION('',(0.,0.,1.));
#10597=DIRECTION('center_axis',(0.,0.,-1.));
#10598=DIRECTION('ref_axis',(-1.,0.,0.));
#10599=DIRECTION('center_axis',(-1.,-4.44089209850126E-16,0.));
#10600=DIRECTION('ref_axis',(4.44089209850126E-16,-1.,0.));
#10601=DIRECTION('',(-4.44089209850126E-16,1.,0.));
#10602=DIRECTION('',(0.,0.,1.));
#10603=DIRECTION('',(4.44089209850126E-16,-1.,0.));
#10604=DIRECTION('center_axis',(0.,0.,-1.));
#10605=DIRECTION('ref_axis',(1.,0.,0.));
#10606=DIRECTION('center_axis',(0.,0.,1.));
#10607=DIRECTION('ref_axis',(1.,0.,0.));
#10608=DIRECTION('center_axis',(0.,0.,-1.));
#10609=DIRECTION('ref_axis',(1.,0.,0.));
#10610=DIRECTION('center_axis',(0.,-1.,0.));
#10611=DIRECTION('ref_axis',(0.,0.,-1.));
#10612=DIRECTION('center_axis',(0.,-1.,0.));
#10613=DIRECTION('ref_axis',(-1.357738624134E-16,0.,-1.));
#10614=DIRECTION('',(0.,0.,1.));
#10615=DIRECTION('center_axis',(0.,1.,0.));
#10616=DIRECTION('ref_axis',(-1.357738624134E-16,0.,-1.));
#10617=DIRECTION('',(-1.,-6.11974207516715E-17,2.22044604925031E-16));
#10618=DIRECTION('center_axis',(-1.05975570498247E-13,1.,-3.65743648095553E-30));
#10619=DIRECTION('ref_axis',(0.,3.65743648095553E-30,1.));
#10620=DIRECTION('center_axis',(-1.05975570498247E-13,1.,-3.65743648095553E-30));
#10621=DIRECTION('ref_axis',(-1.357738624134E-16,0.,-1.));
#10622=DIRECTION('',(-1.,-6.11974207516715E-17,2.22044604925031E-16));
#10623=DIRECTION('center_axis',(1.05975570498247E-13,-1.,3.65743648095553E-30));
#10624=DIRECTION('ref_axis',(-1.357738624134E-16,0.,-1.));
#10625=DIRECTION('',(0.,0.,-1.));
#10626=DIRECTION('center_axis',(-6.11974207516715E-17,1.,0.));
#10627=DIRECTION('ref_axis',(-1.357738624134E-16,0.,-1.));
#10628=DIRECTION('',(6.11974207516715E-17,-1.,0.));
#10629=DIRECTION('',(-6.11974207516715E-17,1.,2.46519032881566E-32));
#10630=DIRECTION('center_axis',(-6.11974207516715E-17,1.,0.));
#10631=DIRECTION('ref_axis',(-1.357738624134E-16,0.,-1.));
#10632=DIRECTION('',(6.11974207516715E-17,-1.,-2.46519032881566E-32));
#10633=DIRECTION('',(-6.11974207516715E-17,1.,0.));
#10634=DIRECTION('center_axis',(-2.58379176640036E-15,-1.,0.));
#10635=DIRECTION('ref_axis',(0.,0.,-1.));
#10636=DIRECTION('',(-1.,2.58379176640036E-15,0.));
#10637=DIRECTION('',(0.,0.,-1.));
#10638=DIRECTION('',(1.,-2.58379176640036E-15,0.));
#10639=DIRECTION('center_axis',(0.,0.,1.));
#10640=DIRECTION('ref_axis',(1.,0.,0.));
#10641=DIRECTION('center_axis',(0.,0.,1.));
#10642=DIRECTION('ref_axis',(-1.,0.,0.));
#10643=DIRECTION('',(1.,-2.58379176640036E-15,0.));
#10644=DIRECTION('',(7.54932783425521E-17,-1.,0.));
#10645=DIRECTION('',(-1.,0.,0.));
#10646=DIRECTION('center_axis',(-1.,-7.54932783425521E-17,0.));
#10647=DIRECTION('ref_axis',(0.,0.,1.));
#10648=DIRECTION('',(0.,0.,-1.));
#10649=DIRECTION('',(-7.54932783425521E-17,1.,0.));
#10650=DIRECTION('',(0.,0.,-1.));
#10651=DIRECTION('center_axis',(0.,1.,0.));
#10652=DIRECTION('ref_axis',(0.,0.,1.));
#10653=DIRECTION('',(1.,0.,0.));
#10654=DIRECTION('center_axis',(0.,0.,1.));
#10655=DIRECTION('ref_axis',(-1.,0.,0.));
#10656=DIRECTION('center_axis',(0.,0.,-1.));
#10657=DIRECTION('ref_axis',(-1.,0.,0.));
#10658=DIRECTION('',(0.,0.,-1.));
#10659=DIRECTION('center_axis',(-2.58379176640036E-15,-1.,0.));
#10660=DIRECTION('ref_axis',(0.,0.,-1.));
#10661=DIRECTION('',(-1.,2.58379176640036E-15,0.));
#10662=DIRECTION('center_axis',(0.,0.,1.));
#10663=DIRECTION('ref_axis',(1.,0.,0.));
#10664=DIRECTION('center_axis',(-2.22044604925031E-16,-1.85891471696067E-15,
-1.));
#10665=DIRECTION('ref_axis',(-1.,-6.11974207516715E-17,2.22044604925031E-16));
#10666=DIRECTION('',(-6.11974207516719E-17,1.,-1.85891471696067E-15));
#10667=DIRECTION('',(-1.,-6.11974207516715E-17,2.22044604925031E-16));
#10668=DIRECTION('',(6.11974207516719E-17,-1.,1.85891471696067E-15));
#10669=DIRECTION('',(-1.,-6.11974207516715E-17,2.22044604925031E-16));
#10670=DIRECTION('center_axis',(-1.84327706601888E-16,0.790689573743844,
-0.612217280034449));
#10671=DIRECTION('ref_axis',(-1.,-6.11974207516715E-17,2.22044604925031E-16));
#10672=DIRECTION('',(1.38102235542581E-16,0.612217280034449,0.790689573743844));
#10673=DIRECTION('',(-1.38102235542581E-16,-0.612217280034449,-0.790689573743844));
#10674=DIRECTION('center_axis',(2.07832380772252E-16,-0.655268339386099,
0.755396189690009));
#10675=DIRECTION('ref_axis',(1.,6.11974207516715E-17,-2.22044604925031E-16));
#10676=DIRECTION('',(-9.92705010841988E-17,-0.755396189690009,-0.655268339386099));
#10677=DIRECTION('',(9.92705010841988E-17,0.755396189690009,0.655268339386099));
#10678=DIRECTION('center_axis',(1.,6.11974207516715E-17,-2.22044604925031E-16));
#10679=DIRECTION('ref_axis',(-2.22044604925031E-16,-6.11974207516715E-17,
-1.));
#10680=DIRECTION('center_axis',(1.,6.11974207516715E-17,-2.22044604925031E-16));
#10681=DIRECTION('ref_axis',(-2.22044604925031E-16,-6.11974207516715E-17,
-1.));
#10682=DIRECTION('axis',(0.,0.,1.));
#10683=DIRECTION('refdir',(1.,0.,0.));
#10684=DIRECTION('center_axis',(0.,-1.,0.));
#10685=DIRECTION('ref_axis',(0.,0.,-1.));
#10686=DIRECTION('center_axis',(0.,-1.,0.));
#10687=DIRECTION('ref_axis',(-1.357738624134E-16,0.,-1.));
#10688=DIRECTION('',(0.,0.,1.));
#10689=DIRECTION('center_axis',(0.,1.,0.));
#10690=DIRECTION('ref_axis',(-1.357738624134E-16,0.,-1.));
#10691=DIRECTION('',(-1.,-6.11974207516715E-17,2.22044604925031E-16));
#10692=DIRECTION('center_axis',(-1.05975570498247E-13,1.,-3.65743648095553E-30));
#10693=DIRECTION('ref_axis',(0.,3.65743648095553E-30,1.));
#10694=DIRECTION('center_axis',(-1.05975570498247E-13,1.,-3.65743648095553E-30));
#10695=DIRECTION('ref_axis',(-1.357738624134E-16,0.,-1.));
#10696=DIRECTION('',(-1.,-6.11974207516715E-17,2.22044604925031E-16));
#10697=DIRECTION('center_axis',(1.05975570498247E-13,-1.,3.65743648095553E-30));
#10698=DIRECTION('ref_axis',(-1.357738624134E-16,0.,-1.));
#10699=DIRECTION('',(0.,0.,-1.));
#10700=DIRECTION('center_axis',(-6.11974207516715E-17,1.,0.));
#10701=DIRECTION('ref_axis',(-1.357738624134E-16,0.,-1.));
#10702=DIRECTION('',(6.11974207516715E-17,-1.,0.));
#10703=DIRECTION('',(-6.11974207516715E-17,1.,2.46519032881566E-32));
#10704=DIRECTION('center_axis',(-6.11974207516715E-17,1.,0.));
#10705=DIRECTION('ref_axis',(-1.357738624134E-16,0.,-1.));
#10706=DIRECTION('',(6.11974207516715E-17,-1.,-2.46519032881566E-32));
#10707=DIRECTION('',(-6.11974207516715E-17,1.,0.));
#10708=DIRECTION('center_axis',(-2.58379176640036E-15,-1.,0.));
#10709=DIRECTION('ref_axis',(0.,0.,-1.));
#10710=DIRECTION('',(-1.,2.58379176640036E-15,0.));
#10711=DIRECTION('',(0.,0.,-1.));
#10712=DIRECTION('',(1.,-2.58379176640036E-15,0.));
#10713=DIRECTION('center_axis',(0.,0.,1.));
#10714=DIRECTION('ref_axis',(1.,0.,0.));
#10715=DIRECTION('center_axis',(0.,0.,1.));
#10716=DIRECTION('ref_axis',(-1.,0.,0.));
#10717=DIRECTION('',(1.,-2.58379176640036E-15,0.));
#10718=DIRECTION('',(7.54932783425521E-17,-1.,0.));
#10719=DIRECTION('',(-1.,0.,0.));
#10720=DIRECTION('center_axis',(-1.,-7.54932783425521E-17,0.));
#10721=DIRECTION('ref_axis',(0.,0.,1.));
#10722=DIRECTION('',(0.,0.,-1.));
#10723=DIRECTION('',(-7.54932783425521E-17,1.,0.));
#10724=DIRECTION('',(0.,0.,-1.));
#10725=DIRECTION('center_axis',(0.,1.,0.));
#10726=DIRECTION('ref_axis',(0.,0.,1.));
#10727=DIRECTION('',(1.,0.,0.));
#10728=DIRECTION('center_axis',(0.,0.,1.));
#10729=DIRECTION('ref_axis',(-1.,0.,0.));
#10730=DIRECTION('center_axis',(0.,0.,-1.));
#10731=DIRECTION('ref_axis',(-1.,0.,0.));
#10732=DIRECTION('',(0.,0.,-1.));
#10733=DIRECTION('center_axis',(-2.58379176640036E-15,-1.,0.));
#10734=DIRECTION('ref_axis',(0.,0.,-1.));
#10735=DIRECTION('',(-1.,2.58379176640036E-15,0.));
#10736=DIRECTION('center_axis',(0.,0.,1.));
#10737=DIRECTION('ref_axis',(1.,0.,0.));
#10738=DIRECTION('center_axis',(-2.22044604925031E-16,-1.85891471696067E-15,
-1.));
#10739=DIRECTION('ref_axis',(-1.,-6.11974207516715E-17,2.22044604925031E-16));
#10740=DIRECTION('',(-6.11974207516719E-17,1.,-1.85891471696067E-15));
#10741=DIRECTION('',(-1.,-6.11974207516715E-17,2.22044604925031E-16));
#10742=DIRECTION('',(6.11974207516719E-17,-1.,1.85891471696067E-15));
#10743=DIRECTION('',(-1.,-6.11974207516715E-17,2.22044604925031E-16));
#10744=DIRECTION('center_axis',(-1.84327706601888E-16,0.790689573743844,
-0.612217280034449));
#10745=DIRECTION('ref_axis',(-1.,-6.11974207516715E-17,2.22044604925031E-16));
#10746=DIRECTION('',(1.38102235542581E-16,0.612217280034449,0.790689573743844));
#10747=DIRECTION('',(-1.38102235542581E-16,-0.612217280034449,-0.790689573743844));
#10748=DIRECTION('center_axis',(2.07832380772252E-16,-0.655268339386099,
0.755396189690009));
#10749=DIRECTION('ref_axis',(1.,6.11974207516715E-17,-2.22044604925031E-16));
#10750=DIRECTION('',(-9.92705010841988E-17,-0.755396189690009,-0.655268339386099));
#10751=DIRECTION('',(9.92705010841988E-17,0.755396189690009,0.655268339386099));
#10752=DIRECTION('center_axis',(1.,6.11974207516715E-17,-2.22044604925031E-16));
#10753=DIRECTION('ref_axis',(-2.22044604925031E-16,-6.11974207516715E-17,
-1.));
#10754=DIRECTION('center_axis',(1.,6.11974207516715E-17,-2.22044604925031E-16));
#10755=DIRECTION('ref_axis',(-2.22044604925031E-16,-6.11974207516715E-17,
-1.));
#10756=DIRECTION('axis',(0.,0.,1.));
#10757=DIRECTION('refdir',(1.,0.,0.));
#10758=DIRECTION('center_axis',(0.,0.,1.));
#10759=DIRECTION('ref_axis',(-0.707106781186547,-0.707106781186548,0.));
#10760=DIRECTION('center_axis',(0.,0.,-1.));
#10761=DIRECTION('ref_axis',(-0.707106781186547,-0.707106781186548,0.));
#10762=DIRECTION('',(0.,0.,-1.));
#10763=DIRECTION('center_axis',(0.,0.,1.));
#10764=DIRECTION('ref_axis',(-0.707106781186547,-0.707106781186548,0.));
#10765=DIRECTION('',(0.,0.,1.));
#10766=DIRECTION('center_axis',(0.,1.,0.));
#10767=DIRECTION('ref_axis',(1.,0.,0.));
#10768=DIRECTION('',(1.,0.,0.));
#10769=DIRECTION('',(0.,0.,1.));
#10770=DIRECTION('',(1.,0.,0.));
#10771=DIRECTION('center_axis',(0.,0.,1.));
#10772=DIRECTION('ref_axis',(1.,0.,0.));
#10773=DIRECTION('center_axis',(0.,0.,1.));
#10774=DIRECTION('ref_axis',(0.707106781186547,-0.707106781186547,0.));
#10775=DIRECTION('',(0.,1.,0.));
#10776=DIRECTION('center_axis',(0.,0.,1.));
#10777=DIRECTION('ref_axis',(0.707106781186547,0.707106781186547,0.));
#10778=DIRECTION('',(-1.,-1.36642833800019E-16,0.));
#10779=DIRECTION('center_axis',(0.,0.,1.));
#10780=DIRECTION('ref_axis',(-0.707106781186547,0.707106781186548,0.));
#10781=DIRECTION('',(3.06161699786838E-16,-1.,0.));
#10782=DIRECTION('center_axis',(0.,0.,-1.));
#10783=DIRECTION('ref_axis',(-1.,0.,0.));
#10784=DIRECTION('center_axis',(0.,0.,-1.));
#10785=DIRECTION('ref_axis',(-1.,0.,0.));
#10786=DIRECTION('center_axis',(0.,0.,1.));
#10787=DIRECTION('ref_axis',(0.707106781186547,-0.707106781186547,0.));
#10788=DIRECTION('center_axis',(0.,0.,-1.));
#10789=DIRECTION('ref_axis',(0.707106781186547,-0.707106781186547,0.));
#10790=DIRECTION('',(0.,0.,-1.));
#10791=DIRECTION('center_axis',(-1.,0.,0.));
#10792=DIRECTION('ref_axis',(0.,1.,0.));
#10793=DIRECTION('',(0.,1.,0.));
#10794=DIRECTION('',(0.,0.,1.));
#10795=DIRECTION('center_axis',(0.,0.,1.));
#10796=DIRECTION('ref_axis',(0.707106781186547,0.707106781186547,0.));
#10797=DIRECTION('center_axis',(0.,0.,-1.));
#10798=DIRECTION('ref_axis',(0.707106781186547,0.707106781186547,0.));
#10799=DIRECTION('',(0.,0.,-1.));
#10800=DIRECTION('center_axis',(1.36642833800019E-16,-1.,0.));
#10801=DIRECTION('ref_axis',(-1.,-1.36642833800019E-16,0.));
#10802=DIRECTION('',(-1.,-1.36642833800019E-16,0.));
#10803=DIRECTION('',(0.,0.,1.));
#10804=DIRECTION('center_axis',(0.,0.,1.));
#10805=DIRECTION('ref_axis',(-0.707106781186547,0.707106781186548,0.));
#10806=DIRECTION('center_axis',(0.,0.,-1.));
#10807=DIRECTION('ref_axis',(-0.707106781186547,0.707106781186548,0.));
#10808=DIRECTION('',(0.,0.,-1.));
#10809=DIRECTION('center_axis',(0.,0.,1.));
#10810=DIRECTION('ref_axis',(-1.,0.,0.));
#10811=DIRECTION('center_axis',(0.,0.,-1.));
#10812=DIRECTION('ref_axis',(-1.,0.,0.));
#10813=DIRECTION('',(0.,0.,1.));
#10814=DIRECTION('center_axis',(0.,0.,1.));
#10815=DIRECTION('ref_axis',(-1.,0.,0.));
#10816=DIRECTION('center_axis',(0.,0.,-1.));
#10817=DIRECTION('ref_axis',(-1.,0.,0.));
#10818=DIRECTION('',(0.,0.,1.));
#10819=DIRECTION('center_axis',(1.,3.06161699786838E-16,0.));
#10820=DIRECTION('ref_axis',(3.06161699786838E-16,-1.,0.));
#10821=DIRECTION('',(3.06161699786838E-16,-1.,0.));
#10822=DIRECTION('center_axis',(0.,0.,1.));
#10823=DIRECTION('ref_axis',(1.,0.,0.));
#10824=DIRECTION('axis',(0.,0.,1.));
#10825=DIRECTION('refdir',(1.,0.,0.));
#10826=DIRECTION('center_axis',(0.,0.,1.));
#10827=DIRECTION('ref_axis',(-1.,0.,0.));
#10828=DIRECTION('center_axis',(1.,-6.04901474817726E-16,0.));
#10829=DIRECTION('ref_axis',(-6.04901474817726E-16,-1.,0.));
#10830=DIRECTION('center_axis',(0.,0.,1.));
#10831=DIRECTION('ref_axis',(-1.,0.,0.));
#10832=DIRECTION('center_axis',(0.,1.,0.));
#10833=DIRECTION('ref_axis',(1.,0.,0.));
#10834=DIRECTION('center_axis',(0.,0.,1.));
#10835=DIRECTION('ref_axis',(-1.,0.,0.));
#10836=DIRECTION('center_axis',(-1.,6.04901474817726E-16,0.));
#10837=DIRECTION('ref_axis',(6.04901474817726E-16,1.,0.));
#10838=DIRECTION('center_axis',(0.,0.,1.));
#10839=DIRECTION('ref_axis',(-1.,0.,0.));
#10840=DIRECTION('center_axis',(0.,-1.,0.));
#10841=DIRECTION('ref_axis',(-1.,0.,0.));
#10842=DIRECTION('center_axis',(-1.,6.04901474817726E-16,0.));
#10843=DIRECTION('ref_axis',(0.,0.,-1.));
#10844=DIRECTION('center_axis',(0.,-1.,0.));
#10845=DIRECTION('ref_axis',(0.,0.,-1.));
#10846=DIRECTION('axis',(0.,0.,1.));
#10847=DIRECTION('refdir',(1.,0.,0.));
#10848=DIRECTION('axis',(0.,0.,1.));
#10849=DIRECTION('refdir',(1.,0.,0.));
#10850=DIRECTION('axis',(0.,0.,1.));
#10851=DIRECTION('refdir',(1.,0.,0.));
#10852=DIRECTION('axis',(0.,0.,1.));
#10853=DIRECTION('refdir',(1.,0.,0.));
#10854=DIRECTION('axis',(0.,0.,1.));
#10855=DIRECTION('refdir',(1.,0.,0.));
#10856=DIRECTION('center_axis',(0.,0.,1.));
#10857=DIRECTION('ref_axis',(-1.,0.,0.));
#10858=DIRECTION('center_axis',(0.,0.,1.));
#10859=DIRECTION('ref_axis',(-1.,0.,0.));
#10860=DIRECTION('',(0.,0.,1.));
#10861=DIRECTION('center_axis',(0.,0.,1.));
#10862=DIRECTION('ref_axis',(-1.,0.,0.));
#10863=DIRECTION('center_axis',(0.,0.,1.));
#10864=DIRECTION('ref_axis',(-1.,0.,0.));
#10865=DIRECTION('center_axis',(0.,0.,-1.));
#10866=DIRECTION('ref_axis',(-1.,0.,0.));
#10867=DIRECTION('',(0.,0.,-1.));
#10868=DIRECTION('center_axis',(0.,0.,-1.));
#10869=DIRECTION('ref_axis',(-1.,0.,0.));
#10870=DIRECTION('center_axis',(0.,0.,1.));
#10871=DIRECTION('ref_axis',(1.,0.,0.));
#10872=DIRECTION('center_axis',(0.,0.,1.));
#10873=DIRECTION('ref_axis',(1.,0.,0.));
#10874=DIRECTION('',(0.,0.,1.));
#10875=DIRECTION('',(1.,0.,0.));
#10876=DIRECTION('',(-1.,0.,0.));
#10877=DIRECTION('',(0.,0.,1.));
#10878=DIRECTION('',(0.,0.,1.));
#10879=DIRECTION('',(1.,0.,0.));
#10880=DIRECTION('',(0.,0.,1.));
#10881=DIRECTION('',(1.,0.,0.));
#10882=DIRECTION('axis',(0.,0.,1.));
#10883=DIRECTION('refdir',(1.,0.,0.));
#10884=DIRECTION('center_axis',(0.,0.,-1.));
#10885=DIRECTION('ref_axis',(-1.,0.,0.));
#10886=DIRECTION('center_axis',(-1.,6.04901474817726E-16,0.));
#10887=DIRECTION('ref_axis',(-6.04901474817726E-16,-1.,0.));
#10888=DIRECTION('center_axis',(0.,0.,1.));
#10889=DIRECTION('ref_axis',(-1.,0.,0.));
#10890=DIRECTION('center_axis',(0.,-1.,0.));
#10891=DIRECTION('ref_axis',(1.,0.,0.));
#10892=DIRECTION('center_axis',(0.,0.,-1.));
#10893=DIRECTION('ref_axis',(-1.,0.,0.));
#10894=DIRECTION('center_axis',(1.,-6.04901474817726E-16,0.));
#10895=DIRECTION('ref_axis',(6.04901474817726E-16,1.,0.));
#10896=DIRECTION('center_axis',(0.,0.,1.));
#10897=DIRECTION('ref_axis',(-1.,0.,0.));
#10898=DIRECTION('center_axis',(0.,1.,0.));
#10899=DIRECTION('ref_axis',(-1.,0.,0.));
#10900=DIRECTION('center_axis',(1.,-6.04901474817726E-16,0.));
#10901=DIRECTION('ref_axis',(0.,0.,1.));
#10902=DIRECTION('center_axis',(0.,1.,0.));
#10903=DIRECTION('ref_axis',(0.,0.,1.));
#10904=DIRECTION('axis',(0.,0.,1.));
#10905=DIRECTION('refdir',(1.,0.,0.));
#10906=DIRECTION('axis',(0.,0.,1.));
#10907=DIRECTION('refdir',(1.,0.,0.));
#10908=DIRECTION('axis',(0.,0.,1.));
#10909=DIRECTION('refdir',(1.,0.,0.));
#10910=DIRECTION('axis',(0.,0.,1.));
#10911=DIRECTION('refdir',(1.,0.,0.));
#10912=DIRECTION('axis',(0.,0.,1.));
#10913=DIRECTION('refdir',(1.,0.,0.));
#10914=DIRECTION('center_axis',(0.,0.612217280034449,0.790689573743844));
#10915=DIRECTION('ref_axis',(0.,-0.790689573743844,0.612217280034449));
#10916=DIRECTION('center_axis',(0.,0.612217280034449,0.790689573743844));
#10917=DIRECTION('ref_axis',(0.,-0.790689573743844,0.612217280034449));
#10918=DIRECTION('center_axis',(0.,-0.612217280034449,-0.790689573743844));
#10919=DIRECTION('ref_axis',(0.,-0.790689573743844,0.612217280034449));
#10920=DIRECTION('center_axis',(0.,-0.612217280034448,-0.790689573743845));
#10921=DIRECTION('ref_axis',(0.,0.790689573743845,-0.612217280034448));
#10922=DIRECTION('center_axis',(0.,-0.612217280034448,-0.790689573743845));
#10923=DIRECTION('ref_axis',(0.,-0.790689573743845,0.612217280034448));
#10924=DIRECTION('center_axis',(0.,0.612217280034448,0.790689573743845));
#10925=DIRECTION('ref_axis',(0.,-0.790689573743845,0.612217280034448));
#10926=DIRECTION('center_axis',(0.,0.,1.));
#10927=DIRECTION('ref_axis',(-1.,0.,0.));
#10928=DIRECTION('',(0.,0.,1.));
#10929=DIRECTION('center_axis',(0.,0.,1.));
#10930=DIRECTION('ref_axis',(-1.,0.,0.));
#10931=DIRECTION('',(0.,0.,-1.));
#10932=DIRECTION('',(0.,0.,1.));
#10933=DIRECTION('',(1.,0.,0.));
#10934=DIRECTION('',(-1.,0.,0.));
#10935=DIRECTION('',(0.,-1.22464679914735E-16,-1.));
#10936=DIRECTION('',(0.,0.,1.));
#10937=DIRECTION('',(1.,0.,0.));
#10938=DIRECTION('',(0.,0.,1.));
#10939=DIRECTION('',(1.,0.,0.));
#10940=DIRECTION('axis',(0.,0.,1.));
#10941=DIRECTION('refdir',(1.,0.,0.));
#10942=DIRECTION('axis',(0.,0.,1.));
#10943=DIRECTION('refdir',(1.,0.,0.));
#10944=DIRECTION('axis',(0.,0.,1.));
#10945=DIRECTION('refdir',(1.,0.,0.));
#10946=DIRECTION('axis',(0.,0.,1.));
#10947=DIRECTION('refdir',(1.,0.,0.));
#10948=DIRECTION('axis',(0.,0.,1.));
#10949=DIRECTION('refdir',(1.,0.,0.));
#10950=DIRECTION('center_axis',(-4.18691322315673E-17,-0.707106781186548,
-0.707106781186548));
#10951=DIRECTION('ref_axis',(3.14018491736755E-17,0.707106781186548,-0.707106781186548));
#10952=DIRECTION('center_axis',(-4.18691322315673E-17,-0.707106781186548,
-0.707106781186548));
#10953=DIRECTION('ref_axis',(0.,-0.707106781186547,0.707106781186547));
#10954=DIRECTION('',(1.,0.,-5.9211894646675E-17));
#10955=DIRECTION('',(3.14018491736755E-17,0.707106781186548,-0.707106781186548));
#10956=DIRECTION('',(-1.,0.,0.));
#10957=DIRECTION('',(0.,-0.707106781186548,0.707106781186548));
#10958=DIRECTION('center_axis',(-4.18691322315673E-17,-0.707106781186548,
-0.707106781186548));
#10959=DIRECTION('ref_axis',(0.,-0.707106781186547,0.707106781186547));
#10960=DIRECTION('',(1.,0.,-5.9211894646675E-17));
#10961=DIRECTION('center_axis',(4.18691322315673E-17,0.707106781186548,
0.707106781186548));
#10962=DIRECTION('ref_axis',(0.,-0.707106781186548,0.707106781186548));
#10963=DIRECTION('',(-2.27549631693301E-17,-0.707106781186548,0.707106781186548));
#10964=DIRECTION('center_axis',(1.,-3.21803775253669E-17,0.));
#10965=DIRECTION('ref_axis',(0.,0.,-1.));
#10966=DIRECTION('',(0.,0.,1.));
#10967=DIRECTION('',(-3.21803775253669E-17,-1.,0.));
#10968=DIRECTION('',(0.,0.,1.));
#10969=DIRECTION('center_axis',(0.,0.,1.));
#10970=DIRECTION('ref_axis',(-1.,0.,0.));
#10971=DIRECTION('',(0.,0.,1.));
#10972=DIRECTION('center_axis',(0.,0.,1.));
#10973=DIRECTION('ref_axis',(-1.,0.,0.));
#10974=DIRECTION('center_axis',(0.,1.,0.));
#10975=DIRECTION('ref_axis',(0.,0.,1.));
#10976=DIRECTION('',(0.,0.,1.));
#10977=DIRECTION('',(1.,0.,0.));
#10978=DIRECTION('center_axis',(0.,0.,1.));
#10979=DIRECTION('ref_axis',(-1.,0.,0.));
#10980=DIRECTION('',(0.,0.,1.));
#10981=DIRECTION('center_axis',(0.,0.,-1.));
#10982=DIRECTION('ref_axis',(-1.,0.,0.));
#10983=DIRECTION('center_axis',(1.,0.,0.));
#10984=DIRECTION('ref_axis',(0.,0.,-1.));
#10985=DIRECTION('',(0.,0.,1.));
#10986=DIRECTION('',(0.,-1.,0.));
#10987=DIRECTION('center_axis',(0.,-1.,0.));
#10988=DIRECTION('ref_axis',(0.,0.,-1.));
#10989=DIRECTION('',(0.,0.,1.));
#10990=DIRECTION('',(-1.,0.,0.));
#10991=DIRECTION('center_axis',(-1.,4.44089209850063E-17,0.));
#10992=DIRECTION('ref_axis',(0.,0.,1.));
#10993=DIRECTION('',(0.,0.,1.));
#10994=DIRECTION('',(4.44089209850063E-17,1.,0.));
#10995=DIRECTION('center_axis',(0.,1.,0.));
#10996=DIRECTION('ref_axis',(0.,0.,1.));
#10997=DIRECTION('',(0.,0.,1.));
#10998=DIRECTION('',(1.,0.,0.));
#10999=DIRECTION('center_axis',(0.,0.,1.));
#11000=DIRECTION('ref_axis',(-1.,0.,0.));
#11001=DIRECTION('center_axis',(0.,0.,-1.));
#11002=DIRECTION('ref_axis',(-1.,0.,0.));
#11003=DIRECTION('center_axis',(0.,0.,1.));
#11004=DIRECTION('ref_axis',(1.,0.,0.));
#11005=DIRECTION('',(0.,0.,1.));
#11006=DIRECTION('',(1.,0.,0.));
#11007=DIRECTION('',(-1.,0.,0.));
#11008=DIRECTION('',(0.,0.,1.));
#11009=DIRECTION('',(0.,0.,1.));
#11010=DIRECTION('',(1.,0.,0.));
#11011=DIRECTION('',(0.,0.,1.));
#11012=DIRECTION('',(1.,0.,0.));
#11013=DIRECTION('',(0.,0.,1.));
#11014=DIRECTION('',(1.,0.,0.));
#11015=DIRECTION('',(5.51805661603515E-17,4.08307926752861E-18,1.));
#11016=DIRECTION('',(1.,4.99600361081297E-16,-5.51805661603515E-17));
#11017=DIRECTION('',(-2.1594510595138E-13,-1.0232321249582E-12,1.));
#11018=DIRECTION('',(1.,1.56008933284251E-14,2.15945105951396E-13));
#11019=DIRECTION('',(0.999999998445606,5.57565103410213E-5,-5.6443248966665E-17));
#11020=DIRECTION('',(-5.64517617658758E-17,1.52676546835853E-16,-1.));
#11021=DIRECTION('',(0.61217319299142,0.790723707613911,2.7049441652881E-16));
#11022=DIRECTION('',(0.790723707613911,-0.61217319299142,2.02152988811807E-27));
#11023=DIRECTION('',(0.999999998445606,5.57565103356133E-5,-2.23272251654194E-16));
#11024=DIRECTION('',(-2.23280764712722E-16,1.52676546835911E-16,-1.));
#11025=DIRECTION('',(0.999999998445606,5.57565103353798E-5,-2.84501177319575E-16));
#11026=DIRECTION('',(-2.84509690473277E-16,1.5267654683592E-16,-1.));
#11027=DIRECTION('',(0.612173192991449,0.790723707613889,1.68366173113912E-16));
#11028=DIRECTION('',(0.790723707613889,-0.612173192991449,-1.31915647741371E-16));
#11029=DIRECTION('',(0.612173192991431,0.790723707613902,4.72040619314284E-17));
#11030=DIRECTION('',(0.790723707613902,-0.612173192991431,-2.88416708018808E-16));
#11031=DIRECTION('',(-1.,-3.85688672652009E-30,9.05864043047859E-17));
#11032=DIRECTION('',(9.05864043047859E-17,-1.28772469347532E-14,1.));
#11033=DIRECTION('',(-2.28239012541171E-29,-1.,-1.28160145947958E-14));
#11034=DIRECTION('',(-1.,2.28239012541172E-29,-7.88860905221013E-30));
#11035=DIRECTION('',(1.11022302462474E-16,-1.,-2.70494416531378E-16));
#11036=DIRECTION('',(-1.,-1.11022302462474E-16,6.42246550879526E-32));
#11037=DIRECTION('',(-0.604406123949415,-0.780691243434627,0.158790490133822));
#11038=DIRECTION('',(0.7907237076139,-0.612173192991434,-2.99545572800729E-15));
#11039=DIRECTION('',(-1.,-2.89295483117312E-28,9.05864043047892E-17));
#11040=DIRECTION('',(9.05864043047892E-17,-3.31726756488746E-16,1.));
#11041=DIRECTION('',(2.09555591442447E-16,-5.27418855439968E-16,1.));
#11042=DIRECTION('',(0.790723707613902,-0.612173192991431,-4.88572258995167E-16));
#11043=DIRECTION('',(2.09553647297721E-16,-5.27418855548366E-16,1.));
#11044=DIRECTION('',(0.790723707613903,-0.61217319299143,-4.885707217802E-16));
#11045=DIRECTION('',(-1.71235266524262E-32,-3.93293968649625E-16,1.));
#11046=DIRECTION('',(1.,-1.28479413188581E-29,1.71235266524211E-32));
#11047=DIRECTION('',(-1.03552020680121E-14,7.06634316142982E-15,1.));
#11048=DIRECTION('',(0.790723707613914,-0.612173192991416,1.25139296282153E-14));
#11049=DIRECTION('',(-7.10542735803618E-15,1.,7.39950643429946E-13));
#11050=DIRECTION('',(-1.,-7.10542735760066E-15,-5.88584987184461E-13));
#11051=DIRECTION('',(-5.57565103553869E-5,0.999999998445606,1.06123190503439E-12));
#11052=DIRECTION('',(0.999999998445606,5.57565103553869E-5,1.34630551007511E-14));
#11053=DIRECTION('',(-2.18944313287624E-13,-1.04147537320559E-12,1.));
#11054=DIRECTION('',(1.92848816914267E-14,1.,1.04147537320559E-12));
#11055=DIRECTION('',(-1.59819681843363E-14,-1.,-1.03972608933085E-12));
#11056=DIRECTION('',(1.,-1.59819681845642E-14,2.19158214631601E-13));
#11057=DIRECTION('',(-2.13147021348864E-13,-1.08564158752261E-12,1.));
#11058=DIRECTION('',(-4.99600361154177E-16,1.,1.08564158752261E-12));
#11059=DIRECTION('',(3.94129173746335E-15,-1.,-1.08355194617837E-12));
#11060=DIRECTION('',(1.,3.94129173723247E-15,2.13083580033175E-13));
#11061=DIRECTION('',(-1.83536898411756E-14,-1.,-1.08355194617837E-12));
#11062=DIRECTION('',(-2.14009715766627E-13,-1.08355194617837E-12,1.));
#11063=DIRECTION('',(-2.68579560917267E-13,-1.02503006374365E-12,1.));
#11064=DIRECTION('',(1.92016149645907E-14,1.,1.02503006374365E-12));
#11065=DIRECTION('',(-1.59819681843474E-14,-1.,-1.0225387382059E-12));
#11066=DIRECTION('',(1.,-1.5981968184622E-14,2.68516119601558E-13));
#11067=DIRECTION('',(-2.13685674476026E-13,-1.06653038262969E-12,1.));
#11068=DIRECTION('',(-4.99600361081493E-16,1.,1.06653038262969E-12));
#11069=DIRECTION('',(1.69309011255372E-15,-1.,-1.06563064436432E-12));
#11070=DIRECTION('',(1.,1.69309011232608E-15,2.13622233160335E-13));
#11071=DIRECTION('',(-4.99600361081304E-16,1.,1.06563064436432E-12));
#11072=DIRECTION('',(2.13972183643671E-13,1.06563064436432E-12,-1.));
#11073=DIRECTION('',(-3.30109157663505E-15,-1.,-1.03972608933085E-12));
#11074=DIRECTION('',(-2.1450636649915E-13,-1.03972608933085E-12,1.));
#11075=DIRECTION('',(-1.58713877452332E-14,1.,1.0225387382059E-12));
#11076=DIRECTION('',(2.6448482165715E-13,1.0225387382059E-12,-1.));
#11077=DIRECTION('',(1.,-6.41043632577888E-14,2.11563857523624E-13));
#11078=DIRECTION('',(-2.11563857523689E-13,-1.0225387382059E-12,1.));
#11079=DIRECTION('',(1.,-6.41043632577888E-14,2.11563857523624E-13));
#11080=DIRECTION('',(-2.11563857523689E-13,-1.0225387382059E-12,1.));
#11081=DIRECTION('',(1.,-6.41043632577888E-14,2.11563857523624E-13));
#11082=DIRECTION('',(-2.11563857523689E-13,-1.0225387382059E-12,1.));
#11083=DIRECTION('',(1.,-6.41043632577888E-14,2.11563857523624E-13));
#11084=DIRECTION('',(-2.11563857523689E-13,-1.0225387382059E-12,1.));
#11085=DIRECTION('',(1.,-6.41043632577888E-14,2.11563857523624E-13));
#11086=DIRECTION('',(-2.11563857523689E-13,-1.0225387382059E-12,1.));
#11087=DIRECTION('',(1.,-6.41043632577888E-14,2.11563857523624E-13));
#11088=DIRECTION('',(-2.11563857523689E-13,-1.0225387382059E-12,1.));
#11089=DIRECTION('',(1.,-6.41043632577888E-14,2.11563857523624E-13));
#11090=DIRECTION('',(-2.11563857523689E-13,-1.0225387382059E-12,1.));
#11091=DIRECTION('',(1.,-6.41043632577888E-14,2.11563857523624E-13));
#11092=DIRECTION('',(-2.11563857523689E-13,-1.0225387382059E-12,1.));
#11093=DIRECTION('',(1.,-6.41043632577888E-14,2.11563857523624E-13));
#11094=DIRECTION('',(-2.11563857523689E-13,-1.0225387382059E-12,1.));
#11095=DIRECTION('',(-1.22471477403964E-15,-5.32213162429677E-15,-1.));
#11096=DIRECTION('',(-1.,2.31065167000113E-15,1.22471477403963E-15));
#11097=DIRECTION('',(9.05864043047892E-17,-3.3603170339067E-16,1.));
#11098=DIRECTION('',(1.,-1.27624495945338E-30,-9.05864043047892E-17));
#11099=DIRECTION('',(9.0586404304789E-17,-3.3603170339067E-16,1.));
#11100=DIRECTION('',(1.,8.46663293261108E-31,-9.0586404304789E-17));
#11101=DIRECTION('',(9.05864043047892E-17,-6.31088724176809E-30,1.));
#11102=DIRECTION('',(1.,-1.27624495945338E-30,-9.05864043047892E-17));
#11103=DIRECTION('',(9.05864043047892E-17,-1.57772181044202E-30,1.));
#11104=DIRECTION('',(1.,-4.70354357231264E-75,-9.05864043047892E-17));
#11105=DIRECTION('',(-1.42959283988533E-14,1.,1.02285946092385E-12));
#11106=DIRECTION('',(2.11563857523625E-13,1.02285946092385E-12,-1.));
#11107=DIRECTION('',(-6.57034660054247E-14,-8.3743159732728E-14,1.));
#11108=DIRECTION('',(-0.61217319299143,-0.790723707613903,-1.06439602326311E-13));
#11109=DIRECTION('',(-0.999999998445606,-5.57565103412988E-5,-2.85340831656676E-13));
#11110=DIRECTION('',(-2.85323729197905E-13,-3.06742695559956E-13,1.));
#11111=DIRECTION('',(-0.61217319299142,-0.790723707613911,-4.16808641794758E-13));
#11112=DIRECTION('',(0.790723707613911,-0.61217319299142,3.74060627103014E-14));
#11113=DIRECTION('',(-0.999999998445606,-5.5756510333948E-5,-2.8534083165668E-13));
#11114=DIRECTION('',(-2.8532372919791E-13,-3.06742695559952E-13,1.));
#11115=DIRECTION('',(-0.999999998445606,-5.57565103387658E-5,-2.85340831656681E-13));
#11116=DIRECTION('',(-2.8532372919791E-13,-3.06742695559952E-13,1.));
#11117=DIRECTION('',(-0.612173192991432,-0.790723707613901,-4.1691077003817E-13));
#11118=DIRECTION('',(0.790723707613901,-0.612173192991432,3.75379783580397E-14));
#11119=DIRECTION('',(-0.612173192991431,-0.790723707613902,-4.17031932149353E-13));
#11120=DIRECTION('',(0.790723707613902,-0.612173192991431,3.76944794183192E-14));
#11121=DIRECTION('',(-2.15920643987967E-13,-2.25656338533293E-13,1.));
#11122=DIRECTION('',(-0.61217319299143,-0.790723707613903,-3.10612646714503E-13));
#11123=DIRECTION('',(-3.19604835934589E-14,1.09259464247714E-14,1.));
#11124=DIRECTION('',(0.790723707613903,-0.61217319299143,3.19604835934588E-14));
#11125=DIRECTION('',(-3.21472356074364E-14,1.06847250733839E-14,1.));
#11126=DIRECTION('',(0.790723707613904,-0.61217319299143,3.19604835934588E-14));
#11127=DIRECTION('',(-2.85408677433883E-13,-5.97991734887806E-16,1.));
#11128=DIRECTION('',(0.790723707613902,-0.612173192991432,2.25313333095971E-13));
#11129=DIRECTION('',(-2.85415776798585E-13,-5.43344327262084E-16,1.));
#11130=DIRECTION('',(0.790723707613902,-0.612173192991431,2.25352400409965E-13));
#11131=DIRECTION('',(-1.50483234940406E-14,-1.,-1.02284661485051E-12));
#11132=DIRECTION('',(1.,-1.50483234942546E-14,2.09199200716909E-13));
#11133=DIRECTION('center_axis',(0.,0.,1.));
#11134=DIRECTION('ref_axis',(1.,0.,0.));
#11135=CARTESIAN_POINT('',(0.,0.,0.));
#11136=CARTESIAN_POINT('',(0.,0.,0.));
#11137=CARTESIAN_POINT('',(0.,0.,0.));
#11138=CARTESIAN_POINT('',(0.,0.,0.));
#11139=CARTESIAN_POINT('',(0.,0.,0.));
#11140=CARTESIAN_POINT('',(0.,0.,0.));
#11141=CARTESIAN_POINT('Origin',(40.000000000001,70.,-12.5));
#11142=CARTESIAN_POINT('',(33.000000000001,70.,-12.5));
#11143=CARTESIAN_POINT('Origin',(40.000000000001,70.,-12.5));
#11144=CARTESIAN_POINT('',(33.000000000001,60.2400000000001,-12.5));
#11145=CARTESIAN_POINT('',(33.000000000001,70.,-12.5));
#11146=CARTESIAN_POINT('Origin',(40.000000000001,60.8000000000001,-12.5));
#11147=CARTESIAN_POINT('Origin',(40.000000000001,70.,-499.649168353571));
#11148=CARTESIAN_POINT('',(33.000000000001,70.,-499.649168353571));
#11149=CARTESIAN_POINT('Origin',(40.000000000001,70.,-499.649168353571));
#11150=CARTESIAN_POINT('',(33.000000000001,60.2400000000001,-499.649168353571));
#11151=CARTESIAN_POINT('',(33.000000000001,70.,-499.649168353571));
#11152=CARTESIAN_POINT('Origin',(40.000000000001,60.8000000000001,-499.649168353571));
#11153=CARTESIAN_POINT('Origin',(40.000000000001,70.,-127.5));
#11154=CARTESIAN_POINT('',(33.000000000001,70.,-127.5));
#11155=CARTESIAN_POINT('Origin',(40.000000000001,70.,-127.5));
#11156=CARTESIAN_POINT('',(33.000000000001,60.2400000000001,-127.5));
#11157=CARTESIAN_POINT('',(33.000000000001,70.,-127.5));
#11158=CARTESIAN_POINT('Origin',(40.000000000001,60.8000000000001,-127.5));
#11159=CARTESIAN_POINT('Origin',(40.000000000001,70.,-614.649168353572));
#11160=CARTESIAN_POINT('',(33.000000000001,70.,-614.649168353572));
#11161=CARTESIAN_POINT('Origin',(40.000000000001,70.,-614.649168353572));
#11162=CARTESIAN_POINT('',(33.000000000001,60.2400000000001,-614.649168353572));
#11163=CARTESIAN_POINT('',(33.000000000001,70.,-614.649168353572));
#11164=CARTESIAN_POINT('Origin',(40.000000000001,60.8000000000001,-614.649168353572));
#11165=CARTESIAN_POINT('Origin',(30.,-70.,-700.));
#11166=CARTESIAN_POINT('',(7.00000000000001,-48.9280510368124,-692.796386050791));
#11167=CARTESIAN_POINT('',(16.2025477771711,-58.8962038221737,-696.20407864619));
#11168=CARTESIAN_POINT('Origin',(17.,-48.9280510368124,-692.796386050791));
#11169=CARTESIAN_POINT('',(55.3987261114145,-62.0318980889132,-697.276040760363));
#11170=CARTESIAN_POINT('',(14.0922994662667,-58.7273839573014,-696.146366227864));
#11171=CARTESIAN_POINT('',(60.,-67.0159744815938,-698.979887058063));
#11172=CARTESIAN_POINT('Origin',(55.,-67.0159744815938,-698.979887058063));
#11173=CARTESIAN_POINT('',(60.,-70.,-700.));
#11174=CARTESIAN_POINT('',(60.0000000000019,38.4662000834816,-662.919963725042));
#11175=CARTESIAN_POINT('',(-6.1851320593956E-16,-70.,-700.));
#11176=CARTESIAN_POINT('',(45.,-70.,-700.));
#11177=CARTESIAN_POINT('',(-1.77635683940025E-14,70.,-652.139882521019));
#11178=CARTESIAN_POINT('',(-1.77635683940025E-14,68.4679736567416,-652.663617955085));
#11179=CARTESIAN_POINT('',(59.9999999999999,70.,-652.139882521019));
#11180=CARTESIAN_POINT('',(15.,70.,-652.139882521019));
#11181=CARTESIAN_POINT('',(60.,67.0159744815938,-653.159995462956));
#11182=CARTESIAN_POINT('',(59.9999999999993,99.8056385399853,-641.950587077735));
#11183=CARTESIAN_POINT('',(55.3987261114145,62.0318980889132,-654.863841760655));
#11184=CARTESIAN_POINT('Origin',(55.,67.0159744815938,-653.159995462956));
#11185=CARTESIAN_POINT('',(16.2025477771711,58.8962038221737,-655.935803874829));
#11186=CARTESIAN_POINT('',(45.8241368169936,61.2659309453595,-655.125693742623));
#11187=CARTESIAN_POINT('',(7.,48.9280510368124,-659.343496470228));
#11188=CARTESIAN_POINT('Origin',(17.,48.9280510368124,-659.343496470228));
#11189=CARTESIAN_POINT('',(6.99999999999995,68.4679736567415,-652.663617955085));
#11190=CARTESIAN_POINT('Origin',(-1.77635683940025E-14,70.,0.));
#11191=CARTESIAN_POINT('',(-1.77635683940025E-14,70.,0.));
#11192=CARTESIAN_POINT('',(-1.77635683940025E-14,70.,0.));
#11193=CARTESIAN_POINT('',(59.9999999999999,70.,0.));
#11194=CARTESIAN_POINT('',(15.,70.,0.));
#11195=CARTESIAN_POINT('',(59.9999999999999,70.,0.));
#11196=CARTESIAN_POINT('Origin',(59.9999999999999,70.,0.));
#11197=CARTESIAN_POINT('',(60.,67.0159744815938,0.));
#11198=CARTESIAN_POINT('',(60.0000000000007,35.0000000000003,0.));
#11199=CARTESIAN_POINT('',(60.,67.0159744815938,0.));
#11200=CARTESIAN_POINT('Origin',(55.,67.0159744815938,0.));
#11201=CARTESIAN_POINT('',(55.3987261114145,62.0318980889132,0.));
#11202=CARTESIAN_POINT('Origin',(55.,67.0159744815938,0.));
#11203=CARTESIAN_POINT('',(55.3987261114145,62.0318980889132,0.));
#11204=CARTESIAN_POINT('Origin',(55.3987261114145,62.0318980889132,0.));
#11205=CARTESIAN_POINT('',(16.2025477771711,58.8962038221737,0.));
#11206=CARTESIAN_POINT('',(40.3146253768519,60.8251700301482,0.));
#11207=CARTESIAN_POINT('',(16.2025477771711,58.8962038221737,0.));
#11208=CARTESIAN_POINT('Origin',(17.,48.9280510368124,0.));
#11209=CARTESIAN_POINT('',(7.,48.9280510368124,0.));
#11210=CARTESIAN_POINT('Origin',(17.,48.9280510368124,0.));
#11211=CARTESIAN_POINT('',(7.,48.9280510368124,0.));
#11212=CARTESIAN_POINT('Origin',(6.99999999999999,-6.52125721398994E-16,
0.));
#11213=CARTESIAN_POINT('',(7.00000000000001,-48.9280510368124,0.));
#11214=CARTESIAN_POINT('',(6.99999999999999,-4.36831373689995E-15,0.));
#11215=CARTESIAN_POINT('',(7.00000000000001,-48.9280510368124,0.));
#11216=CARTESIAN_POINT('Origin',(17.,-48.9280510368124,0.));
#11217=CARTESIAN_POINT('',(16.2025477771711,-58.8962038221737,0.));
#11218=CARTESIAN_POINT('Origin',(17.,-48.9280510368124,0.));
#11219=CARTESIAN_POINT('',(16.2025477771711,-58.8962038221737,0.));
#11220=CARTESIAN_POINT('Origin',(16.2025477771711,-58.8962038221737,0.));
#11221=CARTESIAN_POINT('',(55.3987261114145,-62.0318980889132,0.));
#11222=CARTESIAN_POINT('',(20.7165362097302,-59.2573228967784,0.));
#11223=CARTESIAN_POINT('',(55.3987261114145,-62.0318980889132,0.));
#11224=CARTESIAN_POINT('Origin',(55.,-67.0159744815938,0.));
#11225=CARTESIAN_POINT('',(60.,-67.0159744815938,0.));
#11226=CARTESIAN_POINT('Origin',(55.,-67.0159744815938,0.));
#11227=CARTESIAN_POINT('',(60.,-67.0159744815938,0.));
#11228=CARTESIAN_POINT('Origin',(60.,-67.0159744815938,0.));
#11229=CARTESIAN_POINT('',(60.,-70.,0.));
#11230=CARTESIAN_POINT('',(60.0000000000006,-33.5079872407972,0.));
#11231=CARTESIAN_POINT('',(60.,-70.,0.));
#11232=CARTESIAN_POINT('Origin',(60.,-70.,0.));
#11233=CARTESIAN_POINT('',(-6.1851320593956E-16,-70.,0.));
#11234=CARTESIAN_POINT('',(45.,-70.,0.));
#11235=CARTESIAN_POINT('',(-6.1851320593956E-16,-70.,0.));
#11236=CARTESIAN_POINT('Origin',(-8.88178419700125E-15,-1.50932863189615E-15,
0.));
#11237=CARTESIAN_POINT('',(-8.88178419700125E-15,-4.37457737483743E-16,
0.));
#11238=CARTESIAN_POINT('Origin',(30.,4.44089209850063E-15,0.));
#11239=CARTESIAN_POINT('',(0.,0.,0.));
#11240=CARTESIAN_POINT('Origin',(30.,-70.,-7.105427357601E-14));
#11241=CARTESIAN_POINT('',(59.9999999999999,70.,-47.8601174789811));
#11242=CARTESIAN_POINT('',(-1.77635683940025E-14,70.,-47.8601174789811));
#11243=CARTESIAN_POINT('',(15.,70.,-47.8601174789811));
#11244=CARTESIAN_POINT('',(-6.1851320593956E-16,-70.,0.));
#11245=CARTESIAN_POINT('',(-4.44089209850063E-15,-38.6623351167565,-10.7130308773499));
#11246=CARTESIAN_POINT('',(60.,-70.,0.));
#11247=CARTESIAN_POINT('',(45.,-70.,0.));
#11248=CARTESIAN_POINT('',(60.,-67.0159744815938,-1.02011294193721));
#11249=CARTESIAN_POINT('',(60.,-68.6641086900165,-0.456685107392637));
#11250=CARTESIAN_POINT('',(55.3987261114145,-62.0318980889132,-2.72395923963657));
#11251=CARTESIAN_POINT('Origin',(55.,-67.0159744815938,-1.02011294193721));
#11252=CARTESIAN_POINT('',(16.2025477771711,-58.8962038221737,-3.79592135381026));
#11253=CARTESIAN_POINT('',(23.5963882295008,-59.4877110583601,-3.5937098837135));
#11254=CARTESIAN_POINT('',(7.00000000000001,-48.9280510368124,-7.20361394920899));
#11255=CARTESIAN_POINT('Origin',(17.,-48.9280510368124,-7.20361394920899));
#11256=CARTESIAN_POINT('',(7.,48.9280510368124,-40.6565035297722));
#11257=CARTESIAN_POINT('',(7.00000000000001,-38.6623351167565,-10.7130308773499));
#11258=CARTESIAN_POINT('',(16.2025477771711,58.8962038221737,-44.0641961251709));
#11259=CARTESIAN_POINT('Origin',(17.,48.9280510368124,-40.6565035297722));
#11260=CARTESIAN_POINT('',(55.3987261114145,62.0318980889132,-45.1361582393446));
#11261=CARTESIAN_POINT('',(36.3200480537595,60.5056038443008,-44.6143823689543));
#11262=CARTESIAN_POINT('',(60.,67.0159744815938,-46.840004537044));
#11263=CARTESIAN_POINT('Origin',(55.,67.0159744815938,-46.840004537044));
#11264=CARTESIAN_POINT('',(60.0000000000015,-7.32467023351276,-21.4260617546998));
#11265=CARTESIAN_POINT('Origin',(17.,-48.9280510368124,0.));
#11266=CARTESIAN_POINT('',(16.2025477771711,-58.8962038221737,-2713.64375986364));
#11267=CARTESIAN_POINT('',(16.2025477771711,-58.8962038221737,0.));
#11268=CARTESIAN_POINT('',(7.00000000000001,-48.9280510368124,-2700.76822918255));
#11269=CARTESIAN_POINT('Origin',(17.,-48.9280510368124,-2700.76822918255));
#11270=CARTESIAN_POINT('',(7.00000000000001,-48.9280510368124,0.));
#11271=CARTESIAN_POINT('Origin',(6.99999999999999,-6.52125721398994E-16,
0.));
#11272=CARTESIAN_POINT('',(7.,48.9280510368124,-2574.37076400412));
#11273=CARTESIAN_POINT('',(6.99999999999966,603.370756494938,-1858.21560278737));
#11274=CARTESIAN_POINT('',(7.,48.9280510368124,0.));
#11275=CARTESIAN_POINT('Origin',(17.,48.9280510368124,0.));
#11276=CARTESIAN_POINT('',(16.2025477771711,58.8962038221737,-2561.49523332303));
#11277=CARTESIAN_POINT('Origin',(17.,48.9280510368124,-2574.37076400412));
#11278=CARTESIAN_POINT('',(16.2025477771711,58.8962038221737,0.));
#11279=CARTESIAN_POINT('Origin',(55.3987261114145,62.0318980889132,0.));
#11280=CARTESIAN_POINT('',(55.3987261114145,62.0318980889132,-2557.44496156182));
#11281=CARTESIAN_POINT('',(144.22450121036,69.1379600968288,-2548.26629813493));
#11282=CARTESIAN_POINT('',(55.3987261114145,62.0318980889132,0.));
#11283=CARTESIAN_POINT('Origin',(55.,67.0159744815938,0.));
#11284=CARTESIAN_POINT('',(60.,67.0159744815938,-2551.00719622127));
#11285=CARTESIAN_POINT('Origin',(55.,67.0159744815938,-2551.00719622127));
#11286=CARTESIAN_POINT('',(60.,67.0159744815938,0.));
#11287=CARTESIAN_POINT('Origin',(59.9999999999999,70.,0.));
#11288=CARTESIAN_POINT('',(59.9999999999999,70.,-2547.15282992667));
#11289=CARTESIAN_POINT('',(59.9999999999886,616.487217132544,-1841.27350779713));
#11290=CARTESIAN_POINT('',(59.9999999999999,70.,0.));
#11291=CARTESIAN_POINT('Origin',(3.94430452610506E-30,-70.,-2727.98616326));
#11292=CARTESIAN_POINT('',(-1.77635683940025E-14,70.,-2547.15282992667));
#11293=CARTESIAN_POINT('',(5.61648509535877E-14,70.,-2547.15282992667));
#11294=CARTESIAN_POINT('',(55.3987261114145,-62.0318980889132,-2717.69403162485));
#11295=CARTESIAN_POINT('',(-128.448164954351,-47.3241468036521,-2698.69651954805));
#11296=CARTESIAN_POINT('',(60.,-67.0159744815938,-2724.13179696539));
#11297=CARTESIAN_POINT('Origin',(55.,-67.0159744815938,-2724.13179696539));
#11298=CARTESIAN_POINT('',(60.,-70.,-2727.98616326));
#11299=CARTESIAN_POINT('',(60.0000000000118,590.813436618101,-1874.43547429495));
#11300=CARTESIAN_POINT('',(-6.1851320593956E-16,-70.,-2727.98616326));
#11301=CARTESIAN_POINT('',(45.,-70.,-2727.98616326));
#11302=CARTESIAN_POINT('',(-8.54390534822789E-14,603.370756494938,-1858.21560278737));
#11303=CARTESIAN_POINT('Origin',(-1.77635683940025E-14,70.,0.));
#11304=CARTESIAN_POINT('',(-1.77635683940025E-14,70.,0.));
#11305=CARTESIAN_POINT('Origin',(16.2025477771711,-58.8962038221737,0.));
#11306=CARTESIAN_POINT('',(55.3987261114145,-62.0318980889132,0.));
#11307=CARTESIAN_POINT('Origin',(55.,-67.0159744815938,0.));
#11308=CARTESIAN_POINT('',(60.,-67.0159744815938,0.));
#11309=CARTESIAN_POINT('Origin',(60.,-67.0159744815938,0.));
#11310=CARTESIAN_POINT('',(60.,-70.,0.));
#11311=CARTESIAN_POINT('Origin',(60.,-70.,0.));
#11312=CARTESIAN_POINT('',(-6.1851320593956E-16,-70.,0.));
#11313=CARTESIAN_POINT('Origin',(-8.88178419700125E-15,-1.50932863189615E-15,
0.));
#11314=CARTESIAN_POINT('',(-23.7924383673969,1611.47584670092,-3.64792640539235E-9));
#11315=CARTESIAN_POINT('',(633.355438124213,1626.12518716917,-4.273914555597E-9));
#11316=CARTESIAN_POINT('',(-1.16529008664595E-11,-4.39996324563225E-11,
2.33058017329313E-11));
#11317=CARTESIAN_POINT('',(-362.555518845367,-1051.16560187682,-29.999999999994));
#11318=CARTESIAN_POINT('',(0.,0.,0.));
#11319=CARTESIAN_POINT('',(0.,0.,0.));
#11320=CARTESIAN_POINT('',(0.,0.,0.));
#11321=CARTESIAN_POINT('',(0.,0.,0.));
#11322=CARTESIAN_POINT('',(0.,0.,0.));
#11323=CARTESIAN_POINT('Origin',(17.,-48.9280510368124,0.));
#11324=CARTESIAN_POINT('',(7.00000000000001,-48.9280510368124,760.));
#11325=CARTESIAN_POINT('',(16.2025477771711,-58.8962038221737,760.));
#11326=CARTESIAN_POINT('Origin',(17.,-48.9280510368124,760.));
#11327=CARTESIAN_POINT('',(16.2025477771711,-58.8962038221737,0.));
#11328=CARTESIAN_POINT('',(16.2025477771711,-58.8962038221737,0.));
#11329=CARTESIAN_POINT('',(7.00000000000001,-48.9280510368124,0.));
#11330=CARTESIAN_POINT('Origin',(17.,-48.9280510368124,0.));
#11331=CARTESIAN_POINT('',(7.00000000000001,-48.9280510368124,0.));
#11332=CARTESIAN_POINT('Origin',(16.2025477771711,-58.8962038221737,0.));
#11333=CARTESIAN_POINT('',(55.3987261114145,-62.0318980889132,760.));
#11334=CARTESIAN_POINT('',(20.7165362097302,-59.2573228967784,760.));
#11335=CARTESIAN_POINT('',(55.3987261114145,-62.0318980889132,0.));
#11336=CARTESIAN_POINT('',(55.3987261114145,-62.0318980889132,0.));
#11337=CARTESIAN_POINT('',(20.7165362097302,-59.2573228967784,0.));
#11338=CARTESIAN_POINT('Origin',(55.,-67.0159744815938,0.));
#11339=CARTESIAN_POINT('',(60.,-67.0159744815938,760.));
#11340=CARTESIAN_POINT('Origin',(55.,-67.0159744815938,760.));
#11341=CARTESIAN_POINT('',(60.,-67.0159744815938,0.));
#11342=CARTESIAN_POINT('',(60.,-67.0159744815938,0.));
#11343=CARTESIAN_POINT('Origin',(55.,-67.0159744815938,0.));
#11344=CARTESIAN_POINT('Origin',(60.,-67.0159744815938,0.));
#11345=CARTESIAN_POINT('',(60.,-70.,760.));
#11346=CARTESIAN_POINT('',(60.0000000000006,-33.5079872407972,760.));
#11347=CARTESIAN_POINT('',(60.,-70.,0.));
#11348=CARTESIAN_POINT('',(60.,-70.,0.));
#11349=CARTESIAN_POINT('',(60.0000000000006,-33.5079872407972,0.));
#11350=CARTESIAN_POINT('Origin',(60.,-70.,0.));
#11351=CARTESIAN_POINT('',(-6.1851320593956E-16,-70.,760.));
#11352=CARTESIAN_POINT('',(45.,-70.,760.));
#11353=CARTESIAN_POINT('',(-6.1851320593956E-16,-70.,0.));
#11354=CARTESIAN_POINT('',(-6.1851320593956E-16,-70.,0.));
#11355=CARTESIAN_POINT('',(45.,-70.,0.));
#11356=CARTESIAN_POINT('Origin',(-8.88178419700125E-15,-1.50932863189615E-15,
0.));
#11357=CARTESIAN_POINT('',(-1.77635683940025E-14,70.,760.));
#11358=CARTESIAN_POINT('',(-8.88178419700125E-15,-4.37457737483743E-16,
760.));
#11359=CARTESIAN_POINT('',(-1.77635683940025E-14,70.,0.));
#11360=CARTESIAN_POINT('',(-1.77635683940025E-14,70.,0.));
#11361=CARTESIAN_POINT('',(-8.88178419700125E-15,-4.37457737483743E-16,
0.));
#11362=CARTESIAN_POINT('Origin',(-1.77635683940025E-14,70.,0.));
#11363=CARTESIAN_POINT('',(59.9999999999999,70.,760.));
#11364=CARTESIAN_POINT('',(15.,70.,760.));
#11365=CARTESIAN_POINT('',(59.9999999999999,70.,0.));
#11366=CARTESIAN_POINT('',(59.9999999999999,70.,0.));
#11367=CARTESIAN_POINT('',(15.,70.,0.));
#11368=CARTESIAN_POINT('Origin',(59.9999999999999,70.,0.));
#11369=CARTESIAN_POINT('',(60.,67.0159744815938,760.));
#11370=CARTESIAN_POINT('',(60.0000000000007,35.0000000000003,760.));
#11371=CARTESIAN_POINT('',(60.,67.0159744815938,0.));
#11372=CARTESIAN_POINT('',(60.,67.0159744815938,0.));
#11373=CARTESIAN_POINT('',(60.0000000000007,35.0000000000003,0.));
#11374=CARTESIAN_POINT('Origin',(55.,67.0159744815938,0.));
#11375=CARTESIAN_POINT('',(55.3987261114145,62.0318980889132,760.));
#11376=CARTESIAN_POINT('Origin',(55.,67.0159744815938,760.));
#11377=CARTESIAN_POINT('',(55.3987261114145,62.0318980889132,0.));
#11378=CARTESIAN_POINT('',(55.3987261114145,62.0318980889132,0.));
#11379=CARTESIAN_POINT('Origin',(55.,67.0159744815938,0.));
#11380=CARTESIAN_POINT('Origin',(55.3987261114145,62.0318980889132,0.));
#11381=CARTESIAN_POINT('',(16.2025477771711,58.8962038221737,760.));
#11382=CARTESIAN_POINT('',(40.3146253768519,60.8251700301482,760.));
#11383=CARTESIAN_POINT('',(16.2025477771711,58.8962038221737,0.));
#11384=CARTESIAN_POINT('',(16.2025477771711,58.8962038221737,0.));
#11385=CARTESIAN_POINT('',(40.3146253768519,60.8251700301482,0.));
#11386=CARTESIAN_POINT('Origin',(17.,48.9280510368124,0.));
#11387=CARTESIAN_POINT('',(7.,48.9280510368124,760.));
#11388=CARTESIAN_POINT('Origin',(17.,48.9280510368124,760.));
#11389=CARTESIAN_POINT('',(7.,48.9280510368124,0.));
#11390=CARTESIAN_POINT('',(7.,48.9280510368124,0.));
#11391=CARTESIAN_POINT('Origin',(17.,48.9280510368124,0.));
#11392=CARTESIAN_POINT('Origin',(6.99999999999999,-6.52125721398994E-16,
0.));
#11393=CARTESIAN_POINT('',(6.99999999999999,-4.36831373689995E-15,760.));
#11394=CARTESIAN_POINT('',(6.99999999999999,-4.36831373689995E-15,0.));
#11395=CARTESIAN_POINT('Origin',(30.,4.44089209850063E-15,0.));
#11396=CARTESIAN_POINT('Origin',(30.,4.44089209850063E-15,760.));
#11397=CARTESIAN_POINT('',(0.,0.,0.));
#11398=CARTESIAN_POINT('',(-19.4096207726138,-67.2271971063977,-760.));
#11399=CARTESIAN_POINT('',(-19.4096207726138,2.7728028936023,0.));
#11400=CARTESIAN_POINT('',(0.,0.,0.));
#11401=CARTESIAN_POINT('',(0.,0.,0.));
#11402=CARTESIAN_POINT('Origin',(32.,316.35,5.));
#11403=CARTESIAN_POINT('',(49.5,316.35,0.));
#11404=CARTESIAN_POINT('',(14.5,316.35,0.));
#11405=CARTESIAN_POINT('Origin',(32.,316.35,0.));
#11406=CARTESIAN_POINT('',(49.5,316.35,5.));
#11407=CARTESIAN_POINT('',(49.5,316.35,5.));
#11408=CARTESIAN_POINT('',(14.5,316.35,5.));
#11409=CARTESIAN_POINT('Origin',(32.,316.35,5.));
#11410=CARTESIAN_POINT('',(14.5,316.35,5.));
#11411=CARTESIAN_POINT('Origin',(14.5,296.350000000003,5.));
#11412=CARTESIAN_POINT('',(14.5,296.350000000003,0.));
#11413=CARTESIAN_POINT('',(14.5,412.887500000001,0.));
#11414=CARTESIAN_POINT('',(14.5,296.350000000003,5.));
#11415=CARTESIAN_POINT('',(14.5,412.887500000001,5.));
#11416=CARTESIAN_POINT('',(14.5,296.350000000003,5.));
#11417=CARTESIAN_POINT('Origin',(32.,296.350000000003,5.));
#11418=CARTESIAN_POINT('',(49.5,296.350000000003,0.));
#11419=CARTESIAN_POINT('Origin',(32.,296.350000000003,0.));
#11420=CARTESIAN_POINT('',(49.5,296.350000000003,5.));
#11421=CARTESIAN_POINT('Origin',(32.,296.350000000003,5.));
#11422=CARTESIAN_POINT('',(49.5,296.350000000003,5.));
#11423=CARTESIAN_POINT('Origin',(49.5,316.35,5.));
#11424=CARTESIAN_POINT('',(49.5,422.8875,0.));
#11425=CARTESIAN_POINT('',(49.5,422.8875,5.));
#11426=CARTESIAN_POINT('Origin',(16.4999999999984,696.35,5.));
#11427=CARTESIAN_POINT('',(16.4999999999984,716.349999999997,0.));
#11428=CARTESIAN_POINT('',(16.4999999999984,696.35,0.));
#11429=CARTESIAN_POINT('',(16.4999999999985,612.8875,0.));
#11430=CARTESIAN_POINT('',(16.4999999999984,716.349999999997,5.));
#11431=CARTESIAN_POINT('',(16.4999999999984,716.349999999997,5.));
#11432=CARTESIAN_POINT('',(16.4999999999984,696.35,5.));
#11433=CARTESIAN_POINT('',(16.4999999999985,612.8875,5.));
#11434=CARTESIAN_POINT('',(16.4999999999984,696.35,5.));
#11435=CARTESIAN_POINT('Origin',(34.,696.35,5.));
#11436=CARTESIAN_POINT('',(51.5000000000014,696.35,0.));
#11437=CARTESIAN_POINT('Origin',(34.,696.35,0.));
#11438=CARTESIAN_POINT('',(51.5000000000014,696.35,5.));
#11439=CARTESIAN_POINT('Origin',(34.,696.35,5.));
#11440=CARTESIAN_POINT('',(51.5000000000014,696.35,5.));
#11441=CARTESIAN_POINT('Origin',(51.5000000000013,716.349999999997,5.));
#11442=CARTESIAN_POINT('',(51.5000000000013,716.349999999997,0.));
#11443=CARTESIAN_POINT('',(51.5000000000014,622.887499999999,0.));
#11444=CARTESIAN_POINT('',(51.5000000000013,716.349999999997,5.));
#11445=CARTESIAN_POINT('',(51.5000000000014,622.887499999999,5.));
#11446=CARTESIAN_POINT('',(51.5000000000013,716.349999999997,5.));
#11447=CARTESIAN_POINT('Origin',(33.9999999999999,716.349999999997,5.));
#11448=CARTESIAN_POINT('Origin',(33.9999999999999,716.349999999997,0.));
#11449=CARTESIAN_POINT('Origin',(33.9999999999999,716.349999999997,5.));
#11450=CARTESIAN_POINT('Origin',(-7.44026644707674,0.,-5.00000000000001));
#11451=CARTESIAN_POINT('',(1.30973355292326,-3.05987103758357E-16,-5.));
#11452=CARTESIAN_POINT('',(11.3097335529233,0.,5.));
#11453=CARTESIAN_POINT('Origin',(11.3097335529233,0.,-5.));
#11454=CARTESIAN_POINT('',(6.30973355292326,0.,-5.));
#11455=CARTESIAN_POINT('',(6.30973355292326,0.,-5.));
#11456=CARTESIAN_POINT('',(11.3097335529233,0.,0.));
#11457=CARTESIAN_POINT('Origin',(11.3097335529233,0.,-5.));
#11458=CARTESIAN_POINT('',(11.3097335529233,0.,0.));
#11459=CARTESIAN_POINT('Origin',(11.3097335529232,1058.85,13.75));
#11460=CARTESIAN_POINT('',(11.3097335529232,1058.85,5.));
#11461=CARTESIAN_POINT('',(1.30973355292319,1058.85,-5.));
#11462=CARTESIAN_POINT('Origin',(11.3097335529232,1058.85,-5.));
#11463=CARTESIAN_POINT('',(11.3097335529232,1058.85,0.));
#11464=CARTESIAN_POINT('',(11.3097335529232,1058.85,0.));
#11465=CARTESIAN_POINT('',(6.30973355292319,1058.85,-5.));
#11466=CARTESIAN_POINT('Origin',(11.3097335529232,1058.85,-5.));
#11467=CARTESIAN_POINT('',(6.30973355292319,1058.85,-5.));
#11468=CARTESIAN_POINT('Origin',(11.3097335529232,529.425,-5.));
#11469=CARTESIAN_POINT('',(1.30973355292324,264.7125,-5.));
#11470=CARTESIAN_POINT('',(11.3097335529232,794.1375,5.));
#11471=CARTESIAN_POINT('Origin',(11.3097335529232,529.425,-5.));
#11472=CARTESIAN_POINT('',(11.3097335529232,794.1375,0.));
#11473=CARTESIAN_POINT('',(6.30973355292324,264.7125,-5.));
#11474=CARTESIAN_POINT('Origin',(-6.47988889629073E-14,1058.85,0.));
#11475=CARTESIAN_POINT('',(11.9970847958718,1058.85,5.));
#11476=CARTESIAN_POINT('',(54.9999999999999,1058.85,5.));
#11477=CARTESIAN_POINT('',(11.9970847958718,1058.85,0.));
#11478=CARTESIAN_POINT('',(11.9970847958718,1058.85,0.));
#11479=CARTESIAN_POINT('',(54.9999999999999,1058.85,0.));
#11480=CARTESIAN_POINT('Origin',(27.5,529.425,5.));
#11481=CARTESIAN_POINT('',(55.,0.,5.));
#11482=CARTESIAN_POINT('',(0.,0.,5.));
#11483=CARTESIAN_POINT('',(54.9999999999999,1058.85,5.));
#11484=CARTESIAN_POINT('',(55.,0.,5.));
#11485=CARTESIAN_POINT('',(46.3029152041274,1058.85,5.));
#11486=CARTESIAN_POINT('',(54.9999999999999,1058.85,5.));
#11487=CARTESIAN_POINT('Origin',(29.1499999999997,1075.85,5.));
#11488=CARTESIAN_POINT('Origin',(54.9999999999999,1058.85,0.));
#11489=CARTESIAN_POINT('',(55.,0.,0.));
#11490=CARTESIAN_POINT('',(55.,0.,0.));
#11491=CARTESIAN_POINT('',(54.9999999999999,1058.85,0.));
#11492=CARTESIAN_POINT('',(55.,0.,0.));
#11493=CARTESIAN_POINT('',(54.9999999999999,1058.85,0.));
#11494=CARTESIAN_POINT('Origin',(55.,0.,0.));
#11495=CARTESIAN_POINT('',(0.,0.,0.));
#11496=CARTESIAN_POINT('Origin',(29.1499999999997,1075.85,0.));
#11497=CARTESIAN_POINT('',(46.3029152041274,1058.85,0.));
#11498=CARTESIAN_POINT('',(46.3029152041274,1058.85,0.));
#11499=CARTESIAN_POINT('Origin',(29.1499999999997,1075.85,0.));
#11500=CARTESIAN_POINT('Origin',(46.3029152041274,1058.85,0.));
#11501=CARTESIAN_POINT('',(54.9999999999999,1058.85,0.));
#11502=CARTESIAN_POINT('Origin',(27.5,529.425,0.));
#11503=CARTESIAN_POINT('Origin',(6.30973355292326,23.2284818352539,-35.0000000000001));
#11504=CARTESIAN_POINT('',(1.30973355292326,23.2284818352539,-35.0000000000001));
#11505=CARTESIAN_POINT('',(1.3097335529232,1093.43413039142,-35.));
#11506=CARTESIAN_POINT('',(1.3097335529232,1093.43413039142,-35.));
#11507=CARTESIAN_POINT('',(6.3097335529232,1093.43413039142,-35.));
#11508=CARTESIAN_POINT('',(6.3097335529232,1093.43413039142,-35.));
#11509=CARTESIAN_POINT('',(6.30973355292326,23.2284818352539,-35.0000000000001));
#11510=CARTESIAN_POINT('',(6.3097335529232,1093.43413039142,-35.));
#11511=CARTESIAN_POINT('',(6.30973355292326,23.2284818352539,-35.0000000000001));
#11512=CARTESIAN_POINT('Origin',(6.30973355292326,0.,-5.));
#11513=CARTESIAN_POINT('',(1.30973355292326,23.2284818352539,-35.0000000000001));
#11514=CARTESIAN_POINT('',(6.30973355292326,23.2284818352539,-35.0000000000001));
#11515=CARTESIAN_POINT('Origin',(6.3097335529232,1093.43413039142,-35.));
#11516=CARTESIAN_POINT('',(1.30973355292319,1058.85,-5.));
#11517=CARTESIAN_POINT('',(6.30973355292319,1058.85,-5.));
#11518=CARTESIAN_POINT('Origin',(6.30973355292322,529.425,22.5));
#11519=CARTESIAN_POINT('Origin',(1.30973355292322,529.425,22.5));
#11520=CARTESIAN_POINT('',(0.,0.,0.));
#11521=CARTESIAN_POINT('Origin',(-7.44026644707674,0.,-5.00000000000001));
#11522=CARTESIAN_POINT('',(1.30973355292326,-3.05987103758357E-16,-5.));
#11523=CARTESIAN_POINT('',(11.3097335529233,0.,5.));
#11524=CARTESIAN_POINT('Origin',(11.3097335529233,0.,-5.));
#11525=CARTESIAN_POINT('',(6.30973355292326,0.,-5.));
#11526=CARTESIAN_POINT('',(6.30973355292326,0.,-5.));
#11527=CARTESIAN_POINT('',(11.3097335529233,0.,0.));
#11528=CARTESIAN_POINT('Origin',(11.3097335529233,0.,-5.));
#11529=CARTESIAN_POINT('',(11.3097335529233,0.,0.));
#11530=CARTESIAN_POINT('Origin',(11.3097335529232,1058.85,13.75));
#11531=CARTESIAN_POINT('',(11.3097335529232,1058.85,5.));
#11532=CARTESIAN_POINT('',(1.30973355292319,1058.85,-5.));
#11533=CARTESIAN_POINT('Origin',(11.3097335529232,1058.85,-5.));
#11534=CARTESIAN_POINT('',(11.3097335529232,1058.85,0.));
#11535=CARTESIAN_POINT('',(11.3097335529232,1058.85,0.));
#11536=CARTESIAN_POINT('',(6.30973355292319,1058.85,-5.));
#11537=CARTESIAN_POINT('Origin',(11.3097335529232,1058.85,-5.));
#11538=CARTESIAN_POINT('',(6.30973355292319,1058.85,-5.));
#11539=CARTESIAN_POINT('Origin',(11.3097335529232,529.425,-5.));
#11540=CARTESIAN_POINT('',(1.30973355292324,264.7125,-5.));
#11541=CARTESIAN_POINT('',(11.3097335529232,794.1375,5.));
#11542=CARTESIAN_POINT('Origin',(11.3097335529232,529.425,-5.));
#11543=CARTESIAN_POINT('',(11.3097335529232,794.1375,0.));
#11544=CARTESIAN_POINT('',(6.30973355292324,264.7125,-5.));
#11545=CARTESIAN_POINT('Origin',(-6.47988889629073E-14,1058.85,0.));
#11546=CARTESIAN_POINT('',(11.9970847958718,1058.85,5.));
#11547=CARTESIAN_POINT('',(54.9999999999999,1058.85,5.));
#11548=CARTESIAN_POINT('',(11.9970847958718,1058.85,0.));
#11549=CARTESIAN_POINT('',(11.9970847958718,1058.85,0.));
#11550=CARTESIAN_POINT('',(54.9999999999999,1058.85,0.));
#11551=CARTESIAN_POINT('Origin',(27.5,529.425,5.));
#11552=CARTESIAN_POINT('',(55.,0.,5.));
#11553=CARTESIAN_POINT('',(0.,0.,5.));
#11554=CARTESIAN_POINT('',(54.9999999999999,1058.85,5.));
#11555=CARTESIAN_POINT('',(55.,0.,5.));
#11556=CARTESIAN_POINT('',(46.3029152041274,1058.85,5.));
#11557=CARTESIAN_POINT('',(54.9999999999999,1058.85,5.));
#11558=CARTESIAN_POINT('Origin',(29.1499999999997,1075.85,5.));
#11559=CARTESIAN_POINT('Origin',(54.9999999999999,1058.85,0.));
#11560=CARTESIAN_POINT('',(55.,0.,0.));
#11561=CARTESIAN_POINT('',(55.,0.,0.));
#11562=CARTESIAN_POINT('',(54.9999999999999,1058.85,0.));
#11563=CARTESIAN_POINT('',(55.,0.,0.));
#11564=CARTESIAN_POINT('',(54.9999999999999,1058.85,0.));
#11565=CARTESIAN_POINT('Origin',(55.,0.,0.));
#11566=CARTESIAN_POINT('',(0.,0.,0.));
#11567=CARTESIAN_POINT('Origin',(29.1499999999997,1075.85,0.));
#11568=CARTESIAN_POINT('',(46.3029152041274,1058.85,0.));
#11569=CARTESIAN_POINT('',(46.3029152041274,1058.85,0.));
#11570=CARTESIAN_POINT('Origin',(29.1499999999997,1075.85,0.));
#11571=CARTESIAN_POINT('Origin',(46.3029152041274,1058.85,0.));
#11572=CARTESIAN_POINT('',(54.9999999999999,1058.85,0.));
#11573=CARTESIAN_POINT('Origin',(27.5,529.425,0.));
#11574=CARTESIAN_POINT('Origin',(6.30973355292326,23.2284818352539,-35.0000000000001));
#11575=CARTESIAN_POINT('',(1.30973355292326,23.2284818352539,-35.0000000000001));
#11576=CARTESIAN_POINT('',(1.3097335529232,1093.43413039142,-35.));
#11577=CARTESIAN_POINT('',(1.3097335529232,1093.43413039142,-35.));
#11578=CARTESIAN_POINT('',(6.3097335529232,1093.43413039142,-35.));
#11579=CARTESIAN_POINT('',(6.3097335529232,1093.43413039142,-35.));
#11580=CARTESIAN_POINT('',(6.30973355292326,23.2284818352539,-35.0000000000001));
#11581=CARTESIAN_POINT('',(6.3097335529232,1093.43413039142,-35.));
#11582=CARTESIAN_POINT('',(6.30973355292326,23.2284818352539,-35.0000000000001));
#11583=CARTESIAN_POINT('Origin',(6.30973355292326,0.,-5.));
#11584=CARTESIAN_POINT('',(1.30973355292326,23.2284818352539,-35.0000000000001));
#11585=CARTESIAN_POINT('',(6.30973355292326,23.2284818352539,-35.0000000000001));
#11586=CARTESIAN_POINT('Origin',(6.3097335529232,1093.43413039142,-35.));
#11587=CARTESIAN_POINT('',(1.30973355292319,1058.85,-5.));
#11588=CARTESIAN_POINT('',(6.30973355292319,1058.85,-5.));
#11589=CARTESIAN_POINT('Origin',(6.30973355292322,529.425,22.5));
#11590=CARTESIAN_POINT('Origin',(1.30973355292322,529.425,22.5));
#11591=CARTESIAN_POINT('',(0.,0.,0.));
#11592=CARTESIAN_POINT('Origin',(-10.,527.04489645,-5.));
#11593=CARTESIAN_POINT('',(-5.,-1.58864011086229E-17,-5.));
#11594=CARTESIAN_POINT('',(-5.,1054.0897929,-5.));
#11595=CARTESIAN_POINT('',(-5.,527.04489645,-5.));
#11596=CARTESIAN_POINT('',(-10.,-6.12323399573677E-16,0.));
#11597=CARTESIAN_POINT('Origin',(-10.,0.,-5.));
#11598=CARTESIAN_POINT('',(-10.,1054.08979287944,0.));
#11599=CARTESIAN_POINT('',(-10.,791.063050593146,0.));
#11600=CARTESIAN_POINT('Origin',(-10.,1054.0897929,-5.));
#11601=CARTESIAN_POINT('Origin',(1.11022302462516E-15,1054.0897929,-5.));
#11602=CARTESIAN_POINT('',(1.11022302462516E-15,1054.0897929,-5.));
#11603=CARTESIAN_POINT('',(-1.4,1054.0897929,-5.));
#11604=CARTESIAN_POINT('',(3.33066907387547E-15,1054.0897929,-30.));
#11605=CARTESIAN_POINT('',(0.,1054.0897929,6.30973355292326));
#11606=CARTESIAN_POINT('',(-5.,1054.0897929,-30.));
#11607=CARTESIAN_POINT('',(3.33066907387547E-15,1054.0897929,-30.));
#11608=CARTESIAN_POINT('',(-5.,1054.0897929,6.30973355292326));
#11609=CARTESIAN_POINT('Origin',(-1.11022302462516E-15,527.04489645,-11.8451332235384));
#11610=CARTESIAN_POINT('',(-3.33066907387547E-15,-6.4422771021186E-17,-5.));
#11611=CARTESIAN_POINT('',(-1.11022302462516E-15,527.04489645,-5.));
#11612=CARTESIAN_POINT('',(-2.22044604925031E-15,-3.74111356182507E-17,
-30.));
#11613=CARTESIAN_POINT('',(-4.9960036108132E-15,-2.15247345096278E-17,6.30973355292326));
#11614=CARTESIAN_POINT('',(-2.22044604925031E-15,-3.74111356182507E-17,
-30.));
#11615=CARTESIAN_POINT('Origin',(-4.44089209850063E-15,0.,-5.));
#11616=CARTESIAN_POINT('',(-1.4,-9.85947544592713E-18,-5.));
#11617=CARTESIAN_POINT('',(-10.,-6.12323399573677E-16,5.));
#11618=CARTESIAN_POINT('Origin',(-10.,0.,-5.));
#11619=CARTESIAN_POINT('',(-10.,0.,2.5));
#11620=CARTESIAN_POINT('Origin',(-5.,1054.0897929,-5.));
#11621=CARTESIAN_POINT('',(-10.,1054.08979287944,5.));
#11622=CARTESIAN_POINT('',(-10.,1054.08979287944,2.5));
#11623=CARTESIAN_POINT('Origin',(-10.,1054.0897929,-5.));
#11624=CARTESIAN_POINT('Origin',(-3.33066907387547E-15,-6.4422771021186E-17,
-5.));
#11625=CARTESIAN_POINT('',(-5.,-1.58864011086229E-17,-30.));
#11626=CARTESIAN_POINT('',(-5.,-1.58864011086229E-17,-5.));
#11627=CARTESIAN_POINT('',(-2.22044604925031E-15,-3.74111356182507E-17,
-30.));
#11628=CARTESIAN_POINT('Origin',(-2.22044604925031E-15,-3.74111356182507E-17,
-30.));
#11629=CARTESIAN_POINT('',(-5.,-1.58864011086229E-17,-30.));
#11630=CARTESIAN_POINT('Origin',(-5.,527.04489645,-11.8451332235384));
#11631=CARTESIAN_POINT('Origin',(-10.,527.04489645,-5.));
#11632=CARTESIAN_POINT('',(-10.,791.063050593146,5.));
#11633=CARTESIAN_POINT('Origin',(-13.0897928730908,1054.08979287309,0.));
#11634=CARTESIAN_POINT('',(-13.0897929184539,1054.08979291845,0.));
#11635=CARTESIAN_POINT('',(0.,1054.0897929,0.));
#11636=CARTESIAN_POINT('',(-13.0897929184539,1054.08979291845,5.));
#11637=CARTESIAN_POINT('',(-13.0897929184539,1054.08979291845,0.));
#11638=CARTESIAN_POINT('',(0.,1054.0897929,5.));
#11639=CARTESIAN_POINT('Origin',(-27.5000000000001,528.036308306849,0.));
#11640=CARTESIAN_POINT('',(-54.9999999999999,-3.36777869765521E-15,0.));
#11641=CARTESIAN_POINT('',(-54.9999999999999,-3.36777869765521E-15,0.));
#11642=CARTESIAN_POINT('',(-55.0000000000002,1041.,0.));
#11643=CARTESIAN_POINT('',(-55.0000000000002,1041.,0.));
#11644=CARTESIAN_POINT('',(-39.927383386302,1056.0726166137,0.));
#11645=CARTESIAN_POINT('',(-39.927383386302,1056.0726166137,0.));
#11646=CARTESIAN_POINT('Origin',(-25.,1075.5,0.));
#11647=CARTESIAN_POINT('',(-14.5000000000001,700.,0.));
#11648=CARTESIAN_POINT('Origin',(-32.0000000000001,700.,0.));
#11649=CARTESIAN_POINT('',(-14.5,300.,0.));
#11650=CARTESIAN_POINT('Origin',(-32.,300.,0.));
#11651=CARTESIAN_POINT('Origin',(-32.,300.,0.));
#11652=CARTESIAN_POINT('',(-14.5,300.,5.));
#11653=CARTESIAN_POINT('',(-14.5,300.,0.));
#11654=CARTESIAN_POINT('Origin',(-32.,300.,5.));
#11655=CARTESIAN_POINT('Origin',(-32.0000000000001,700.,0.));
#11656=CARTESIAN_POINT('',(-14.5000000000001,700.,5.));
#11657=CARTESIAN_POINT('',(-14.5000000000001,700.,0.));
#11658=CARTESIAN_POINT('Origin',(-32.0000000000001,700.,5.));
#11659=CARTESIAN_POINT('Origin',(0.,0.,0.));
#11660=CARTESIAN_POINT('',(-54.9999999999999,-3.36777869765521E-15,5.));
#11661=CARTESIAN_POINT('',(-54.9999999999999,-3.36777869765521E-15,5.));
#11662=CARTESIAN_POINT('',(-54.9999999999999,-3.36777869765521E-15,0.));
#11663=CARTESIAN_POINT('Origin',(-54.9999999999999,-3.36777869765521E-15,
0.));
#11664=CARTESIAN_POINT('',(-55.0000000000002,1041.,5.));
#11665=CARTESIAN_POINT('',(-55.0000000000002,1041.,5.));
#11666=CARTESIAN_POINT('',(-55.0000000000002,1041.,0.));
#11667=CARTESIAN_POINT('Origin',(-55.0000000000002,1041.,0.));
#11668=CARTESIAN_POINT('',(-39.927383386302,1056.0726166137,5.));
#11669=CARTESIAN_POINT('',(-39.927383386302,1056.0726166137,5.));
#11670=CARTESIAN_POINT('',(-39.927383386302,1056.0726166137,0.));
#11671=CARTESIAN_POINT('Origin',(-25.,1075.5,0.));
#11672=CARTESIAN_POINT('Origin',(-25.,1075.5,5.));
#11673=CARTESIAN_POINT('Origin',(-27.5000000000001,528.036308306849,5.));
#11674=CARTESIAN_POINT('',(0.,0.,0.));
#11675=CARTESIAN_POINT('Origin',(10.,10.,0.));
#11676=CARTESIAN_POINT('',(10.,0.,5.));
#11677=CARTESIAN_POINT('',(-3.06161699786838E-15,10.,5.));
#11678=CARTESIAN_POINT('Origin',(10.,10.,5.));
#11679=CARTESIAN_POINT('',(-3.06161699786838E-15,10.,0.));
#11680=CARTESIAN_POINT('',(-3.33066907387547E-15,10.,0.));
#11681=CARTESIAN_POINT('',(10.,0.,0.));
#11682=CARTESIAN_POINT('Origin',(10.,10.,0.));
#11683=CARTESIAN_POINT('',(10.,0.,0.));
#11684=CARTESIAN_POINT('Origin',(0.,0.,0.));
#11685=CARTESIAN_POINT('',(120.,0.,0.));
#11686=CARTESIAN_POINT('',(0.,0.,0.));
#11687=CARTESIAN_POINT('',(120.,0.,5.));
#11688=CARTESIAN_POINT('',(120.,0.,0.));
#11689=CARTESIAN_POINT('',(0.,0.,5.));
#11690=CARTESIAN_POINT('Origin',(65.,27.5,0.));
#11691=CARTESIAN_POINT('',(-1.37772764904077E-14,45.,0.));
#11692=CARTESIAN_POINT('',(-1.68388934882761E-14,55.,0.));
#11693=CARTESIAN_POINT('',(9.99999999999998,55.,0.));
#11694=CARTESIAN_POINT('Origin',(9.99999999999998,45.,0.));
#11695=CARTESIAN_POINT('',(120.,55.,0.));
#11696=CARTESIAN_POINT('',(130.,55.,0.));
#11697=CARTESIAN_POINT('',(130.,45.,0.));
#11698=CARTESIAN_POINT('Origin',(120.,45.,0.));
#11699=CARTESIAN_POINT('',(130.,10.,0.));
#11700=CARTESIAN_POINT('',(130.,0.,0.));
#11701=CARTESIAN_POINT('Origin',(120.,10.,0.));
#11702=CARTESIAN_POINT('',(21.25,27.5,0.));
#11703=CARTESIAN_POINT('Origin',(15.,27.5,0.));
#11704=CARTESIAN_POINT('',(121.25,27.5,0.));
#11705=CARTESIAN_POINT('Origin',(115.,27.5,0.));
#11706=CARTESIAN_POINT('Origin',(120.,10.,0.));
#11707=CARTESIAN_POINT('',(130.,10.,5.));
#11708=CARTESIAN_POINT('Origin',(120.,10.,5.));
#11709=CARTESIAN_POINT('',(130.,10.,0.));
#11710=CARTESIAN_POINT('Origin',(130.,0.,0.));
#11711=CARTESIAN_POINT('',(130.,45.,5.));
#11712=CARTESIAN_POINT('',(130.,45.,0.));
#11713=CARTESIAN_POINT('',(130.,0.,5.));
#11714=CARTESIAN_POINT('Origin',(120.,45.,0.));
#11715=CARTESIAN_POINT('',(120.,55.,5.));
#11716=CARTESIAN_POINT('Origin',(120.,45.,5.));
#11717=CARTESIAN_POINT('',(120.,55.,0.));
#11718=CARTESIAN_POINT('Origin',(130.,55.,0.));
#11719=CARTESIAN_POINT('',(9.99999999999998,55.,5.));
#11720=CARTESIAN_POINT('',(9.99999999999998,55.,0.));
#11721=CARTESIAN_POINT('',(130.,55.,5.));
#11722=CARTESIAN_POINT('Origin',(9.99999999999998,45.,0.));
#11723=CARTESIAN_POINT('',(-1.37772764904077E-14,45.,5.));
#11724=CARTESIAN_POINT('Origin',(9.99999999999998,45.,5.));
#11725=CARTESIAN_POINT('',(-1.33226762955019E-14,45.,0.));
#11726=CARTESIAN_POINT('Origin',(115.,27.5,0.));
#11727=CARTESIAN_POINT('',(121.25,27.5,5.));
#11728=CARTESIAN_POINT('Origin',(115.,27.5,5.));
#11729=CARTESIAN_POINT('',(121.25,27.5,0.));
#11730=CARTESIAN_POINT('Origin',(15.,27.5,0.));
#11731=CARTESIAN_POINT('',(21.25,27.5,5.));
#11732=CARTESIAN_POINT('Origin',(15.,27.5,5.));
#11733=CARTESIAN_POINT('',(21.25,27.5,0.));
#11734=CARTESIAN_POINT('Origin',(-1.68388934882761E-14,55.,0.));
#11735=CARTESIAN_POINT('',(-1.68388934882761E-14,55.,5.));
#11736=CARTESIAN_POINT('Origin',(65.,27.5,5.));
#11737=CARTESIAN_POINT('',(0.,0.,0.));
#11738=CARTESIAN_POINT('',(0.,0.,0.));
#11739=CARTESIAN_POINT('',(0.,0.,0.));
#11740=CARTESIAN_POINT('',(0.,0.,0.));
#11741=CARTESIAN_POINT('',(0.,0.,0.));
#11742=CARTESIAN_POINT('Origin',(0.,0.,0.));
#11743=CARTESIAN_POINT('',(18.3,2.24110364243966E-15,0.));
#11744=CARTESIAN_POINT('Origin',(0.,0.,0.));
#11745=CARTESIAN_POINT('',(18.3,2.24110364243966E-15,2650.));
#11746=CARTESIAN_POINT('',(18.3,2.24110364243966E-15,0.));
#11747=CARTESIAN_POINT('Origin',(0.,0.,2650.));
#11748=CARTESIAN_POINT('Origin',(0.,0.,0.));
#11749=CARTESIAN_POINT('',(21.2,-2.59625121419239E-15,2650.));
#11750=CARTESIAN_POINT('Origin',(0.,0.,2650.));
#11751=CARTESIAN_POINT('',(21.2,2.59625121419239E-15,0.));
#11752=CARTESIAN_POINT('',(21.2,2.59625121419239E-15,0.));
#11753=CARTESIAN_POINT('Origin',(0.,0.,0.));
#11754=CARTESIAN_POINT('Origin',(0.,0.,0.));
#11755=CARTESIAN_POINT('Origin',(0.,0.,2650.));
#11756=CARTESIAN_POINT('',(0.,0.,0.));
#11757=CARTESIAN_POINT('',(0.,0.,0.));
#11758=CARTESIAN_POINT('',(2630.76926974142,26.2536568867268,-2.59625121419239E-15));
#11759=CARTESIAN_POINT('',(-19.2307302585805,5.05365688672678,0.));
#11760=CARTESIAN_POINT('',(0.,0.,0.));
#11761=CARTESIAN_POINT('',(0.,0.,0.));
#11762=CARTESIAN_POINT('Origin',(-10.,527.04489645,-5.));
#11763=CARTESIAN_POINT('',(-5.,-1.58864011086229E-17,-5.));
#11764=CARTESIAN_POINT('',(-5.,1054.0897929,-5.));
#11765=CARTESIAN_POINT('',(-5.,527.04489645,-5.));
#11766=CARTESIAN_POINT('',(-10.,-6.12323399573677E-16,0.));
#11767=CARTESIAN_POINT('Origin',(-10.,0.,-5.));
#11768=CARTESIAN_POINT('',(-10.,1054.08979287944,0.));
#11769=CARTESIAN_POINT('',(-10.,791.063050593146,0.));
#11770=CARTESIAN_POINT('Origin',(-10.,1054.0897929,-5.));
#11771=CARTESIAN_POINT('Origin',(1.11022302462516E-15,1054.0897929,-5.));
#11772=CARTESIAN_POINT('',(1.11022302462516E-15,1054.0897929,-5.));
#11773=CARTESIAN_POINT('',(-1.4,1054.0897929,-5.));
#11774=CARTESIAN_POINT('',(3.33066907387547E-15,1054.0897929,-30.));
#11775=CARTESIAN_POINT('',(0.,1054.0897929,6.30973355292326));
#11776=CARTESIAN_POINT('',(-5.,1054.0897929,-30.));
#11777=CARTESIAN_POINT('',(3.33066907387547E-15,1054.0897929,-30.));
#11778=CARTESIAN_POINT('',(-5.,1054.0897929,6.30973355292326));
#11779=CARTESIAN_POINT('Origin',(-1.11022302462516E-15,527.04489645,-11.8451332235384));
#11780=CARTESIAN_POINT('',(-3.33066907387547E-15,-6.4422771021186E-17,-5.));
#11781=CARTESIAN_POINT('',(-1.11022302462516E-15,527.04489645,-5.));
#11782=CARTESIAN_POINT('',(-2.22044604925031E-15,-3.74111356182507E-17,
-30.));
#11783=CARTESIAN_POINT('',(-4.9960036108132E-15,-2.15247345096278E-17,6.30973355292326));
#11784=CARTESIAN_POINT('',(-2.22044604925031E-15,-3.74111356182507E-17,
-30.));
#11785=CARTESIAN_POINT('Origin',(-4.44089209850063E-15,0.,-5.));
#11786=CARTESIAN_POINT('',(-1.4,-9.85947544592713E-18,-5.));
#11787=CARTESIAN_POINT('',(-10.,-6.12323399573677E-16,5.));
#11788=CARTESIAN_POINT('Origin',(-10.,0.,-5.));
#11789=CARTESIAN_POINT('',(-10.,0.,2.5));
#11790=CARTESIAN_POINT('Origin',(-5.,1054.0897929,-5.));
#11791=CARTESIAN_POINT('',(-10.,1054.08979287944,5.));
#11792=CARTESIAN_POINT('',(-10.,1054.08979287944,2.5));
#11793=CARTESIAN_POINT('Origin',(-10.,1054.0897929,-5.));
#11794=CARTESIAN_POINT('Origin',(-3.33066907387547E-15,-6.4422771021186E-17,
-5.));
#11795=CARTESIAN_POINT('',(-5.,-1.58864011086229E-17,-30.));
#11796=CARTESIAN_POINT('',(-5.,-1.58864011086229E-17,-5.));
#11797=CARTESIAN_POINT('',(-2.22044604925031E-15,-3.74111356182507E-17,
-30.));
#11798=CARTESIAN_POINT('Origin',(-2.22044604925031E-15,-3.74111356182507E-17,
-30.));
#11799=CARTESIAN_POINT('',(-5.,-1.58864011086229E-17,-30.));
#11800=CARTESIAN_POINT('Origin',(-5.,527.04489645,-11.8451332235384));
#11801=CARTESIAN_POINT('Origin',(-10.,527.04489645,-5.));
#11802=CARTESIAN_POINT('',(-10.,791.063050593146,5.));
#11803=CARTESIAN_POINT('Origin',(-13.0897928730908,1054.08979287309,0.));
#11804=CARTESIAN_POINT('',(-13.0897929184539,1054.08979291845,0.));
#11805=CARTESIAN_POINT('',(0.,1054.0897929,0.));
#11806=CARTESIAN_POINT('',(-13.0897929184539,1054.08979291845,5.));
#11807=CARTESIAN_POINT('',(-13.0897929184539,1054.08979291845,0.));
#11808=CARTESIAN_POINT('',(0.,1054.0897929,5.));
#11809=CARTESIAN_POINT('Origin',(-27.5000000000001,528.036308306849,0.));
#11810=CARTESIAN_POINT('',(-54.9999999999999,-3.36777869765521E-15,0.));
#11811=CARTESIAN_POINT('',(-54.9999999999999,-3.36777869765521E-15,0.));
#11812=CARTESIAN_POINT('',(-55.0000000000002,1041.,0.));
#11813=CARTESIAN_POINT('',(-55.0000000000002,1041.,0.));
#11814=CARTESIAN_POINT('',(-39.927383386302,1056.0726166137,0.));
#11815=CARTESIAN_POINT('',(-39.927383386302,1056.0726166137,0.));
#11816=CARTESIAN_POINT('Origin',(-25.,1075.5,0.));
#11817=CARTESIAN_POINT('Origin',(0.,0.,0.));
#11818=CARTESIAN_POINT('',(-54.9999999999999,-3.36777869765521E-15,5.));
#11819=CARTESIAN_POINT('',(-54.9999999999999,-3.36777869765521E-15,5.));
#11820=CARTESIAN_POINT('',(-54.9999999999999,-3.36777869765521E-15,0.));
#11821=CARTESIAN_POINT('Origin',(-54.9999999999999,-3.36777869765521E-15,
0.));
#11822=CARTESIAN_POINT('',(-55.0000000000002,1041.,5.));
#11823=CARTESIAN_POINT('',(-55.0000000000002,1041.,5.));
#11824=CARTESIAN_POINT('',(-55.0000000000002,1041.,0.));
#11825=CARTESIAN_POINT('Origin',(-55.0000000000002,1041.,0.));
#11826=CARTESIAN_POINT('',(-39.927383386302,1056.0726166137,5.));
#11827=CARTESIAN_POINT('',(-39.927383386302,1056.0726166137,5.));
#11828=CARTESIAN_POINT('',(-39.927383386302,1056.0726166137,0.));
#11829=CARTESIAN_POINT('Origin',(-25.,1075.5,0.));
#11830=CARTESIAN_POINT('Origin',(-25.,1075.5,5.));
#11831=CARTESIAN_POINT('Origin',(-27.5000000000001,528.036308306849,5.));
#11832=CARTESIAN_POINT('',(0.,0.,0.));
#11833=CARTESIAN_POINT('',(0.,0.,0.));
#11834=CARTESIAN_POINT('',(0.,0.,0.));
#11835=CARTESIAN_POINT('',(0.,0.,0.));
#11836=CARTESIAN_POINT('',(0.,0.,0.));
#11837=CARTESIAN_POINT('Origin',(39.9999999999999,-70.,85.3508316464276));
#11838=CARTESIAN_POINT('',(32.9999999999998,-70.,85.3508316464276));
#11839=CARTESIAN_POINT('Origin',(39.9999999999999,-70.,85.3508316464276));
#11840=CARTESIAN_POINT('',(32.9999999999998,-60.24,85.3508316464276));
#11841=CARTESIAN_POINT('',(32.9999999999998,-70.,85.3508316464276));
#11842=CARTESIAN_POINT('Origin',(39.9999999999999,-60.8,85.3508316464276));
#11843=CARTESIAN_POINT('Origin',(39.9999999999999,-70.,572.500000000001));
#11844=CARTESIAN_POINT('',(32.9999999999999,-70.,572.500000000001));
#11845=CARTESIAN_POINT('Origin',(39.9999999999999,-70.,572.500000000001));
#11846=CARTESIAN_POINT('',(32.9999999999999,-60.24,572.500000000001));
#11847=CARTESIAN_POINT('',(32.9999999999999,-70.,572.500000000001));
#11848=CARTESIAN_POINT('Origin',(39.9999999999999,-60.8,572.500000000001));
#11849=CARTESIAN_POINT('Origin',(39.9999999999999,-70.,200.350831646428));
#11850=CARTESIAN_POINT('',(32.9999999999998,-70.,200.350831646428));
#11851=CARTESIAN_POINT('Origin',(39.9999999999999,-70.,200.350831646428));
#11852=CARTESIAN_POINT('',(32.9999999999998,-60.24,200.350831646428));
#11853=CARTESIAN_POINT('',(32.9999999999998,-70.,200.350831646428));
#11854=CARTESIAN_POINT('Origin',(39.9999999999999,-60.8,200.350831646428));
#11855=CARTESIAN_POINT('Origin',(39.9999999999999,-70.,687.500000000001));
#11856=CARTESIAN_POINT('',(32.9999999999999,-70.,687.500000000001));
#11857=CARTESIAN_POINT('Origin',(39.9999999999999,-70.,687.500000000001));
#11858=CARTESIAN_POINT('',(32.9999999999999,-60.24,687.500000000001));
#11859=CARTESIAN_POINT('',(32.9999999999999,-70.,687.500000000001));
#11860=CARTESIAN_POINT('Origin',(39.9999999999999,-60.8,687.500000000001));
#11861=CARTESIAN_POINT('Origin',(29.9999999999903,70.,184.999999999983));
#11862=CARTESIAN_POINT('',(23.7499999999902,70.,184.999999999983));
#11863=CARTESIAN_POINT('Origin',(29.9999999999903,70.,184.999999999983));
#11864=CARTESIAN_POINT('',(23.7499999999902,59.4999999999992,184.999999999983));
#11865=CARTESIAN_POINT('',(23.7499999999902,70.,184.999999999983));
#11866=CARTESIAN_POINT('Origin',(29.9999999999903,59.9999999999992,184.999999999983));
#11867=CARTESIAN_POINT('Origin',(30.0000000000046,70.,534.999999999985));
#11868=CARTESIAN_POINT('',(23.7500000000045,70.,534.999999999985));
#11869=CARTESIAN_POINT('Origin',(30.0000000000046,70.,534.999999999985));
#11870=CARTESIAN_POINT('',(23.7500000000045,59.5000000000004,534.999999999985));
#11871=CARTESIAN_POINT('',(23.7500000000045,70.,534.999999999985));
#11872=CARTESIAN_POINT('Origin',(30.0000000000046,60.0000000000004,534.999999999985));
#11873=CARTESIAN_POINT('Origin',(29.9999999999899,70.,84.9999999999821));
#11874=CARTESIAN_POINT('',(23.7499999999898,70.,84.9999999999821));
#11875=CARTESIAN_POINT('Origin',(29.9999999999899,70.,84.9999999999821));
#11876=CARTESIAN_POINT('',(23.7499999999898,59.4999999999992,84.9999999999821));
#11877=CARTESIAN_POINT('',(23.7499999999898,70.,84.9999999999821));
#11878=CARTESIAN_POINT('Origin',(29.9999999999899,59.9999999999992,84.9999999999821));
#11879=CARTESIAN_POINT('Origin',(30.0000000000049,70.,634.999999999986));
#11880=CARTESIAN_POINT('',(23.7500000000048,70.,634.999999999986));
#11881=CARTESIAN_POINT('Origin',(30.0000000000049,70.,634.999999999986));
#11882=CARTESIAN_POINT('',(23.7500000000048,59.5000000000004,634.999999999986));
#11883=CARTESIAN_POINT('',(23.7500000000048,70.,634.999999999986));
#11884=CARTESIAN_POINT('Origin',(30.0000000000049,60.0000000000004,634.999999999986));
#11885=CARTESIAN_POINT('Origin',(6.99999999999995,70.,0.));
#11886=CARTESIAN_POINT('',(60.,67.0159744815938,1.01991501935642));
#11887=CARTESIAN_POINT('',(59.9999999999999,70.,0.));
#11888=CARTESIAN_POINT('',(59.9999999999999,70.0000000000005,-1.61725287210872E-13));
#11889=CARTESIAN_POINT('',(55.3987261114145,62.0318980889132,2.72343073634994));
#11890=CARTESIAN_POINT('Origin',(55.,67.0159744815938,1.01991501935642));
#11891=CARTESIAN_POINT('',(16.2025477771711,58.8962038221737,3.79518486815291));
#11892=CARTESIAN_POINT('',(31.7615055683372,60.140920445467,3.36975111394779));
#11893=CARTESIAN_POINT('',(7.,48.9280510368124,7.20221630213994));
#11894=CARTESIAN_POINT('Origin',(17.,48.9280510368124,7.20221630213994));
#11895=CARTESIAN_POINT('',(7.00000000000001,-48.9280510368124,40.6486153442871));
#11896=CARTESIAN_POINT('',(6.99999999999997,38.6610627589698,10.7113872135606));
#11897=CARTESIAN_POINT('',(16.2025477771711,-58.8962038221737,44.0556467782741));
#11898=CARTESIAN_POINT('Origin',(17.,-48.9280510368124,40.6486153442871));
#11899=CARTESIAN_POINT('',(55.3987261114145,-62.0318980889132,45.1274009100771));
#11900=CARTESIAN_POINT('',(5.31859233239445,-58.0254873865916,43.758043167054));
#11901=CARTESIAN_POINT('',(60.,-67.0159744815938,46.8309166270706));
#11902=CARTESIAN_POINT('Origin',(55.,-67.0159744815938,46.8309166270706));
#11903=CARTESIAN_POINT('',(60.,-70.,47.8508316464271));
#11904=CARTESIAN_POINT('',(60.0000000000014,8.65807106718161,20.966159387367));
#11905=CARTESIAN_POINT('',(-6.1851320593956E-16,-70.,47.850831646427));
#11906=CARTESIAN_POINT('',(33.5,-70.,47.8508316464271));
#11907=CARTESIAN_POINT('',(-1.77635683940025E-14,70.,0.));
#11908=CARTESIAN_POINT('',(-1.38777878078145E-14,38.6610627589698,10.7113872135606));
#11909=CARTESIAN_POINT('',(15.,70.,0.));
#11910=CARTESIAN_POINT('Origin',(-8.88178419700125E-15,-1.50932863189615E-15,
0.));
#11911=CARTESIAN_POINT('',(-6.1851320593956E-16,-70.,700.));
#11912=CARTESIAN_POINT('',(-6.1851320593956E-16,-70.,0.));
#11913=CARTESIAN_POINT('',(-1.77635683940025E-14,70.,700.));
#11914=CARTESIAN_POINT('',(-8.88178419700125E-15,-4.37457737483743E-16,
700.));
#11915=CARTESIAN_POINT('',(-1.77635683940025E-14,70.,0.));
#11916=CARTESIAN_POINT('Origin',(60.,-70.,0.));
#11917=CARTESIAN_POINT('',(60.,-70.,700.));
#11918=CARTESIAN_POINT('',(60.,-70.,0.));
#11919=CARTESIAN_POINT('',(45.,-70.,700.));
#11920=CARTESIAN_POINT('Origin',(60.,-67.0159744815938,0.));
#11921=CARTESIAN_POINT('',(60.,-67.0159744815938,700.));
#11922=CARTESIAN_POINT('',(60.,-67.0159744815938,0.));
#11923=CARTESIAN_POINT('',(60.0000000000006,-33.5079872407972,700.));
#11924=CARTESIAN_POINT('Origin',(55.,-67.0159744815938,0.));
#11925=CARTESIAN_POINT('',(55.3987261114145,-62.0318980889132,700.));
#11926=CARTESIAN_POINT('',(55.3987261114145,-62.0318980889132,0.));
#11927=CARTESIAN_POINT('Origin',(55.,-67.0159744815938,700.));
#11928=CARTESIAN_POINT('Origin',(16.2025477771711,-58.8962038221737,0.));
#11929=CARTESIAN_POINT('',(16.2025477771711,-58.8962038221737,700.));
#11930=CARTESIAN_POINT('',(16.2025477771711,-58.8962038221737,0.));
#11931=CARTESIAN_POINT('',(20.7165362097302,-59.2573228967784,700.));
#11932=CARTESIAN_POINT('Origin',(17.,-48.9280510368124,0.));
#11933=CARTESIAN_POINT('',(7.00000000000001,-48.9280510368124,700.));
#11934=CARTESIAN_POINT('',(7.00000000000001,-48.9280510368124,0.));
#11935=CARTESIAN_POINT('Origin',(17.,-48.9280510368124,700.));
#11936=CARTESIAN_POINT('Origin',(-1.77635683940025E-14,70.,0.));
#11937=CARTESIAN_POINT('',(59.9999999999999,70.,700.));
#11938=CARTESIAN_POINT('',(15.,70.,700.));
#11939=CARTESIAN_POINT('',(59.9999999999999,70.,0.));
#11940=CARTESIAN_POINT('Origin',(59.9999999999999,70.,0.));
#11941=CARTESIAN_POINT('',(60.,67.0159744815938,700.));
#11942=CARTESIAN_POINT('',(60.0000000000007,35.0000000000003,700.));
#11943=CARTESIAN_POINT('',(60.,67.0159744815938,0.));
#11944=CARTESIAN_POINT('Origin',(55.,67.0159744815938,0.));
#11945=CARTESIAN_POINT('',(55.3987261114145,62.0318980889132,700.));
#11946=CARTESIAN_POINT('Origin',(55.,67.0159744815938,700.));
#11947=CARTESIAN_POINT('',(55.3987261114145,62.0318980889132,0.));
#11948=CARTESIAN_POINT('Origin',(55.3987261114145,62.0318980889132,0.));
#11949=CARTESIAN_POINT('',(16.2025477771711,58.8962038221737,700.));
#11950=CARTESIAN_POINT('',(40.3146253768519,60.8251700301482,700.));
#11951=CARTESIAN_POINT('',(16.2025477771711,58.8962038221737,0.));
#11952=CARTESIAN_POINT('Origin',(17.,48.9280510368124,0.));
#11953=CARTESIAN_POINT('',(7.,48.9280510368124,700.));
#11954=CARTESIAN_POINT('Origin',(17.,48.9280510368124,700.));
#11955=CARTESIAN_POINT('',(7.,48.9280510368124,0.));
#11956=CARTESIAN_POINT('Origin',(6.99999999999999,-6.52125721398994E-16,
0.));
#11957=CARTESIAN_POINT('',(6.99999999999999,-4.36831373689995E-15,700.));
#11958=CARTESIAN_POINT('Origin',(30.,4.44089209850063E-15,700.));
#11959=CARTESIAN_POINT('',(0.,0.,0.));
#11960=CARTESIAN_POINT('',(681.663722310426,72.9964160288014,-3.43626904708572E-9));
#11961=CARTESIAN_POINT('',(-18.3362776884139,2.99641603018313,0.));
#11962=CARTESIAN_POINT('',(0.,0.,0.));
#11963=CARTESIAN_POINT('',(0.,0.,0.));
#11964=CARTESIAN_POINT('',(0.,0.,0.));
#11965=CARTESIAN_POINT('',(0.,0.,0.));
#11966=CARTESIAN_POINT('',(0.,0.,0.));
#11967=CARTESIAN_POINT('',(0.,0.,0.));
#11968=CARTESIAN_POINT('Origin',(7.00000000000001,-37.2035491857298,570.647155785923));
#11969=CARTESIAN_POINT('',(7.00000000000001,-37.2035491857298,577.647155785923));
#11970=CARTESIAN_POINT('Origin',(7.00000000000001,-37.2035491857298,570.647155785923));
#11971=CARTESIAN_POINT('',(1.33226762955019E-14,-37.2035491857298,577.647155785923));
#11972=CARTESIAN_POINT('',(7.00000000000001,-37.2035491857298,577.647155785923));
#11973=CARTESIAN_POINT('Origin',(1.33226762955019E-14,-37.2035491857298,
570.647155785923));
#11974=CARTESIAN_POINT('Origin',(6.99999999999998,19.0620888998566,1047.97070659204));
#11975=CARTESIAN_POINT('',(6.99999999999998,19.0620888998566,1054.97070659204));
#11976=CARTESIAN_POINT('Origin',(6.99999999999998,19.0620888998566,1047.97070659204));
#11977=CARTESIAN_POINT('',(-1.88737914186277E-14,19.0620888998566,1054.97070659204));
#11978=CARTESIAN_POINT('',(6.99999999999998,19.0620888998566,1054.97070659204));
#11979=CARTESIAN_POINT('Origin',(-1.88737914186277E-14,19.0620888998566,
1047.97070659204));
#11980=CARTESIAN_POINT('Origin',(7.00000000000001,-37.203549185729,1670.64715578592));
#11981=CARTESIAN_POINT('',(7.00000000000001,-37.203549185729,1677.64715578592));
#11982=CARTESIAN_POINT('Origin',(7.00000000000001,-37.203549185729,1670.64715578592));
#11983=CARTESIAN_POINT('',(1.33226762955019E-14,-37.203549185729,1677.64715578592));
#11984=CARTESIAN_POINT('',(7.00000000000001,-37.203549185729,1677.64715578592));
#11985=CARTESIAN_POINT('Origin',(1.33226762955019E-14,-37.203549185729,
1670.64715578592));
#11986=CARTESIAN_POINT('Origin',(6.99999999999998,19.0620888998589,2147.97070659204));
#11987=CARTESIAN_POINT('',(6.99999999999998,19.0620888998589,2154.97070659204));
#11988=CARTESIAN_POINT('Origin',(6.99999999999998,19.0620888998589,2147.97070659204));
#11989=CARTESIAN_POINT('',(-1.88737914186277E-14,19.0620888998589,2154.97070659204));
#11990=CARTESIAN_POINT('',(6.99999999999998,19.0620888998589,2154.97070659204));
#11991=CARTESIAN_POINT('Origin',(-1.88737914186277E-14,19.0620888998589,
2147.97070659204));
#11992=CARTESIAN_POINT('Origin',(7.00000000000001,-37.2035491857279,2495.64715578592));
#11993=CARTESIAN_POINT('',(7.00000000000001,-37.2035491857279,2502.64715578592));
#11994=CARTESIAN_POINT('Origin',(7.00000000000001,-37.2035491857279,2495.64715578592));
#11995=CARTESIAN_POINT('',(1.33226762955019E-14,-37.2035491857279,2502.64715578592));
#11996=CARTESIAN_POINT('',(7.00000000000001,-37.2035491857279,2502.64715578592));
#11997=CARTESIAN_POINT('Origin',(1.33226762955019E-14,-37.2035491857279,
2495.64715578592));
#11998=CARTESIAN_POINT('Origin',(6.99999999999998,19.0620888998586,1872.97070659204));
#11999=CARTESIAN_POINT('',(6.99999999999998,19.0620888998586,1879.97070659204));
#12000=CARTESIAN_POINT('Origin',(6.99999999999998,19.0620888998586,1872.97070659204));
#12001=CARTESIAN_POINT('',(-1.88737914186277E-14,19.0620888998586,1879.97070659204));
#12002=CARTESIAN_POINT('',(6.99999999999998,19.0620888998586,1879.97070659204));
#12003=CARTESIAN_POINT('Origin',(-1.88737914186277E-14,19.0620888998586,
1872.97070659204));
#12004=CARTESIAN_POINT('Origin',(7.00000000000001,-37.2035491857296,1395.64715578592));
#12005=CARTESIAN_POINT('',(7.00000000000001,-37.2035491857296,1402.64715578592));
#12006=CARTESIAN_POINT('Origin',(7.00000000000001,-37.2035491857296,1395.64715578592));
#12007=CARTESIAN_POINT('',(1.33226762955019E-14,-37.2035491857296,1402.64715578592));
#12008=CARTESIAN_POINT('',(7.00000000000001,-37.2035491857296,1402.64715578592));
#12009=CARTESIAN_POINT('Origin',(1.33226762955019E-14,-37.2035491857296,
1395.64715578592));
#12010=CARTESIAN_POINT('Origin',(6.99999999999998,19.0620888998563,772.97070659204));
#12011=CARTESIAN_POINT('',(6.99999999999998,19.0620888998563,779.97070659204));
#12012=CARTESIAN_POINT('Origin',(6.99999999999998,19.0620888998563,772.97070659204));
#12013=CARTESIAN_POINT('',(-1.88737914186277E-14,19.0620888998563,779.97070659204));
#12014=CARTESIAN_POINT('',(6.99999999999998,19.0620888998563,779.97070659204));
#12015=CARTESIAN_POINT('Origin',(-1.88737914186277E-14,19.0620888998563,
772.97070659204));
#12016=CARTESIAN_POINT('Origin',(7.00000000000001,-37.2035491857325,295.647155785925));
#12017=CARTESIAN_POINT('',(7.00000000000001,-37.2035491857325,302.647155785925));
#12018=CARTESIAN_POINT('Origin',(7.00000000000001,-37.2035491857325,295.647155785925));
#12019=CARTESIAN_POINT('',(1.33226762955019E-14,-37.2035491857325,302.647155785925));
#12020=CARTESIAN_POINT('',(7.00000000000001,-37.2035491857325,302.647155785925));
#12021=CARTESIAN_POINT('Origin',(1.33226762955019E-14,-37.2035491857325,
295.647155785925));
#12022=CARTESIAN_POINT('Origin',(6.99999999999998,19.0620888998558,497.97070659204));
#12023=CARTESIAN_POINT('',(6.99999999999998,19.0620888998558,504.97070659204));
#12024=CARTESIAN_POINT('Origin',(6.99999999999998,19.0620888998558,497.97070659204));
#12025=CARTESIAN_POINT('',(-1.88737914186277E-14,19.0620888998558,504.97070659204));
#12026=CARTESIAN_POINT('',(6.99999999999998,19.0620888998558,504.97070659204));
#12027=CARTESIAN_POINT('Origin',(-1.88737914186277E-14,19.0620888998558,
497.97070659204));
#12028=CARTESIAN_POINT('Origin',(7.00000000000001,-37.2035491857311,1120.64715578593));
#12029=CARTESIAN_POINT('',(7.00000000000001,-37.2035491857311,1127.64715578593));
#12030=CARTESIAN_POINT('Origin',(7.00000000000001,-37.2035491857311,1120.64715578593));
#12031=CARTESIAN_POINT('',(1.33226762955019E-14,-37.2035491857311,1127.64715578593));
#12032=CARTESIAN_POINT('',(7.00000000000001,-37.2035491857311,1127.64715578593));
#12033=CARTESIAN_POINT('Origin',(1.33226762955019E-14,-37.2035491857311,
1120.64715578593));
#12034=CARTESIAN_POINT('Origin',(6.99999999999998,19.0620888998583,1597.97070659204));
#12035=CARTESIAN_POINT('',(6.99999999999998,19.0620888998583,1604.97070659204));
#12036=CARTESIAN_POINT('Origin',(6.99999999999998,19.0620888998583,1597.97070659204));
#12037=CARTESIAN_POINT('',(-1.88737914186277E-14,19.0620888998583,1604.97070659204));
#12038=CARTESIAN_POINT('',(6.99999999999998,19.0620888998583,1604.97070659204));
#12039=CARTESIAN_POINT('Origin',(-1.88737914186277E-14,19.0620888998583,
1597.97070659204));
#12040=CARTESIAN_POINT('Origin',(7.00000000000001,-37.2035491857289,2220.64715578592));
#12041=CARTESIAN_POINT('',(7.00000000000001,-37.2035491857289,2227.64715578592));
#12042=CARTESIAN_POINT('Origin',(7.00000000000001,-37.2035491857289,2220.64715578592));
#12043=CARTESIAN_POINT('',(1.33226762955019E-14,-37.2035491857289,2227.64715578592));
#12044=CARTESIAN_POINT('',(7.00000000000001,-37.2035491857289,2227.64715578592));
#12045=CARTESIAN_POINT('Origin',(1.33226762955019E-14,-37.2035491857289,
2220.64715578592));
#12046=CARTESIAN_POINT('Origin',(6.99999999999998,19.0620888998598,2422.97070659204));
#12047=CARTESIAN_POINT('',(6.99999999999998,19.0620888998598,2429.97070659204));
#12048=CARTESIAN_POINT('Origin',(6.99999999999998,19.0620888998598,2422.97070659204));
#12049=CARTESIAN_POINT('',(-1.88737914186277E-14,19.0620888998598,2429.97070659204));
#12050=CARTESIAN_POINT('',(6.99999999999998,19.0620888998598,2429.97070659204));
#12051=CARTESIAN_POINT('Origin',(-1.88737914186277E-14,19.0620888998598,
2422.97070659204));
#12052=CARTESIAN_POINT('Origin',(7.00000000000001,-37.2035491857288,1945.64715578593));
#12053=CARTESIAN_POINT('',(7.00000000000001,-37.2035491857288,1952.64715578593));
#12054=CARTESIAN_POINT('Origin',(7.00000000000001,-37.2035491857288,1945.64715578593));
#12055=CARTESIAN_POINT('',(1.33226762955019E-14,-37.2035491857288,1952.64715578593));
#12056=CARTESIAN_POINT('',(7.00000000000001,-37.2035491857288,1952.64715578593));
#12057=CARTESIAN_POINT('Origin',(1.33226762955019E-14,-37.2035491857288,
1945.64715578593));
#12058=CARTESIAN_POINT('Origin',(6.99999999999998,19.0620888998581,1322.97070659204));
#12059=CARTESIAN_POINT('',(6.99999999999998,19.0620888998581,1329.97070659204));
#12060=CARTESIAN_POINT('Origin',(6.99999999999998,19.0620888998581,1322.97070659204));
#12061=CARTESIAN_POINT('',(-1.88737914186277E-14,19.062088899858,1329.97070659204));
#12062=CARTESIAN_POINT('',(6.99999999999998,19.0620888998581,1329.97070659204));
#12063=CARTESIAN_POINT('Origin',(-1.88737914186277E-14,19.062088899858,
1322.97070659204));
#12064=CARTESIAN_POINT('Origin',(7.00000000000001,-37.2035491857313,845.647155785924));
#12065=CARTESIAN_POINT('',(7.00000000000001,-37.2035491857313,852.647155785925));
#12066=CARTESIAN_POINT('Origin',(7.00000000000001,-37.2035491857313,845.647155785924));
#12067=CARTESIAN_POINT('',(1.33226762955019E-14,-37.2035491857313,852.647155785925));
#12068=CARTESIAN_POINT('',(7.00000000000001,-37.2035491857313,852.647155785925));
#12069=CARTESIAN_POINT('Origin',(1.33226762955019E-14,-37.2035491857313,
845.647155785924));
#12070=CARTESIAN_POINT('Origin',(6.99999999999998,19.0620888998552,222.97070659204));
#12071=CARTESIAN_POINT('',(6.99999999999998,19.0620888998552,229.97070659204));
#12072=CARTESIAN_POINT('Origin',(6.99999999999998,19.0620888998552,222.97070659204));
#12073=CARTESIAN_POINT('',(-1.88737914186277E-14,19.0620888998552,229.97070659204));
#12074=CARTESIAN_POINT('',(6.99999999999998,19.0620888998552,229.97070659204));
#12075=CARTESIAN_POINT('Origin',(-1.88737914186277E-14,19.0620888998552,
222.97070659204));
#12076=CARTESIAN_POINT('Origin',(30.0000000015857,70.,178.419651893403));
#12077=CARTESIAN_POINT('',(23.7500000015856,70.,178.419651893403));
#12078=CARTESIAN_POINT('Origin',(30.0000000015857,70.,178.419651893403));
#12079=CARTESIAN_POINT('',(23.7500000015856,59.5000000001269,178.419651893403));
#12080=CARTESIAN_POINT('',(23.7500000015856,70.,178.419651893403));
#12081=CARTESIAN_POINT('Origin',(30.0000000015857,60.0000000001269,178.419651893403));
#12082=CARTESIAN_POINT('Origin',(29.9999999999956,70.,2396.64991816245));
#12083=CARTESIAN_POINT('',(23.7499999999956,70.,2396.64991816245));
#12084=CARTESIAN_POINT('Origin',(29.9999999999956,70.,2396.64991816245));
#12085=CARTESIAN_POINT('',(23.7499999999956,59.4999999999997,2396.64991816245));
#12086=CARTESIAN_POINT('',(23.7499999999956,70.,2396.64991816245));
#12087=CARTESIAN_POINT('Origin',(29.9999999999956,59.9999999999997,2396.64991816245));
#12088=CARTESIAN_POINT('Origin',(30.0000000015762,70.,78.4196518934021));
#12089=CARTESIAN_POINT('',(23.7500000015761,70.,78.4196518934021));
#12090=CARTESIAN_POINT('Origin',(30.0000000015762,70.,78.4196518934021));
#12091=CARTESIAN_POINT('',(23.7500000015761,59.5000000001261,78.4196518934021));
#12092=CARTESIAN_POINT('',(23.7500000015761,70.,78.4196518934021));
#12093=CARTESIAN_POINT('Origin',(30.0000000015762,60.0000000001261,78.4196518934021));
#12094=CARTESIAN_POINT('Origin',(29.9999999999969,70.,2496.64991816245));
#12095=CARTESIAN_POINT('',(23.7499999999969,70.,2496.64991816245));
#12096=CARTESIAN_POINT('Origin',(29.9999999999969,70.,2496.64991816245));
#12097=CARTESIAN_POINT('',(23.7499999999969,59.4999999999998,2496.64991816245));
#12098=CARTESIAN_POINT('',(23.7499999999969,70.,2496.64991816245));
#12099=CARTESIAN_POINT('Origin',(29.9999999999969,59.9999999999998,2496.64991816245));
#12100=CARTESIAN_POINT('Origin',(7.00000000000003,-70.,2680.13516835357));
#12101=CARTESIAN_POINT('',(-6.1851320593956E-16,-70.,2680.13516835357));
#12102=CARTESIAN_POINT('',(-1.77635683940025E-14,70.,2727.986));
#12103=CARTESIAN_POINT('',(4.77395900588817E-14,-448.774856657778,2550.67308336907));
#12104=CARTESIAN_POINT('',(60.,-70.,2680.13516835357));
#12105=CARTESIAN_POINT('',(33.5000000000002,-70.0000000000001,2680.13516835357));
#12106=CARTESIAN_POINT('',(60.,-67.0159744815938,2681.15508337293));
#12107=CARTESIAN_POINT('',(59.9999999999927,-478.777848349567,2540.41831119526));
#12108=CARTESIAN_POINT('',(55.3987261114145,-62.0318980889132,2682.85859908992));
#12109=CARTESIAN_POINT('Origin',(55.,-67.0159744815938,2681.15508337293));
#12110=CARTESIAN_POINT('',(16.2025477771711,-58.8962038221737,2683.93035322173));
#12111=CARTESIAN_POINT('',(48.5598332835916,-61.4847866626873,2683.04559720955));
#12112=CARTESIAN_POINT('',(7.00000000000001,-48.9280510368124,2687.33738465571));
#12113=CARTESIAN_POINT('Origin',(17.,-48.9280510368124,2687.33738465571));
#12114=CARTESIAN_POINT('',(7.,48.9280510368124,2720.78378369786));
#12115=CARTESIAN_POINT('',(7.00000000000023,-448.774856657778,2550.67308336907));
#12116=CARTESIAN_POINT('',(16.2025477771711,58.8962038221737,2724.19081513185));
#12117=CARTESIAN_POINT('Origin',(17.,48.9280510368124,2720.78378369786));
#12118=CARTESIAN_POINT('',(55.3987261114145,62.0318980889132,2725.26256926365));
#12119=CARTESIAN_POINT('',(-11.4797353828597,56.6816211693711,2723.43388926266));
#12120=CARTESIAN_POINT('',(60.,67.0159744815938,2726.96608498064));
#12121=CARTESIAN_POINT('Origin',(55.,67.0159744815938,2726.96608498064));
#12122=CARTESIAN_POINT('',(59.9999999999999,70.,2727.986));
#12123=CARTESIAN_POINT('',(60.0000000000101,-417.435919416748,2561.38447058263));
#12124=CARTESIAN_POINT('',(15.,70.,2727.986));
#12125=CARTESIAN_POINT('Origin',(6.99999999999995,70.,0.));
#12126=CARTESIAN_POINT('',(60.,67.0159744815938,3.85392236079421));
#12127=CARTESIAN_POINT('',(59.9999999999999,70.,0.));
#12128=CARTESIAN_POINT('',(59.9999999999999,70.0000000000002,-2.52940369901235E-13));
#12129=CARTESIAN_POINT('',(55.3987261114145,62.0318980889132,10.2909462197314));
#12130=CARTESIAN_POINT('Origin',(55.,67.0159744815938,3.85392236079421));
#12131=CARTESIAN_POINT('',(16.2025477771711,58.8962038221737,14.3407514833459));
#12132=CARTESIAN_POINT('',(32.9644350883821,60.2371548070706,12.6088892879504));
#12133=CARTESIAN_POINT('',(7.,48.9280510368124,27.2147992012203));
#12134=CARTESIAN_POINT('Origin',(17.,48.9280510368124,27.2147992012203));
#12135=CARTESIAN_POINT('',(7.00000000000001,-48.9280510368124,153.59770631628));
#12136=CARTESIAN_POINT('',(6.99999999999996,56.8816500709527,16.9425837066169));
#12137=CARTESIAN_POINT('',(16.2025477771711,-58.8962038221737,166.471754034155));
#12138=CARTESIAN_POINT('Origin',(17.,-48.9280510368124,153.59770631628));
#12139=CARTESIAN_POINT('',(55.3987261114145,-62.0318980889132,170.521559297769));
#12140=CARTESIAN_POINT('',(-10.3020989546201,-56.7758320836304,163.73325598648));
#12141=CARTESIAN_POINT('',(60.,-67.0159744815938,176.958583156706));
#12142=CARTESIAN_POINT('Origin',(55.,-67.0159744815938,176.958583156706));
#12143=CARTESIAN_POINT('',(60.,-70.,180.812505517501));
#12144=CARTESIAN_POINT('',(60.000000000002,44.3225214411576,33.1629230971158));
#12145=CARTESIAN_POINT('',(-6.1851320593956E-16,-70.,180.812505517501));
#12146=CARTESIAN_POINT('',(33.5,-70.,180.812505517501));
#12147=CARTESIAN_POINT('',(-1.77635683940025E-14,70.,0.));
#12148=CARTESIAN_POINT('',(-1.60982338570648E-14,56.8816500709527,16.9425837066169));
#12149=CARTESIAN_POINT('',(15.,70.,0.));
#12150=CARTESIAN_POINT('Origin',(59.9999999999999,70.,0.));
#12151=CARTESIAN_POINT('',(60.,67.0159744815938,0.));
#12152=CARTESIAN_POINT('',(59.9999999999999,70.,0.));
#12153=CARTESIAN_POINT('Origin',(55.,67.0159744815938,0.));
#12154=CARTESIAN_POINT('',(55.3987261114145,62.0318980889132,0.));
#12155=CARTESIAN_POINT('Origin',(55.3987261114145,62.0318980889132,0.));
#12156=CARTESIAN_POINT('',(16.2025477771711,58.8962038221737,0.));
#12157=CARTESIAN_POINT('Origin',(17.,48.9280510368124,0.));
#12158=CARTESIAN_POINT('',(7.,48.9280510368124,0.));
#12159=CARTESIAN_POINT('Origin',(6.99999999999999,-6.52125721398994E-16,
0.));
#12160=CARTESIAN_POINT('',(7.00000000000001,-48.9280510368124,0.));
#12161=CARTESIAN_POINT('Origin',(17.,-48.9280510368124,0.));
#12162=CARTESIAN_POINT('',(16.2025477771711,-58.8962038221737,0.));
#12163=CARTESIAN_POINT('Origin',(16.2025477771711,-58.8962038221737,0.));
#12164=CARTESIAN_POINT('',(55.3987261114145,-62.0318980889132,0.));
#12165=CARTESIAN_POINT('Origin',(55.,-67.0159744815938,0.));
#12166=CARTESIAN_POINT('',(60.,-67.0159744815938,0.));
#12167=CARTESIAN_POINT('Origin',(60.,-67.0159744815938,0.));
#12168=CARTESIAN_POINT('',(60.,-70.,0.));
#12169=CARTESIAN_POINT('Origin',(60.,-70.,0.));
#12170=CARTESIAN_POINT('',(-6.1851320593956E-16,-70.,0.));
#12171=CARTESIAN_POINT('Origin',(-8.88178419700125E-15,-1.50932863189615E-15,
0.));
#12172=CARTESIAN_POINT('',(-1.77635683940025E-14,70.,0.));
#12173=CARTESIAN_POINT('Origin',(-1.77635683940025E-14,70.,0.));
#12174=CARTESIAN_POINT('',(0.,0.,0.));
#12175=CARTESIAN_POINT('',(2713.45114573428,71.7441824651115,-4.86480862994255E-9));
#12176=CARTESIAN_POINT('',(-14.5348542652062,1.74418246533048,0.));
#12177=CARTESIAN_POINT('',(0.,0.,0.));
#12178=CARTESIAN_POINT('',(0.,0.,0.));
#12179=CARTESIAN_POINT('Origin',(40.,14.,0.));
#12180=CARTESIAN_POINT('',(47.,14.,0.));
#12181=CARTESIAN_POINT('Origin',(40.,14.,0.));
#12182=CARTESIAN_POINT('',(47.,14.,10.));
#12183=CARTESIAN_POINT('',(47.,14.,0.));
#12184=CARTESIAN_POINT('Origin',(40.,14.,10.));
#12185=CARTESIAN_POINT('Origin',(85.,14.,0.));
#12186=CARTESIAN_POINT('',(92.,14.,0.));
#12187=CARTESIAN_POINT('Origin',(85.,14.,0.));
#12188=CARTESIAN_POINT('',(92.,14.,10.));
#12189=CARTESIAN_POINT('',(92.,14.,0.));
#12190=CARTESIAN_POINT('Origin',(85.,14.,10.));
#12191=CARTESIAN_POINT('Origin',(228.,-4.73316543132607E-29,0.));
#12192=CARTESIAN_POINT('',(228.,-4.73316543132607E-29,10.));
#12193=CARTESIAN_POINT('',(0.,0.,10.));
#12194=CARTESIAN_POINT('',(0.,0.,10.));
#12195=CARTESIAN_POINT('',(0.,0.,0.));
#12196=CARTESIAN_POINT('',(0.,0.,0.));
#12197=CARTESIAN_POINT('',(228.,-4.73316543132607E-29,0.));
#12198=CARTESIAN_POINT('',(0.,0.,0.));
#12199=CARTESIAN_POINT('',(228.,-4.73316543132607E-29,0.));
#12200=CARTESIAN_POINT('Origin',(0.,0.,0.));
#12201=CARTESIAN_POINT('',(-2.07891418343063E-14,60.,10.));
#12202=CARTESIAN_POINT('',(-2.07891418343063E-14,60.,10.));
#12203=CARTESIAN_POINT('',(-2.07891418343063E-14,60.,0.));
#12204=CARTESIAN_POINT('',(-2.07891418343063E-14,60.,0.));
#12205=CARTESIAN_POINT('',(-2.07891418343063E-14,60.,0.));
#12206=CARTESIAN_POINT('Origin',(-2.07891418343063E-14,60.,0.));
#12207=CARTESIAN_POINT('',(228.,60.,10.));
#12208=CARTESIAN_POINT('',(228.,60.,10.));
#12209=CARTESIAN_POINT('',(228.,60.,0.));
#12210=CARTESIAN_POINT('',(228.,60.,0.));
#12211=CARTESIAN_POINT('',(228.,60.,0.));
#12212=CARTESIAN_POINT('Origin',(228.,60.,0.));
#12213=CARTESIAN_POINT('',(228.,-4.73316543132607E-29,10.));
#12214=CARTESIAN_POINT('',(228.,-4.73316543132607E-29,0.));
#12215=CARTESIAN_POINT('Origin',(114.,30.,10.));
#12216=CARTESIAN_POINT('Origin',(114.,30.,0.));
#12217=CARTESIAN_POINT('',(0.,0.,0.));
#12218=CARTESIAN_POINT('',(0.,0.,0.));
#12219=CARTESIAN_POINT('',(0.,0.,0.));
#12220=CARTESIAN_POINT('',(0.,0.,0.));
#12221=CARTESIAN_POINT('',(0.,0.,0.));
#12222=CARTESIAN_POINT('Origin',(31.,-35.5,0.));
#12223=CARTESIAN_POINT('',(-31.,-35.5,1520.123));
#12224=CARTESIAN_POINT('',(31.,-35.5,1520.123));
#12225=CARTESIAN_POINT('',(15.5,-35.5,1520.123));
#12226=CARTESIAN_POINT('',(31.,-35.5,0.));
#12227=CARTESIAN_POINT('',(31.,-35.5,0.));
#12228=CARTESIAN_POINT('',(-31.,-35.5,0.));
#12229=CARTESIAN_POINT('',(15.5,-35.5,0.));
#12230=CARTESIAN_POINT('',(-31.,-35.5,0.));
#12231=CARTESIAN_POINT('Origin',(31.,-31.,0.));
#12232=CARTESIAN_POINT('',(35.5,-31.,1520.123));
#12233=CARTESIAN_POINT('Origin',(31.,-31.,1520.123));
#12234=CARTESIAN_POINT('',(35.5,-31.,0.));
#12235=CARTESIAN_POINT('',(35.5,-31.,0.));
#12236=CARTESIAN_POINT('Origin',(31.,-31.,0.));
#12237=CARTESIAN_POINT('Origin',(35.5,31.,0.));
#12238=CARTESIAN_POINT('',(35.5,31.,1520.123));
#12239=CARTESIAN_POINT('',(35.5,15.5,1520.123));
#12240=CARTESIAN_POINT('',(35.5,31.,0.));
#12241=CARTESIAN_POINT('',(35.5,31.,0.));
#12242=CARTESIAN_POINT('',(35.5,15.5,0.));
#12243=CARTESIAN_POINT('Origin',(31.,31.,0.));
#12244=CARTESIAN_POINT('',(31.,35.5,1520.123));
#12245=CARTESIAN_POINT('Origin',(31.,31.,1520.123));
#12246=CARTESIAN_POINT('',(31.,35.5,0.));
#12247=CARTESIAN_POINT('',(31.,35.5,0.));
#12248=CARTESIAN_POINT('Origin',(31.,31.,0.));
#12249=CARTESIAN_POINT('Origin',(31.,-40.,0.));
#12250=CARTESIAN_POINT('',(31.,-40.,1520.123));
#12251=CARTESIAN_POINT('',(-31.,-40.,1520.123));
#12252=CARTESIAN_POINT('',(15.5,-40.,1520.123));
#12253=CARTESIAN_POINT('',(-31.,-40.,0.));
#12254=CARTESIAN_POINT('',(-31.,-40.,0.));
#12255=CARTESIAN_POINT('',(31.,-40.,0.));
#12256=CARTESIAN_POINT('',(15.5,-40.,0.));
#12257=CARTESIAN_POINT('',(31.,-40.,0.));
#12258=CARTESIAN_POINT('Origin',(-31.,-31.,0.));
#12259=CARTESIAN_POINT('',(-40.,-31.,1520.123));
#12260=CARTESIAN_POINT('Origin',(-31.,-31.,1520.123));
#12261=CARTESIAN_POINT('',(-40.,-31.,0.));
#12262=CARTESIAN_POINT('',(-40.,-31.,0.));
#12263=CARTESIAN_POINT('Origin',(-31.,-31.,0.));
#12264=CARTESIAN_POINT('Origin',(-40.,-31.,0.));
#12265=CARTESIAN_POINT('',(-40.,31.,1520.123));
#12266=CARTESIAN_POINT('',(-40.,-15.5,1520.123));
#12267=CARTESIAN_POINT('',(-40.,31.,0.));
#12268=CARTESIAN_POINT('',(-40.,31.,0.));
#12269=CARTESIAN_POINT('',(-40.,-15.5,0.));
#12270=CARTESIAN_POINT('Origin',(-31.,31.,0.));
#12271=CARTESIAN_POINT('',(-31.,40.,1520.123));
#12272=CARTESIAN_POINT('Origin',(-31.,31.,1520.123));
#12273=CARTESIAN_POINT('',(-31.,40.,0.));
#12274=CARTESIAN_POINT('',(-31.,40.,0.));
#12275=CARTESIAN_POINT('Origin',(-31.,31.,0.));
#12276=CARTESIAN_POINT('Origin',(-31.,35.5,0.));
#12277=CARTESIAN_POINT('',(-31.,35.5,1520.123));
#12278=CARTESIAN_POINT('',(-15.5,35.5,1520.123));
#12279=CARTESIAN_POINT('',(-31.,35.5,0.));
#12280=CARTESIAN_POINT('',(-31.,35.5,0.));
#12281=CARTESIAN_POINT('',(-15.5,35.5,0.));
#12282=CARTESIAN_POINT('Origin',(-31.,-31.,0.));
#12283=CARTESIAN_POINT('',(-35.5,-31.,1520.123));
#12284=CARTESIAN_POINT('Origin',(-31.,-31.,1520.123));
#12285=CARTESIAN_POINT('',(-35.5,-31.,0.));
#12286=CARTESIAN_POINT('Origin',(-31.,-31.,0.));
#12287=CARTESIAN_POINT('',(-35.5,-31.,0.));
#12288=CARTESIAN_POINT('Origin',(-35.5,-31.,0.));
#12289=CARTESIAN_POINT('',(-35.5,31.,1520.123));
#12290=CARTESIAN_POINT('',(-35.5,-15.5,1520.123));
#12291=CARTESIAN_POINT('',(-35.5,31.,0.));
#12292=CARTESIAN_POINT('',(-35.5,-15.5,0.));
#12293=CARTESIAN_POINT('',(-35.5,31.,0.));
#12294=CARTESIAN_POINT('Origin',(-31.,31.,0.));
#12295=CARTESIAN_POINT('Origin',(-31.,31.,1520.123));
#12296=CARTESIAN_POINT('Origin',(-31.,31.,0.));
#12297=CARTESIAN_POINT('Origin',(-31.,40.,0.));
#12298=CARTESIAN_POINT('',(31.,40.,1520.123));
#12299=CARTESIAN_POINT('',(-15.5,40.,1520.123));
#12300=CARTESIAN_POINT('',(31.,40.,0.));
#12301=CARTESIAN_POINT('',(31.,40.,0.));
#12302=CARTESIAN_POINT('',(-15.5,40.,0.));
#12303=CARTESIAN_POINT('Origin',(31.,31.,0.));
#12304=CARTESIAN_POINT('',(40.,31.,1520.123));
#12305=CARTESIAN_POINT('Origin',(31.,31.,1520.123));
#12306=CARTESIAN_POINT('',(40.,31.,0.));
#12307=CARTESIAN_POINT('',(40.,31.,0.));
#12308=CARTESIAN_POINT('Origin',(31.,31.,0.));
#12309=CARTESIAN_POINT('Origin',(40.,31.,0.));
#12310=CARTESIAN_POINT('',(40.,-31.,1520.123));
#12311=CARTESIAN_POINT('',(40.,15.5,1520.123));
#12312=CARTESIAN_POINT('',(40.,-31.,0.));
#12313=CARTESIAN_POINT('',(40.,-31.,0.));
#12314=CARTESIAN_POINT('',(40.,15.5,0.));
#12315=CARTESIAN_POINT('Origin',(31.,-31.,0.));
#12316=CARTESIAN_POINT('Origin',(31.,-31.,1520.123));
#12317=CARTESIAN_POINT('Origin',(31.,-31.,0.));
#12318=CARTESIAN_POINT('Origin',(-6.66133814775094E-15,-8.88178419700125E-15,
0.));
#12319=CARTESIAN_POINT('Origin',(-6.66133814775094E-15,-8.88178419700125E-15,
1520.123));
#12320=CARTESIAN_POINT('',(0.,0.,0.));
#12321=CARTESIAN_POINT('',(1505.90120413435,45.5008831598884,40.));
#12322=CARTESIAN_POINT('',(-14.2217958656479,5.50088315988844,0.));
#12323=CARTESIAN_POINT('',(0.,0.,0.));
#12324=CARTESIAN_POINT('',(0.,0.,0.));
#12325=CARTESIAN_POINT('Origin',(-65.,-65.,0.));
#12326=CARTESIAN_POINT('',(-65.,-70.,10.));
#12327=CARTESIAN_POINT('',(-70.,-65.,10.));
#12328=CARTESIAN_POINT('Origin',(-65.,-65.,10.));
#12329=CARTESIAN_POINT('',(-70.,-65.,0.));
#12330=CARTESIAN_POINT('',(-70.,-65.,0.));
#12331=CARTESIAN_POINT('',(-65.,-70.,0.));
#12332=CARTESIAN_POINT('Origin',(-65.,-65.,0.));
#12333=CARTESIAN_POINT('',(-65.,-70.,0.));
#12334=CARTESIAN_POINT('Origin',(70.,-70.,0.));
#12335=CARTESIAN_POINT('',(65.,-70.,0.));
#12336=CARTESIAN_POINT('',(-70.,-70.,0.));
#12337=CARTESIAN_POINT('',(65.,-70.,10.));
#12338=CARTESIAN_POINT('',(65.,-70.,0.));
#12339=CARTESIAN_POINT('',(-70.,-70.,10.));
#12340=CARTESIAN_POINT('Origin',(-8.88178419700125E-15,-4.44089209850063E-15,
0.));
#12341=CARTESIAN_POINT('',(-70.,65.,0.));
#12342=CARTESIAN_POINT('',(-70.,70.,0.));
#12343=CARTESIAN_POINT('',(-65.,70.,0.));
#12344=CARTESIAN_POINT('Origin',(-65.,65.,0.));
#12345=CARTESIAN_POINT('',(65.,70.,0.));
#12346=CARTESIAN_POINT('',(70.,70.,0.));
#12347=CARTESIAN_POINT('',(70.,65.,0.));
#12348=CARTESIAN_POINT('Origin',(65.,65.,0.));
#12349=CARTESIAN_POINT('',(70.,-65.,0.));
#12350=CARTESIAN_POINT('',(70.,-70.,0.));
#12351=CARTESIAN_POINT('Origin',(65.,-65.,0.));
#12352=CARTESIAN_POINT('',(62.,55.,0.));
#12353=CARTESIAN_POINT('Origin',(55.,55.,0.));
#12354=CARTESIAN_POINT('',(62.,-55.,0.));
#12355=CARTESIAN_POINT('Origin',(55.,-55.,0.));
#12356=CARTESIAN_POINT('',(-48.,-55.,0.));
#12357=CARTESIAN_POINT('Origin',(-55.,-55.,0.));
#12358=CARTESIAN_POINT('',(-48.,55.,0.));
#12359=CARTESIAN_POINT('Origin',(-55.,55.,0.));
#12360=CARTESIAN_POINT('Origin',(65.,-65.,0.));
#12361=CARTESIAN_POINT('',(70.,-65.,10.));
#12362=CARTESIAN_POINT('Origin',(65.,-65.,10.));
#12363=CARTESIAN_POINT('',(70.,-65.,0.));
#12364=CARTESIAN_POINT('Origin',(70.,70.,0.));
#12365=CARTESIAN_POINT('',(70.,65.,10.));
#12366=CARTESIAN_POINT('',(70.,65.,0.));
#12367=CARTESIAN_POINT('',(70.,-70.,10.));
#12368=CARTESIAN_POINT('Origin',(65.,65.,0.));
#12369=CARTESIAN_POINT('',(65.,70.,10.));
#12370=CARTESIAN_POINT('Origin',(65.,65.,10.));
#12371=CARTESIAN_POINT('',(65.,70.,0.));
#12372=CARTESIAN_POINT('Origin',(-70.,70.,0.));
#12373=CARTESIAN_POINT('',(-65.,70.,10.));
#12374=CARTESIAN_POINT('',(-65.,70.,0.));
#12375=CARTESIAN_POINT('',(70.,70.,10.));
#12376=CARTESIAN_POINT('Origin',(-65.,65.,0.));
#12377=CARTESIAN_POINT('',(-70.,65.,10.));
#12378=CARTESIAN_POINT('Origin',(-65.,65.,10.));
#12379=CARTESIAN_POINT('',(-70.,65.,0.));
#12380=CARTESIAN_POINT('Origin',(55.,55.,0.));
#12381=CARTESIAN_POINT('',(62.,55.,10.));
#12382=CARTESIAN_POINT('',(62.,55.,0.));
#12383=CARTESIAN_POINT('Origin',(55.,55.,10.));
#12384=CARTESIAN_POINT('Origin',(55.,-55.,0.));
#12385=CARTESIAN_POINT('',(62.,-55.,10.));
#12386=CARTESIAN_POINT('',(62.,-55.,0.));
#12387=CARTESIAN_POINT('Origin',(55.,-55.,10.));
#12388=CARTESIAN_POINT('Origin',(-55.,-55.,0.));
#12389=CARTESIAN_POINT('',(-48.,-55.,10.));
#12390=CARTESIAN_POINT('',(-48.,-55.,0.));
#12391=CARTESIAN_POINT('Origin',(-55.,-55.,10.));
#12392=CARTESIAN_POINT('Origin',(-55.,55.,0.));
#12393=CARTESIAN_POINT('',(-48.,55.,10.));
#12394=CARTESIAN_POINT('',(-48.,55.,0.));
#12395=CARTESIAN_POINT('Origin',(-55.,55.,10.));
#12396=CARTESIAN_POINT('Origin',(-70.,-70.,0.));
#12397=CARTESIAN_POINT('',(-70.,70.,10.));
#12398=CARTESIAN_POINT('Origin',(-8.88178419700125E-15,-4.44089209850063E-15,
10.));
#12399=CARTESIAN_POINT('',(0.,0.,0.));
#12400=CARTESIAN_POINT('Origin',(-38.,-38.,0.));
#12401=CARTESIAN_POINT('',(-38.,-40.,10.));
#12402=CARTESIAN_POINT('',(-40.,-38.,10.));
#12403=CARTESIAN_POINT('Origin',(-38.,-38.,10.));
#12404=CARTESIAN_POINT('',(-40.,-38.,0.));
#12405=CARTESIAN_POINT('',(-40.,-38.,0.));
#12406=CARTESIAN_POINT('',(-38.,-40.,0.));
#12407=CARTESIAN_POINT('Origin',(-38.,-38.,0.));
#12408=CARTESIAN_POINT('',(-38.,-40.,0.));
#12409=CARTESIAN_POINT('Origin',(-20.,-40.,0.));
#12410=CARTESIAN_POINT('',(-20.,-40.,0.));
#12411=CARTESIAN_POINT('',(-40.,-40.,0.));
#12412=CARTESIAN_POINT('',(-20.,-40.,10.));
#12413=CARTESIAN_POINT('',(-20.,-40.,0.));
#12414=CARTESIAN_POINT('',(-40.,-40.,10.));
#12415=CARTESIAN_POINT('Origin',(0.,0.,0.));
#12416=CARTESIAN_POINT('',(-40.,38.,0.));
#12417=CARTESIAN_POINT('',(-40.,40.,0.));
#12418=CARTESIAN_POINT('',(-38.,40.,0.));
#12419=CARTESIAN_POINT('Origin',(-38.,38.,0.));
#12420=CARTESIAN_POINT('',(-20.,40.,0.));
#12421=CARTESIAN_POINT('',(40.,40.,0.));
#12422=CARTESIAN_POINT('',(-20.,68.,0.));
#12423=CARTESIAN_POINT('',(-20.,70.,0.));
#12424=CARTESIAN_POINT('',(-18.,70.,0.));
#12425=CARTESIAN_POINT('Origin',(-18.,68.,0.));
#12426=CARTESIAN_POINT('',(38.,70.,0.));
#12427=CARTESIAN_POINT('',(40.,70.,0.));
#12428=CARTESIAN_POINT('',(40.,68.,0.));
#12429=CARTESIAN_POINT('Origin',(38.,68.,0.));
#12430=CARTESIAN_POINT('',(40.,-68.,0.));
#12431=CARTESIAN_POINT('',(40.,-70.,0.));
#12432=CARTESIAN_POINT('',(38.,-70.,0.));
#12433=CARTESIAN_POINT('Origin',(38.,-68.,0.));
#12434=CARTESIAN_POINT('',(-18.,-70.,0.));
#12435=CARTESIAN_POINT('',(-20.,-70.,0.));
#12436=CARTESIAN_POINT('',(-20.,-68.,0.));
#12437=CARTESIAN_POINT('Origin',(-18.,-68.,0.));
#12438=CARTESIAN_POINT('',(-20.,70.,0.));
#12439=CARTESIAN_POINT('',(27.,57.5,0.));
#12440=CARTESIAN_POINT('Origin',(20.,57.5,0.));
#12441=CARTESIAN_POINT('',(27.,-57.5,0.));
#12442=CARTESIAN_POINT('Origin',(20.,-57.5,0.));
#12443=CARTESIAN_POINT('Origin',(-18.,-68.,0.));
#12444=CARTESIAN_POINT('',(-18.,-70.,10.));
#12445=CARTESIAN_POINT('',(-20.,-68.,10.));
#12446=CARTESIAN_POINT('Origin',(-18.,-68.,10.));
#12447=CARTESIAN_POINT('',(-20.,-68.,0.));
#12448=CARTESIAN_POINT('',(-18.,-70.,0.));
#12449=CARTESIAN_POINT('Origin',(40.,-70.,0.));
#12450=CARTESIAN_POINT('',(38.,-70.,10.));
#12451=CARTESIAN_POINT('',(38.,-70.,0.));
#12452=CARTESIAN_POINT('',(-20.,-70.,10.));
#12453=CARTESIAN_POINT('Origin',(38.,-68.,0.));
#12454=CARTESIAN_POINT('',(40.,-68.,10.));
#12455=CARTESIAN_POINT('Origin',(38.,-68.,10.));
#12456=CARTESIAN_POINT('',(40.,-68.,0.));
#12457=CARTESIAN_POINT('Origin',(40.,70.,0.));
#12458=CARTESIAN_POINT('',(40.,68.,10.));
#12459=CARTESIAN_POINT('',(40.,68.,0.));
#12460=CARTESIAN_POINT('',(40.,-70.,10.));
#12461=CARTESIAN_POINT('Origin',(-38.,38.,0.));
#12462=CARTESIAN_POINT('',(-40.,38.,10.));
#12463=CARTESIAN_POINT('',(-38.,40.,10.));
#12464=CARTESIAN_POINT('Origin',(-38.,38.,10.));
#12465=CARTESIAN_POINT('',(-38.,40.,0.));
#12466=CARTESIAN_POINT('',(-40.,38.,0.));
#12467=CARTESIAN_POINT('Origin',(-40.,-40.,0.));
#12468=CARTESIAN_POINT('',(-40.,40.,10.));
#12469=CARTESIAN_POINT('Origin',(-18.,68.,0.));
#12470=CARTESIAN_POINT('',(-20.,68.,10.));
#12471=CARTESIAN_POINT('',(-18.,70.,10.));
#12472=CARTESIAN_POINT('Origin',(-18.,68.,10.));
#12473=CARTESIAN_POINT('',(-18.,70.,0.));
#12474=CARTESIAN_POINT('',(-20.,68.,0.));
#12475=CARTESIAN_POINT('Origin',(-20.,40.,0.));
#12476=CARTESIAN_POINT('',(-20.,40.,10.));
#12477=CARTESIAN_POINT('',(-20.,40.,0.));
#12478=CARTESIAN_POINT('',(-20.,70.,10.));
#12479=CARTESIAN_POINT('Origin',(38.,68.,0.));
#12480=CARTESIAN_POINT('',(38.,70.,10.));
#12481=CARTESIAN_POINT('Origin',(38.,68.,10.));
#12482=CARTESIAN_POINT('',(38.,70.,0.));
#12483=CARTESIAN_POINT('Origin',(20.,57.5,0.));
#12484=CARTESIAN_POINT('',(27.,57.5,10.));
#12485=CARTESIAN_POINT('',(27.,57.5,0.));
#12486=CARTESIAN_POINT('Origin',(20.,57.5,10.));
#12487=CARTESIAN_POINT('Origin',(20.,-57.5,0.));
#12488=CARTESIAN_POINT('',(27.,-57.5,10.));
#12489=CARTESIAN_POINT('',(27.,-57.5,0.));
#12490=CARTESIAN_POINT('Origin',(20.,-57.5,10.));
#12491=CARTESIAN_POINT('Origin',(-20.,70.,0.));
#12492=CARTESIAN_POINT('',(40.,70.,10.));
#12493=CARTESIAN_POINT('Origin',(-20.,-70.,0.));
#12494=CARTESIAN_POINT('',(-20.,70.,10.));
#12495=CARTESIAN_POINT('Origin',(-40.,40.,0.));
#12496=CARTESIAN_POINT('',(40.,40.,10.));
#12497=CARTESIAN_POINT('Origin',(0.,0.,10.));
#12498=CARTESIAN_POINT('',(0.,0.,0.));
#12499=CARTESIAN_POINT('',(0.,0.,0.));
#12500=CARTESIAN_POINT('Origin',(754.,0.,0.));
#12501=CARTESIAN_POINT('',(754.,0.,30.));
#12502=CARTESIAN_POINT('',(0.,0.,30.));
#12503=CARTESIAN_POINT('',(0.,0.,30.));
#12504=CARTESIAN_POINT('',(0.,0.,0.));
#12505=CARTESIAN_POINT('',(0.,0.,0.));
#12506=CARTESIAN_POINT('',(754.,0.,0.));
#12507=CARTESIAN_POINT('',(0.,0.,0.));
#12508=CARTESIAN_POINT('',(754.,0.,0.));
#12509=CARTESIAN_POINT('Origin',(0.,0.,0.));
#12510=CARTESIAN_POINT('',(0.,205.,30.));
#12511=CARTESIAN_POINT('',(0.,205.,30.));
#12512=CARTESIAN_POINT('',(0.,205.,0.));
#12513=CARTESIAN_POINT('',(0.,205.,0.));
#12514=CARTESIAN_POINT('',(0.,205.,0.));
#12515=CARTESIAN_POINT('Origin',(0.,205.,0.));
#12516=CARTESIAN_POINT('',(754.,205.,30.));
#12517=CARTESIAN_POINT('',(754.,205.,30.));
#12518=CARTESIAN_POINT('',(754.,205.,0.));
#12519=CARTESIAN_POINT('',(754.,205.,0.));
#12520=CARTESIAN_POINT('',(754.,205.,0.));
#12521=CARTESIAN_POINT('Origin',(754.,205.,0.));
#12522=CARTESIAN_POINT('',(754.,0.,30.));
#12523=CARTESIAN_POINT('',(754.,0.,0.));
#12524=CARTESIAN_POINT('Origin',(377.,102.5,30.));
#12525=CARTESIAN_POINT('Origin',(377.,102.5,0.));
#12526=CARTESIAN_POINT('',(0.,0.,0.));
#12527=CARTESIAN_POINT('Origin',(35.,52.,0.));
#12528=CARTESIAN_POINT('',(42.,52.,0.));
#12529=CARTESIAN_POINT('Origin',(35.,52.,0.));
#12530=CARTESIAN_POINT('',(42.,52.,3.));
#12531=CARTESIAN_POINT('',(42.,52.,0.));
#12532=CARTESIAN_POINT('Origin',(35.,52.,3.));
#12533=CARTESIAN_POINT('Origin',(120.,59.,0.));
#12534=CARTESIAN_POINT('',(120.,59.,3.));
#12535=CARTESIAN_POINT('',(171.,59.,3.));
#12536=CARTESIAN_POINT('',(111.25,59.,3.));
#12537=CARTESIAN_POINT('',(120.,59.,0.));
#12538=CARTESIAN_POINT('',(120.,59.,0.));
#12539=CARTESIAN_POINT('',(171.,59.,0.));
#12540=CARTESIAN_POINT('',(111.25,59.,0.));
#12541=CARTESIAN_POINT('',(171.,59.,0.));
#12542=CARTESIAN_POINT('Origin',(171.,52.,0.));
#12543=CARTESIAN_POINT('',(171.,45.,3.));
#12544=CARTESIAN_POINT('Origin',(171.,52.,3.));
#12545=CARTESIAN_POINT('',(171.,45.,0.));
#12546=CARTESIAN_POINT('Origin',(171.,52.,0.));
#12547=CARTESIAN_POINT('',(171.,45.,0.));
#12548=CARTESIAN_POINT('Origin',(171.,45.,0.));
#12549=CARTESIAN_POINT('',(120.,45.,3.));
#12550=CARTESIAN_POINT('',(136.75,45.,3.));
#12551=CARTESIAN_POINT('',(120.,45.,0.));
#12552=CARTESIAN_POINT('',(136.75,45.,0.));
#12553=CARTESIAN_POINT('',(120.,45.,0.));
#12554=CARTESIAN_POINT('Origin',(120.,52.,0.));
#12555=CARTESIAN_POINT('Origin',(120.,52.,3.));
#12556=CARTESIAN_POINT('Origin',(120.,52.,0.));
#12557=CARTESIAN_POINT('Origin',(205.,0.,0.));
#12558=CARTESIAN_POINT('',(205.,0.,3.));
#12559=CARTESIAN_POINT('',(0.,0.,3.));
#12560=CARTESIAN_POINT('',(0.,0.,3.));
#12561=CARTESIAN_POINT('',(0.,0.,0.));
#12562=CARTESIAN_POINT('',(0.,0.,0.));
#12563=CARTESIAN_POINT('',(205.,0.,0.));
#12564=CARTESIAN_POINT('',(0.,0.,0.));
#12565=CARTESIAN_POINT('',(205.,0.,0.));
#12566=CARTESIAN_POINT('Origin',(0.,0.,0.));
#12567=CARTESIAN_POINT('',(0.,70.,3.));
#12568=CARTESIAN_POINT('',(0.,70.,3.));
#12569=CARTESIAN_POINT('',(0.,70.,0.));
#12570=CARTESIAN_POINT('',(0.,70.,0.));
#12571=CARTESIAN_POINT('',(0.,70.,0.));
#12572=CARTESIAN_POINT('Origin',(0.,70.,0.));
#12573=CARTESIAN_POINT('',(175.,70.,3.));
#12574=CARTESIAN_POINT('',(205.,70.,3.));
#12575=CARTESIAN_POINT('',(175.,70.,0.));
#12576=CARTESIAN_POINT('',(175.,70.,0.));
#12577=CARTESIAN_POINT('',(205.,70.,0.));
#12578=CARTESIAN_POINT('Origin',(175.,70.,0.));
#12579=CARTESIAN_POINT('',(205.,39.9999999999999,3.));
#12580=CARTESIAN_POINT('',(205.,39.9999999999999,3.));
#12581=CARTESIAN_POINT('',(205.,39.9999999999999,0.));
#12582=CARTESIAN_POINT('',(205.,39.9999999999999,0.));
#12583=CARTESIAN_POINT('',(205.,39.9999999999999,0.));
#12584=CARTESIAN_POINT('Origin',(205.,39.9999999999999,0.));
#12585=CARTESIAN_POINT('',(205.,0.,3.));
#12586=CARTESIAN_POINT('',(205.,0.,0.));
#12587=CARTESIAN_POINT('Origin',(102.5,35.,3.));
#12588=CARTESIAN_POINT('Origin',(102.5,35.,0.));
#12589=CARTESIAN_POINT('',(-477.273748377507,361.534211596472,52.5358968839423));
#12590=CARTESIAN_POINT('',(276.726251622494,331.534211596472,257.535896883942));
#12591=CARTESIAN_POINT('',(-480.273748377507,331.534211596472,257.535896883942));
#12592=CARTESIAN_POINT('',(0.,0.,0.));
#12593=CARTESIAN_POINT('Origin',(-9.99999999999994,94.,0.));
#12594=CARTESIAN_POINT('',(-9.99999999999995,77.6588050384501,5.55111512312578E-16));
#12595=CARTESIAN_POINT('',(-9.99999999999998,34.6873175670878,2.95733691003819E-15));
#12596=CARTESIAN_POINT('Ctrl Pts',(-9.99999999999995,77.6588050384501,-2.77555756156289E-16));
#12597=CARTESIAN_POINT('Ctrl Pts',(-9.99999999999995,77.6588050384501,-1.2977902054948));
#12598=CARTESIAN_POINT('Ctrl Pts',(-9.99999999999995,77.5301090805594,-2.71503789826649));
#12599=CARTESIAN_POINT('Ctrl Pts',(-9.99999999999995,76.9754402656084,-5.49015115645841));
#12600=CARTESIAN_POINT('Ctrl Pts',(-9.99999999999995,76.5494846051551,-6.84802015897967));
#12601=CARTESIAN_POINT('Ctrl Pts',(-9.99999999999996,75.5503191272896,-9.24951291629549));
#12602=CARTESIAN_POINT('Ctrl Pts',(-9.99999999999995,74.8841193068595,-10.5137921932485));
#12603=CARTESIAN_POINT('Ctrl Pts',(-9.99999999999995,73.299262054345,-12.8728714497054));
#12604=CARTESIAN_POINT('Ctrl Pts',(-9.99999999999996,72.3806485816694,-13.9677009613612));
#12605=CARTESIAN_POINT('Ctrl Pts',(-9.99999999999996,70.5262816671318,-15.8123368895619));
#12606=CARTESIAN_POINT('Ctrl Pts',(-9.99999999999996,69.4184654125639,-16.7307552580366));
#12607=CARTESIAN_POINT('Ctrl Pts',(-9.99999999999996,67.0339932345922,-18.3135301097802));
#12608=CARTESIAN_POINT('Ctrl Pts',(-9.99999999999996,65.7573852547843,-18.9779588195515));
#12609=CARTESIAN_POINT('Ctrl Pts',(-9.99999999999996,63.3180354825327,-19.9821599680685));
#12610=CARTESIAN_POINT('Ctrl Pts',(-9.99999999999996,61.9294428844001,-20.4120599712969));
#12611=CARTESIAN_POINT('Ctrl Pts',(-9.99999999999996,59.0927756573567,-20.9709276072364));
#12612=CARTESIAN_POINT('Ctrl Pts',(-9.99999999999996,57.644721668813,-21.1));
#12613=CARTESIAN_POINT('Ctrl Pts',(-9.99999999999997,54.9860238315459,-21.1));
#12614=CARTESIAN_POINT('Ctrl Pts',(-9.99999999999997,53.5299972632436,-20.9694668221723));
#12615=CARTESIAN_POINT('Ctrl Pts',(-9.99999999999997,50.6769465505805,-20.4080241678099));
#12616=CARTESIAN_POINT('Ctrl Pts',(-9.99999999999997,49.2799080633784,-19.9771875789207));
#12617=CARTESIAN_POINT('Ctrl Pts',(-9.99999999999997,46.8128126286558,-18.9694658454756));
#12618=CARTESIAN_POINT('Ctrl Pts',(-9.99999999999997,45.5147168833457,-18.2996996273374));
#12619=CARTESIAN_POINT('Ctrl Pts',(-9.99999999999998,43.0864543003607,-16.7048073002781));
#12620=CARTESIAN_POINT('Ctrl Pts',(-9.99999999999998,41.956328967481,-15.7796180001866));
#12621=CARTESIAN_POINT('Ctrl Pts',(-9.99999999999998,40.0670632898332,-13.9261160700864));
#12622=CARTESIAN_POINT('Ctrl Pts',(-9.99999999999998,39.1311996111418,-12.8291677551083));
#12623=CARTESIAN_POINT('Ctrl Pts',(-9.99999999999998,37.5124781670877,-10.4628242522914));
#12624=CARTESIAN_POINT('Ctrl Pts',(-9.99999999999998,36.8298751631562,-9.19325480235857));
#12625=CARTESIAN_POINT('Ctrl Pts',(-9.99999999999998,35.8135676650746,-6.79585651312654));
#12626=CARTESIAN_POINT('Ctrl Pts',(-9.99999999999998,35.3817722303991,-5.44974472007759));
#12627=CARTESIAN_POINT('Ctrl Pts',(-9.99999999999998,34.8185358557754,-2.69642192400018));
#12628=CARTESIAN_POINT('Ctrl Pts',(-9.99999999999998,34.6873175670878,-1.28916537877191));
#12629=CARTESIAN_POINT('Ctrl Pts',(-9.99999999999998,34.6873175670878,2.22044604925031E-15));
#12630=CARTESIAN_POINT('Ctrl Pts',(-9.99999999999998,34.6873175670878,2.77555756156289E-15));
#12631=CARTESIAN_POINT('Ctrl Pts',(-9.99999999999998,34.6873175670878,1.28916537877191));
#12632=CARTESIAN_POINT('Ctrl Pts',(-9.99999999999998,34.8185358557754,2.69642192400018));
#12633=CARTESIAN_POINT('Ctrl Pts',(-9.99999999999998,35.3817722303991,5.44974472007759));
#12634=CARTESIAN_POINT('Ctrl Pts',(-9.99999999999998,35.8135676650746,6.79585651312654));
#12635=CARTESIAN_POINT('Ctrl Pts',(-9.99999999999998,36.8298751631562,9.19325480235857));
#12636=CARTESIAN_POINT('Ctrl Pts',(-9.99999999999998,37.5124781670877,10.4628242522914));
#12637=CARTESIAN_POINT('Ctrl Pts',(-9.99999999999998,39.1311996111418,12.8291677551083));
#12638=CARTESIAN_POINT('Ctrl Pts',(-9.99999999999998,40.0670632898332,13.9261160700864));
#12639=CARTESIAN_POINT('Ctrl Pts',(-9.99999999999998,41.9563289674811,15.7796180001866));
#12640=CARTESIAN_POINT('Ctrl Pts',(-9.99999999999998,43.0864543003607,16.7048073002781));
#12641=CARTESIAN_POINT('Ctrl Pts',(-9.99999999999997,45.5147168833457,18.2996996273374));
#12642=CARTESIAN_POINT('Ctrl Pts',(-9.99999999999997,46.8128126286558,18.9694658454756));
#12643=CARTESIAN_POINT('Ctrl Pts',(-9.99999999999997,49.2799080633784,19.9771875789207));
#12644=CARTESIAN_POINT('Ctrl Pts',(-9.99999999999997,50.6769465505805,20.4080241678099));
#12645=CARTESIAN_POINT('Ctrl Pts',(-9.99999999999997,53.5299972632436,20.9694668221723));
#12646=CARTESIAN_POINT('Ctrl Pts',(-9.99999999999997,54.9860238315459,21.1));
#12647=CARTESIAN_POINT('Ctrl Pts',(-9.99999999999996,57.644721668813,21.1));
#12648=CARTESIAN_POINT('Ctrl Pts',(-9.99999999999996,59.0927756573567,20.9709276072364));
#12649=CARTESIAN_POINT('Ctrl Pts',(-9.99999999999996,61.9294428844001,20.4120599712969));
#12650=CARTESIAN_POINT('Ctrl Pts',(-9.99999999999996,63.3180354825327,19.9821599680685));
#12651=CARTESIAN_POINT('Ctrl Pts',(-9.99999999999996,65.7573852547843,18.9779588195515));
#12652=CARTESIAN_POINT('Ctrl Pts',(-9.99999999999996,67.0339932345922,18.3135301097802));
#12653=CARTESIAN_POINT('Ctrl Pts',(-9.99999999999996,69.4184654125639,16.7307552580366));
#12654=CARTESIAN_POINT('Ctrl Pts',(-9.99999999999996,70.5262816671318,15.8123368895619));
#12655=CARTESIAN_POINT('Ctrl Pts',(-9.99999999999996,72.3806485816694,13.9677009613612));
#12656=CARTESIAN_POINT('Ctrl Pts',(-9.99999999999996,73.299262054345,12.8728714497054));
#12657=CARTESIAN_POINT('Ctrl Pts',(-9.99999999999996,74.8841193068595,10.5137921932485));
#12658=CARTESIAN_POINT('Ctrl Pts',(-9.99999999999996,75.5503191272896,9.24951291629549));
#12659=CARTESIAN_POINT('Ctrl Pts',(-9.99999999999995,76.5494846051551,6.84802015897967));
#12660=CARTESIAN_POINT('Ctrl Pts',(-9.99999999999995,76.9754402656084,5.49015115645842));
#12661=CARTESIAN_POINT('Ctrl Pts',(-9.99999999999995,77.5301090805593,2.7150378982665));
#12662=CARTESIAN_POINT('Ctrl Pts',(-9.99999999999995,77.6588050384501,1.2977902054948));
#12663=CARTESIAN_POINT('Ctrl Pts',(-9.99999999999995,77.6588050384501,2.77555756156289E-16));
#12664=CARTESIAN_POINT('',(-9.99999999999995,74.6330355807668,-2.77555756156289E-16));
#12665=CARTESIAN_POINT('',(-9.99999999999998,37.7996031725202,-1.91767139680175E-18));
#12666=CARTESIAN_POINT('Ctrl Pts',(-9.99999999999995,74.6330355807668,-2.77555756156289E-16));
#12667=CARTESIAN_POINT('Ctrl Pts',(-9.99999999999995,74.6330355807668,1.11308218472216));
#12668=CARTESIAN_POINT('Ctrl Pts',(-9.99999999999995,74.5225989584437,2.32861058415936));
#12669=CARTESIAN_POINT('Ctrl Pts',(-9.99999999999995,74.0466552958676,4.70869515038034));
#12670=CARTESIAN_POINT('Ctrl Pts',(-9.99999999999996,73.6811649986517,5.87325466522563));
#12671=CARTESIAN_POINT('Ctrl Pts',(-9.99999999999996,72.8237406594574,7.93318330056744));
#12672=CARTESIAN_POINT('Ctrl Pts',(-9.99999999999996,72.2519417581666,9.01778194036364));
#12673=CARTESIAN_POINT('Ctrl Pts',(-9.99999999999996,70.8917314318719,11.0415039761646));
#12674=CARTESIAN_POINT('Ctrl Pts',(-9.99999999999996,70.1033618366468,11.9806554870295));
#12675=CARTESIAN_POINT('Ctrl Pts',(-9.99999999999996,68.5117754623853,13.5632165599207));
#12676=CARTESIAN_POINT('Ctrl Pts',(-9.99999999999996,67.5608275042693,14.3512351369039));
#12677=CARTESIAN_POINT('Ctrl Pts',(-9.99999999999996,65.5141015140306,15.7092589989619));
#12678=CARTESIAN_POINT('Ctrl Pts',(-9.99999999999996,64.4183668086089,16.2793295821157));
#12679=CARTESIAN_POINT('Ctrl Pts',(-9.99999999999996,62.324890872473,17.1408582363325));
#12680=CARTESIAN_POINT('Ctrl Pts',(-9.99999999999996,61.1333192355211,17.5096838318146));
#12681=CARTESIAN_POINT('Ctrl Pts',(-9.99999999999996,58.6991693787799,17.989211854243));
#12682=CARTESIAN_POINT('Ctrl Pts',(-9.99999999999996,57.4566080463978,18.1));
#12683=CARTESIAN_POINT('Ctrl Pts',(-9.99999999999997,55.1761107792973,18.1));
#12684=CARTESIAN_POINT('Ctrl Pts',(-9.99999999999997,53.9276922068924,17.9881400203243));
#12685=CARTESIAN_POINT('Ctrl Pts',(-9.99999999999997,51.481510388445,17.5067184375996));
#12686=CARTESIAN_POINT('Ctrl Pts',(-9.99999999999997,50.2837383940106,17.1372012876269));
#12687=CARTESIAN_POINT('Ctrl Pts',(-9.99999999999997,48.1703827984029,16.2732083355569));
#12688=CARTESIAN_POINT('Ctrl Pts',(-9.99999999999997,47.059374211127,15.6994451569301));
#12689=CARTESIAN_POINT('Ctrl Pts',(-9.99999999999997,44.981531726507,14.3329878804404));
#12690=CARTESIAN_POINT('Ctrl Pts',(-9.99999999999997,44.0147424990729,13.5402258584746));
#12691=CARTESIAN_POINT('Ctrl Pts',(-9.99999999999997,42.3987067609872,11.9515888130565));
#12692=CARTESIAN_POINT('Ctrl Pts',(-9.99999999999998,41.5984225180721,11.0111712567823));
#12693=CARTESIAN_POINT('Ctrl Pts',(-9.99999999999998,40.2149283698484,8.98274427359425));
#12694=CARTESIAN_POINT('Ctrl Pts',(-9.99999999999998,39.6319081324568,7.89460548965708));
#12695=CARTESIAN_POINT('Ctrl Pts',(-9.99999999999998,38.7628063411148,5.83753883334217));
#12696=CARTESIAN_POINT('Ctrl Pts',(-9.99999999999998,38.3933891613421,4.68102235200413));
#12697=CARTESIAN_POINT('Ctrl Pts',(-9.99999999999998,37.9117146837121,2.31585043940514));
#12698=CARTESIAN_POINT('Ctrl Pts',(-9.99999999999998,37.7996031725202,1.10716532058459));
#12699=CARTESIAN_POINT('Ctrl Pts',(-9.99999999999998,37.7996031725202,-2.4980018054066E-15));
#12700=CARTESIAN_POINT('Ctrl Pts',(-9.99999999999998,37.7996031725202,-1.94289029309402E-15));
#12701=CARTESIAN_POINT('Ctrl Pts',(-9.99999999999998,37.7996031725202,-1.1071653205846));
#12702=CARTESIAN_POINT('Ctrl Pts',(-9.99999999999998,37.9117146837121,-2.31585043940515));
#12703=CARTESIAN_POINT('Ctrl Pts',(-9.99999999999998,38.3933891613421,-4.68102235200414));
#12704=CARTESIAN_POINT('Ctrl Pts',(-9.99999999999998,38.7628063411148,-5.83753883334218));
#12705=CARTESIAN_POINT('Ctrl Pts',(-9.99999999999998,39.6319081324568,-7.8946054896571));
#12706=CARTESIAN_POINT('Ctrl Pts',(-9.99999999999998,40.2149283698484,-8.98274427359426));
#12707=CARTESIAN_POINT('Ctrl Pts',(-9.99999999999998,41.5984225180722,-11.0111712567823));
#12708=CARTESIAN_POINT('Ctrl Pts',(-9.99999999999997,42.3987067609872,-11.9515888130566));
#12709=CARTESIAN_POINT('Ctrl Pts',(-9.99999999999997,44.0147424990729,-13.5402258584746));
#12710=CARTESIAN_POINT('Ctrl Pts',(-9.99999999999997,44.981531726507,-14.3329878804404));
#12711=CARTESIAN_POINT('Ctrl Pts',(-9.99999999999997,47.059374211127,-15.6994451569301));
#12712=CARTESIAN_POINT('Ctrl Pts',(-9.99999999999997,48.1703827984029,-16.2732083355569));
#12713=CARTESIAN_POINT('Ctrl Pts',(-9.99999999999997,50.2837383940106,-17.1372012876269));
#12714=CARTESIAN_POINT('Ctrl Pts',(-9.99999999999997,51.481510388445,-17.5067184375996));
#12715=CARTESIAN_POINT('Ctrl Pts',(-9.99999999999997,53.9276922068924,-17.9881400203243));
#12716=CARTESIAN_POINT('Ctrl Pts',(-9.99999999999997,55.1761107792973,-18.1));
#12717=CARTESIAN_POINT('Ctrl Pts',(-9.99999999999997,57.4566080463978,-18.1));
#12718=CARTESIAN_POINT('Ctrl Pts',(-9.99999999999996,58.6991693787799,-17.989211854243));
#12719=CARTESIAN_POINT('Ctrl Pts',(-9.99999999999996,61.1333192355211,-17.5096838318146));
#12720=CARTESIAN_POINT('Ctrl Pts',(-9.99999999999996,62.324890872473,-17.1408582363325));
#12721=CARTESIAN_POINT('Ctrl Pts',(-9.99999999999996,64.4183668086089,-16.2793295821157));
#12722=CARTESIAN_POINT('Ctrl Pts',(-9.99999999999996,65.5141015140306,-15.7092589989619));
#12723=CARTESIAN_POINT('Ctrl Pts',(-9.99999999999996,67.5608275042693,-14.3512351369039));
#12724=CARTESIAN_POINT('Ctrl Pts',(-9.99999999999996,68.5117754623853,-13.5632165599207));
#12725=CARTESIAN_POINT('Ctrl Pts',(-9.99999999999996,70.1033618366469,-11.9806554870295));
#12726=CARTESIAN_POINT('Ctrl Pts',(-9.99999999999996,70.8917314318719,-11.0415039761646));
#12727=CARTESIAN_POINT('Ctrl Pts',(-9.99999999999996,72.2519417581666,-9.01778194036363));
#12728=CARTESIAN_POINT('Ctrl Pts',(-9.99999999999996,72.8237406594575,-7.93318330056744));
#12729=CARTESIAN_POINT('Ctrl Pts',(-9.99999999999996,73.6811649986517,-5.87325466522562));
#12730=CARTESIAN_POINT('Ctrl Pts',(-9.99999999999995,74.0466552958676,-4.70869515038034));
#12731=CARTESIAN_POINT('Ctrl Pts',(-9.99999999999995,74.5225989584437,-2.32861058415936));
#12732=CARTESIAN_POINT('Ctrl Pts',(-9.99999999999995,74.6330355807668,-1.11308218472216));
#12733=CARTESIAN_POINT('Ctrl Pts',(-9.99999999999995,74.6330355807668,2.77555756156289E-16));
#12734=CARTESIAN_POINT('Origin',(-10.,11.4673775809397,0.));
#12735=CARTESIAN_POINT('',(-47.5198270967525,62.2314714006888,0.));
#12736=CARTESIAN_POINT('',(-22.4304839142978,28.2857453741355,2.81855903196005E-15));
#12737=CARTESIAN_POINT('Ctrl Pts',(-47.5198270967525,62.2314714006888,0.));
#12738=CARTESIAN_POINT('Ctrl Pts',(-47.5198270967525,62.2314714006888,1.30195015831567));
#12739=CARTESIAN_POINT('Ctrl Pts',(-47.4434715309421,62.128162792777,2.72384674550283));
#12740=CARTESIAN_POINT('Ctrl Pts',(-47.1142153360989,61.6826811992012,5.50855407723895));
#12741=CARTESIAN_POINT('Ctrl Pts',(-46.8613148587597,61.3405084187776,6.87136487255694));
#12742=CARTESIAN_POINT('Ctrl Pts',(-46.2689849777804,60.5390897562466,9.27710712147447));
#12743=CARTESIAN_POINT('Ctrl Pts',(-45.8749762289028,60.0059983578708,10.5416696411747));
#12744=CARTESIAN_POINT('Ctrl Pts',(-44.9372871728781,58.7373108692254,12.9025269074352));
#12745=CARTESIAN_POINT('Ctrl Pts',(-44.3936072533545,58.0017153034079,13.9988220897845));
#12746=CARTESIAN_POINT('Ctrl Pts',(-43.299052700433,56.5207897684352,15.8401957865549));
#12747=CARTESIAN_POINT('Ctrl Pts',(-42.64732652425,55.6390082861478,16.7548994899873));
#12748=CARTESIAN_POINT('Ctrl Pts',(-41.2438655134313,53.7401342257253,18.3324703006211));
#12749=CARTESIAN_POINT('Ctrl Pts',(-40.4921311014465,52.7230422194342,18.9953384721382));
#12750=CARTESIAN_POINT('Ctrl Pts',(-39.0618832483404,50.7879257272034,19.9919694426556));
#12751=CARTESIAN_POINT('Ctrl Pts',(-38.2515919892696,49.6916066692632,20.417516448619));
#12752=CARTESIAN_POINT('Ctrl Pts',(-36.595889432486,47.451451358488,20.971530965166));
#12753=CARTESIAN_POINT('Ctrl Pts',(-35.750478314958,46.3076153494418,21.1));
#12754=CARTESIAN_POINT('Ctrl Pts',(-34.2022314297956,44.2128468972354,21.1));
#12755=CARTESIAN_POINT('Ctrl Pts',(-33.3567526111869,43.0689192890461,20.9715098918184));
#12756=CARTESIAN_POINT('Ctrl Pts',(-31.7009109626633,40.8285757880076,20.4174578500698));
#12757=CARTESIAN_POINT('Ctrl Pts',(-30.8905480128057,39.7321597328764,19.9918969311612));
#12758=CARTESIAN_POINT('Ctrl Pts',(-29.460066224575,37.7967267278701,18.9952147475371));
#12759=CARTESIAN_POINT('Ctrl Pts',(-28.7081510808065,36.7793901925944,18.3322702809963));
#12760=CARTESIAN_POINT('Ctrl Pts',(-27.3043218557355,34.8800179405678,16.7545259076074));
#12761=CARTESIAN_POINT('Ctrl Pts',(-26.6524081726442,33.9979827625941,15.8397249978347));
#12762=CARTESIAN_POINT('Ctrl Pts',(-25.5575600596136,32.5166600426109,13.9982239551222));
#12763=CARTESIAN_POINT('Ctrl Pts',(-25.0137345799872,31.7808675348753,12.9018981937852));
#12764=CARTESIAN_POINT('Ctrl Pts',(-24.0757605205851,30.5117944384243,10.5409361705168));
#12765=CARTESIAN_POINT('Ctrl Pts',(-23.6816141344794,29.978516817731,9.27629744169356));
#12766=CARTESIAN_POINT('Ctrl Pts',(-23.0891397556822,29.1769026505468,6.87061477005221));
#12767=CARTESIAN_POINT('Ctrl Pts',(-22.8361895787034,28.8346626268184,5.50797275810651));
#12768=CARTESIAN_POINT('Ctrl Pts',(-22.5068607392715,28.3890827455637,2.72357857706529));
#12769=CARTESIAN_POINT('Ctrl Pts',(-22.4304839142978,28.2857453741355,1.30182579279546));
#12770=CARTESIAN_POINT('Ctrl Pts',(-22.4304839142978,28.2857453741355,2.4980018054066E-15));
#12771=CARTESIAN_POINT('Ctrl Pts',(-22.4304839142978,28.2857453741355,3.05311331771918E-15));
#12772=CARTESIAN_POINT('Ctrl Pts',(-22.4304839142978,28.2857453741355,-1.30182579279545));
#12773=CARTESIAN_POINT('Ctrl Pts',(-22.5068607392715,28.3890827455637,-2.72357857706529));
#12774=CARTESIAN_POINT('Ctrl Pts',(-22.8361895787034,28.8346626268184,-5.5079727581065));
#12775=CARTESIAN_POINT('Ctrl Pts',(-23.0891397556822,29.1769026505468,-6.8706147700522));
#12776=CARTESIAN_POINT('Ctrl Pts',(-23.6816141344794,29.978516817731,-9.27629744169355));
#12777=CARTESIAN_POINT('Ctrl Pts',(-24.0757605205851,30.5117944384243,-10.5409361705168));
#12778=CARTESIAN_POINT('Ctrl Pts',(-25.0137345799872,31.7808675348753,-12.9018981937852));
#12779=CARTESIAN_POINT('Ctrl Pts',(-25.5575600596136,32.5166600426109,-13.9982239551222));
#12780=CARTESIAN_POINT('Ctrl Pts',(-26.6524081726442,33.9979827625941,-15.8397249978347));
#12781=CARTESIAN_POINT('Ctrl Pts',(-27.3043218557355,34.8800179405677,-16.7545259076074));
#12782=CARTESIAN_POINT('Ctrl Pts',(-28.7081510808065,36.7793901925943,-18.3322702809963));
#12783=CARTESIAN_POINT('Ctrl Pts',(-29.460066224575,37.7967267278701,-18.9952147475371));
#12784=CARTESIAN_POINT('Ctrl Pts',(-30.8905480128057,39.7321597328764,-19.9918969311612));
#12785=CARTESIAN_POINT('Ctrl Pts',(-31.7009109626633,40.8285757880076,-20.4174578500698));
#12786=CARTESIAN_POINT('Ctrl Pts',(-33.3567526111869,43.0689192890461,-20.9715098918184));
#12787=CARTESIAN_POINT('Ctrl Pts',(-34.2022314297956,44.2128468972354,-21.1));
#12788=CARTESIAN_POINT('Ctrl Pts',(-35.750478314958,46.3076153494418,-21.1));
#12789=CARTESIAN_POINT('Ctrl Pts',(-36.595889432486,47.451451358488,-20.971530965166));
#12790=CARTESIAN_POINT('Ctrl Pts',(-38.2515919892696,49.6916066692632,-20.417516448619));
#12791=CARTESIAN_POINT('Ctrl Pts',(-39.0618832483404,50.7879257272034,-19.9919694426556));
#12792=CARTESIAN_POINT('Ctrl Pts',(-40.4921311014465,52.7230422194342,-18.9953384721382));
#12793=CARTESIAN_POINT('Ctrl Pts',(-41.2438655134313,53.7401342257253,-18.3324703006211));
#12794=CARTESIAN_POINT('Ctrl Pts',(-42.64732652425,55.6390082861478,-16.7548994899873));
#12795=CARTESIAN_POINT('Ctrl Pts',(-43.299052700433,56.5207897684352,-15.8401957865549));
#12796=CARTESIAN_POINT('Ctrl Pts',(-44.3936072533545,58.0017153034079,-13.9988220897845));
#12797=CARTESIAN_POINT('Ctrl Pts',(-44.9372871728781,58.7373108692254,-12.9025269074352));
#12798=CARTESIAN_POINT('Ctrl Pts',(-45.8749762289028,60.0059983578708,-10.5416696411747));
#12799=CARTESIAN_POINT('Ctrl Pts',(-46.2689849777804,60.5390897562466,-9.27710712147447));
#12800=CARTESIAN_POINT('Ctrl Pts',(-46.8613148587597,61.3405084187776,-6.87136487255695));
#12801=CARTESIAN_POINT('Ctrl Pts',(-47.1142153360989,61.6826811992012,-5.50855407723896));
#12802=CARTESIAN_POINT('Ctrl Pts',(-47.4434715309421,62.128162792777,-2.72384674550284));
#12803=CARTESIAN_POINT('Ctrl Pts',(-47.5198270967525,62.2314714006888,-1.30195015831567));
#12804=CARTESIAN_POINT('Ctrl Pts',(-47.5198270967525,62.2314714006888,0.));
#12805=CARTESIAN_POINT('',(-45.7364714667311,59.8186022719764,5.55111512312578E-16));
#12806=CARTESIAN_POINT('',(-24.2145622992632,30.6995923858135,-1.40695549474946E-16));
#12807=CARTESIAN_POINT('Ctrl Pts',(-45.7364714667311,59.8186022719764,5.55111512312578E-16));
#12808=CARTESIAN_POINT('Ctrl Pts',(-45.7364714667311,59.8186022719764,-1.11683598298009));
#12809=CARTESIAN_POINT('Ctrl Pts',(-45.6709718022852,59.7299816314143,-2.33656400497964));
#12810=CARTESIAN_POINT('Ctrl Pts',(-45.3885280706607,59.3478370108111,-4.72533454952235));
#12811=CARTESIAN_POINT('Ctrl Pts',(-45.1715841509767,59.0543132303293,-5.89437712142958));
#12812=CARTESIAN_POINT('Ctrl Pts',(-44.6634689792262,58.3668365481083,-7.95806894527139));
#12813=CARTESIAN_POINT('Ctrl Pts',(-44.3254776384482,57.9095363561519,-9.04283696201152));
#12814=CARTESIAN_POINT('Ctrl Pts',(-43.5211032796835,56.8212228277011,-11.0680281909561));
#12815=CARTESIAN_POINT('Ctrl Pts',(-43.0547206301587,56.1902099897333,-12.0084518174101));
#12816=CARTESIAN_POINT('Ctrl Pts',(-42.1157823506151,54.9198323093993,-13.5880217093511));
#12817=CARTESIAN_POINT('Ctrl Pts',(-41.5567131091407,54.1634150862401,-14.3726754191711));
#12818=CARTESIAN_POINT('Ctrl Pts',(-40.3527852418216,52.534508133892,-15.7259513150848));
#12819=CARTESIAN_POINT('Ctrl Pts',(-39.7079269978368,51.6620189213572,-16.2945744627808));
#12820=CARTESIAN_POINT('Ctrl Pts',(-38.4810237088673,50.0020263657306,-17.1495058970326));
#12821=CARTESIAN_POINT('Ctrl Pts',(-37.7859362436099,49.0615773277256,-17.5145492988728));
#12822=CARTESIAN_POINT('Ctrl Pts',(-36.3656348030751,47.139918270137,-17.9897957264853));
#12823=CARTESIAN_POINT('Ctrl Pts',(-35.6404209752957,46.1587084501173,-18.1));
#12824=CARTESIAN_POINT('Ctrl Pts',(-34.3123055615253,44.3617765161231,-18.1));
#12825=CARTESIAN_POINT('Ctrl Pts',(-33.5870420251646,43.3804994407006,-17.9897802705283));
#12826=CARTESIAN_POINT('Ctrl Pts',(-32.16663848789,41.4587022468551,-17.5145063008803));
#12827=CARTESIAN_POINT('Ctrl Pts',(-31.4714984144057,40.5181820302446,-17.1494526746145));
#12828=CARTESIAN_POINT('Ctrl Pts',(-30.2444271071832,38.8579621469617,-16.2944852691218));
#12829=CARTESIAN_POINT('Ctrl Pts',(-29.5994399580776,37.9852985265964,-15.725809079959));
#12830=CARTESIAN_POINT('Ctrl Pts',(-28.3952495486668,36.3560363564234,-14.3724118588024));
#12831=CARTESIAN_POINT('Ctrl Pts',(-27.8360467002454,35.5994383638919,-13.5876897894672));
#12832=CARTESIAN_POINT('Ctrl Pts',(-26.8969018562591,34.3287812031454,-12.0080322253405));
#12833=CARTESIAN_POINT('Ctrl Pts',(-26.4304181321384,33.6976316118751,-11.0675900788528));
#12834=CARTESIAN_POINT('Ctrl Pts',(-25.6258466806165,32.6090514181437,-9.04233048511021));
#12835=CARTESIAN_POINT('Ctrl Pts',(-25.287760587886,32.1516230273821,-7.95751119966182));
#12836=CARTESIAN_POINT('Ctrl Pts',(-24.7795463677603,31.4640123333225,-5.89386115406701));
#12837=CARTESIAN_POINT('Ctrl Pts',(-24.5625688312533,31.1704430694874,-4.72493460751377));
#12838=CARTESIAN_POINT('Ctrl Pts',(-24.2800761876129,30.7882322712293,-2.33637938826004));
#12839=CARTESIAN_POINT('Ctrl Pts',(-24.2145622992632,30.6995923858135,-1.11675030754521));
#12840=CARTESIAN_POINT('Ctrl Pts',(-24.2145622992632,30.6995923858135,-2.22044604925031E-15));
#12841=CARTESIAN_POINT('Ctrl Pts',(-24.2145622992632,30.6995923858135,-2.4980018054066E-15));
#12842=CARTESIAN_POINT('Ctrl Pts',(-24.2145622992632,30.6995923858135,1.11675030754521));
#12843=CARTESIAN_POINT('Ctrl Pts',(-24.2800761876129,30.7882322712293,2.33637938826004));
#12844=CARTESIAN_POINT('Ctrl Pts',(-24.5625688312533,31.1704430694874,4.72493460751377));
#12845=CARTESIAN_POINT('Ctrl Pts',(-24.7795463677603,31.4640123333225,5.893861154067));
#12846=CARTESIAN_POINT('Ctrl Pts',(-25.287760587886,32.1516230273821,7.95751119966181));
#12847=CARTESIAN_POINT('Ctrl Pts',(-25.6258466806165,32.6090514181437,9.0423304851102));
#12848=CARTESIAN_POINT('Ctrl Pts',(-26.4304181321384,33.6976316118751,11.0675900788528));
#12849=CARTESIAN_POINT('Ctrl Pts',(-26.8969018562591,34.3287812031454,12.0080322253405));
#12850=CARTESIAN_POINT('Ctrl Pts',(-27.8360467002454,35.5994383638919,13.5876897894672));
#12851=CARTESIAN_POINT('Ctrl Pts',(-28.3952495486668,36.3560363564234,14.3724118588024));
#12852=CARTESIAN_POINT('Ctrl Pts',(-29.5994399580776,37.9852985265964,15.725809079959));
#12853=CARTESIAN_POINT('Ctrl Pts',(-30.2444271071832,38.8579621469617,16.2944852691218));
#12854=CARTESIAN_POINT('Ctrl Pts',(-31.4714984144057,40.5181820302446,17.1494526746145));
#12855=CARTESIAN_POINT('Ctrl Pts',(-32.16663848789,41.4587022468551,17.5145063008803));
#12856=CARTESIAN_POINT('Ctrl Pts',(-33.5870420251646,43.3804994407006,17.9897802705283));
#12857=CARTESIAN_POINT('Ctrl Pts',(-34.3123055615253,44.3617765161231,18.1));
#12858=CARTESIAN_POINT('Ctrl Pts',(-35.6404209752957,46.1587084501173,18.1));
#12859=CARTESIAN_POINT('Ctrl Pts',(-36.3656348030751,47.1399182701369,17.9897957264853));
#12860=CARTESIAN_POINT('Ctrl Pts',(-37.7859362436099,49.0615773277256,17.5145492988727));
#12861=CARTESIAN_POINT('Ctrl Pts',(-38.4810237088673,50.0020263657306,17.1495058970326));
#12862=CARTESIAN_POINT('Ctrl Pts',(-39.7079269978368,51.6620189213572,16.2945744627808));
#12863=CARTESIAN_POINT('Ctrl Pts',(-40.3527852418216,52.534508133892,15.7259513150848));
#12864=CARTESIAN_POINT('Ctrl Pts',(-41.5567131091407,54.1634150862401,14.3726754191711));
#12865=CARTESIAN_POINT('Ctrl Pts',(-42.1157823506151,54.9198323093993,13.5880217093511));
#12866=CARTESIAN_POINT('Ctrl Pts',(-43.0547206301587,56.1902099897333,12.0084518174101));
#12867=CARTESIAN_POINT('Ctrl Pts',(-43.5211032796835,56.8212228277011,11.0680281909561));
#12868=CARTESIAN_POINT('Ctrl Pts',(-44.3254776384482,57.9095363561519,9.04283696201153));
#12869=CARTESIAN_POINT('Ctrl Pts',(-44.6634689792262,58.3668365481083,7.9580689452714));
#12870=CARTESIAN_POINT('Ctrl Pts',(-45.1715841509767,59.0543132303293,5.8943771214296));
#12871=CARTESIAN_POINT('Ctrl Pts',(-45.3885280706607,59.3478370108111,4.72533454952236));
#12872=CARTESIAN_POINT('Ctrl Pts',(-45.6709718022852,59.7299816314143,2.33656400497965));
#12873=CARTESIAN_POINT('Ctrl Pts',(-45.7364714667311,59.8186022719764,1.1168359829801));
#12874=CARTESIAN_POINT('Ctrl Pts',(-45.7364714667311,59.8186022719764,0.));
#12875=CARTESIAN_POINT('Origin',(0.,0.,0.));
#12876=CARTESIAN_POINT('Origin',(0.,0.,2.21661070645671E-15));
#12877=CARTESIAN_POINT('Origin',(0.,0.,0.));
#12878=CARTESIAN_POINT('Origin',(0.,0.,2.58400474620092E-15));
#12879=CARTESIAN_POINT('',(0.,0.,0.));
#12880=CARTESIAN_POINT('',(0.,0.,0.));
#12881=CARTESIAN_POINT('polyline point',(0.,0.,0.));
#12882=CARTESIAN_POINT('polyline point',(650.,0.,0.));
#12883=CARTESIAN_POINT('',(0.,0.,0.));
#12884=CARTESIAN_POINT('',(0.,0.,0.));
#12885=CARTESIAN_POINT('',(0.,0.,0.));
#12886=CARTESIAN_POINT('Origin',(0.,0.,0.));
#12887=CARTESIAN_POINT('',(18.3,2.24110364243966E-15,0.));
#12888=CARTESIAN_POINT('Origin',(0.,0.,0.));
#12889=CARTESIAN_POINT('',(18.3,2.24110364243966E-15,650.));
#12890=CARTESIAN_POINT('',(18.3,2.24110364243966E-15,0.));
#12891=CARTESIAN_POINT('Origin',(0.,0.,650.));
#12892=CARTESIAN_POINT('Origin',(0.,0.,0.));
#12893=CARTESIAN_POINT('',(21.2,-2.59625121419239E-15,650.));
#12894=CARTESIAN_POINT('Origin',(0.,0.,650.));
#12895=CARTESIAN_POINT('',(21.2,2.59625121419239E-15,0.));
#12896=CARTESIAN_POINT('',(21.2,2.59625121419239E-15,0.));
#12897=CARTESIAN_POINT('Origin',(0.,0.,0.));
#12898=CARTESIAN_POINT('Origin',(0.,0.,0.));
#12899=CARTESIAN_POINT('Origin',(0.,0.,650.));
#12900=CARTESIAN_POINT('',(0.,0.,0.));
#12901=CARTESIAN_POINT('',(63.3796095686142,0.177874190598643,0.));
#12902=CARTESIAN_POINT('',(-1.62039043138575,0.177874190598643,0.));
#12903=CARTESIAN_POINT('',(0.,0.,0.));
#12904=CARTESIAN_POINT('',(0.,0.,0.));
#12905=CARTESIAN_POINT('',(0.,0.,0.));
#12906=CARTESIAN_POINT('',(0.,0.,0.));
#12907=CARTESIAN_POINT('',(0.,0.,0.));
#12908=CARTESIAN_POINT('',(0.,0.,0.));
#12909=CARTESIAN_POINT('Origin',(0.,0.,0.));
#12910=CARTESIAN_POINT('',(13.95,1.70838228481056E-15,0.));
#12911=CARTESIAN_POINT('Origin',(0.,0.,0.));
#12912=CARTESIAN_POINT('',(13.95,1.70838228481056E-15,836.));
#12913=CARTESIAN_POINT('',(13.95,1.70838228481056E-15,0.));
#12914=CARTESIAN_POINT('Origin',(0.,0.,836.));
#12915=CARTESIAN_POINT('Origin',(0.,0.,0.));
#12916=CARTESIAN_POINT('',(16.85,-2.06352985656329E-15,836.));
#12917=CARTESIAN_POINT('Origin',(0.,0.,836.));
#12918=CARTESIAN_POINT('',(16.85,2.06352985656329E-15,0.));
#12919=CARTESIAN_POINT('',(16.85,2.06352985656329E-15,0.));
#12920=CARTESIAN_POINT('Origin',(0.,0.,0.));
#12921=CARTESIAN_POINT('Origin',(0.,0.,0.));
#12922=CARTESIAN_POINT('Origin',(0.,0.,836.));
#12923=CARTESIAN_POINT('',(0.,0.,0.));
#12924=CARTESIAN_POINT('',(819.622592842693,2.81995099240889,0.));
#12925=CARTESIAN_POINT('',(-16.3774071573074,2.81995099240889,0.));
#12926=CARTESIAN_POINT('',(0.,0.,0.));
#12927=CARTESIAN_POINT('',(0.,0.,0.));
#12928=CARTESIAN_POINT('Origin',(0.,0.,0.));
#12929=CARTESIAN_POINT('',(0.,0.,0.));
#12930=CARTESIAN_POINT('',(760.,0.,0.));
#12931=CARTESIAN_POINT('',(0.,0.,0.));
#12932=CARTESIAN_POINT('',(760.,0.,30.));
#12933=CARTESIAN_POINT('',(760.,0.,0.));
#12934=CARTESIAN_POINT('',(0.,0.,30.));
#12935=CARTESIAN_POINT('',(0.,0.,30.));
#12936=CARTESIAN_POINT('',(0.,0.,0.));
#12937=CARTESIAN_POINT('Origin',(0.,640.,0.));
#12938=CARTESIAN_POINT('',(0.,640.,0.));
#12939=CARTESIAN_POINT('',(0.,640.,0.));
#12940=CARTESIAN_POINT('',(0.,640.,30.));
#12941=CARTESIAN_POINT('',(0.,640.,30.));
#12942=CARTESIAN_POINT('',(0.,640.,0.));
#12943=CARTESIAN_POINT('Origin',(760.,640.,0.));
#12944=CARTESIAN_POINT('',(760.,640.,0.));
#12945=CARTESIAN_POINT('',(760.,640.,0.));
#12946=CARTESIAN_POINT('',(760.,640.,30.));
#12947=CARTESIAN_POINT('',(760.,640.,30.));
#12948=CARTESIAN_POINT('',(760.,640.,0.));
#12949=CARTESIAN_POINT('Origin',(760.,0.,0.));
#12950=CARTESIAN_POINT('',(760.,0.,0.));
#12951=CARTESIAN_POINT('',(760.,0.,30.));
#12952=CARTESIAN_POINT('Origin',(380.,320.,30.));
#12953=CARTESIAN_POINT('Origin',(380.,320.,0.));
#12954=CARTESIAN_POINT('',(0.,0.,0.));
#12955=CARTESIAN_POINT('Origin',(32.,316.35,-5.));
#12956=CARTESIAN_POINT('',(49.5,316.35,0.));
#12957=CARTESIAN_POINT('',(14.5,316.35,0.));
#12958=CARTESIAN_POINT('Origin',(32.,316.35,0.));
#12959=CARTESIAN_POINT('',(14.5,316.35,-5.));
#12960=CARTESIAN_POINT('',(14.5,316.35,-5.));
#12961=CARTESIAN_POINT('',(49.5,316.35,-5.));
#12962=CARTESIAN_POINT('Origin',(32.,316.35,-5.));
#12963=CARTESIAN_POINT('',(49.5,316.35,-5.));
#12964=CARTESIAN_POINT('Origin',(14.5,296.350000000003,-5.));
#12965=CARTESIAN_POINT('',(14.5,296.350000000003,0.));
#12966=CARTESIAN_POINT('',(14.5,412.887500000001,0.));
#12967=CARTESIAN_POINT('',(14.5,296.350000000003,-5.));
#12968=CARTESIAN_POINT('',(14.5,296.350000000003,-5.));
#12969=CARTESIAN_POINT('',(14.5,412.887500000001,-5.));
#12970=CARTESIAN_POINT('Origin',(32.,296.350000000003,-5.));
#12971=CARTESIAN_POINT('',(49.5,296.350000000003,0.));
#12972=CARTESIAN_POINT('Origin',(32.,296.350000000003,0.));
#12973=CARTESIAN_POINT('',(49.5,296.350000000003,-5.));
#12974=CARTESIAN_POINT('',(49.5,296.350000000003,-5.));
#12975=CARTESIAN_POINT('Origin',(32.,296.350000000003,-5.));
#12976=CARTESIAN_POINT('Origin',(49.5,316.35,-5.));
#12977=CARTESIAN_POINT('',(49.5,422.8875,0.));
#12978=CARTESIAN_POINT('',(49.5,422.8875,-5.));
#12979=CARTESIAN_POINT('Origin',(16.4999999999984,696.35,-5.));
#12980=CARTESIAN_POINT('',(16.4999999999984,716.349999999997,0.));
#12981=CARTESIAN_POINT('',(16.4999999999984,696.35,0.));
#12982=CARTESIAN_POINT('',(16.4999999999985,612.8875,0.));
#12983=CARTESIAN_POINT('',(16.4999999999984,696.35,-5.));
#12984=CARTESIAN_POINT('',(16.4999999999984,696.35,-5.));
#12985=CARTESIAN_POINT('',(16.4999999999984,716.349999999997,-5.));
#12986=CARTESIAN_POINT('',(16.4999999999985,612.8875,-5.));
#12987=CARTESIAN_POINT('',(16.4999999999984,716.349999999997,-5.));
#12988=CARTESIAN_POINT('Origin',(34.,696.35,-5.));
#12989=CARTESIAN_POINT('',(51.5000000000014,696.35,0.));
#12990=CARTESIAN_POINT('Origin',(34.,696.35,0.));
#12991=CARTESIAN_POINT('',(51.5000000000014,696.35,-5.));
#12992=CARTESIAN_POINT('',(51.5000000000014,696.35,-5.));
#12993=CARTESIAN_POINT('Origin',(34.,696.35,-5.));
#12994=CARTESIAN_POINT('Origin',(51.5000000000013,716.349999999997,-5.));
#12995=CARTESIAN_POINT('',(51.5000000000013,716.349999999997,0.));
#12996=CARTESIAN_POINT('',(51.5000000000014,622.887499999999,0.));
#12997=CARTESIAN_POINT('',(51.5000000000013,716.349999999997,-5.));
#12998=CARTESIAN_POINT('',(51.5000000000013,716.349999999997,-5.));
#12999=CARTESIAN_POINT('',(51.5000000000014,622.887499999999,-5.));
#13000=CARTESIAN_POINT('Origin',(33.9999999999999,716.349999999997,-5.));
#13001=CARTESIAN_POINT('Origin',(33.9999999999999,716.349999999997,0.));
#13002=CARTESIAN_POINT('Origin',(33.9999999999999,716.349999999997,-5.));
#13003=CARTESIAN_POINT('Origin',(-7.44026644707674,0.,5.00000000000001));
#13004=CARTESIAN_POINT('',(1.30973355292326,-3.05987103758357E-16,5.));
#13005=CARTESIAN_POINT('',(11.3097335529233,0.,-5.));
#13006=CARTESIAN_POINT('Origin',(11.3097335529233,0.,5.));
#13007=CARTESIAN_POINT('',(11.3097335529233,0.,0.));
#13008=CARTESIAN_POINT('',(11.3097335529233,0.,0.));
#13009=CARTESIAN_POINT('',(6.30973355292326,0.,5.));
#13010=CARTESIAN_POINT('Origin',(11.3097335529233,0.,5.));
#13011=CARTESIAN_POINT('',(6.30973355292326,0.,5.));
#13012=CARTESIAN_POINT('Origin',(11.3097335529232,1058.85,-13.75));
#13013=CARTESIAN_POINT('',(11.3097335529232,1058.85,-5.));
#13014=CARTESIAN_POINT('',(1.30973355292319,1058.85,5.));
#13015=CARTESIAN_POINT('Origin',(11.3097335529232,1058.85,5.));
#13016=CARTESIAN_POINT('',(6.30973355292319,1058.85,5.));
#13017=CARTESIAN_POINT('',(6.30973355292319,1058.85,5.));
#13018=CARTESIAN_POINT('',(11.3097335529232,1058.85,0.));
#13019=CARTESIAN_POINT('Origin',(11.3097335529232,1058.85,5.));
#13020=CARTESIAN_POINT('',(11.3097335529232,1058.85,0.));
#13021=CARTESIAN_POINT('Origin',(11.3097335529232,529.425,5.));
#13022=CARTESIAN_POINT('',(11.3097335529232,794.1375,-5.));
#13023=CARTESIAN_POINT('',(1.30973355292324,264.7125,5.));
#13024=CARTESIAN_POINT('Origin',(11.3097335529232,529.425,5.));
#13025=CARTESIAN_POINT('',(6.30973355292324,264.7125,5.));
#13026=CARTESIAN_POINT('',(11.3097335529232,794.1375,0.));
#13027=CARTESIAN_POINT('Origin',(-6.47988889629073E-14,1058.85,0.));
#13028=CARTESIAN_POINT('',(11.9970847958718,1058.85,0.));
#13029=CARTESIAN_POINT('',(54.9999999999999,1058.85,0.));
#13030=CARTESIAN_POINT('',(11.9970847958718,1058.85,-5.));
#13031=CARTESIAN_POINT('',(11.9970847958718,1058.85,0.));
#13032=CARTESIAN_POINT('',(54.9999999999999,1058.85,-5.));
#13033=CARTESIAN_POINT('Origin',(27.5,529.425,-5.));
#13034=CARTESIAN_POINT('',(46.3029152041274,1058.85,-5.));
#13035=CARTESIAN_POINT('Origin',(29.1499999999997,1075.85,-5.));
#13036=CARTESIAN_POINT('',(54.9999999999999,1058.85,-5.));
#13037=CARTESIAN_POINT('',(54.9999999999999,1058.85,-5.));
#13038=CARTESIAN_POINT('',(55.,0.,-5.));
#13039=CARTESIAN_POINT('',(55.,0.,-5.));
#13040=CARTESIAN_POINT('',(0.,0.,-5.));
#13041=CARTESIAN_POINT('Origin',(54.9999999999999,1058.85,0.));
#13042=CARTESIAN_POINT('',(54.9999999999999,1058.85,0.));
#13043=CARTESIAN_POINT('',(54.9999999999999,1058.85,0.));
#13044=CARTESIAN_POINT('',(55.,0.,0.));
#13045=CARTESIAN_POINT('',(55.,0.,0.));
#13046=CARTESIAN_POINT('',(55.,0.,0.));
#13047=CARTESIAN_POINT('Origin',(55.,0.,0.));
#13048=CARTESIAN_POINT('',(0.,0.,0.));
#13049=CARTESIAN_POINT('Origin',(29.1499999999997,1075.85,0.));
#13050=CARTESIAN_POINT('',(46.3029152041274,1058.85,0.));
#13051=CARTESIAN_POINT('Origin',(29.1499999999997,1075.85,0.));
#13052=CARTESIAN_POINT('',(46.3029152041274,1058.85,0.));
#13053=CARTESIAN_POINT('Origin',(46.3029152041274,1058.85,0.));
#13054=CARTESIAN_POINT('',(54.9999999999999,1058.85,0.));
#13055=CARTESIAN_POINT('Origin',(27.5,529.425,0.));
#13056=CARTESIAN_POINT('Origin',(6.30973355292326,23.2284818352539,35.0000000000001));
#13057=CARTESIAN_POINT('',(1.30973355292326,23.2284818352539,35.0000000000001));
#13058=CARTESIAN_POINT('',(1.3097335529232,1093.43413039142,35.));
#13059=CARTESIAN_POINT('',(1.3097335529232,1093.43413039142,35.));
#13060=CARTESIAN_POINT('',(6.30973355292326,23.2284818352539,35.0000000000001));
#13061=CARTESIAN_POINT('',(6.30973355292326,23.2284818352539,35.0000000000001));
#13062=CARTESIAN_POINT('',(6.3097335529232,1093.43413039142,35.));
#13063=CARTESIAN_POINT('',(6.3097335529232,1093.43413039142,35.));
#13064=CARTESIAN_POINT('',(6.3097335529232,1093.43413039142,35.));
#13065=CARTESIAN_POINT('Origin',(6.30973355292326,0.,5.));
#13066=CARTESIAN_POINT('',(1.30973355292326,23.2284818352539,35.0000000000001));
#13067=CARTESIAN_POINT('',(6.30973355292326,23.2284818352539,35.0000000000001));
#13068=CARTESIAN_POINT('Origin',(6.3097335529232,1093.43413039142,35.));
#13069=CARTESIAN_POINT('',(1.30973355292319,1058.85,5.));
#13070=CARTESIAN_POINT('',(6.30973355292319,1058.85,5.));
#13071=CARTESIAN_POINT('Origin',(6.30973355292322,529.425,-22.5));
#13072=CARTESIAN_POINT('Origin',(1.30973355292322,529.425,-22.5));
#13073=CARTESIAN_POINT('',(0.,0.,0.));
#13074=CARTESIAN_POINT('Origin',(-7.44026644707674,0.,5.00000000000001));
#13075=CARTESIAN_POINT('',(1.30973355292326,-3.05987103758357E-16,5.));
#13076=CARTESIAN_POINT('',(11.3097335529233,0.,-5.));
#13077=CARTESIAN_POINT('Origin',(11.3097335529233,0.,5.));
#13078=CARTESIAN_POINT('',(11.3097335529233,0.,0.));
#13079=CARTESIAN_POINT('',(11.3097335529233,0.,0.));
#13080=CARTESIAN_POINT('',(6.30973355292326,0.,5.));
#13081=CARTESIAN_POINT('Origin',(11.3097335529233,0.,5.));
#13082=CARTESIAN_POINT('',(6.30973355292326,0.,5.));
#13083=CARTESIAN_POINT('Origin',(11.3097335529232,1058.85,-13.75));
#13084=CARTESIAN_POINT('',(11.3097335529232,1058.85,-5.));
#13085=CARTESIAN_POINT('',(1.30973355292319,1058.85,5.));
#13086=CARTESIAN_POINT('Origin',(11.3097335529232,1058.85,5.));
#13087=CARTESIAN_POINT('',(6.30973355292319,1058.85,5.));
#13088=CARTESIAN_POINT('',(6.30973355292319,1058.85,5.));
#13089=CARTESIAN_POINT('',(11.3097335529232,1058.85,0.));
#13090=CARTESIAN_POINT('Origin',(11.3097335529232,1058.85,5.));
#13091=CARTESIAN_POINT('',(11.3097335529232,1058.85,0.));
#13092=CARTESIAN_POINT('Origin',(11.3097335529232,529.425,5.));
#13093=CARTESIAN_POINT('',(11.3097335529232,794.1375,-5.));
#13094=CARTESIAN_POINT('',(1.30973355292324,264.7125,5.));
#13095=CARTESIAN_POINT('Origin',(11.3097335529232,529.425,5.));
#13096=CARTESIAN_POINT('',(6.30973355292324,264.7125,5.));
#13097=CARTESIAN_POINT('',(11.3097335529232,794.1375,0.));
#13098=CARTESIAN_POINT('Origin',(-6.47988889629073E-14,1058.85,0.));
#13099=CARTESIAN_POINT('',(11.9970847958718,1058.85,0.));
#13100=CARTESIAN_POINT('',(54.9999999999999,1058.85,0.));
#13101=CARTESIAN_POINT('',(11.9970847958718,1058.85,-5.));
#13102=CARTESIAN_POINT('',(11.9970847958718,1058.85,0.));
#13103=CARTESIAN_POINT('',(54.9999999999999,1058.85,-5.));
#13104=CARTESIAN_POINT('Origin',(27.5,529.425,-5.));
#13105=CARTESIAN_POINT('',(46.3029152041274,1058.85,-5.));
#13106=CARTESIAN_POINT('Origin',(29.1499999999997,1075.85,-5.));
#13107=CARTESIAN_POINT('',(54.9999999999999,1058.85,-5.));
#13108=CARTESIAN_POINT('',(54.9999999999999,1058.85,-5.));
#13109=CARTESIAN_POINT('',(55.,0.,-5.));
#13110=CARTESIAN_POINT('',(55.,0.,-5.));
#13111=CARTESIAN_POINT('',(0.,0.,-5.));
#13112=CARTESIAN_POINT('Origin',(54.9999999999999,1058.85,0.));
#13113=CARTESIAN_POINT('',(54.9999999999999,1058.85,0.));
#13114=CARTESIAN_POINT('',(54.9999999999999,1058.85,0.));
#13115=CARTESIAN_POINT('',(55.,0.,0.));
#13116=CARTESIAN_POINT('',(55.,0.,0.));
#13117=CARTESIAN_POINT('',(55.,0.,0.));
#13118=CARTESIAN_POINT('Origin',(55.,0.,0.));
#13119=CARTESIAN_POINT('',(0.,0.,0.));
#13120=CARTESIAN_POINT('Origin',(29.1499999999997,1075.85,0.));
#13121=CARTESIAN_POINT('',(46.3029152041274,1058.85,0.));
#13122=CARTESIAN_POINT('Origin',(29.1499999999997,1075.85,0.));
#13123=CARTESIAN_POINT('',(46.3029152041274,1058.85,0.));
#13124=CARTESIAN_POINT('Origin',(46.3029152041274,1058.85,0.));
#13125=CARTESIAN_POINT('',(54.9999999999999,1058.85,0.));
#13126=CARTESIAN_POINT('Origin',(27.5,529.425,0.));
#13127=CARTESIAN_POINT('Origin',(6.30973355292326,23.2284818352539,35.0000000000001));
#13128=CARTESIAN_POINT('',(1.30973355292326,23.2284818352539,35.0000000000001));
#13129=CARTESIAN_POINT('',(1.3097335529232,1093.43413039142,35.));
#13130=CARTESIAN_POINT('',(1.3097335529232,1093.43413039142,35.));
#13131=CARTESIAN_POINT('',(6.30973355292326,23.2284818352539,35.0000000000001));
#13132=CARTESIAN_POINT('',(6.30973355292326,23.2284818352539,35.0000000000001));
#13133=CARTESIAN_POINT('',(6.3097335529232,1093.43413039142,35.));
#13134=CARTESIAN_POINT('',(6.3097335529232,1093.43413039142,35.));
#13135=CARTESIAN_POINT('',(6.3097335529232,1093.43413039142,35.));
#13136=CARTESIAN_POINT('Origin',(6.30973355292326,0.,5.));
#13137=CARTESIAN_POINT('',(1.30973355292326,23.2284818352539,35.0000000000001));
#13138=CARTESIAN_POINT('',(6.30973355292326,23.2284818352539,35.0000000000001));
#13139=CARTESIAN_POINT('Origin',(6.3097335529232,1093.43413039142,35.));
#13140=CARTESIAN_POINT('',(1.30973355292319,1058.85,5.));
#13141=CARTESIAN_POINT('',(6.30973355292319,1058.85,5.));
#13142=CARTESIAN_POINT('Origin',(6.30973355292322,529.425,-22.5));
#13143=CARTESIAN_POINT('Origin',(1.30973355292322,529.425,-22.5));
#13144=CARTESIAN_POINT('',(0.,0.,0.));
#13145=CARTESIAN_POINT('Origin',(10.,10.,0.));
#13146=CARTESIAN_POINT('',(10.,0.,-5.));
#13147=CARTESIAN_POINT('',(-3.06161699786838E-15,10.,-5.));
#13148=CARTESIAN_POINT('Origin',(10.,10.,-5.));
#13149=CARTESIAN_POINT('',(10.,0.,0.));
#13150=CARTESIAN_POINT('',(10.,0.,0.));
#13151=CARTESIAN_POINT('',(-3.06161699786838E-15,10.,0.));
#13152=CARTESIAN_POINT('Origin',(10.,10.,0.));
#13153=CARTESIAN_POINT('',(-3.33066907387547E-15,10.,0.));
#13154=CARTESIAN_POINT('Origin',(0.,0.,0.));
#13155=CARTESIAN_POINT('',(120.,0.,-5.));
#13156=CARTESIAN_POINT('',(0.,0.,-5.));
#13157=CARTESIAN_POINT('',(120.,0.,0.));
#13158=CARTESIAN_POINT('',(120.,0.,0.));
#13159=CARTESIAN_POINT('',(0.,0.,0.));
#13160=CARTESIAN_POINT('Origin',(65.,27.5,0.));
#13161=CARTESIAN_POINT('',(130.,10.,0.));
#13162=CARTESIAN_POINT('Origin',(120.,10.,0.));
#13163=CARTESIAN_POINT('',(130.,45.,0.));
#13164=CARTESIAN_POINT('',(130.,0.,0.));
#13165=CARTESIAN_POINT('',(120.,55.,0.));
#13166=CARTESIAN_POINT('Origin',(120.,45.,0.));
#13167=CARTESIAN_POINT('',(9.99999999999998,55.,0.));
#13168=CARTESIAN_POINT('',(130.,55.,0.));
#13169=CARTESIAN_POINT('',(-1.37772764904077E-14,45.,0.));
#13170=CARTESIAN_POINT('Origin',(9.99999999999998,45.,0.));
#13171=CARTESIAN_POINT('',(-1.68388934882761E-14,55.,0.));
#13172=CARTESIAN_POINT('',(21.25,27.5,0.));
#13173=CARTESIAN_POINT('Origin',(15.,27.5,0.));
#13174=CARTESIAN_POINT('',(121.25,27.5,0.));
#13175=CARTESIAN_POINT('Origin',(115.,27.5,0.));
#13176=CARTESIAN_POINT('Origin',(120.,10.,0.));
#13177=CARTESIAN_POINT('',(130.,10.,-5.));
#13178=CARTESIAN_POINT('Origin',(120.,10.,-5.));
#13179=CARTESIAN_POINT('',(130.,10.,0.));
#13180=CARTESIAN_POINT('Origin',(130.,0.,0.));
#13181=CARTESIAN_POINT('',(130.,45.,-5.));
#13182=CARTESIAN_POINT('',(130.,0.,-5.));
#13183=CARTESIAN_POINT('',(130.,45.,0.));
#13184=CARTESIAN_POINT('Origin',(120.,45.,0.));
#13185=CARTESIAN_POINT('',(120.,55.,-5.));
#13186=CARTESIAN_POINT('Origin',(120.,45.,-5.));
#13187=CARTESIAN_POINT('',(120.,55.,0.));
#13188=CARTESIAN_POINT('Origin',(130.,55.,0.));
#13189=CARTESIAN_POINT('',(9.99999999999998,55.,-5.));
#13190=CARTESIAN_POINT('',(130.,55.,-5.));
#13191=CARTESIAN_POINT('',(9.99999999999998,55.,0.));
#13192=CARTESIAN_POINT('Origin',(9.99999999999998,45.,0.));
#13193=CARTESIAN_POINT('',(-1.37772764904077E-14,45.,-5.));
#13194=CARTESIAN_POINT('Origin',(9.99999999999998,45.,-5.));
#13195=CARTESIAN_POINT('',(-1.33226762955019E-14,45.,0.));
#13196=CARTESIAN_POINT('Origin',(115.,27.5,0.));
#13197=CARTESIAN_POINT('',(121.25,27.5,-5.));
#13198=CARTESIAN_POINT('Origin',(115.,27.5,-5.));
#13199=CARTESIAN_POINT('',(121.25,27.5,0.));
#13200=CARTESIAN_POINT('Origin',(15.,27.5,0.));
#13201=CARTESIAN_POINT('',(21.25,27.5,-5.));
#13202=CARTESIAN_POINT('Origin',(15.,27.5,-5.));
#13203=CARTESIAN_POINT('',(21.25,27.5,0.));
#13204=CARTESIAN_POINT('Origin',(-1.68388934882761E-14,55.,0.));
#13205=CARTESIAN_POINT('',(-1.68388934882761E-14,55.,-5.));
#13206=CARTESIAN_POINT('Origin',(65.,27.5,-5.));
#13207=CARTESIAN_POINT('',(0.,0.,0.));
#13208=CARTESIAN_POINT('Origin',(0.,0.,0.));
#13209=CARTESIAN_POINT('',(2.36516476653731E-14,39.1,-2.21661070645671E-15));
#13210=CARTESIAN_POINT('Origin',(3.46003643595739E-14,57.2,0.));
#13211=CARTESIAN_POINT('',(-39.1,0.,-2.21661070645671E-15));
#13212=CARTESIAN_POINT('Origin',(0.,0.,-2.21661070645671E-15));
#13213=CARTESIAN_POINT('Origin',(-57.2,0.,0.));
#13214=CARTESIAN_POINT('Origin',(0.,0.,0.));
#13215=CARTESIAN_POINT('',(2.18369432409199E-14,36.1,-2.58400474620092E-15));
#13216=CARTESIAN_POINT('Origin',(3.46003643595739E-14,57.2,0.));
#13217=CARTESIAN_POINT('',(-36.1,0.,-2.58400474620092E-15));
#13218=CARTESIAN_POINT('Origin',(0.,0.,-2.58400474620092E-15));
#13219=CARTESIAN_POINT('Origin',(-57.2,0.,0.));
#13220=CARTESIAN_POINT('Origin',(3.46003643595739E-14,57.2,0.));
#13221=CARTESIAN_POINT('Origin',(-57.2,0.,0.));
#13222=CARTESIAN_POINT('',(0.,0.,0.));
#13223=CARTESIAN_POINT('',(0.,0.,0.));
#13224=CARTESIAN_POINT('',(0.,0.,0.));
#13225=CARTESIAN_POINT('',(0.,0.,0.));
#13226=CARTESIAN_POINT('',(0.,0.,0.));
#13227=CARTESIAN_POINT('Origin',(0.,0.,0.));
#13228=CARTESIAN_POINT('',(18.7,2.29008951440555E-15,0.));
#13229=CARTESIAN_POINT('Origin',(0.,0.,0.));
#13230=CARTESIAN_POINT('',(18.7,2.29008951440555E-15,2500.));
#13231=CARTESIAN_POINT('',(18.7,2.29008951440555E-15,0.));
#13232=CARTESIAN_POINT('Origin',(0.,0.,2500.));
#13233=CARTESIAN_POINT('Origin',(0.,0.,0.));
#13234=CARTESIAN_POINT('',(21.2,-2.59625121419239E-15,2500.));
#13235=CARTESIAN_POINT('Origin',(0.,0.,2500.));
#13236=CARTESIAN_POINT('',(21.2,2.59625121419239E-15,0.));
#13237=CARTESIAN_POINT('',(21.2,2.59625121419239E-15,0.));
#13238=CARTESIAN_POINT('Origin',(0.,0.,0.));
#13239=CARTESIAN_POINT('Origin',(0.,0.,0.));
#13240=CARTESIAN_POINT('Origin',(0.,0.,2500.));
#13241=CARTESIAN_POINT('',(0.,0.,0.));
#13242=CARTESIAN_POINT('',(2483.36228968258,2.55964782387884,0.));
#13243=CARTESIAN_POINT('',(-16.6377103174235,2.55964782387884,0.));
#13244=CARTESIAN_POINT('',(0.,0.,0.));
#13245=CARTESIAN_POINT('',(0.,0.,0.));
#13246=CARTESIAN_POINT('Origin',(0.,0.,0.));
#13247=CARTESIAN_POINT('',(2.36516476653731E-14,39.1,2.21661070645671E-15));
#13248=CARTESIAN_POINT('Origin',(3.46003643595739E-14,57.2,0.));
#13249=CARTESIAN_POINT('',(-39.1,0.,2.21661070645671E-15));
#13250=CARTESIAN_POINT('Origin',(0.,0.,2.21661070645671E-15));
#13251=CARTESIAN_POINT('Origin',(-57.2,0.,0.));
#13252=CARTESIAN_POINT('Origin',(0.,0.,0.));
#13253=CARTESIAN_POINT('',(2.18369432409199E-14,36.1,2.58400474620092E-15));
#13254=CARTESIAN_POINT('Origin',(3.46003643595739E-14,57.2,0.));
#13255=CARTESIAN_POINT('',(-36.1,0.,2.58400474620092E-15));
#13256=CARTESIAN_POINT('Origin',(0.,0.,2.58400474620092E-15));
#13257=CARTESIAN_POINT('Origin',(-57.2,0.,0.));
#13258=CARTESIAN_POINT('Origin',(3.46003643595739E-14,57.2,0.));
#13259=CARTESIAN_POINT('Origin',(-57.2,0.,0.));
#13260=CARTESIAN_POINT('',(0.,0.,0.));
#13261=CARTESIAN_POINT('',(0.,0.,0.));
#13262=CARTESIAN_POINT('',(0.,0.,0.));
#13263=CARTESIAN_POINT('',(0.,0.,0.));
#13264=CARTESIAN_POINT('',(0.,0.,0.));
#13265=CARTESIAN_POINT('Origin',(0.,16.85,1.07485980158429E-15));
#13266=CARTESIAN_POINT('',(16.85,3.14777523239004E-15,13.0466639641342));
#13267=CARTESIAN_POINT('Origin',(0.,0.,13.0466639641342));
#13268=CARTESIAN_POINT('',(14.25,4.91801377824267E-16,13.0466639641342));
#13269=CARTESIAN_POINT('Origin',(0.,0.,13.0466639641342));
#13270=CARTESIAN_POINT('Origin',(0.,-16.85,2338.));
#13271=CARTESIAN_POINT('',(16.85,4.54541863693102E-14,2324.95333603587));
#13272=CARTESIAN_POINT('Origin',(0.,0.,2324.95333603587));
#13273=CARTESIAN_POINT('',(14.25,4.5294982285421E-14,2324.95333603587));
#13274=CARTESIAN_POINT('Origin',(0.,0.,2324.95333603587));
#13275=CARTESIAN_POINT('Origin',(0.,0.,0.));
#13276=CARTESIAN_POINT('',(14.25,1.74512168878498E-15,0.));
#13277=CARTESIAN_POINT('Origin',(0.,0.,0.));
#13278=CARTESIAN_POINT('',(16.85,2.06352985656329E-15,0.));
#13279=CARTESIAN_POINT('',(0.,0.,0.));
#13280=CARTESIAN_POINT('',(2317.91953979976,19.1308539931245,-2.06352985656329E-15));
#13281=CARTESIAN_POINT('',(-20.0804602002387,2.28085399312447,0.));
#13282=CARTESIAN_POINT('',(0.,0.,0.));
#13283=CARTESIAN_POINT('',(0.,0.,0.));
#13284=CARTESIAN_POINT('',(0.,0.,0.));
#13285=CARTESIAN_POINT('',(0.,0.,0.));
#13286=CARTESIAN_POINT('',(0.,0.,0.));
#13287=CARTESIAN_POINT('',(0.,0.,0.));
#13288=CARTESIAN_POINT('Origin',(-14.,-14.,700.));
#13289=CARTESIAN_POINT('',(-12.5,36.,650.));
#13290=CARTESIAN_POINT('',(-9.,32.5,653.5));
#13291=CARTESIAN_POINT('Origin',(-12.5,32.5,653.5));
#13292=CARTESIAN_POINT('',(-14.,36.,650.));
#13293=CARTESIAN_POINT('',(-14.,36.,650.));
#13294=CARTESIAN_POINT('',(-14.,-14.,700.));
#13295=CARTESIAN_POINT('',(-14.,161.,525.));
#13296=CARTESIAN_POINT('',(36.,-14.,700.));
#13297=CARTESIAN_POINT('',(23.5,-14.,700.));
#13298=CARTESIAN_POINT('',(36.,-12.5,698.5));
#13299=CARTESIAN_POINT('',(36.,161.375,524.625));
#13300=CARTESIAN_POINT('',(32.5,-9.,695.));
#13301=CARTESIAN_POINT('Origin',(32.5,-12.5,698.5));
#13302=CARTESIAN_POINT('',(-2.,-9.,695.));
#13303=CARTESIAN_POINT('',(-7.99999999999998,-8.99999999999999,695.));
#13304=CARTESIAN_POINT('',(-9.,-2.,688.));
#13305=CARTESIAN_POINT('Origin',(-2.,-2.,688.));
#13306=CARTESIAN_POINT('',(-9.,172.625,513.375));
#13307=CARTESIAN_POINT('Origin',(-9.,32.5,0.));
#13308=CARTESIAN_POINT('',(-9.,-2.,0.));
#13309=CARTESIAN_POINT('',(-9.,-2.,0.));
#13310=CARTESIAN_POINT('',(-9.,32.5,0.));
#13311=CARTESIAN_POINT('',(-9.,21.75,0.));
#13312=CARTESIAN_POINT('',(-9.,32.5,0.));
#13313=CARTESIAN_POINT('Origin',(-2.,-2.,0.));
#13314=CARTESIAN_POINT('',(-2.,-9.,0.));
#13315=CARTESIAN_POINT('',(-2.,-9.,0.));
#13316=CARTESIAN_POINT('Origin',(-2.,-2.,0.));
#13317=CARTESIAN_POINT('Origin',(-2.,-9.,0.));
#13318=CARTESIAN_POINT('',(32.5,-9.,0.));
#13319=CARTESIAN_POINT('',(32.5,-9.,0.));
#13320=CARTESIAN_POINT('',(4.5,-9.,0.));
#13321=CARTESIAN_POINT('Origin',(32.5,-12.5,0.));
#13322=CARTESIAN_POINT('',(36.,-12.5,0.));
#13323=CARTESIAN_POINT('',(36.,-12.5,0.));
#13324=CARTESIAN_POINT('Origin',(32.5,-12.5,0.));
#13325=CARTESIAN_POINT('Origin',(36.,-12.5,0.));
#13326=CARTESIAN_POINT('',(36.,-14.,0.));
#13327=CARTESIAN_POINT('',(36.,-14.,0.));
#13328=CARTESIAN_POINT('',(36.,-0.750000000000001,0.));
#13329=CARTESIAN_POINT('Origin',(36.,-14.,0.));
#13330=CARTESIAN_POINT('',(-14.,-14.,0.));
#13331=CARTESIAN_POINT('',(-14.,-14.,0.));
#13332=CARTESIAN_POINT('',(23.5,-14.,0.));
#13333=CARTESIAN_POINT('Origin',(-14.,-14.,0.));
#13334=CARTESIAN_POINT('',(-14.,36.,0.));
#13335=CARTESIAN_POINT('',(-14.,36.,0.));
#13336=CARTESIAN_POINT('',(-14.,-1.5,0.));
#13337=CARTESIAN_POINT('Origin',(-14.,36.,0.));
#13338=CARTESIAN_POINT('',(-12.5,36.,0.));
#13339=CARTESIAN_POINT('',(-12.5,36.,0.));
#13340=CARTESIAN_POINT('',(-1.5,36.,0.));
#13341=CARTESIAN_POINT('Origin',(-12.5,32.5,0.));
#13342=CARTESIAN_POINT('Origin',(-12.5,32.5,0.));
#13343=CARTESIAN_POINT('Origin',(11.,11.,0.));
#13344=CARTESIAN_POINT('',(0.,0.,0.));
#13345=CARTESIAN_POINT('',(670.99788957706,0.290699790750619,14.));
#13346=CARTESIAN_POINT('',(-29.0021104229403,-13.7093002092494,0.));
#13347=CARTESIAN_POINT('',(0.,0.,0.));
#13348=CARTESIAN_POINT('',(-23.7924383664298,1.47584670143348,0.));
#13349=CARTESIAN_POINT('',(362.555518845361,1051.16560187677,-729.999999999963));
#13350=CARTESIAN_POINT('',(55.6171824050387,1678.70304380644,-3.49982709479946E-9));
#13351=CARTESIAN_POINT('',(1777.21205352242,839.279840074926,58.8097335529241));
#13352=CARTESIAN_POINT('',(1704.14838153158,885.650695812642,57.5000000000008));
#13353=CARTESIAN_POINT('',(2750.35171504578,85.881392443911,58.8097335529241));
#13354=CARTESIAN_POINT('',(917.272083799159,1505.0398166349,58.8097335529244));
#13355=CARTESIAN_POINT('',(2680.34926160144,129.882272532701,57.5000000000008));
#13356=CARTESIAN_POINT('',(847.269630354821,1549.04069672368,57.5000000000011));
#13357=CARTESIAN_POINT('',(531.20756163357,1686.47584670146,57.4999999999858));
#13358=CARTESIAN_POINT('',(606.20756163357,1686.47584670146,57.4999999999858));
#13359=CARTESIAN_POINT('',(156.20756163357,1686.47584670146,57.499999999999));
#13360=CARTESIAN_POINT('',(717.131235716207,2734.39020277666,3.7391751552908));
#13361=CARTESIAN_POINT('',(81.2075616335702,1686.47584670146,57.499999999999));
#13362=CARTESIAN_POINT('',(916.083651210204,2181.95697303508,24.8097335529236));
#13363=CARTESIAN_POINT('',(916.105503573724,1790.03209548738,24.8097335529237));
#13364=CARTESIAN_POINT('',(-5.45616067801437,1538.47943067125,1.65882994727253E-12));
#13365=CARTESIAN_POINT('',(600.928626720024,1560.49751306455,1.383337888683E-12));
#13366=CARTESIAN_POINT('',(2833.290894966,1.47584670270277,-820.000000004117));
#13367=CARTESIAN_POINT('',(2605.29132379139,1.46323417681155,59.9999999952067));
#13368=CARTESIAN_POINT('',(91.7084447922851,25.5746425657425,-20.0000000052134));
#13369=CARTESIAN_POINT('',(46.2075616323881,11.352846700054,19.9999999947628));
#13370=CARTESIAN_POINT('',(578.857613145878,25.5746425671075,-20.0000000051757));
#13371=CARTESIAN_POINT('',(533.356729985981,11.352846701416,19.9999999948007));
#13372=CARTESIAN_POINT('',(533.356729985981,1541.47584670141,19.9999999964603));
#13373=CARTESIAN_POINT('',(91.7084447924614,25.574642566548,-820.000000005177));
#13374=CARTESIAN_POINT('',(46.2075616325624,11.3528467008599,-780.000000005202));
#13375=CARTESIAN_POINT('',(578.857613146049,25.5746425665176,-820.000000005144));
#13376=CARTESIAN_POINT('',(533.356729986152,11.3528467008272,-780.000000005168));
#13377=CARTESIAN_POINT('',(533.356729986152,1531.47584670082,-780.000000003548));
#13378=CARTESIAN_POINT('',(46.2075616324179,1541.47584670003,19.9999999963551));
#13379=CARTESIAN_POINT('',(46.207561632592,1531.47584670084,-780.000000003645));
#13380=CARTESIAN_POINT('',(663.67166474855,1838.01005829676,-279.367645427399));
#13381=CARTESIAN_POINT('',(881.120684342373,1669.66243022412,-279.36764542752));
#13382=CARTESIAN_POINT('',(1098.5697039362,1501.31480215147,-279.367645427642));
#13383=CARTESIAN_POINT('',(1316.01872353002,1332.96717407883,-279.367645427764));
#13384=CARTESIAN_POINT('',(1533.46774312384,1164.61954600619,-279.367645427885));
#13385=CARTESIAN_POINT('',(1750.91676271767,996.271917933542,-279.367645428007));
#13386=CARTESIAN_POINT('',(1968.36578231149,827.924289860899,-279.367645428129));
#13387=CARTESIAN_POINT('',(2185.81480190531,659.576661788255,-279.367645428251));
#13388=CARTESIAN_POINT('',(2403.26382149913,491.229033715612,-279.367645428372));
#13389=CARTESIAN_POINT('',(671.672854757803,2707.08699926117,34.3607197792225));
#13390=CARTESIAN_POINT('',(46.4114659474271,2760.19710479548,32.4999999999997));
#13391=CARTESIAN_POINT('',(30.2075616335694,2704.56563960146,32.4999999999997));
#13392=CARTESIAN_POINT('',(97.5849687908776,2383.65589570906,25.4999999999947));
#13393=CARTESIAN_POINT('',(97.5849687908777,1983.65589570906,25.4999999999897));
#13394=CARTESIAN_POINT('',(676.207561632425,1651.47584670008,-3.39193118037429E-9));
#13395=CARTESIAN_POINT('',(2764.87860653551,1081.97077636,29.6597335529183));
#13396=CARTESIAN_POINT('',(1777.21205352254,839.279840075075,-818.809733556198));
#13397=CARTESIAN_POINT('',(1704.1483815317,885.650695812776,-817.500000003281));
#13398=CARTESIAN_POINT('',(2750.35171504593,85.8813924440322,-818.809733556152));
#13399=CARTESIAN_POINT('',(917.272083799283,1505.03981663503,-818.809733556239));
#13400=CARTESIAN_POINT('',(2680.34926160159,129.882272532819,-817.500000003235));
#13401=CARTESIAN_POINT('',(847.269630354946,1549.04069672382,-817.500000003322));
#13402=CARTESIAN_POINT('',(2764.8786065356,1081.97077636013,-789.659733555837));
#13403=CARTESIAN_POINT('',(834.674528347079,2645.42402044765,-789.659733555899));
#13404=CARTESIAN_POINT('',(788.069337500847,2612.40375883871,-789.6597335559));
#13405=CARTESIAN_POINT('',(916.082751936657,2198.0855593709,-784.809733556223));
#13406=CARTESIAN_POINT('',(916.105054540791,1798.08555999267,-786.809733556345));
#13407=CARTESIAN_POINT('',(65.2096720555745,1651.47584670081,-746.290699794272));
#13408=CARTESIAN_POINT('Origin',(0.,0.,0.));
#13409=UNCERTAINTY_MEASURE_WITH_UNIT(LENGTH_MEASURE(0.01),#13561,
'DISTANCE_ACCURACY_VALUE',
'Maximum model space distance between geometric entities at asserted c
onnectivities');
#13410=UNCERTAINTY_MEASURE_WITH_UNIT(LENGTH_MEASURE(0.01),#13561,
'DISTANCE_ACCURACY_VALUE',
'Maximum model space distance between geometric entities at asserted c
onnectivities');
#13411=UNCERTAINTY_MEASURE_WITH_UNIT(LENGTH_MEASURE(0.01),#13561,
'DISTANCE_ACCURACY_VALUE',
'Maximum model space distance between geometric entities at asserted c
onnectivities');
#13412=UNCERTAINTY_MEASURE_WITH_UNIT(LENGTH_MEASURE(0.01),#13561,
'DISTANCE_ACCURACY_VALUE',
'Maximum model space distance between geometric entities at asserted c
onnectivities');
#13413=UNCERTAINTY_MEASURE_WITH_UNIT(LENGTH_MEASURE(0.01),#13561,
'DISTANCE_ACCURACY_VALUE',
'Maximum model space distance between geometric entities at asserted c
onnectivities');
#13414=UNCERTAINTY_MEASURE_WITH_UNIT(LENGTH_MEASURE(0.01),#13561,
'DISTANCE_ACCURACY_VALUE',
'Maximum model space distance between geometric entities at asserted c
onnectivities');
#13415=UNCERTAINTY_MEASURE_WITH_UNIT(LENGTH_MEASURE(0.01),#13561,
'DISTANCE_ACCURACY_VALUE',
'Maximum model space distance between geometric entities at asserted c
onnectivities');
#13416=UNCERTAINTY_MEASURE_WITH_UNIT(LENGTH_MEASURE(0.01),#13561,
'DISTANCE_ACCURACY_VALUE',
'Maximum model space distance between geometric entities at asserted c
onnectivities');
#13417=UNCERTAINTY_MEASURE_WITH_UNIT(LENGTH_MEASURE(0.01),#13561,
'DISTANCE_ACCURACY_VALUE',
'Maximum model space distance between geometric entities at asserted c
onnectivities');
#13418=UNCERTAINTY_MEASURE_WITH_UNIT(LENGTH_MEASURE(0.01),#13561,
'DISTANCE_ACCURACY_VALUE',
'Maximum model space distance between geometric entities at asserted c
onnectivities');
#13419=UNCERTAINTY_MEASURE_WITH_UNIT(LENGTH_MEASURE(0.01),#13561,
'DISTANCE_ACCURACY_VALUE',
'Maximum model space distance between geometric entities at asserted c
onnectivities');
#13420=UNCERTAINTY_MEASURE_WITH_UNIT(LENGTH_MEASURE(0.01),#13561,
'DISTANCE_ACCURACY_VALUE',
'Maximum model space distance between geometric entities at asserted c
onnectivities');
#13421=UNCERTAINTY_MEASURE_WITH_UNIT(LENGTH_MEASURE(0.01),#13561,
'DISTANCE_ACCURACY_VALUE',
'Maximum model space distance between geometric entities at asserted c
onnectivities');
#13422=UNCERTAINTY_MEASURE_WITH_UNIT(LENGTH_MEASURE(0.01),#13561,
'DISTANCE_ACCURACY_VALUE',
'Maximum model space distance between geometric entities at asserted c
onnectivities');
#13423=UNCERTAINTY_MEASURE_WITH_UNIT(LENGTH_MEASURE(0.01),#13561,
'DISTANCE_ACCURACY_VALUE',
'Maximum model space distance between geometric entities at asserted c
onnectivities');
#13424=UNCERTAINTY_MEASURE_WITH_UNIT(LENGTH_MEASURE(0.01),#13561,
'DISTANCE_ACCURACY_VALUE',
'Maximum model space distance between geometric entities at asserted c
onnectivities');
#13425=UNCERTAINTY_MEASURE_WITH_UNIT(LENGTH_MEASURE(0.01),#13561,
'DISTANCE_ACCURACY_VALUE',
'Maximum model space distance between geometric entities at asserted c
onnectivities');
#13426=UNCERTAINTY_MEASURE_WITH_UNIT(LENGTH_MEASURE(0.01),#13561,
'DISTANCE_ACCURACY_VALUE',
'Maximum model space distance between geometric entities at asserted c
onnectivities');
#13427=UNCERTAINTY_MEASURE_WITH_UNIT(LENGTH_MEASURE(0.01),#13561,
'DISTANCE_ACCURACY_VALUE',
'Maximum model space distance between geometric entities at asserted c
onnectivities');
#13428=UNCERTAINTY_MEASURE_WITH_UNIT(LENGTH_MEASURE(0.01),#13561,
'DISTANCE_ACCURACY_VALUE',
'Maximum model space distance between geometric entities at asserted c
onnectivities');
#13429=UNCERTAINTY_MEASURE_WITH_UNIT(LENGTH_MEASURE(0.01),#13561,
'DISTANCE_ACCURACY_VALUE',
'Maximum model space distance between geometric entities at asserted c
onnectivities');
#13430=UNCERTAINTY_MEASURE_WITH_UNIT(LENGTH_MEASURE(0.01),#13561,
'DISTANCE_ACCURACY_VALUE',
'Maximum model space distance between geometric entities at asserted c
onnectivities');
#13431=UNCERTAINTY_MEASURE_WITH_UNIT(LENGTH_MEASURE(0.01),#13561,
'DISTANCE_ACCURACY_VALUE',
'Maximum model space distance between geometric entities at asserted c
onnectivities');
#13432=UNCERTAINTY_MEASURE_WITH_UNIT(LENGTH_MEASURE(0.01),#13561,
'DISTANCE_ACCURACY_VALUE',
'Maximum model space distance between geometric entities at asserted c
onnectivities');
#13433=UNCERTAINTY_MEASURE_WITH_UNIT(LENGTH_MEASURE(0.01),#13561,
'DISTANCE_ACCURACY_VALUE',
'Maximum model space distance between geometric entities at asserted c
onnectivities');
#13434=UNCERTAINTY_MEASURE_WITH_UNIT(LENGTH_MEASURE(0.01),#13561,
'DISTANCE_ACCURACY_VALUE',
'Maximum model space distance between geometric entities at asserted c
onnectivities');
#13435=UNCERTAINTY_MEASURE_WITH_UNIT(LENGTH_MEASURE(0.01),#13561,
'DISTANCE_ACCURACY_VALUE',
'Maximum model space distance between geometric entities at asserted c
onnectivities');
#13436=UNCERTAINTY_MEASURE_WITH_UNIT(LENGTH_MEASURE(0.01),#13561,
'DISTANCE_ACCURACY_VALUE',
'Maximum model space distance between geometric entities at asserted c
onnectivities');
#13437=UNCERTAINTY_MEASURE_WITH_UNIT(LENGTH_MEASURE(0.01),#13561,
'DISTANCE_ACCURACY_VALUE',
'Maximum model space distance between geometric entities at asserted c
onnectivities');
#13438=UNCERTAINTY_MEASURE_WITH_UNIT(LENGTH_MEASURE(0.01),#13561,
'DISTANCE_ACCURACY_VALUE',
'Maximum model space distance between geometric entities at asserted c
onnectivities');
#13439=UNCERTAINTY_MEASURE_WITH_UNIT(LENGTH_MEASURE(0.01),#13561,
'DISTANCE_ACCURACY_VALUE',
'Maximum model space distance between geometric entities at asserted c
onnectivities');
#13440=UNCERTAINTY_MEASURE_WITH_UNIT(LENGTH_MEASURE(0.01),#13561,
'DISTANCE_ACCURACY_VALUE',
'Maximum model space distance between geometric entities at asserted c
onnectivities');
#13441=UNCERTAINTY_MEASURE_WITH_UNIT(LENGTH_MEASURE(0.01),#13561,
'DISTANCE_ACCURACY_VALUE',
'Maximum model space distance between geometric entities at asserted c
onnectivities');
#13442=UNCERTAINTY_MEASURE_WITH_UNIT(LENGTH_MEASURE(0.01),#13561,
'DISTANCE_ACCURACY_VALUE',
'Maximum model space distance between geometric entities at asserted c
onnectivities');
#13443=UNCERTAINTY_MEASURE_WITH_UNIT(LENGTH_MEASURE(0.01),#13561,
'DISTANCE_ACCURACY_VALUE',
'Maximum model space distance between geometric entities at asserted c
onnectivities');
#13444=UNCERTAINTY_MEASURE_WITH_UNIT(LENGTH_MEASURE(0.01),#13561,
'DISTANCE_ACCURACY_VALUE',
'Maximum model space distance between geometric entities at asserted c
onnectivities');
#13445=UNCERTAINTY_MEASURE_WITH_UNIT(LENGTH_MEASURE(0.01),#13561,
'DISTANCE_ACCURACY_VALUE',
'Maximum model space distance between geometric entities at asserted c
onnectivities');
#13446=UNCERTAINTY_MEASURE_WITH_UNIT(LENGTH_MEASURE(0.01),#13561,
'DISTANCE_ACCURACY_VALUE',
'Maximum model space distance between geometric entities at asserted c
onnectivities');
#13447=UNCERTAINTY_MEASURE_WITH_UNIT(LENGTH_MEASURE(0.01),#13561,
'DISTANCE_ACCURACY_VALUE',
'Maximum model space distance between geometric entities at asserted c
onnectivities');
#13448=UNCERTAINTY_MEASURE_WITH_UNIT(LENGTH_MEASURE(0.01),#13561,
'DISTANCE_ACCURACY_VALUE',
'Maximum model space distance between geometric entities at asserted c
onnectivities');
#13449=UNCERTAINTY_MEASURE_WITH_UNIT(LENGTH_MEASURE(0.01),#13561,
'DISTANCE_ACCURACY_VALUE',
'Maximum model space distance between geometric entities at asserted c
onnectivities');
#13450=UNCERTAINTY_MEASURE_WITH_UNIT(LENGTH_MEASURE(0.01),#13561,
'DISTANCE_ACCURACY_VALUE',
'Maximum model space distance between geometric entities at asserted c
onnectivities');
#13451=UNCERTAINTY_MEASURE_WITH_UNIT(LENGTH_MEASURE(0.01),#13561,
'DISTANCE_ACCURACY_VALUE',
'Maximum model space distance between geometric entities at asserted c
onnectivities');
#13452=UNCERTAINTY_MEASURE_WITH_UNIT(LENGTH_MEASURE(0.01),#13561,
'DISTANCE_ACCURACY_VALUE',
'Maximum model space distance between geometric entities at asserted c
onnectivities');
#13453=UNCERTAINTY_MEASURE_WITH_UNIT(LENGTH_MEASURE(0.001),#13562,
'DISTANCE_ACCURACY_VALUE',
'Maximum model space distance between geometric entities at asserted c
onnectivities');
#13454=UNCERTAINTY_MEASURE_WITH_UNIT(LENGTH_MEASURE(0.01),#13561,
'DISTANCE_ACCURACY_VALUE',
'Maximum model space distance between geometric entities at asserted c
onnectivities');
#13455=UNCERTAINTY_MEASURE_WITH_UNIT(LENGTH_MEASURE(0.001),#13562,
'DISTANCE_ACCURACY_VALUE',
'Maximum model space distance between geometric entities at asserted c
onnectivities');
#13456=UNCERTAINTY_MEASURE_WITH_UNIT(LENGTH_MEASURE(0.001),#13562,
'DISTANCE_ACCURACY_VALUE',
'Maximum model space distance between geometric entities at asserted c
onnectivities');
#13457=UNCERTAINTY_MEASURE_WITH_UNIT(LENGTH_MEASURE(0.01),#13561,
'DISTANCE_ACCURACY_VALUE',
'Maximum model space distance between geometric entities at asserted c
onnectivities');
#13458=UNCERTAINTY_MEASURE_WITH_UNIT(LENGTH_MEASURE(0.01),#13561,
'DISTANCE_ACCURACY_VALUE',
'Maximum model space distance between geometric entities at asserted c
onnectivities');
#13459=UNCERTAINTY_MEASURE_WITH_UNIT(LENGTH_MEASURE(0.01),#13561,
'DISTANCE_ACCURACY_VALUE',
'Maximum model space distance between geometric entities at asserted c
onnectivities');
#13460=UNCERTAINTY_MEASURE_WITH_UNIT(LENGTH_MEASURE(0.01),#13561,
'DISTANCE_ACCURACY_VALUE',
'Maximum model space distance between geometric entities at asserted c
onnectivities');
#13461=UNCERTAINTY_MEASURE_WITH_UNIT(LENGTH_MEASURE(0.01),#13561,
'DISTANCE_ACCURACY_VALUE',
'Maximum model space distance between geometric entities at asserted c
onnectivities');
#13462=UNCERTAINTY_MEASURE_WITH_UNIT(LENGTH_MEASURE(0.01),#13561,
'DISTANCE_ACCURACY_VALUE',
'Maximum model space distance between geometric entities at asserted c
onnectivities');
#13463=UNCERTAINTY_MEASURE_WITH_UNIT(LENGTH_MEASURE(0.01),#13561,
'DISTANCE_ACCURACY_VALUE',
'Maximum model space distance between geometric entities at asserted c
onnectivities');
#13464=UNCERTAINTY_MEASURE_WITH_UNIT(LENGTH_MEASURE(0.01),#13561,
'DISTANCE_ACCURACY_VALUE',
'Maximum model space distance between geometric entities at asserted c
onnectivities');
#13465=UNCERTAINTY_MEASURE_WITH_UNIT(LENGTH_MEASURE(0.01),#13561,
'DISTANCE_ACCURACY_VALUE',
'Maximum model space distance between geometric entities at asserted c
onnectivities');
#13466=UNCERTAINTY_MEASURE_WITH_UNIT(LENGTH_MEASURE(0.01),#13561,
'DISTANCE_ACCURACY_VALUE',
'Maximum model space distance between geometric entities at asserted c
onnectivities');
#13467=UNCERTAINTY_MEASURE_WITH_UNIT(LENGTH_MEASURE(0.01),#13561,
'DISTANCE_ACCURACY_VALUE',
'Maximum model space distance between geometric entities at asserted c
onnectivities');
#13468=UNCERTAINTY_MEASURE_WITH_UNIT(LENGTH_MEASURE(0.01),#13561,
'DISTANCE_ACCURACY_VALUE',
'Maximum model space distance between geometric entities at asserted c
onnectivities');
#13469=UNCERTAINTY_MEASURE_WITH_UNIT(LENGTH_MEASURE(0.01),#13561,
'DISTANCE_ACCURACY_VALUE',
'Maximum model space distance between geometric entities at asserted c
onnectivities');
#13470=UNCERTAINTY_MEASURE_WITH_UNIT(LENGTH_MEASURE(0.01),#13561,
'DISTANCE_ACCURACY_VALUE',
'Maximum model space distance between geometric entities at asserted c
onnectivities');
#13471=UNCERTAINTY_MEASURE_WITH_UNIT(LENGTH_MEASURE(0.01),#13561,
'DISTANCE_ACCURACY_VALUE',
'Maximum model space distance between geometric entities at asserted c
onnectivities');
#13472=UNCERTAINTY_MEASURE_WITH_UNIT(LENGTH_MEASURE(0.01),#13561,
'DISTANCE_ACCURACY_VALUE',
'Maximum model space distance between geometric entities at asserted c
onnectivities');
#13473=UNCERTAINTY_MEASURE_WITH_UNIT(LENGTH_MEASURE(0.01),#13561,
'DISTANCE_ACCURACY_VALUE',
'Maximum model space distance between geometric entities at asserted c
onnectivities');
#13474=UNCERTAINTY_MEASURE_WITH_UNIT(LENGTH_MEASURE(0.01),#13561,
'DISTANCE_ACCURACY_VALUE',
'Maximum model space distance between geometric entities at asserted c
onnectivities');
#13475=UNCERTAINTY_MEASURE_WITH_UNIT(LENGTH_MEASURE(0.01),#13561,
'DISTANCE_ACCURACY_VALUE',
'Maximum model space distance between geometric entities at asserted c
onnectivities');
#13476=UNCERTAINTY_MEASURE_WITH_UNIT(LENGTH_MEASURE(0.01),#13561,
'DISTANCE_ACCURACY_VALUE',
'Maximum model space distance between geometric entities at asserted c
onnectivities');
#13477=UNCERTAINTY_MEASURE_WITH_UNIT(LENGTH_MEASURE(0.01),#13561,
'DISTANCE_ACCURACY_VALUE',
'Maximum model space distance between geometric entities at asserted c
onnectivities');
#13478=UNCERTAINTY_MEASURE_WITH_UNIT(LENGTH_MEASURE(0.01),#13561,
'DISTANCE_ACCURACY_VALUE',
'Maximum model space distance between geometric entities at asserted c
onnectivities');
#13479=UNCERTAINTY_MEASURE_WITH_UNIT(LENGTH_MEASURE(0.01),#13561,
'DISTANCE_ACCURACY_VALUE',
'Maximum model space distance between geometric entities at asserted c
onnectivities');
#13480=UNCERTAINTY_MEASURE_WITH_UNIT(LENGTH_MEASURE(0.01),#13561,
'DISTANCE_ACCURACY_VALUE',
'Maximum model space distance between geometric entities at asserted c
onnectivities');
#13481=UNCERTAINTY_MEASURE_WITH_UNIT(LENGTH_MEASURE(0.01),#13561,
'DISTANCE_ACCURACY_VALUE',
'Maximum model space distance between geometric entities at asserted c
onnectivities');
#13482=UNCERTAINTY_MEASURE_WITH_UNIT(LENGTH_MEASURE(0.01),#13561,
'DISTANCE_ACCURACY_VALUE',
'Maximum model space distance between geometric entities at asserted c
onnectivities');
#13483=UNCERTAINTY_MEASURE_WITH_UNIT(LENGTH_MEASURE(0.01),#13561,
'DISTANCE_ACCURACY_VALUE',
'Maximum model space distance between geometric entities at asserted c
onnectivities');
#13484=UNCERTAINTY_MEASURE_WITH_UNIT(LENGTH_MEASURE(0.01),#13561,
'DISTANCE_ACCURACY_VALUE',
'Maximum model space distance between geometric entities at asserted c
onnectivities');
#13485=(
GEOMETRIC_REPRESENTATION_CONTEXT(3)
GLOBAL_UNCERTAINTY_ASSIGNED_CONTEXT((#13409))
GLOBAL_UNIT_ASSIGNED_CONTEXT((#13561,#13563,#13564))
REPRESENTATION_CONTEXT('','3D')
);
#13486=(
GEOMETRIC_REPRESENTATION_CONTEXT(3)
GLOBAL_UNCERTAINTY_ASSIGNED_CONTEXT((#13410))
GLOBAL_UNIT_ASSIGNED_CONTEXT((#13561,#13563,#13564))
REPRESENTATION_CONTEXT('','3D')
);
#13487=(
GEOMETRIC_REPRESENTATION_CONTEXT(3)
GLOBAL_UNCERTAINTY_ASSIGNED_CONTEXT((#13411))
GLOBAL_UNIT_ASSIGNED_CONTEXT((#13561,#13563,#13564))
REPRESENTATION_CONTEXT('','3D')
);
#13488=(
GEOMETRIC_REPRESENTATION_CONTEXT(3)
GLOBAL_UNCERTAINTY_ASSIGNED_CONTEXT((#13412))
GLOBAL_UNIT_ASSIGNED_CONTEXT((#13561,#13563,#13564))
REPRESENTATION_CONTEXT('','3D')
);
#13489=(
GEOMETRIC_REPRESENTATION_CONTEXT(3)
GLOBAL_UNCERTAINTY_ASSIGNED_CONTEXT((#13413))
GLOBAL_UNIT_ASSIGNED_CONTEXT((#13561,#13563,#13564))
REPRESENTATION_CONTEXT('','3D')
);
#13490=(
GEOMETRIC_REPRESENTATION_CONTEXT(3)
GLOBAL_UNCERTAINTY_ASSIGNED_CONTEXT((#13414))
GLOBAL_UNIT_ASSIGNED_CONTEXT((#13561,#13563,#13564))
REPRESENTATION_CONTEXT('','3D')
);
#13491=(
GEOMETRIC_REPRESENTATION_CONTEXT(3)
GLOBAL_UNCERTAINTY_ASSIGNED_CONTEXT((#13415))
GLOBAL_UNIT_ASSIGNED_CONTEXT((#13561,#13563,#13564))
REPRESENTATION_CONTEXT('','3D')
);
#13492=(
GEOMETRIC_REPRESENTATION_CONTEXT(3)
GLOBAL_UNCERTAINTY_ASSIGNED_CONTEXT((#13416))
GLOBAL_UNIT_ASSIGNED_CONTEXT((#13561,#13563,#13564))
REPRESENTATION_CONTEXT('','3D')
);
#13493=(
GEOMETRIC_REPRESENTATION_CONTEXT(3)
GLOBAL_UNCERTAINTY_ASSIGNED_CONTEXT((#13417))
GLOBAL_UNIT_ASSIGNED_CONTEXT((#13561,#13563,#13564))
REPRESENTATION_CONTEXT('','3D')
);
#13494=(
GEOMETRIC_REPRESENTATION_CONTEXT(3)
GLOBAL_UNCERTAINTY_ASSIGNED_CONTEXT((#13418))
GLOBAL_UNIT_ASSIGNED_CONTEXT((#13561,#13563,#13564))
REPRESENTATION_CONTEXT('','3D')
);
#13495=(
GEOMETRIC_REPRESENTATION_CONTEXT(3)
GLOBAL_UNCERTAINTY_ASSIGNED_CONTEXT((#13419))
GLOBAL_UNIT_ASSIGNED_CONTEXT((#13561,#13563,#13564))
REPRESENTATION_CONTEXT('','3D')
);
#13496=(
GEOMETRIC_REPRESENTATION_CONTEXT(3)
GLOBAL_UNCERTAINTY_ASSIGNED_CONTEXT((#13420))
GLOBAL_UNIT_ASSIGNED_CONTEXT((#13561,#13563,#13564))
REPRESENTATION_CONTEXT('','3D')
);
#13497=(
GEOMETRIC_REPRESENTATION_CONTEXT(3)
GLOBAL_UNCERTAINTY_ASSIGNED_CONTEXT((#13421))
GLOBAL_UNIT_ASSIGNED_CONTEXT((#13561,#13563,#13564))
REPRESENTATION_CONTEXT('','3D')
);
#13498=(
GEOMETRIC_REPRESENTATION_CONTEXT(3)
GLOBAL_UNCERTAINTY_ASSIGNED_CONTEXT((#13422))
GLOBAL_UNIT_ASSIGNED_CONTEXT((#13561,#13563,#13564))
REPRESENTATION_CONTEXT('','3D')
);
#13499=(
GEOMETRIC_REPRESENTATION_CONTEXT(3)
GLOBAL_UNCERTAINTY_ASSIGNED_CONTEXT((#13423))
GLOBAL_UNIT_ASSIGNED_CONTEXT((#13561,#13563,#13564))
REPRESENTATION_CONTEXT('','3D')
);
#13500=(
GEOMETRIC_REPRESENTATION_CONTEXT(3)
GLOBAL_UNCERTAINTY_ASSIGNED_CONTEXT((#13424))
GLOBAL_UNIT_ASSIGNED_CONTEXT((#13561,#13563,#13564))
REPRESENTATION_CONTEXT('','3D')
);
#13501=(
GEOMETRIC_REPRESENTATION_CONTEXT(3)
GLOBAL_UNCERTAINTY_ASSIGNED_CONTEXT((#13425))
GLOBAL_UNIT_ASSIGNED_CONTEXT((#13561,#13563,#13564))
REPRESENTATION_CONTEXT('','3D')
);
#13502=(
GEOMETRIC_REPRESENTATION_CONTEXT(3)
GLOBAL_UNCERTAINTY_ASSIGNED_CONTEXT((#13426))
GLOBAL_UNIT_ASSIGNED_CONTEXT((#13561,#13563,#13564))
REPRESENTATION_CONTEXT('','3D')
);
#13503=(
GEOMETRIC_REPRESENTATION_CONTEXT(3)
GLOBAL_UNCERTAINTY_ASSIGNED_CONTEXT((#13427))
GLOBAL_UNIT_ASSIGNED_CONTEXT((#13561,#13563,#13564))
REPRESENTATION_CONTEXT('','3D')
);
#13504=(
GEOMETRIC_REPRESENTATION_CONTEXT(3)
GLOBAL_UNCERTAINTY_ASSIGNED_CONTEXT((#13428))
GLOBAL_UNIT_ASSIGNED_CONTEXT((#13561,#13563,#13564))
REPRESENTATION_CONTEXT('','3D')
);
#13505=(
GEOMETRIC_REPRESENTATION_CONTEXT(3)
GLOBAL_UNCERTAINTY_ASSIGNED_CONTEXT((#13429))
GLOBAL_UNIT_ASSIGNED_CONTEXT((#13561,#13563,#13564))
REPRESENTATION_CONTEXT('','3D')
);
#13506=(
GEOMETRIC_REPRESENTATION_CONTEXT(3)
GLOBAL_UNCERTAINTY_ASSIGNED_CONTEXT((#13430))
GLOBAL_UNIT_ASSIGNED_CONTEXT((#13561,#13563,#13564))
REPRESENTATION_CONTEXT('','3D')
);
#13507=(
GEOMETRIC_REPRESENTATION_CONTEXT(3)
GLOBAL_UNCERTAINTY_ASSIGNED_CONTEXT((#13431))
GLOBAL_UNIT_ASSIGNED_CONTEXT((#13561,#13563,#13564))
REPRESENTATION_CONTEXT('','3D')
);
#13508=(
GEOMETRIC_REPRESENTATION_CONTEXT(3)
GLOBAL_UNCERTAINTY_ASSIGNED_CONTEXT((#13432))
GLOBAL_UNIT_ASSIGNED_CONTEXT((#13561,#13563,#13564))
REPRESENTATION_CONTEXT('','3D')
);
#13509=(
GEOMETRIC_REPRESENTATION_CONTEXT(3)
GLOBAL_UNCERTAINTY_ASSIGNED_CONTEXT((#13433))
GLOBAL_UNIT_ASSIGNED_CONTEXT((#13561,#13563,#13564))
REPRESENTATION_CONTEXT('','3D')
);
#13510=(
GEOMETRIC_REPRESENTATION_CONTEXT(3)
GLOBAL_UNCERTAINTY_ASSIGNED_CONTEXT((#13434))
GLOBAL_UNIT_ASSIGNED_CONTEXT((#13561,#13563,#13564))
REPRESENTATION_CONTEXT('','3D')
);
#13511=(
GEOMETRIC_REPRESENTATION_CONTEXT(3)
GLOBAL_UNCERTAINTY_ASSIGNED_CONTEXT((#13435))
GLOBAL_UNIT_ASSIGNED_CONTEXT((#13561,#13563,#13564))
REPRESENTATION_CONTEXT('','3D')
);
#13512=(
GEOMETRIC_REPRESENTATION_CONTEXT(3)
GLOBAL_UNCERTAINTY_ASSIGNED_CONTEXT((#13436))
GLOBAL_UNIT_ASSIGNED_CONTEXT((#13561,#13563,#13564))
REPRESENTATION_CONTEXT('','3D')
);
#13513=(
GEOMETRIC_REPRESENTATION_CONTEXT(3)
GLOBAL_UNCERTAINTY_ASSIGNED_CONTEXT((#13437))
GLOBAL_UNIT_ASSIGNED_CONTEXT((#13561,#13563,#13564))
REPRESENTATION_CONTEXT('','3D')
);
#13514=(
GEOMETRIC_REPRESENTATION_CONTEXT(3)
GLOBAL_UNCERTAINTY_ASSIGNED_CONTEXT((#13438))
GLOBAL_UNIT_ASSIGNED_CONTEXT((#13561,#13563,#13564))
REPRESENTATION_CONTEXT('','3D')
);
#13515=(
GEOMETRIC_REPRESENTATION_CONTEXT(3)
GLOBAL_UNCERTAINTY_ASSIGNED_CONTEXT((#13439))
GLOBAL_UNIT_ASSIGNED_CONTEXT((#13561,#13563,#13564))
REPRESENTATION_CONTEXT('','3D')
);
#13516=(
GEOMETRIC_REPRESENTATION_CONTEXT(3)
GLOBAL_UNCERTAINTY_ASSIGNED_CONTEXT((#13440))
GLOBAL_UNIT_ASSIGNED_CONTEXT((#13561,#13563,#13564))
REPRESENTATION_CONTEXT('','3D')
);
#13517=(
GEOMETRIC_REPRESENTATION_CONTEXT(3)
GLOBAL_UNCERTAINTY_ASSIGNED_CONTEXT((#13441))
GLOBAL_UNIT_ASSIGNED_CONTEXT((#13561,#13563,#13564))
REPRESENTATION_CONTEXT('','3D')
);
#13518=(
GEOMETRIC_REPRESENTATION_CONTEXT(3)
GLOBAL_UNCERTAINTY_ASSIGNED_CONTEXT((#13442))
GLOBAL_UNIT_ASSIGNED_CONTEXT((#13561,#13563,#13564))
REPRESENTATION_CONTEXT('','3D')
);
#13519=(
GEOMETRIC_REPRESENTATION_CONTEXT(3)
GLOBAL_UNCERTAINTY_ASSIGNED_CONTEXT((#13443))
GLOBAL_UNIT_ASSIGNED_CONTEXT((#13561,#13563,#13564))
REPRESENTATION_CONTEXT('','3D')
);
#13520=(
GEOMETRIC_REPRESENTATION_CONTEXT(3)
GLOBAL_UNCERTAINTY_ASSIGNED_CONTEXT((#13444))
GLOBAL_UNIT_ASSIGNED_CONTEXT((#13561,#13563,#13564))
REPRESENTATION_CONTEXT('','3D')
);
#13521=(
GEOMETRIC_REPRESENTATION_CONTEXT(3)
GLOBAL_UNCERTAINTY_ASSIGNED_CONTEXT((#13445))
GLOBAL_UNIT_ASSIGNED_CONTEXT((#13561,#13563,#13564))
REPRESENTATION_CONTEXT('','3D')
);
#13522=(
GEOMETRIC_REPRESENTATION_CONTEXT(3)
GLOBAL_UNCERTAINTY_ASSIGNED_CONTEXT((#13446))
GLOBAL_UNIT_ASSIGNED_CONTEXT((#13561,#13563,#13564))
REPRESENTATION_CONTEXT('','3D')
);
#13523=(
GEOMETRIC_REPRESENTATION_CONTEXT(3)
GLOBAL_UNCERTAINTY_ASSIGNED_CONTEXT((#13447))
GLOBAL_UNIT_ASSIGNED_CONTEXT((#13561,#13563,#13564))
REPRESENTATION_CONTEXT('','3D')
);
#13524=(
GEOMETRIC_REPRESENTATION_CONTEXT(3)
GLOBAL_UNCERTAINTY_ASSIGNED_CONTEXT((#13448))
GLOBAL_UNIT_ASSIGNED_CONTEXT((#13561,#13563,#13564))
REPRESENTATION_CONTEXT('','3D')
);
#13525=(
GEOMETRIC_REPRESENTATION_CONTEXT(3)
GLOBAL_UNCERTAINTY_ASSIGNED_CONTEXT((#13449))
GLOBAL_UNIT_ASSIGNED_CONTEXT((#13561,#13563,#13564))
REPRESENTATION_CONTEXT('','3D')
);
#13526=(
GEOMETRIC_REPRESENTATION_CONTEXT(3)
GLOBAL_UNCERTAINTY_ASSIGNED_CONTEXT((#13450))
GLOBAL_UNIT_ASSIGNED_CONTEXT((#13561,#13563,#13564))
REPRESENTATION_CONTEXT('','3D')
);
#13527=(
GEOMETRIC_REPRESENTATION_CONTEXT(3)
GLOBAL_UNCERTAINTY_ASSIGNED_CONTEXT((#13451))
GLOBAL_UNIT_ASSIGNED_CONTEXT((#13561,#13563,#13564))
REPRESENTATION_CONTEXT('','3D')
);
#13528=(
GEOMETRIC_REPRESENTATION_CONTEXT(3)
GLOBAL_UNCERTAINTY_ASSIGNED_CONTEXT((#13452))
GLOBAL_UNIT_ASSIGNED_CONTEXT((#13561,#13563,#13564))
REPRESENTATION_CONTEXT('','3D')
);
#13529=(
GEOMETRIC_REPRESENTATION_CONTEXT(3)
GLOBAL_UNCERTAINTY_ASSIGNED_CONTEXT((#13453))
GLOBAL_UNIT_ASSIGNED_CONTEXT((#13562,#13563,#13564))
REPRESENTATION_CONTEXT('','3D')
);
#13530=(
GEOMETRIC_REPRESENTATION_CONTEXT(3)
GLOBAL_UNCERTAINTY_ASSIGNED_CONTEXT((#13454))
GLOBAL_UNIT_ASSIGNED_CONTEXT((#13561,#13563,#13564))
REPRESENTATION_CONTEXT('','3D')
);
#13531=(
GEOMETRIC_REPRESENTATION_CONTEXT(3)
GLOBAL_UNCERTAINTY_ASSIGNED_CONTEXT((#13455))
GLOBAL_UNIT_ASSIGNED_CONTEXT((#13562,#13563,#13564))
REPRESENTATION_CONTEXT('','3D')
);
#13532=(
GEOMETRIC_REPRESENTATION_CONTEXT(3)
GLOBAL_UNCERTAINTY_ASSIGNED_CONTEXT((#13456))
GLOBAL_UNIT_ASSIGNED_CONTEXT((#13562,#13563,#13564))
REPRESENTATION_CONTEXT('','3D')
);
#13533=(
GEOMETRIC_REPRESENTATION_CONTEXT(3)
GLOBAL_UNCERTAINTY_ASSIGNED_CONTEXT((#13457))
GLOBAL_UNIT_ASSIGNED_CONTEXT((#13561,#13563,#13564))
REPRESENTATION_CONTEXT('','3D')
);
#13534=(
GEOMETRIC_REPRESENTATION_CONTEXT(3)
GLOBAL_UNCERTAINTY_ASSIGNED_CONTEXT((#13458))
GLOBAL_UNIT_ASSIGNED_CONTEXT((#13561,#13563,#13564))
REPRESENTATION_CONTEXT('','3D')
);
#13535=(
GEOMETRIC_REPRESENTATION_CONTEXT(3)
GLOBAL_UNCERTAINTY_ASSIGNED_CONTEXT((#13459))
GLOBAL_UNIT_ASSIGNED_CONTEXT((#13561,#13563,#13564))
REPRESENTATION_CONTEXT('','3D')
);
#13536=(
GEOMETRIC_REPRESENTATION_CONTEXT(3)
GLOBAL_UNCERTAINTY_ASSIGNED_CONTEXT((#13460))
GLOBAL_UNIT_ASSIGNED_CONTEXT((#13561,#13563,#13564))
REPRESENTATION_CONTEXT('','3D')
);
#13537=(
GEOMETRIC_REPRESENTATION_CONTEXT(3)
GLOBAL_UNCERTAINTY_ASSIGNED_CONTEXT((#13461))
GLOBAL_UNIT_ASSIGNED_CONTEXT((#13561,#13563,#13564))
REPRESENTATION_CONTEXT('','3D')
);
#13538=(
GEOMETRIC_REPRESENTATION_CONTEXT(3)
GLOBAL_UNCERTAINTY_ASSIGNED_CONTEXT((#13462))
GLOBAL_UNIT_ASSIGNED_CONTEXT((#13561,#13563,#13564))
REPRESENTATION_CONTEXT('','3D')
);
#13539=(
GEOMETRIC_REPRESENTATION_CONTEXT(3)
GLOBAL_UNCERTAINTY_ASSIGNED_CONTEXT((#13463))
GLOBAL_UNIT_ASSIGNED_CONTEXT((#13561,#13563,#13564))
REPRESENTATION_CONTEXT('','3D')
);
#13540=(
GEOMETRIC_REPRESENTATION_CONTEXT(3)
GLOBAL_UNCERTAINTY_ASSIGNED_CONTEXT((#13464))
GLOBAL_UNIT_ASSIGNED_CONTEXT((#13561,#13563,#13564))
REPRESENTATION_CONTEXT('','3D')
);
#13541=(
GEOMETRIC_REPRESENTATION_CONTEXT(3)
GLOBAL_UNCERTAINTY_ASSIGNED_CONTEXT((#13465))
GLOBAL_UNIT_ASSIGNED_CONTEXT((#13561,#13563,#13564))
REPRESENTATION_CONTEXT('','3D')
);
#13542=(
GEOMETRIC_REPRESENTATION_CONTEXT(3)
GLOBAL_UNCERTAINTY_ASSIGNED_CONTEXT((#13466))
GLOBAL_UNIT_ASSIGNED_CONTEXT((#13561,#13563,#13564))
REPRESENTATION_CONTEXT('','3D')
);
#13543=(
GEOMETRIC_REPRESENTATION_CONTEXT(3)
GLOBAL_UNCERTAINTY_ASSIGNED_CONTEXT((#13467))
GLOBAL_UNIT_ASSIGNED_CONTEXT((#13561,#13563,#13564))
REPRESENTATION_CONTEXT('','3D')
);
#13544=(
GEOMETRIC_REPRESENTATION_CONTEXT(3)
GLOBAL_UNCERTAINTY_ASSIGNED_CONTEXT((#13468))
GLOBAL_UNIT_ASSIGNED_CONTEXT((#13561,#13563,#13564))
REPRESENTATION_CONTEXT('','3D')
);
#13545=(
GEOMETRIC_REPRESENTATION_CONTEXT(3)
GLOBAL_UNCERTAINTY_ASSIGNED_CONTEXT((#13469))
GLOBAL_UNIT_ASSIGNED_CONTEXT((#13561,#13563,#13564))
REPRESENTATION_CONTEXT('','3D')
);
#13546=(
GEOMETRIC_REPRESENTATION_CONTEXT(3)
GLOBAL_UNCERTAINTY_ASSIGNED_CONTEXT((#13470))
GLOBAL_UNIT_ASSIGNED_CONTEXT((#13561,#13563,#13564))
REPRESENTATION_CONTEXT('','3D')
);
#13547=(
GEOMETRIC_REPRESENTATION_CONTEXT(3)
GLOBAL_UNCERTAINTY_ASSIGNED_CONTEXT((#13471))
GLOBAL_UNIT_ASSIGNED_CONTEXT((#13561,#13563,#13564))
REPRESENTATION_CONTEXT('','3D')
);
#13548=(
GEOMETRIC_REPRESENTATION_CONTEXT(3)
GLOBAL_UNCERTAINTY_ASSIGNED_CONTEXT((#13472))
GLOBAL_UNIT_ASSIGNED_CONTEXT((#13561,#13563,#13564))
REPRESENTATION_CONTEXT('','3D')
);
#13549=(
GEOMETRIC_REPRESENTATION_CONTEXT(3)
GLOBAL_UNCERTAINTY_ASSIGNED_CONTEXT((#13473))
GLOBAL_UNIT_ASSIGNED_CONTEXT((#13561,#13563,#13564))
REPRESENTATION_CONTEXT('','3D')
);
#13550=(
GEOMETRIC_REPRESENTATION_CONTEXT(3)
GLOBAL_UNCERTAINTY_ASSIGNED_CONTEXT((#13474))
GLOBAL_UNIT_ASSIGNED_CONTEXT((#13561,#13563,#13564))
REPRESENTATION_CONTEXT('','3D')
);
#13551=(
GEOMETRIC_REPRESENTATION_CONTEXT(3)
GLOBAL_UNCERTAINTY_ASSIGNED_CONTEXT((#13475))
GLOBAL_UNIT_ASSIGNED_CONTEXT((#13561,#13563,#13564))
REPRESENTATION_CONTEXT('','3D')
);
#13552=(
GEOMETRIC_REPRESENTATION_CONTEXT(3)
GLOBAL_UNCERTAINTY_ASSIGNED_CONTEXT((#13476))
GLOBAL_UNIT_ASSIGNED_CONTEXT((#13561,#13563,#13564))
REPRESENTATION_CONTEXT('','3D')
);
#13553=(
GEOMETRIC_REPRESENTATION_CONTEXT(3)
GLOBAL_UNCERTAINTY_ASSIGNED_CONTEXT((#13477))
GLOBAL_UNIT_ASSIGNED_CONTEXT((#13561,#13563,#13564))
REPRESENTATION_CONTEXT('','3D')
);
#13554=(
GEOMETRIC_REPRESENTATION_CONTEXT(3)
GLOBAL_UNCERTAINTY_ASSIGNED_CONTEXT((#13478))
GLOBAL_UNIT_ASSIGNED_CONTEXT((#13561,#13563,#13564))
REPRESENTATION_CONTEXT('','3D')
);
#13555=(
GEOMETRIC_REPRESENTATION_CONTEXT(3)
GLOBAL_UNCERTAINTY_ASSIGNED_CONTEXT((#13479))
GLOBAL_UNIT_ASSIGNED_CONTEXT((#13561,#13563,#13564))
REPRESENTATION_CONTEXT('','3D')
);
#13556=(
GEOMETRIC_REPRESENTATION_CONTEXT(3)
GLOBAL_UNCERTAINTY_ASSIGNED_CONTEXT((#13480))
GLOBAL_UNIT_ASSIGNED_CONTEXT((#13561,#13563,#13564))
REPRESENTATION_CONTEXT('','3D')
);
#13557=(
GEOMETRIC_REPRESENTATION_CONTEXT(3)
GLOBAL_UNCERTAINTY_ASSIGNED_CONTEXT((#13481))
GLOBAL_UNIT_ASSIGNED_CONTEXT((#13561,#13563,#13564))
REPRESENTATION_CONTEXT('','3D')
);
#13558=(
GEOMETRIC_REPRESENTATION_CONTEXT(3)
GLOBAL_UNCERTAINTY_ASSIGNED_CONTEXT((#13482))
GLOBAL_UNIT_ASSIGNED_CONTEXT((#13561,#13563,#13564))
REPRESENTATION_CONTEXT('','3D')
);
#13559=(
GEOMETRIC_REPRESENTATION_CONTEXT(3)
GLOBAL_UNCERTAINTY_ASSIGNED_CONTEXT((#13483))
GLOBAL_UNIT_ASSIGNED_CONTEXT((#13561,#13563,#13564))
REPRESENTATION_CONTEXT('','3D')
);
#13560=(
GEOMETRIC_REPRESENTATION_CONTEXT(3)
GLOBAL_UNCERTAINTY_ASSIGNED_CONTEXT((#13484))
GLOBAL_UNIT_ASSIGNED_CONTEXT((#13561,#13563,#13564))
REPRESENTATION_CONTEXT('','3D')
);
#13561=(
LENGTH_UNIT()
NAMED_UNIT(*)
SI_UNIT(.MILLI.,.METRE.)
);
#13562=(
LENGTH_UNIT()
NAMED_UNIT(*)
SI_UNIT(.CENTI.,.METRE.)
);
#13563=(
NAMED_UNIT(*)
PLANE_ANGLE_UNIT()
SI_UNIT($,.RADIAN.)
);
#13564=(
NAMED_UNIT(*)
SI_UNIT($,.STERADIAN.)
SOLID_ANGLE_UNIT()
);
#13565=SHAPE_DEFINITION_REPRESENTATION(#13640,#13822);
#13566=SHAPE_DEFINITION_REPRESENTATION(#13641,#13823);
#13567=SHAPE_DEFINITION_REPRESENTATION(#13642,#13824);
#13568=SHAPE_DEFINITION_REPRESENTATION(#13643,#13825);
#13569=SHAPE_DEFINITION_REPRESENTATION(#13644,#13826);
#13570=SHAPE_DEFINITION_REPRESENTATION(#13645,#13827);
#13571=SHAPE_DEFINITION_REPRESENTATION(#13646,#13828);
#13572=SHAPE_DEFINITION_REPRESENTATION(#13651,#13829);
#13573=SHAPE_DEFINITION_REPRESENTATION(#13652,#13830);
#13574=SHAPE_DEFINITION_REPRESENTATION(#13653,#13831);
#13575=SHAPE_DEFINITION_REPRESENTATION(#13654,#13832);
#13576=SHAPE_DEFINITION_REPRESENTATION(#13655,#13833);
#13577=SHAPE_DEFINITION_REPRESENTATION(#13660,#13834);
#13578=SHAPE_DEFINITION_REPRESENTATION(#13661,#13835);
#13579=SHAPE_DEFINITION_REPRESENTATION(#13662,#13836);
#13580=SHAPE_DEFINITION_REPRESENTATION(#13663,#13837);
#13581=SHAPE_DEFINITION_REPRESENTATION(#13664,#13838);
#13582=SHAPE_DEFINITION_REPRESENTATION(#13665,#13839);
#13583=SHAPE_DEFINITION_REPRESENTATION(#13666,#13840);
#13584=SHAPE_DEFINITION_REPRESENTATION(#13667,#13841);
#13585=SHAPE_DEFINITION_REPRESENTATION(#13668,#13842);
#13586=SHAPE_DEFINITION_REPRESENTATION(#13673,#13843);
#13587=SHAPE_DEFINITION_REPRESENTATION(#13674,#13844);
#13588=SHAPE_DEFINITION_REPRESENTATION(#13675,#13845);
#13589=SHAPE_DEFINITION_REPRESENTATION(#13676,#13846);
#13590=SHAPE_DEFINITION_REPRESENTATION(#13677,#13847);
#13591=SHAPE_DEFINITION_REPRESENTATION(#13678,#13848);
#13592=SHAPE_DEFINITION_REPRESENTATION(#13683,#13849);
#13593=SHAPE_DEFINITION_REPRESENTATION(#13684,#13850);
#13594=SHAPE_DEFINITION_REPRESENTATION(#13685,#13851);
#13595=SHAPE_DEFINITION_REPRESENTATION(#13686,#13852);
#13596=SHAPE_DEFINITION_REPRESENTATION(#13687,#13853);
#13597=SHAPE_DEFINITION_REPRESENTATION(#13692,#13854);
#13598=SHAPE_DEFINITION_REPRESENTATION(#13693,#13855);
#13599=SHAPE_DEFINITION_REPRESENTATION(#13694,#13856);
#13600=SHAPE_DEFINITION_REPRESENTATION(#13695,#13857);
#13601=SHAPE_DEFINITION_REPRESENTATION(#13696,#13858);
#13602=SHAPE_DEFINITION_REPRESENTATION(#13697,#13859);
#13603=SHAPE_DEFINITION_REPRESENTATION(#13702,#13860);
#13604=SHAPE_DEFINITION_REPRESENTATION(#13703,#13861);
#13605=SHAPE_DEFINITION_REPRESENTATION(#13704,#13862);
#13606=SHAPE_DEFINITION_REPRESENTATION(#13705,#13863);
#13607=SHAPE_DEFINITION_REPRESENTATION(#13706,#13864);
#13608=SHAPE_DEFINITION_REPRESENTATION(#13710,#13865);
#13609=SHAPE_DEFINITION_REPRESENTATION(#13711,#13866);
#13610=SHAPE_DEFINITION_REPRESENTATION(#13712,#13867);
#13611=SHAPE_DEFINITION_REPRESENTATION(#13713,#13868);
#13612=SHAPE_DEFINITION_REPRESENTATION(#13714,#13869);
#13613=SHAPE_DEFINITION_REPRESENTATION(#13715,#13870);
#13614=SHAPE_DEFINITION_REPRESENTATION(#13720,#13871);
#13615=SHAPE_DEFINITION_REPRESENTATION(#13721,#13872);
#13616=SHAPE_DEFINITION_REPRESENTATION(#13722,#13873);
#13617=SHAPE_DEFINITION_REPRESENTATION(#13723,#13874);
#13618=SHAPE_DEFINITION_REPRESENTATION(#13724,#13875);
#13619=SHAPE_DEFINITION_REPRESENTATION(#13729,#13876);
#13620=SHAPE_DEFINITION_REPRESENTATION(#13730,#13877);
#13621=SHAPE_DEFINITION_REPRESENTATION(#13731,#13878);
#13622=SHAPE_DEFINITION_REPRESENTATION(#13732,#13879);
#13623=SHAPE_DEFINITION_REPRESENTATION(#13733,#13880);
#13624=SHAPE_DEFINITION_REPRESENTATION(#13734,#13881);
#13625=SHAPE_DEFINITION_REPRESENTATION(#13735,#13882);
#13626=SHAPE_DEFINITION_REPRESENTATION(#13736,#13883);
#13627=SHAPE_DEFINITION_REPRESENTATION(#13737,#13884);
#13628=SHAPE_DEFINITION_REPRESENTATION(#13738,#13885);
#13629=SHAPE_DEFINITION_REPRESENTATION(#13743,#13886);
#13630=SHAPE_DEFINITION_REPRESENTATION(#13744,#13887);
#13631=SHAPE_DEFINITION_REPRESENTATION(#13745,#13888);
#13632=SHAPE_DEFINITION_REPRESENTATION(#13746,#13889);
#13633=SHAPE_DEFINITION_REPRESENTATION(#13747,#13890);
#13634=SHAPE_DEFINITION_REPRESENTATION(#13748,#13891);
#13635=SHAPE_DEFINITION_REPRESENTATION(#13753,#13892);
#13636=SHAPE_DEFINITION_REPRESENTATION(#13754,#13893);
#13637=SHAPE_DEFINITION_REPRESENTATION(#13755,#13894);
#13638=SHAPE_DEFINITION_REPRESENTATION(#13756,#13895);
#13639=SHAPE_DEFINITION_REPRESENTATION(#13757,#13896);
#13640=PRODUCT_DEFINITION_SHAPE('',$,#13898);
#13641=PRODUCT_DEFINITION_SHAPE('',$,#13899);
#13642=PRODUCT_DEFINITION_SHAPE('',$,#13900);
#13643=PRODUCT_DEFINITION_SHAPE('',$,#13901);
#13644=PRODUCT_DEFINITION_SHAPE('',$,#13902);
#13645=PRODUCT_DEFINITION_SHAPE('',$,#13903);
#13646=PRODUCT_DEFINITION_SHAPE('',$,#13904);
#13647=PRODUCT_DEFINITION_SHAPE($,$,#354);
#13648=PRODUCT_DEFINITION_SHAPE($,$,#355);
#13649=PRODUCT_DEFINITION_SHAPE($,$,#356);
#13650=PRODUCT_DEFINITION_SHAPE($,$,#357);
#13651=PRODUCT_DEFINITION_SHAPE('',$,#13905);
#13652=PRODUCT_DEFINITION_SHAPE('',$,#13906);
#13653=PRODUCT_DEFINITION_SHAPE('',$,#13907);
#13654=PRODUCT_DEFINITION_SHAPE('',$,#13908);
#13655=PRODUCT_DEFINITION_SHAPE('',$,#13909);
#13656=PRODUCT_DEFINITION_SHAPE($,$,#358);
#13657=PRODUCT_DEFINITION_SHAPE($,$,#359);
#13658=PRODUCT_DEFINITION_SHAPE($,$,#360);
#13659=PRODUCT_DEFINITION_SHAPE($,$,#361);
#13660=PRODUCT_DEFINITION_SHAPE('',$,#13910);
#13661=PRODUCT_DEFINITION_SHAPE('',$,#13911);
#13662=PRODUCT_DEFINITION_SHAPE('',$,#13912);
#13663=PRODUCT_DEFINITION_SHAPE('',$,#13913);
#13664=PRODUCT_DEFINITION_SHAPE('',$,#13914);
#13665=PRODUCT_DEFINITION_SHAPE('',$,#13915);
#13666=PRODUCT_DEFINITION_SHAPE('',$,#13916);
#13667=PRODUCT_DEFINITION_SHAPE('',$,#13917);
#13668=PRODUCT_DEFINITION_SHAPE('',$,#13918);
#13669=PRODUCT_DEFINITION_SHAPE($,$,#362);
#13670=PRODUCT_DEFINITION_SHAPE($,$,#363);
#13671=PRODUCT_DEFINITION_SHAPE($,$,#364);
#13672=PRODUCT_DEFINITION_SHAPE($,$,#365);
#13673=PRODUCT_DEFINITION_SHAPE('',$,#13919);
#13674=PRODUCT_DEFINITION_SHAPE('',$,#13920);
#13675=PRODUCT_DEFINITION_SHAPE('',$,#13921);
#13676=PRODUCT_DEFINITION_SHAPE('',$,#13922);
#13677=PRODUCT_DEFINITION_SHAPE('',$,#13923);
#13678=PRODUCT_DEFINITION_SHAPE('',$,#13924);
#13679=PRODUCT_DEFINITION_SHAPE($,$,#366);
#13680=PRODUCT_DEFINITION_SHAPE($,$,#367);
#13681=PRODUCT_DEFINITION_SHAPE($,$,#368);
#13682=PRODUCT_DEFINITION_SHAPE($,$,#369);
#13683=PRODUCT_DEFINITION_SHAPE('',$,#13925);
#13684=PRODUCT_DEFINITION_SHAPE('',$,#13926);
#13685=PRODUCT_DEFINITION_SHAPE('',$,#13927);
#13686=PRODUCT_DEFINITION_SHAPE('',$,#13928);
#13687=PRODUCT_DEFINITION_SHAPE('',$,#13929);
#13688=PRODUCT_DEFINITION_SHAPE($,$,#370);
#13689=PRODUCT_DEFINITION_SHAPE($,$,#371);
#13690=PRODUCT_DEFINITION_SHAPE($,$,#372);
#13691=PRODUCT_DEFINITION_SHAPE($,$,#373);
#13692=PRODUCT_DEFINITION_SHAPE('',$,#13930);
#13693=PRODUCT_DEFINITION_SHAPE('',$,#13931);
#13694=PRODUCT_DEFINITION_SHAPE('',$,#13932);
#13695=PRODUCT_DEFINITION_SHAPE('',$,#13933);
#13696=PRODUCT_DEFINITION_SHAPE('',$,#13934);
#13697=PRODUCT_DEFINITION_SHAPE('',$,#13935);
#13698=PRODUCT_DEFINITION_SHAPE($,$,#374);
#13699=PRODUCT_DEFINITION_SHAPE($,$,#375);
#13700=PRODUCT_DEFINITION_SHAPE($,$,#376);
#13701=PRODUCT_DEFINITION_SHAPE($,$,#377);
#13702=PRODUCT_DEFINITION_SHAPE('',$,#13936);
#13703=PRODUCT_DEFINITION_SHAPE('',$,#13937);
#13704=PRODUCT_DEFINITION_SHAPE('',$,#13938);
#13705=PRODUCT_DEFINITION_SHAPE('',$,#13939);
#13706=PRODUCT_DEFINITION_SHAPE('',$,#13940);
#13707=PRODUCT_DEFINITION_SHAPE($,$,#378);
#13708=PRODUCT_DEFINITION_SHAPE($,$,#379);
#13709=PRODUCT_DEFINITION_SHAPE($,$,#380);
#13710=PRODUCT_DEFINITION_SHAPE('',$,#13941);
#13711=PRODUCT_DEFINITION_SHAPE('',$,#13942);
#13712=PRODUCT_DEFINITION_SHAPE('',$,#13943);
#13713=PRODUCT_DEFINITION_SHAPE('',$,#13944);
#13714=PRODUCT_DEFINITION_SHAPE('',$,#13945);
#13715=PRODUCT_DEFINITION_SHAPE('',$,#13946);
#13716=PRODUCT_DEFINITION_SHAPE($,$,#381);
#13717=PRODUCT_DEFINITION_SHAPE($,$,#382);
#13718=PRODUCT_DEFINITION_SHAPE($,$,#383);
#13719=PRODUCT_DEFINITION_SHAPE($,$,#384);
#13720=PRODUCT_DEFINITION_SHAPE('',$,#13947);
#13721=PRODUCT_DEFINITION_SHAPE('',$,#13948);
#13722=PRODUCT_DEFINITION_SHAPE('',$,#13949);
#13723=PRODUCT_DEFINITION_SHAPE('',$,#13950);
#13724=PRODUCT_DEFINITION_SHAPE('',$,#13951);
#13725=PRODUCT_DEFINITION_SHAPE($,$,#385);
#13726=PRODUCT_DEFINITION_SHAPE($,$,#386);
#13727=PRODUCT_DEFINITION_SHAPE($,$,#387);
#13728=PRODUCT_DEFINITION_SHAPE($,$,#388);
#13729=PRODUCT_DEFINITION_SHAPE('',$,#13952);
#13730=PRODUCT_DEFINITION_SHAPE('',$,#13953);
#13731=PRODUCT_DEFINITION_SHAPE('',$,#13954);
#13732=PRODUCT_DEFINITION_SHAPE('',$,#13955);
#13733=PRODUCT_DEFINITION_SHAPE('',$,#13956);
#13734=PRODUCT_DEFINITION_SHAPE('',$,#13957);
#13735=PRODUCT_DEFINITION_SHAPE('',$,#13958);
#13736=PRODUCT_DEFINITION_SHAPE('',$,#13959);
#13737=PRODUCT_DEFINITION_SHAPE('',$,#13960);
#13738=PRODUCT_DEFINITION_SHAPE('',$,#13961);
#13739=PRODUCT_DEFINITION_SHAPE($,$,#389);
#13740=PRODUCT_DEFINITION_SHAPE($,$,#390);
#13741=PRODUCT_DEFINITION_SHAPE($,$,#391);
#13742=PRODUCT_DEFINITION_SHAPE($,$,#392);
#13743=PRODUCT_DEFINITION_SHAPE('',$,#13962);
#13744=PRODUCT_DEFINITION_SHAPE('',$,#13963);
#13745=PRODUCT_DEFINITION_SHAPE('',$,#13964);
#13746=PRODUCT_DEFINITION_SHAPE('',$,#13965);
#13747=PRODUCT_DEFINITION_SHAPE('',$,#13966);
#13748=PRODUCT_DEFINITION_SHAPE('',$,#13967);
#13749=PRODUCT_DEFINITION_SHAPE($,$,#393);
#13750=PRODUCT_DEFINITION_SHAPE($,$,#394);
#13751=PRODUCT_DEFINITION_SHAPE($,$,#395);
#13752=PRODUCT_DEFINITION_SHAPE($,$,#396);
#13753=PRODUCT_DEFINITION_SHAPE('',$,#13968);
#13754=PRODUCT_DEFINITION_SHAPE('',$,#13969);
#13755=PRODUCT_DEFINITION_SHAPE('',$,#13970);
#13756=PRODUCT_DEFINITION_SHAPE('',$,#13971);
#13757=PRODUCT_DEFINITION_SHAPE('',$,#13972);
#13758=PRODUCT_DEFINITION_SHAPE($,$,#397);
#13759=PRODUCT_DEFINITION_SHAPE($,$,#398);
#13760=PRODUCT_DEFINITION_SHAPE($,$,#399);
#13761=PRODUCT_DEFINITION_SHAPE($,$,#400);
#13762=PRODUCT_DEFINITION_SHAPE($,$,#401);
#13763=PRODUCT_DEFINITION_SHAPE($,$,#402);
#13764=PRODUCT_DEFINITION_SHAPE($,$,#403);
#13765=PRODUCT_DEFINITION_SHAPE($,$,#404);
#13766=PRODUCT_DEFINITION_SHAPE($,$,#405);
#13767=PRODUCT_DEFINITION_SHAPE($,$,#406);
#13768=PRODUCT_DEFINITION_SHAPE($,$,#407);
#13769=PRODUCT_DEFINITION_SHAPE($,$,#408);
#13770=PRODUCT_DEFINITION_SHAPE($,$,#409);
#13771=PRODUCT_DEFINITION_SHAPE($,$,#410);
#13772=PRODUCT_DEFINITION_SHAPE($,$,#411);
#13773=PRODUCT_DEFINITION_SHAPE($,$,#412);
#13774=PRODUCT_DEFINITION_SHAPE($,$,#413);
#13775=PRODUCT_DEFINITION_SHAPE($,$,#414);
#13776=PRODUCT_DEFINITION_SHAPE($,$,#415);
#13777=PRODUCT_DEFINITION_SHAPE($,$,#416);
#13778=PRODUCT_DEFINITION_SHAPE($,$,#417);
#13779=PRODUCT_DEFINITION_SHAPE($,$,#418);
#13780=PRODUCT_DEFINITION_SHAPE($,$,#419);
#13781=PRODUCT_DEFINITION_SHAPE($,$,#420);
#13782=PRODUCT_DEFINITION_SHAPE($,$,#421);
#13783=PRODUCT_DEFINITION_SHAPE($,$,#422);
#13784=PRODUCT_DEFINITION_SHAPE($,$,#423);
#13785=PRODUCT_DEFINITION_SHAPE($,$,#424);
#13786=PRODUCT_DEFINITION_SHAPE($,$,#425);
#13787=PRODUCT_DEFINITION_SHAPE($,$,#426);
#13788=PRODUCT_DEFINITION_SHAPE($,$,#427);
#13789=PRODUCT_DEFINITION_SHAPE($,$,#428);
#13790=PRODUCT_DEFINITION_SHAPE($,$,#429);
#13791=PRODUCT_DEFINITION_SHAPE($,$,#430);
#13792=PRODUCT_DEFINITION_SHAPE($,$,#431);
#13793=PRODUCT_DEFINITION_SHAPE($,$,#432);
#13794=PRODUCT_DEFINITION_SHAPE($,$,#433);
#13795=PRODUCT_DEFINITION_SHAPE($,$,#434);
#13796=PRODUCT_DEFINITION_SHAPE($,$,#435);
#13797=PRODUCT_DEFINITION_SHAPE($,$,#436);
#13798=PRODUCT_DEFINITION_SHAPE($,$,#437);
#13799=PRODUCT_DEFINITION_SHAPE($,$,#438);
#13800=PRODUCT_DEFINITION_SHAPE($,$,#439);
#13801=PRODUCT_DEFINITION_SHAPE($,$,#440);
#13802=PRODUCT_DEFINITION_SHAPE($,$,#441);
#13803=PRODUCT_DEFINITION_SHAPE($,$,#442);
#13804=PRODUCT_DEFINITION_SHAPE($,$,#443);
#13805=PRODUCT_DEFINITION_SHAPE($,$,#444);
#13806=PRODUCT_DEFINITION_SHAPE($,$,#445);
#13807=PRODUCT_DEFINITION_SHAPE($,$,#446);
#13808=PRODUCT_DEFINITION_SHAPE($,$,#447);
#13809=PRODUCT_DEFINITION_SHAPE($,$,#448);
#13810=PRODUCT_DEFINITION_SHAPE($,$,#449);
#13811=PRODUCT_DEFINITION_SHAPE($,$,#450);
#13812=PRODUCT_DEFINITION_SHAPE($,$,#451);
#13813=PRODUCT_DEFINITION_SHAPE($,$,#452);
#13814=PRODUCT_DEFINITION_SHAPE($,$,#453);
#13815=PRODUCT_DEFINITION_SHAPE($,$,#454);
#13816=PRODUCT_DEFINITION_SHAPE($,$,#455);
#13817=PRODUCT_DEFINITION_SHAPE($,$,#456);
#13818=PRODUCT_DEFINITION_SHAPE($,$,#457);
#13819=PRODUCT_DEFINITION_SHAPE($,$,#458);
#13820=PRODUCT_DEFINITION_SHAPE($,$,#459);
#13821=PRODUCT_DEFINITION_SHAPE($,$,#460);
#13822=SHAPE_REPRESENTATION('',(#8038,#8813,#8814,#8815,#8816,#8817,#8818,
#8819,#8820,#8821,#8822,#8823,#8824,#8825,#8826,#8827,#8828,#8829,#8830,
#8831,#8832,#8833,#8834,#8835,#8836,#8837,#8838,#8839,#8840,#8841,#8842,
#8843,#8844,#8845,#8846,#8847,#8848,#8849,#8850,#8851,#8852,#8853,#8854,
#8855,#8856,#8857,#8858,#8859,#8860,#8861,#8862,#8863,#8864,#8865,#8866,
#8867,#8868,#8869,#8870,#8871,#8872),#13485);
#13823=SHAPE_REPRESENTATION('',(#8039),#13486);
#13824=SHAPE_REPRESENTATION('',(#8040,#8104),#13487);
#13825=SHAPE_REPRESENTATION('',(#8041,#8103),#13488);
#13826=SHAPE_REPRESENTATION('',(#8042,#8101,#8102),#13489);
#13827=SHAPE_REPRESENTATION('',(#8043),#13490);
#13828=SHAPE_REPRESENTATION('',(#8078),#13491);
#13829=SHAPE_REPRESENTATION('',(#8105,#8134,#8135),#13492);
#13830=SHAPE_REPRESENTATION('',(#8106),#13493);
#13831=SHAPE_REPRESENTATION('',(#8107,#8132,#8133),#13494);
#13832=SHAPE_REPRESENTATION('',(#8108),#13495);
#13833=SHAPE_REPRESENTATION('',(#8109),#13496);
#13834=SHAPE_REPRESENTATION('',(#8136),#13497);
#13835=SHAPE_REPRESENTATION('',(#8175),#13498);
#13836=SHAPE_REPRESENTATION('',(#8198),#13499);
#13837=SHAPE_REPRESENTATION('',(#8227),#13500);
#13838=SHAPE_REPRESENTATION('',(#8252,#8267,#8268),#13501);
#13839=SHAPE_REPRESENTATION('',(#8253),#13502);
#13840=SHAPE_REPRESENTATION('',(#8254,#8265,#8266),#13503);
#13841=SHAPE_REPRESENTATION('',(#8255),#13504);
#13842=SHAPE_REPRESENTATION('',(#8256),#13505);
#13843=SHAPE_REPRESENTATION('',(#8269),#13506);
#13844=SHAPE_REPRESENTATION('',(#8292,#8345,#8346),#13507);
#13845=SHAPE_REPRESENTATION('',(#8293),#13508);
#13846=SHAPE_REPRESENTATION('',(#8294,#8343,#8344),#13509);
#13847=SHAPE_REPRESENTATION('',(#8295),#13510);
#13848=SHAPE_REPRESENTATION('',(#8296),#13511);
#13849=SHAPE_REPRESENTATION('',(#8347,#8442,#8443),#13512);
#13850=SHAPE_REPRESENTATION('',(#8348),#13513);
#13851=SHAPE_REPRESENTATION('',(#8349,#8440,#8441),#13514);
#13852=SHAPE_REPRESENTATION('',(#8350),#13515);
#13853=SHAPE_REPRESENTATION('',(#8351),#13516);
#13854=SHAPE_REPRESENTATION('',(#8444),#13517);
#13855=SHAPE_REPRESENTATION('',(#8457,#8498,#8499),#13518);
#13856=SHAPE_REPRESENTATION('',(#8458),#13519);
#13857=SHAPE_REPRESENTATION('',(#8459,#8496,#8497),#13520);
#13858=SHAPE_REPRESENTATION('',(#8460),#13521);
#13859=SHAPE_REPRESENTATION('',(#8461),#13522);
#13860=SHAPE_REPRESENTATION('',(#8500),#13523);
#13861=SHAPE_REPRESENTATION('',(#8531),#13524);
#13862=SHAPE_REPRESENTATION('',(#8566,#8593,#8594,#8595),#13525);
#13863=SHAPE_REPRESENTATION('',(#8567),#13526);
#13864=SHAPE_REPRESENTATION('',(#8574),#13527);
#13865=SHAPE_REPRESENTATION('',(#8596),#13528);
#13866=SHAPE_REPRESENTATION('',(#8603,#8618,#8619),#13529);
#13867=SHAPE_REPRESENTATION('',(#8604),#13530);
#13868=SHAPE_REPRESENTATION('',(#8605,#8616,#8617),#13531);
#13869=SHAPE_REPRESENTATION('',(#8606),#13532);
#13870=SHAPE_REPRESENTATION('',(#8607),#13533);
#13871=SHAPE_REPRESENTATION('',(#8620,#8635,#8636),#13534);
#13872=SHAPE_REPRESENTATION('',(#8621),#13535);
#13873=SHAPE_REPRESENTATION('',(#8622,#8633,#8634),#13536);
#13874=SHAPE_REPRESENTATION('',(#8623),#13537);
#13875=SHAPE_REPRESENTATION('',(#8624),#13538);
#13876=SHAPE_REPRESENTATION('',(#8637),#13539);
#13877=SHAPE_REPRESENTATION('',(#8644),#13540);
#13878=SHAPE_REPRESENTATION('',(#8683),#13541);
#13879=SHAPE_REPRESENTATION('',(#8706),#13542);
#13880=SHAPE_REPRESENTATION('',(#8731),#13543);
#13881=SHAPE_REPRESENTATION('',(#8742,#8757,#8758),#13544);
#13882=SHAPE_REPRESENTATION('',(#8743),#13545);
#13883=SHAPE_REPRESENTATION('',(#8744,#8755,#8756),#13546);
#13884=SHAPE_REPRESENTATION('',(#8745),#13547);
#13885=SHAPE_REPRESENTATION('',(#8746),#13548);
#13886=SHAPE_REPRESENTATION('',(#8759),#13549);
#13887=SHAPE_REPRESENTATION('',(#8770,#8785,#8786),#13550);
#13888=SHAPE_REPRESENTATION('',(#8771),#13551);
#13889=SHAPE_REPRESENTATION('',(#8772,#8783,#8784),#13552);
#13890=SHAPE_REPRESENTATION('',(#8773),#13553);
#13891=SHAPE_REPRESENTATION('',(#8774),#13554);
#13892=SHAPE_REPRESENTATION('',(#8787,#8811,#8812),#13555);
#13893=SHAPE_REPRESENTATION('',(#8788),#13556);
#13894=SHAPE_REPRESENTATION('',(#8789,#8809,#8810),#13557);
#13895=SHAPE_REPRESENTATION('',(#8790),#13558);
#13896=SHAPE_REPRESENTATION('',(#8791),#13559);
#13897=PRODUCT_DEFINITION_CONTEXT('part definition',#14124,'design');
#13898=PRODUCT_DEFINITION('Skala 1680 FULL Assembly',
'Skala 1680 FULL Assembly',#13973,#13897);
#13899=PRODUCT_DEFINITION('Skeleton','Skeleton',#13974,#13897);
#13900=PRODUCT_DEFINITION('Skala 1680 RIGHT Mirror',
'Skala 1680 RIGHT Mirror',#13975,#13897);
#13901=PRODUCT_DEFINITION('Skala 1680 FULL Assembly_MIR',
'Skala 1680 FULL Assembly_MIR',#13976,#13897);
#13902=PRODUCT_DEFINITION('Frame 1757326829596_MIR',
'Frame 1757326829596_MIR',#13977,#13897);
#13903=PRODUCT_DEFINITION('DIN 1026-1 U 140 1757326830749_MIR',
'DIN 1026-1 U 140 1757326830749_MIR',#13978,#13897);
#13904=PRODUCT_DEFINITION('DIN 1026-1 U 140 1757326961832_MIR',
'DIN 1026-1 U 140 1757326961832_MIR',#13979,#13897);
#13905=PRODUCT_DEFINITION('UPN240 ISIO 760mm','UPN240 ISIO 760mm',#13980,
#13897);
#13906=PRODUCT_DEFINITION('UPN140 ISIO 760mm','UPN140 ISIO 760mm',#13981,
#13897);
#13907=PRODUCT_DEFINITION('Frame 1757332287640','Frame 1757332287640',#13982,
#13897);
#13908=PRODUCT_DEFINITION('Skeleton 1757332287641',
'Skeleton 1757332287641',#13983,#13897);
#13909=PRODUCT_DEFINITION('DIN1026-1 - U 140 - 760',
'DIN 1026-1 U 140 1757332288716',#13984,#13897);
#13910=PRODUCT_DEFINITION('NEW KAGKELO FALTSO DEXI 5mm',
'NEW KAGKELO FALTSO DEXI 5mm',#13985,#13897);
#13911=PRODUCT_DEFINITION('NEW KAGKELO FALTSO DEXI TYFLO 5mm',
'NEW KAGKELO FALTSO DEXI TYFLO 5mm',#13986,#13897);
#13912=PRODUCT_DEFINITION('KAGKELO','KAGKELO ISIO DEXI 50x50',#13987,#13897);
#13913=PRODUCT_DEFINITION('LAPATSA KAGKELO','LAPATSA KAGKELO 55mm',#13988,
#13897);
#13914=PRODUCT_DEFINITION('Swlina D43','Swlina D43',#13989,#13897);
#13915=PRODUCT_DEFINITION('Swlina D43_1','Swlina D43',#13990,#13897);
#13916=PRODUCT_DEFINITION('Frame 1757397494265','Frame 1757397494265',#13991,
#13897);
#13917=PRODUCT_DEFINITION('Skeleton 1757397494266',
'Skeleton 1757397494266',#13992,#13897);
#13918=PRODUCT_DEFINITION('DIN2448 - 42,4 x 2,9 - 2650',
'DIN2448 42,4 x 2,9 1757397495740',#13993,#13897);
#13919=PRODUCT_DEFINITION('KAGKELO ISIO DEXI TYFLO2 50x50',
'KAGKELO ISIO DEXI TYFLO2 50x50',#13994,#13897);
#13920=PRODUCT_DEFINITION('UPN140 ISIO 700mm','UPN140 ISIO 700mm',#13995,
#13897);
#13921=PRODUCT_DEFINITION('UPN140 700 2nd','UPN140 700 2nd',#13996,#13897);
#13922=PRODUCT_DEFINITION('Frame 1757405042260','Frame 1757405042260',#13997,
#13897);
#13923=PRODUCT_DEFINITION('Skeleton 1757405042261',
'Skeleton 1757405042261',#13998,#13897);
#13924=PRODUCT_DEFINITION('DIN1026-1 - U 140 - 700',
'DIN 1026-1 U 140 1757405043505',#13999,#13897);
#13925=PRODUCT_DEFINITION('UPN240 Makry','UPN240 Makry',#14000,#13897);
#13926=PRODUCT_DEFINITION('UPN140 2727','UPN140 2727',#14001,#13897);
#13927=PRODUCT_DEFINITION('Frame 1757405865018','Frame 1757405865018',#14002,
#13897);
#13928=PRODUCT_DEFINITION('Skeleton 1757405865019',
'Skeleton 1757405865019',#14003,#13897);
#13929=PRODUCT_DEFINITION('DIN1026-1 - U 140 - 2727,99',
'DIN 1026-1 U 140 1757405866511',#14004,#13897);
#13930=PRODUCT_DEFINITION('LAPATSA UPN140 10mm','LAPATSA UPN140 10mm',#14005,
#13897);
#13931=PRODUCT_DEFINITION('KD100x4','KD80x4',#14006,#13897);
#13932=PRODUCT_DEFINITION('KD100x4_1','KD100x4',#14007,#13897);
#13933=PRODUCT_DEFINITION('Frame 1757415641702','Frame 1757415641702',#14008,
#13897);
#13934=PRODUCT_DEFINITION('Skeleton 1757415641703',
'Skeleton 1757415641703',#14009,#13897);
#13935=PRODUCT_DEFINITION('DIN 59 410 - 80x80x4.5-1520,12',
'DIN 59 410 80x80x4.5 1757415643100',#14010,#13897);
#13936=PRODUCT_DEFINITION('Lapatsa KD80','Lapatsa KD80',#14011,#13897);
#13937=PRODUCT_DEFINITION('Lapatsa KD80 Panw','Lapatsa KD80 Panw',#14012,
#13897);
#13938=PRODUCT_DEFINITION('Skalopati FULL','Skalopati FULL',#14013,#13897);
#13939=PRODUCT_DEFINITION('Skalopati','Skalopati',#14014,#13897);
#13940=PRODUCT_DEFINITION('Lamaki Skalopatiou','Lamaki Skalopatiou',#14015,
#13897);
#13941=PRODUCT_DEFINITION('Kampuli Oxygonou \X\D842,2',
'Kampuli Oxygonou \X\D842,2',#14016,#13897);
#13942=PRODUCT_DEFINITION('Swlina D43 Konti','Swlina D43 Konti',#14017,
#13897);
#13943=PRODUCT_DEFINITION('Swlina D43 Konti_1','Swlina D43 Konti',#14018,
#13897);
#13944=PRODUCT_DEFINITION('Frame 1757490083209','Frame 1757490083209',#14019,
#13897);
#13945=PRODUCT_DEFINITION('Skeleton 1757490083210',
'Skeleton 1757490083210',#14020,#13897);
#13946=PRODUCT_DEFINITION('DIN2448 - 42,4 x 2,9 - 650',
'DIN2448 42,4 x 2,9 1757490084333',#14021,#13897);
#13947=PRODUCT_DEFINITION('Swlina D33 836','Swlina D33 836',#14022,#13897);
#13948=PRODUCT_DEFINITION('Swlina D33 836_1','Swlina D33 836',#14023,#13897);
#13949=PRODUCT_DEFINITION('Frame 1757492582064','Frame 1757492582064',#14024,
#13897);
#13950=PRODUCT_DEFINITION('Skeleton 1757492582065',
'Skeleton 1757492582065',#14025,#13897);
#13951=PRODUCT_DEFINITION('DIN2448 - 33,7 x 2,9 - 836',
'DIN2448 33,7 x 2,9 1757492584154',#14026,#13897);
#13952=PRODUCT_DEFINITION('Part16','Gradelada',#14027,#13897);
#13953=PRODUCT_DEFINITION('NEW KAGKELO FALTSO DEXI 5mm_MIR',
'NEW KAGKELO FALTSO DEXI 5mm_MIR',#14028,#13897);
#13954=PRODUCT_DEFINITION('NEW KAGKELO FALTSO DEXI TYFLO 5mm_MIR',
'NEW KAGKELO FALTSO DEXI TYFLO 5mm_MIR',#14029,#13897);
#13955=PRODUCT_DEFINITION('LAPATSA KAGKELO 55mm_MIR',
'LAPATSA KAGKELO 55mm_MIR',#14030,#13897);
#13956=PRODUCT_DEFINITION('Kampuli Oxygonou \X\D842,2.ipt OLOKLIRI_MIR',
'Kampuli Oxygonou \X\D842,2.ipt OLOKLIRI_MIR',#14031,#13897);
#13957=PRODUCT_DEFINITION('Swlina D43 Makria 2','Swlina D43 Makria 2',#14032,
#13897);
#13958=PRODUCT_DEFINITION('D43 2500','D43 2500',#14033,#13897);
#13959=PRODUCT_DEFINITION('Frame 1757493911202','Frame 1757493911202',#14034,
#13897);
#13960=PRODUCT_DEFINITION('Skeleton 1757493911203',
'Skeleton 1757493911203',#14035,#13897);
#13961=PRODUCT_DEFINITION('ISO 10799-2 - 42.4x2.5 - 2500',
'ISO 10799-2 42.4x2.5 1757493912343',#14036,#13897);
#13962=PRODUCT_DEFINITION('Kampuli Oxygonou \X\D842,2.ipt OLOKLIRI',
'Kampuli Oxygonou \X\D842,2.ipt OLOKLIRI',#14037,#13897);
#13963=PRODUCT_DEFINITION('Swlina D33','Swlina D33',#14038,#13897);
#13964=PRODUCT_DEFINITION('Swlina D33_1','Swlina D33',#14039,#13897);
#13965=PRODUCT_DEFINITION('Frame 1757402667292','Frame 1757402667292',#14040,
#13897);
#13966=PRODUCT_DEFINITION('Skeleton 1757402667293',
'Skeleton 1757402667293',#14041,#13897);
#13967=PRODUCT_DEFINITION('DIN2448 - 33,7 x 2,6 - 2338',
'DIN2448 33,7 x 2,6 1757402669790',#14042,#13897);
#13968=PRODUCT_DEFINITION('Gwnia Aristeri','Gwnia Aristeri',#14043,#13897);
#13969=PRODUCT_DEFINITION('Gwnia Aristeri_1','Gwnia Aristeri',#14044,#13897);
#13970=PRODUCT_DEFINITION('Frame 1757568143640','Frame 1757568143640',#14045,
#13897);
#13971=PRODUCT_DEFINITION('Skeleton 1757568143641',
'Skeleton 1757568143641',#14046,#13897);
#13972=PRODUCT_DEFINITION('ISO 657-1 - L50x50x5-700',
'ISO 657-1 L50x50x5 1757568145233',#14047,#13897);
#13973=PRODUCT_DEFINITION_FORMATION('',$,#14126);
#13974=PRODUCT_DEFINITION_FORMATION('',$,#14127);
#13975=PRODUCT_DEFINITION_FORMATION('',$,#14128);
#13976=PRODUCT_DEFINITION_FORMATION('',$,#14129);
#13977=PRODUCT_DEFINITION_FORMATION('',$,#14130);
#13978=PRODUCT_DEFINITION_FORMATION('',$,#14131);
#13979=PRODUCT_DEFINITION_FORMATION('',$,#14132);
#13980=PRODUCT_DEFINITION_FORMATION('',$,#14133);
#13981=PRODUCT_DEFINITION_FORMATION('',$,#14134);
#13982=PRODUCT_DEFINITION_FORMATION('',$,#14135);
#13983=PRODUCT_DEFINITION_FORMATION('',$,#14136);
#13984=PRODUCT_DEFINITION_FORMATION('',$,#14137);
#13985=PRODUCT_DEFINITION_FORMATION('',$,#14138);
#13986=PRODUCT_DEFINITION_FORMATION('',$,#14139);
#13987=PRODUCT_DEFINITION_FORMATION('',$,#14140);
#13988=PRODUCT_DEFINITION_FORMATION('',$,#14141);
#13989=PRODUCT_DEFINITION_FORMATION('',$,#14142);
#13990=PRODUCT_DEFINITION_FORMATION('',$,#14143);
#13991=PRODUCT_DEFINITION_FORMATION('',$,#14144);
#13992=PRODUCT_DEFINITION_FORMATION('',$,#14145);
#13993=PRODUCT_DEFINITION_FORMATION('',$,#14146);
#13994=PRODUCT_DEFINITION_FORMATION('',$,#14147);
#13995=PRODUCT_DEFINITION_FORMATION('',$,#14148);
#13996=PRODUCT_DEFINITION_FORMATION('',$,#14149);
#13997=PRODUCT_DEFINITION_FORMATION('',$,#14150);
#13998=PRODUCT_DEFINITION_FORMATION('',$,#14151);
#13999=PRODUCT_DEFINITION_FORMATION('',$,#14152);
#14000=PRODUCT_DEFINITION_FORMATION('',$,#14153);
#14001=PRODUCT_DEFINITION_FORMATION('',$,#14154);
#14002=PRODUCT_DEFINITION_FORMATION('',$,#14155);
#14003=PRODUCT_DEFINITION_FORMATION('',$,#14156);
#14004=PRODUCT_DEFINITION_FORMATION('',$,#14157);
#14005=PRODUCT_DEFINITION_FORMATION('',$,#14158);
#14006=PRODUCT_DEFINITION_FORMATION('',$,#14159);
#14007=PRODUCT_DEFINITION_FORMATION('',$,#14160);
#14008=PRODUCT_DEFINITION_FORMATION('',$,#14161);
#14009=PRODUCT_DEFINITION_FORMATION('',$,#14162);
#14010=PRODUCT_DEFINITION_FORMATION('',$,#14163);
#14011=PRODUCT_DEFINITION_FORMATION('',$,#14164);
#14012=PRODUCT_DEFINITION_FORMATION('',$,#14165);
#14013=PRODUCT_DEFINITION_FORMATION('',$,#14166);
#14014=PRODUCT_DEFINITION_FORMATION('',$,#14167);
#14015=PRODUCT_DEFINITION_FORMATION('',$,#14168);
#14016=PRODUCT_DEFINITION_FORMATION('',$,#14169);
#14017=PRODUCT_DEFINITION_FORMATION('',$,#14170);
#14018=PRODUCT_DEFINITION_FORMATION('',$,#14171);
#14019=PRODUCT_DEFINITION_FORMATION('',$,#14172);
#14020=PRODUCT_DEFINITION_FORMATION('',$,#14173);
#14021=PRODUCT_DEFINITION_FORMATION('',$,#14174);
#14022=PRODUCT_DEFINITION_FORMATION('',$,#14175);
#14023=PRODUCT_DEFINITION_FORMATION('',$,#14176);
#14024=PRODUCT_DEFINITION_FORMATION('',$,#14177);
#14025=PRODUCT_DEFINITION_FORMATION('',$,#14178);
#14026=PRODUCT_DEFINITION_FORMATION('',$,#14179);
#14027=PRODUCT_DEFINITION_FORMATION('',$,#14180);
#14028=PRODUCT_DEFINITION_FORMATION('',$,#14181);
#14029=PRODUCT_DEFINITION_FORMATION('',$,#14182);
#14030=PRODUCT_DEFINITION_FORMATION('',$,#14183);
#14031=PRODUCT_DEFINITION_FORMATION('',$,#14184);
#14032=PRODUCT_DEFINITION_FORMATION('',$,#14185);
#14033=PRODUCT_DEFINITION_FORMATION('',$,#14186);
#14034=PRODUCT_DEFINITION_FORMATION('',$,#14187);
#14035=PRODUCT_DEFINITION_FORMATION('',$,#14188);
#14036=PRODUCT_DEFINITION_FORMATION('',$,#14189);
#14037=PRODUCT_DEFINITION_FORMATION('',$,#14190);
#14038=PRODUCT_DEFINITION_FORMATION('',$,#14191);
#14039=PRODUCT_DEFINITION_FORMATION('',$,#14192);
#14040=PRODUCT_DEFINITION_FORMATION('',$,#14193);
#14041=PRODUCT_DEFINITION_FORMATION('',$,#14194);
#14042=PRODUCT_DEFINITION_FORMATION('',$,#14195);
#14043=PRODUCT_DEFINITION_FORMATION('',$,#14196);
#14044=PRODUCT_DEFINITION_FORMATION('',$,#14197);
#14045=PRODUCT_DEFINITION_FORMATION('',$,#14198);
#14046=PRODUCT_DEFINITION_FORMATION('',$,#14199);
#14047=PRODUCT_DEFINITION_FORMATION('',$,#14200);
#14048=PRODUCT_RELATED_PRODUCT_CATEGORY('Skala 1680 FULL Assembly',
'Skala 1680 FULL Assembly',(#14126));
#14049=PRODUCT_RELATED_PRODUCT_CATEGORY('Skeleton','Skeleton',(#14127));
#14050=PRODUCT_RELATED_PRODUCT_CATEGORY('Skala 1680 RIGHT Mirror',
'Skala 1680 RIGHT Mirror',(#14128));
#14051=PRODUCT_RELATED_PRODUCT_CATEGORY('Skala 1680 FULL Assembly_MIR',
'Skala 1680 FULL Assembly_MIR',(#14129));
#14052=PRODUCT_RELATED_PRODUCT_CATEGORY('Frame 1757326829596_MIR',
'Frame 1757326829596_MIR',(#14130));
#14053=PRODUCT_RELATED_PRODUCT_CATEGORY(
'DIN 1026-1 U 140 1757326830749_MIR',
'DIN 1026-1 U 140 1757326830749_MIR',(#14131));
#14054=PRODUCT_RELATED_PRODUCT_CATEGORY(
'DIN 1026-1 U 140 1757326961832_MIR',
'DIN 1026-1 U 140 1757326961832_MIR',(#14132));
#14055=PRODUCT_RELATED_PRODUCT_CATEGORY('UPN240 ISIO 760mm',
'UPN240 ISIO 760mm',(#14133));
#14056=PRODUCT_RELATED_PRODUCT_CATEGORY('UPN140 ISIO 760mm',
'UPN140 ISIO 760mm',(#14134));
#14057=PRODUCT_RELATED_PRODUCT_CATEGORY('Frame 1757332287640',
'Frame 1757332287640',(#14135));
#14058=PRODUCT_RELATED_PRODUCT_CATEGORY('Skeleton 1757332287641',
'Skeleton 1757332287641',(#14136));
#14059=PRODUCT_RELATED_PRODUCT_CATEGORY(
'DIN 1026-1 U 140 1757332288716','DIN 1026-1 U 140 1757332288716',(#14137));
#14060=PRODUCT_RELATED_PRODUCT_CATEGORY('NEW KAGKELO FALTSO DEXI 5mm',
'NEW KAGKELO FALTSO DEXI 5mm',(#14138));
#14061=PRODUCT_RELATED_PRODUCT_CATEGORY(
'NEW KAGKELO FALTSO DEXI TYFLO 5mm','NEW KAGKELO FALTSO DEXI TYFLO 5mm',
(#14139));
#14062=PRODUCT_RELATED_PRODUCT_CATEGORY('KAGKELO ISIO DEXI 50x50',
'KAGKELO ISIO DEXI 50x50',(#14140));
#14063=PRODUCT_RELATED_PRODUCT_CATEGORY('LAPATSA KAGKELO 55mm',
'LAPATSA KAGKELO 55mm',(#14141));
#14064=PRODUCT_RELATED_PRODUCT_CATEGORY('Swlina D43','Swlina D43',(#14142));
#14065=PRODUCT_RELATED_PRODUCT_CATEGORY('Swlina D43','Swlina D43',(#14143));
#14066=PRODUCT_RELATED_PRODUCT_CATEGORY('Frame 1757397494265',
'Frame 1757397494265',(#14144));
#14067=PRODUCT_RELATED_PRODUCT_CATEGORY('Skeleton 1757397494266',
'Skeleton 1757397494266',(#14145));
#14068=PRODUCT_RELATED_PRODUCT_CATEGORY(
'DIN2448 42,4 x 2,9 1757397495740','DIN2448 42,4 x 2,9 1757397495740',(#14146));
#14069=PRODUCT_RELATED_PRODUCT_CATEGORY(
'KAGKELO ISIO DEXI TYFLO2 50x50','KAGKELO ISIO DEXI TYFLO2 50x50',(#14147));
#14070=PRODUCT_RELATED_PRODUCT_CATEGORY('UPN140 ISIO 700mm',
'UPN140 ISIO 700mm',(#14148));
#14071=PRODUCT_RELATED_PRODUCT_CATEGORY('UPN140 700 2nd',
'UPN140 700 2nd',(#14149));
#14072=PRODUCT_RELATED_PRODUCT_CATEGORY('Frame 1757405042260',
'Frame 1757405042260',(#14150));
#14073=PRODUCT_RELATED_PRODUCT_CATEGORY('Skeleton 1757405042261',
'Skeleton 1757405042261',(#14151));
#14074=PRODUCT_RELATED_PRODUCT_CATEGORY(
'DIN 1026-1 U 140 1757405043505','DIN 1026-1 U 140 1757405043505',(#14152));
#14075=PRODUCT_RELATED_PRODUCT_CATEGORY('UPN240 Makry','UPN240 Makry',(#14153));
#14076=PRODUCT_RELATED_PRODUCT_CATEGORY('UPN140 2727','UPN140 2727',(#14154));
#14077=PRODUCT_RELATED_PRODUCT_CATEGORY('Frame 1757405865018',
'Frame 1757405865018',(#14155));
#14078=PRODUCT_RELATED_PRODUCT_CATEGORY('Skeleton 1757405865019',
'Skeleton 1757405865019',(#14156));
#14079=PRODUCT_RELATED_PRODUCT_CATEGORY(
'DIN 1026-1 U 140 1757405866511','DIN 1026-1 U 140 1757405866511',(#14157));
#14080=PRODUCT_RELATED_PRODUCT_CATEGORY('LAPATSA UPN140 10mm',
'LAPATSA UPN140 10mm',(#14158));
#14081=PRODUCT_RELATED_PRODUCT_CATEGORY('KD80x4','KD80x4',(#14159));
#14082=PRODUCT_RELATED_PRODUCT_CATEGORY('KD100x4','KD100x4',(#14160));
#14083=PRODUCT_RELATED_PRODUCT_CATEGORY('Frame 1757415641702',
'Frame 1757415641702',(#14161));
#14084=PRODUCT_RELATED_PRODUCT_CATEGORY('Skeleton 1757415641703',
'Skeleton 1757415641703',(#14162));
#14085=PRODUCT_RELATED_PRODUCT_CATEGORY(
'DIN 59 410 80x80x4.5 1757415643100',
'DIN 59 410 80x80x4.5 1757415643100',(#14163));
#14086=PRODUCT_RELATED_PRODUCT_CATEGORY('Lapatsa KD80','Lapatsa KD80',(#14164));
#14087=PRODUCT_RELATED_PRODUCT_CATEGORY('Lapatsa KD80 Panw',
'Lapatsa KD80 Panw',(#14165));
#14088=PRODUCT_RELATED_PRODUCT_CATEGORY('Skalopati FULL',
'Skalopati FULL',(#14166));
#14089=PRODUCT_RELATED_PRODUCT_CATEGORY('Skalopati','Skalopati',(#14167));
#14090=PRODUCT_RELATED_PRODUCT_CATEGORY('Lamaki Skalopatiou',
'Lamaki Skalopatiou',(#14168));
#14091=PRODUCT_RELATED_PRODUCT_CATEGORY('Kampuli Oxygonou \X\D842,2',
'Kampuli Oxygonou \X\D842,2',(#14169));
#14092=PRODUCT_RELATED_PRODUCT_CATEGORY('Swlina D43 Konti',
'Swlina D43 Konti',(#14170));
#14093=PRODUCT_RELATED_PRODUCT_CATEGORY('Swlina D43 Konti',
'Swlina D43 Konti',(#14171));
#14094=PRODUCT_RELATED_PRODUCT_CATEGORY('Frame 1757490083209',
'Frame 1757490083209',(#14172));
#14095=PRODUCT_RELATED_PRODUCT_CATEGORY('Skeleton 1757490083210',
'Skeleton 1757490083210',(#14173));
#14096=PRODUCT_RELATED_PRODUCT_CATEGORY(
'DIN2448 42,4 x 2,9 1757490084333','DIN2448 42,4 x 2,9 1757490084333',(#14174));
#14097=PRODUCT_RELATED_PRODUCT_CATEGORY('Swlina D33 836',
'Swlina D33 836',(#14175));
#14098=PRODUCT_RELATED_PRODUCT_CATEGORY('Swlina D33 836',
'Swlina D33 836',(#14176));
#14099=PRODUCT_RELATED_PRODUCT_CATEGORY('Frame 1757492582064',
'Frame 1757492582064',(#14177));
#14100=PRODUCT_RELATED_PRODUCT_CATEGORY('Skeleton 1757492582065',
'Skeleton 1757492582065',(#14178));
#14101=PRODUCT_RELATED_PRODUCT_CATEGORY(
'DIN2448 33,7 x 2,9 1757492584154','DIN2448 33,7 x 2,9 1757492584154',(#14179));
#14102=PRODUCT_RELATED_PRODUCT_CATEGORY('Gradelada','Gradelada',(#14180));
#14103=PRODUCT_RELATED_PRODUCT_CATEGORY(
'NEW KAGKELO FALTSO DEXI 5mm_MIR','NEW KAGKELO FALTSO DEXI 5mm_MIR',(#14181));
#14104=PRODUCT_RELATED_PRODUCT_CATEGORY(
'NEW KAGKELO FALTSO DEXI TYFLO 5mm_MIR',
'NEW KAGKELO FALTSO DEXI TYFLO 5mm_MIR',(#14182));
#14105=PRODUCT_RELATED_PRODUCT_CATEGORY('LAPATSA KAGKELO 55mm_MIR',
'LAPATSA KAGKELO 55mm_MIR',(#14183));
#14106=PRODUCT_RELATED_PRODUCT_CATEGORY(
'Kampuli Oxygonou \X\D842,2.ipt OLOKLIRI_MIR',
'Kampuli Oxygonou \X\D842,2.ipt OLOKLIRI_MIR',(#14184));
#14107=PRODUCT_RELATED_PRODUCT_CATEGORY('Swlina D43 Makria 2',
'Swlina D43 Makria 2',(#14185));
#14108=PRODUCT_RELATED_PRODUCT_CATEGORY('D43 2500','D43 2500',(#14186));
#14109=PRODUCT_RELATED_PRODUCT_CATEGORY('Frame 1757493911202',
'Frame 1757493911202',(#14187));
#14110=PRODUCT_RELATED_PRODUCT_CATEGORY('Skeleton 1757493911203',
'Skeleton 1757493911203',(#14188));
#14111=PRODUCT_RELATED_PRODUCT_CATEGORY(
'ISO 10799-2 42.4x2.5 1757493912343',
'ISO 10799-2 42.4x2.5 1757493912343',(#14189));
#14112=PRODUCT_RELATED_PRODUCT_CATEGORY(
'Kampuli Oxygonou \X\D842,2.ipt OLOKLIRI',
'Kampuli Oxygonou \X\D842,2.ipt OLOKLIRI',(#14190));
#14113=PRODUCT_RELATED_PRODUCT_CATEGORY('Swlina D33','Swlina D33',(#14191));
#14114=PRODUCT_RELATED_PRODUCT_CATEGORY('Swlina D33','Swlina D33',(#14192));
#14115=PRODUCT_RELATED_PRODUCT_CATEGORY('Frame 1757402667292',
'Frame 1757402667292',(#14193));
#14116=PRODUCT_RELATED_PRODUCT_CATEGORY('Skeleton 1757402667293',
'Skeleton 1757402667293',(#14194));
#14117=PRODUCT_RELATED_PRODUCT_CATEGORY(
'DIN2448 33,7 x 2,6 1757402669790','DIN2448 33,7 x 2,6 1757402669790',(#14195));
#14118=PRODUCT_RELATED_PRODUCT_CATEGORY('Gwnia Aristeri',
'Gwnia Aristeri',(#14196));
#14119=PRODUCT_RELATED_PRODUCT_CATEGORY('Gwnia Aristeri',
'Gwnia Aristeri',(#14197));
#14120=PRODUCT_RELATED_PRODUCT_CATEGORY('Frame 1757568143640',
'Frame 1757568143640',(#14198));
#14121=PRODUCT_RELATED_PRODUCT_CATEGORY('Skeleton 1757568143641',
'Skeleton 1757568143641',(#14199));
#14122=PRODUCT_RELATED_PRODUCT_CATEGORY(
'ISO 657-1 L50x50x5 1757568145233','ISO 657-1 L50x50x5 1757568145233',(#14200));
#14123=APPLICATION_PROTOCOL_DEFINITION('international standard',
'automotive_design',2009,#14124);
#14124=APPLICATION_CONTEXT(
'Core Data for Automotive Mechanical Design Process');
#14125=PRODUCT_CONTEXT('part definition',#14124,'mechanical');
#14126=PRODUCT('Skala 1680 FULL Assembly','Skala 1680 FULL Assembly',$,
(#14125));
#14127=PRODUCT('Skeleton','Skeleton',$,(#14125));
#14128=PRODUCT('Skala 1680 RIGHT Mirror','Skala 1680 RIGHT Mirror',$,(#14125));
#14129=PRODUCT('Skala 1680 FULL Assembly_MIR',
'Skala 1680 FULL Assembly_MIR',$,(#14125));
#14130=PRODUCT('Frame 1757326829596_MIR','Frame 1757326829596_MIR',$,(#14125));
#14131=PRODUCT('DIN 1026-1 U 140 1757326830749_MIR',
'DIN 1026-1 U 140 1757326830749_MIR',
'Hot rolled steel channels - Part 1: Taper flange steel channels',(#14125));
#14132=PRODUCT('DIN 1026-1 U 140 1757326961832_MIR',
'DIN 1026-1 U 140 1757326961832_MIR',
'Hot rolled steel channels - Part 1: Taper flange steel channels',(#14125));
#14133=PRODUCT('UPN240 ISIO 760mm','UPN240 ISIO 760mm',$,(#14125));
#14134=PRODUCT('UPN140 ISIO 760mm','UPN140 ISIO 760mm',$,(#14125));
#14135=PRODUCT('Frame 1757332287640','Frame 1757332287640',$,(#14125));
#14136=PRODUCT('Skeleton 1757332287641','Skeleton 1757332287641',$,(#14125));
#14137=PRODUCT('DIN1026-1 - U 140 - 760',
'DIN 1026-1 U 140 1757332288716',
'Hot rolled steel channels - Part 1: Taper flange steel channels',(#14125));
#14138=PRODUCT('NEW KAGKELO FALTSO DEXI 5mm',
'NEW KAGKELO FALTSO DEXI 5mm',$,(#14125));
#14139=PRODUCT('NEW KAGKELO FALTSO DEXI TYFLO 5mm',
'NEW KAGKELO FALTSO DEXI TYFLO 5mm',$,(#14125));
#14140=PRODUCT('KAGKELO','KAGKELO ISIO DEXI 50x50',$,(#14125));
#14141=PRODUCT('LAPATSA KAGKELO','LAPATSA KAGKELO 55mm',$,(#14125));
#14142=PRODUCT('Swlina D43','Swlina D43',$,(#14125));
#14143=PRODUCT('Swlina D43_1','Swlina D43',$,(#14125));
#14144=PRODUCT('Frame 1757397494265','Frame 1757397494265',$,(#14125));
#14145=PRODUCT('Skeleton 1757397494266','Skeleton 1757397494266',$,(#14125));
#14146=PRODUCT('DIN2448 - 42,4 x 2,9 - 2650',
'DIN2448 42,4 x 2,9 1757397495740','Pipe',(#14125));
#14147=PRODUCT('KAGKELO ISIO DEXI TYFLO2 50x50',
'KAGKELO ISIO DEXI TYFLO2 50x50',$,(#14125));
#14148=PRODUCT('UPN140 ISIO 700mm','UPN140 ISIO 700mm',$,(#14125));
#14149=PRODUCT('UPN140 700 2nd','UPN140 700 2nd',$,(#14125));
#14150=PRODUCT('Frame 1757405042260','Frame 1757405042260',$,(#14125));
#14151=PRODUCT('Skeleton 1757405042261','Skeleton 1757405042261',$,(#14125));
#14152=PRODUCT('DIN1026-1 - U 140 - 700',
'DIN 1026-1 U 140 1757405043505',
'Hot rolled steel channels - Part 1: Taper flange steel channels',(#14125));
#14153=PRODUCT('UPN240 Makry','UPN240 Makry',$,(#14125));
#14154=PRODUCT('UPN140 2727','UPN140 2727',$,(#14125));
#14155=PRODUCT('Frame 1757405865018','Frame 1757405865018',$,(#14125));
#14156=PRODUCT('Skeleton 1757405865019','Skeleton 1757405865019',$,(#14125));
#14157=PRODUCT('DIN1026-1 - U 140 - 2727,99',
'DIN 1026-1 U 140 1757405866511',
'Hot rolled steel channels - Part 1: Taper flange steel channels',(#14125));
#14158=PRODUCT('LAPATSA UPN140 10mm','LAPATSA UPN140 10mm',$,(#14125));
#14159=PRODUCT('KD100x4','KD80x4',$,(#14125));
#14160=PRODUCT('KD100x4_1','KD100x4',$,(#14125));
#14161=PRODUCT('Frame 1757415641702','Frame 1757415641702',$,(#14125));
#14162=PRODUCT('Skeleton 1757415641703','Skeleton 1757415641703',$,(#14125));
#14163=PRODUCT('DIN 59 410 - 80x80x4.5-1520,12',
'DIN 59 410 80x80x4.5 1757415643100','Hot formed square steel tubes',(#14125));
#14164=PRODUCT('Lapatsa KD80','Lapatsa KD80',$,(#14125));
#14165=PRODUCT('Lapatsa KD80 Panw','Lapatsa KD80 Panw',$,(#14125));
#14166=PRODUCT('Skalopati FULL','Skalopati FULL',$,(#14125));
#14167=PRODUCT('Skalopati','Skalopati',$,(#14125));
#14168=PRODUCT('Lamaki Skalopatiou','Lamaki Skalopatiou',$,(#14125));
#14169=PRODUCT('Kampuli Oxygonou \X\D842,2','Kampuli Oxygonou \X\D842,
2',$,(#14125));
#14170=PRODUCT('Swlina D43 Konti','Swlina D43 Konti',$,(#14125));
#14171=PRODUCT('Swlina D43 Konti_1','Swlina D43 Konti',$,(#14125));
#14172=PRODUCT('Frame 1757490083209','Frame 1757490083209',$,(#14125));
#14173=PRODUCT('Skeleton 1757490083210','Skeleton 1757490083210',$,(#14125));
#14174=PRODUCT('DIN2448 - 42,4 x 2,9 - 650',
'DIN2448 42,4 x 2,9 1757490084333','Pipe',(#14125));
#14175=PRODUCT('Swlina D33 836','Swlina D33 836',$,(#14125));
#14176=PRODUCT('Swlina D33 836_1','Swlina D33 836',$,(#14125));
#14177=PRODUCT('Frame 1757492582064','Frame 1757492582064',$,(#14125));
#14178=PRODUCT('Skeleton 1757492582065','Skeleton 1757492582065',$,(#14125));
#14179=PRODUCT('DIN2448 - 33,7 x 2,9 - 836',
'DIN2448 33,7 x 2,9 1757492584154','Pipe',(#14125));
#14180=PRODUCT('Part16','Gradelada',$,(#14125));
#14181=PRODUCT('NEW KAGKELO FALTSO DEXI 5mm_MIR',
'NEW KAGKELO FALTSO DEXI 5mm_MIR',$,(#14125));
#14182=PRODUCT('NEW KAGKELO FALTSO DEXI TYFLO 5mm_MIR',
'NEW KAGKELO FALTSO DEXI TYFLO 5mm_MIR',$,(#14125));
#14183=PRODUCT('LAPATSA KAGKELO 55mm_MIR','LAPATSA KAGKELO 55mm_MIR',$,
(#14125));
#14184=PRODUCT('Kampuli Oxygonou \X\D842,2.ipt OLOKLIRI_MIR',
'Kampuli Oxygonou \X\D842,2.ipt OLOKLIRI_MIR',$,(#14125));
#14185=PRODUCT('Swlina D43 Makria 2','Swlina D43 Makria 2',$,(#14125));
#14186=PRODUCT('D43 2500','D43 2500',$,(#14125));
#14187=PRODUCT('Frame 1757493911202','Frame 1757493911202',$,(#14125));
#14188=PRODUCT('Skeleton 1757493911203','Skeleton 1757493911203',$,(#14125));
#14189=PRODUCT('ISO 10799-2 - 42.4x2.5 - 2500',
'ISO 10799-2 42.4x2.5 1757493912343',
'Sructural steels, Cold-formed, welded, structural hollow sections',(#14125));
#14190=PRODUCT('Kampuli Oxygonou \X\D842,2.ipt OLOKLIRI',
'Kampuli Oxygonou \X\D842,2.ipt OLOKLIRI',$,(#14125));
#14191=PRODUCT('Swlina D33','Swlina D33',$,(#14125));
#14192=PRODUCT('Swlina D33_1','Swlina D33',$,(#14125));
#14193=PRODUCT('Frame 1757402667292','Frame 1757402667292',$,(#14125));
#14194=PRODUCT('Skeleton 1757402667293','Skeleton 1757402667293',$,(#14125));
#14195=PRODUCT('DIN2448 - 33,7 x 2,6 - 2338',
'DIN2448 33,7 x 2,6 1757402669790','Pipe',(#14125));
#14196=PRODUCT('Gwnia Aristeri','Gwnia Aristeri',$,(#14125));
#14197=PRODUCT('Gwnia Aristeri_1','Gwnia Aristeri',$,(#14125));
#14198=PRODUCT('Frame 1757568143640','Frame 1757568143640',$,(#14125));
#14199=PRODUCT('Skeleton 1757568143641','Skeleton 1757568143641',$,(#14125));
#14200=PRODUCT('ISO 657-1 - L50x50x5-700',
'ISO 657-1 L50x50x5 1757568145233',
'Hot-rolled steel sections - Part 1: Equal-leg angles',(#14125));
#14201=PRESENTATION_STYLE_ASSIGNMENT((#14207));
#14202=PRESENTATION_STYLE_ASSIGNMENT((#14208));
#14203=PRESENTATION_STYLE_ASSIGNMENT((#14209));
#14204=PRESENTATION_STYLE_ASSIGNMENT((#14210));
#14205=PRESENTATION_STYLE_ASSIGNMENT((#14211));
#14206=PRESENTATION_STYLE_ASSIGNMENT((NULL_STYLE(.NULL.)));
#14207=SURFACE_STYLE_USAGE(.BOTH.,#14212);
#14208=SURFACE_STYLE_USAGE(.BOTH.,#14213);
#14209=SURFACE_STYLE_USAGE(.BOTH.,#14214);
#14210=SURFACE_STYLE_USAGE(.BOTH.,#14215);
#14211=SURFACE_STYLE_USAGE(.BOTH.,#14216);
#14212=SURFACE_SIDE_STYLE('',(#14217));
#14213=SURFACE_SIDE_STYLE('',(#14218,#7650));
#14214=SURFACE_SIDE_STYLE('',(#14219));
#14215=SURFACE_SIDE_STYLE('',(#14220,#7651));
#14216=SURFACE_SIDE_STYLE('',(#14221));
#14217=SURFACE_STYLE_FILL_AREA(#14222);
#14218=SURFACE_STYLE_FILL_AREA(#14223);
#14219=SURFACE_STYLE_FILL_AREA(#14224);
#14220=SURFACE_STYLE_FILL_AREA(#14225);
#14221=SURFACE_STYLE_FILL_AREA(#14226);
#14222=FILL_AREA_STYLE('',(#14227));
#14223=FILL_AREA_STYLE('',(#14228));
#14224=FILL_AREA_STYLE('',(#14229));
#14225=FILL_AREA_STYLE('',(#14230));
#14226=FILL_AREA_STYLE('',(#14231));
#14227=FILL_AREA_STYLE_COLOUR('',#14232);
#14228=FILL_AREA_STYLE_COLOUR('',#14233);
#14229=FILL_AREA_STYLE_COLOUR('',#14234);
#14230=FILL_AREA_STYLE_COLOUR('',#14235);
#14231=FILL_AREA_STYLE_COLOUR('',#14236);
#14232=COLOUR_RGB('',0.309803921568627,0.313725490196078,0.313725490196078);
#14233=COLOUR_RGB('',0.745098039215686,0.737254901960784,0.729411764705882);
#14234=COLOUR_RGB('',0.,0.,0.);
#14235=COLOUR_RGB('',0.749019607843137,0.749019607843137,0.749019607843137);
#14236=COLOUR_RGB('',1.,1.,0.);
ENDSEC;
END-ISO-10303-21;
